capture,asset,rest_price,dist_from_mid,queue_ahead,consumed,filled,secs_to_fill,markout_5s,markout_30s,markout_300s
224929.jsonl.gz,1090994452379897,0.038,0.0035,0.0,121.0,1,3.9,0.0035,0.004,
224929.jsonl.gz,3798474306659077,0.79,0.005,100.0,200.0,1,8.4,0.005,0.005,0.005
224929.jsonl.gz,1102656942679369,0.72,0.005,110.0,413.0,1,14.0,0.005,0.005,
224929.jsonl.gz,9277048309813507,0.928,0.159,69.4,208.3,1,35.7,0.1595,0.1595,0.16
224929.jsonl.gz,9277048309813507,0.927,0.1585,0.0,594.0,1,4.7,0.1585,0.1585,0.159
224929.jsonl.gz,3798474306659077,0.79,0.005,100.0,200.0,1,13.4,0.005,0.005,
224929.jsonl.gz,1102656942679369,0.72,0.005,110.0,250.0,1,16.3,0.005,0.005,
224929.jsonl.gz,7456793595792364,0.981,0.003,147.0,430.0,1,65.4,0.0035,0.0035,0.0035
224929.jsonl.gz,7456793595792364,0.981,0.003,147.0,430.0,1,34.4,0.0035,0.0035,0.0035
224929.jsonl.gz,7456793595792364,0.981,0.003,147.0,430.0,1,4.2,0.0035,0.0035,0.0035
224929.jsonl.gz,1102656942679369,0.72,0.005,110.0,313.0,1,11.2,0.005,0.005,
224929.jsonl.gz,9277048309813507,0.927,0.1585,594.0,1188.0,1,15.3,0.1585,0.1585,
224929.jsonl.gz,3798474306659077,0.79,0.005,100.0,200.0,1,21.6,0.005,0.005,0.005
224929.jsonl.gz,3798474306659077,0.79,0.005,100.0,200.0,1,2.8,0.005,0.005,0.005
224929.jsonl.gz,3523185360721264,0.98,0.065,1970.3,2545.3,1,95.5,0.065,0.065,
224929.jsonl.gz,1102656942679369,0.72,0.005,324.0,514.0,1,4.5,0.005,0.005,
224929.jsonl.gz,9277048309813507,0.927,0.1585,0.0,594.0,1,35.5,0.1585,0.1585,0.159
224929.jsonl.gz,9277048309813507,0.927,0.1585,0.0,594.0,1,5.5,0.1585,0.1585,0.159
224929.jsonl.gz,1101660708870437,0.997,0.0065,8.0,129.7,1,165.1,0.006,0.006,
224929.jsonl.gz,1101660708870437,0.997,0.0065,8.0,129.7,1,134.8,0.006,0.006,
224929.jsonl.gz,1101660708870437,0.997,0.006,8.0,129.7,1,103.8,0.006,0.006,
224929.jsonl.gz,1101660708870437,0.997,0.006,8.0,129.7,1,73.7,0.006,0.006,
224929.jsonl.gz,1101660708870437,0.997,0.006,8.0,129.7,1,43.6,0.006,0.006,
224929.jsonl.gz,1101660708870437,0.997,0.006,0.0,113.7,1,13.6,0.006,0.006,
224929.jsonl.gz,1102656942679369,0.72,0.005,110.0,250.0,1,19.9,0.005,0.005,0.005
224929.jsonl.gz,3798474306659077,0.79,0.005,100.0,200.0,1,19.9,0.005,0.005,0.005
224929.jsonl.gz,3523185360721264,0.98,0.065,1970.3,2545.3,1,112.8,0.065,0.065,
224929.jsonl.gz,9277048309813507,0.927,0.1585,0.0,594.0,1,1.2,0.1585,0.1585,
224929.jsonl.gz,3523185360721264,0.98,0.065,1970.2,2500.0,1,111.7,0.065,0.05,
224929.jsonl.gz,3523185360721264,0.98,0.065,1970.2,2500.0,1,81.6,0.065,0.05,
224929.jsonl.gz,1102656942679369,0.72,0.005,110.0,250.0,1,39.0,0.005,0.005,0.005
224929.jsonl.gz,3798474306659077,0.79,0.005,100.0,200.0,1,39.0,0.005,0.005,0.005
224929.jsonl.gz,3798474306659077,0.79,0.005,100.0,200.0,1,8.9,0.005,0.005,0.005
224929.jsonl.gz,1102656942679369,0.72,0.005,110.0,250.0,1,12.1,0.005,0.005,0.005
224929.jsonl.gz,3523185360721264,0.98,0.065,1970.2,2545.2,1,76.9,0.05,0.05,
224929.jsonl.gz,9350237091720620,0.074,0.007,4975.0,7625.0,1,198.3,0.007,0.007,
224929.jsonl.gz,9350237091720620,0.074,0.007,4975.0,7075.0,1,167.3,0.007,0.007,
224929.jsonl.gz,9350237091720620,0.074,0.007,4975.0,6625.0,1,137.1,0.007,0.007,
224929.jsonl.gz,9350237091720620,0.074,0.007,4975.0,6175.0,1,107.0,0.007,0.007,
224929.jsonl.gz,9350237091720620,0.074,0.007,4975.0,5475.0,1,77.0,0.007,0.007,
224929.jsonl.gz,9350237091720620,0.074,0.007,4975.0,5225.0,1,46.1,0.007,0.007,
224929.jsonl.gz,9350237091720620,0.074,0.007,4975.0,5175.0,1,16.0,0.007,0.007,
224929.jsonl.gz,8434073108761445,0.69,0.01,599.0,963.0,1,203.7,0.015,0.015,
224929.jsonl.gz,8434073108761445,0.69,0.01,968.0,2683.0,1,172.9,0.015,0.015,
224929.jsonl.gz,8434073108761445,0.69,0.01,968.0,2683.0,1,142.8,0.015,0.015,
224929.jsonl.gz,8434073108761445,0.69,0.01,968.0,2683.0,1,112.7,0.015,0.015,
224929.jsonl.gz,8434073108761445,0.69,0.01,968.0,2683.0,1,82.7,0.015,0.015,
224929.jsonl.gz,8434073108761445,0.69,0.01,968.0,2683.0,1,51.8,0.015,0.015,
224929.jsonl.gz,8434073108761445,0.69,0.01,968.0,2683.0,1,21.7,0.015,0.015,
224929.jsonl.gz,9277048309813507,0.927,0.1585,0.0,594.0,1,25.2,0.159,0.159,
224929.jsonl.gz,3523185360721264,0.98,0.065,1970.2,2545.2,1,55.7,0.05,0.05,
224929.jsonl.gz,5775223447809780,0.994,0.006,83.0,264.9,1,31.8,0.006,0.006,
224929.jsonl.gz,3523185360721264,0.98,0.065,1470.2,2045.2,1,36.8,0.05,0.05,
224929.jsonl.gz,6350586282809244,0.027,0.0035,0.0,100.0,1,135.2,0.0035,0.0035,
224929.jsonl.gz,6350586282809244,0.027,0.0035,0.0,100.0,1,105.2,0.0035,0.0035,
224929.jsonl.gz,6350586282809244,0.027,0.0035,0.0,100.0,1,74.3,0.0035,0.0035,
224929.jsonl.gz,6350586282809244,0.027,0.0035,0.0,100.0,1,44.2,0.0035,0.0035,
224929.jsonl.gz,6350586282809244,0.027,0.0035,0.0,100.0,1,14.2,0.0035,0.0035,
224929.jsonl.gz,7456793595792364,0.98,0.0025,0.0,120.0,1,138.1,0.0025,0.0025,0.0025
224929.jsonl.gz,7456793595792364,0.98,0.0025,0.0,120.0,1,108.1,0.0025,0.0025,0.0025
224929.jsonl.gz,7456793595792364,0.98,0.0025,0.0,120.0,1,77.2,0.0025,0.0025,0.0025
224929.jsonl.gz,7456793595792364,0.98,0.0025,0.0,120.0,1,47.1,0.0025,0.0025,0.0025
224929.jsonl.gz,7456793595792364,0.98,0.0025,0.0,120.0,1,17.1,0.0025,0.0025,0.0025
224929.jsonl.gz,6840002209357316,0.78,0.135,594.0,1188.0,1,251.7,0.01,0.01,
224929.jsonl.gz,3523185360721264,0.98,0.05,1470.2,2000.0,1,48.3,0.05,0.05,0.04
224929.jsonl.gz,6840002209357316,0.78,0.135,594.0,1188.0,1,235.8,0.01,0.01,
224929.jsonl.gz,6840002209357316,0.78,0.135,594.0,1188.0,1,205.6,0.01,0.01,
224929.jsonl.gz,6840002209357316,0.78,0.135,594.0,1188.0,1,175.5,0.01,0.01,
224929.jsonl.gz,6840002209357316,0.78,0.135,594.0,1188.0,1,145.5,0.01,0.01,
224929.jsonl.gz,6840002209357316,0.78,0.01,594.0,1188.0,1,114.6,0.01,0.01,
224929.jsonl.gz,6840002209357316,0.78,0.01,594.0,1188.0,1,84.5,0.01,0.01,
224929.jsonl.gz,6840002209357316,0.78,0.01,594.0,1188.0,1,54.5,0.01,0.01,
224929.jsonl.gz,6840002209357316,0.78,0.01,594.0,1188.0,1,24.4,0.01,0.01,
224929.jsonl.gz,1102656942679369,0.72,0.005,110.0,210.0,1,70.8,0.005,0.005,0.005
224929.jsonl.gz,3798474306659077,0.79,0.005,100.0,200.0,1,70.8,0.005,0.005,0.005
224929.jsonl.gz,9350237091720620,0.074,0.007,100.0,200.0,1,70.7,0.007,0.007,0.007
224929.jsonl.gz,1102656942679369,0.72,0.005,100.0,200.0,1,55.9,0.005,0.005,
224929.jsonl.gz,9350237091720620,0.074,0.007,100.0,200.0,1,55.9,0.007,0.007,
224929.jsonl.gz,1102656942679369,0.72,0.005,100.0,200.0,1,24.8,0.005,0.005,
224929.jsonl.gz,3798474306659077,0.79,0.005,100.0,200.0,1,56.0,0.005,0.005,
224929.jsonl.gz,3798474306659077,0.79,0.005,100.0,200.0,1,24.9,0.005,0.005,
224929.jsonl.gz,9350237091720620,0.074,0.007,116.0,250.0,1,24.9,0.007,0.007,
224929.jsonl.gz,5775223447809780,0.994,0.006,96.5,275.8,1,98.6,0.006,0.006,
224929.jsonl.gz,3798474306659077,0.79,0.005,100.0,200.0,1,9.2,0.005,0.005,
224929.jsonl.gz,3523185360721264,0.98,0.05,1970.2,2545.2,1,71.3,0.05,0.04,
224929.jsonl.gz,1059349247931019,0.4,0.005,3221.0,6000.0,1,313.7,0.005,0.005,
224929.jsonl.gz,1059349247931019,0.4,0.005,3221.0,6000.0,1,282.7,0.005,0.005,
224929.jsonl.gz,1059349247931019,0.4,0.005,3221.0,6000.0,1,252.6,0.005,0.005,
224929.jsonl.gz,1059349247931019,0.4,0.005,3221.0,6000.0,1,222.5,0.005,0.005,
224929.jsonl.gz,1059349247931019,0.4,0.005,3221.0,6000.0,1,192.5,0.005,0.005,
224929.jsonl.gz,1059349247931019,0.4,0.005,221.0,3000.0,1,161.6,0.005,0.005,
224929.jsonl.gz,1059349247931019,0.4,0.005,221.0,3000.0,1,131.5,0.005,0.005,
224929.jsonl.gz,1059349247931019,0.4,0.005,221.0,3000.0,1,101.5,0.005,0.005,
224929.jsonl.gz,8434073108761445,0.68,0.005,0.0,594.0,1,101.5,0.005,0.005,
224929.jsonl.gz,1059349247931019,0.4,0.005,221.0,3000.0,1,71.4,0.005,0.005,
224929.jsonl.gz,8434073108761445,0.68,0.005,0.0,594.0,1,71.4,0.005,0.005,
224929.jsonl.gz,1059349247931019,0.4,0.005,221.0,3000.0,1,40.3,0.005,0.005,
224929.jsonl.gz,8434073108761445,0.68,0.005,0.0,594.0,1,40.3,0.005,0.005,
224929.jsonl.gz,8434073108761445,0.68,0.005,0.0,594.0,1,10.3,0.005,0.005,
224929.jsonl.gz,3523185360721264,0.98,0.05,1470.2,2045.2,1,57.7,0.04,0.04,
224929.jsonl.gz,5775223447809780,0.994,0.006,0.0,165.2,1,92.1,0.006,0.006,
224929.jsonl.gz,5775223447809780,0.994,0.006,0.0,165.2,1,61.0,0.006,0.006,
224929.jsonl.gz,5775223447809780,0.994,0.006,0.0,165.2,1,31.0,0.006,0.006,
224929.jsonl.gz,1102656942679369,0.72,0.005,116.4,250.0,1,32.9,0.005,0.005,
224929.jsonl.gz,9350237091720620,0.074,0.007,116.0,250.0,1,32.9,0.007,0.007,
224929.jsonl.gz,1982530923885605,0.04,0.0005,299.8,444.0,1,338.0,0.0005,0.0005,
224929.jsonl.gz,1982530923885605,0.04,0.0005,299.8,444.0,1,307.0,0.0005,0.0005,
224929.jsonl.gz,1982530923885605,0.04,0.0005,299.8,444.0,1,276.9,0.0005,0.0005,
224929.jsonl.gz,1982530923885605,0.04,0.0005,299.8,444.0,1,246.8,0.0005,0.0005,
224929.jsonl.gz,1982530923885605,0.04,0.0005,299.8,444.0,1,216.8,0.0005,0.0005,
224929.jsonl.gz,1982530923885605,0.04,0.0005,299.8,444.0,1,185.9,0.0005,0.0005,
224929.jsonl.gz,1982530923885605,0.04,0.0005,299.8,444.0,1,155.8,0.0005,0.0005,
224929.jsonl.gz,1982530923885605,0.04,0.0005,299.8,444.0,1,125.8,0.0005,0.0005,
224929.jsonl.gz,1982530923885605,0.04,0.0005,299.8,444.0,1,95.7,0.0005,0.0005,
224929.jsonl.gz,1982530923885605,0.04,0.0005,299.8,444.0,1,64.6,0.0005,0.0005,
224929.jsonl.gz,1982530923885605,0.04,0.0005,299.8,444.0,1,34.6,0.0005,0.0005,
224929.jsonl.gz,3798474306659077,0.79,0.005,100.0,200.0,1,4.4,0.005,0.005,
224929.jsonl.gz,1102656942679369,0.72,0.005,116.4,250.0,1,8.7,0.005,0.005,0.005
224929.jsonl.gz,9350237091720620,0.074,0.007,121.4,250.0,1,8.7,0.007,0.007,0.0065
224929.jsonl.gz,3523185360721264,0.98,0.05,1970.1,2500.0,1,44.2,0.04,0.04,
224929.jsonl.gz,1059349247931019,0.4,0.005,3221.0,3445.0,1,60.9,0.005,0.005,0.005
224929.jsonl.gz,1059349247931019,0.4,0.005,221.0,445.0,1,30.5,0.005,0.005,0.005
224929.jsonl.gz,3523185360721264,0.98,0.04,1470.1,2000.0,1,33.6,0.04,0.04,
224929.jsonl.gz,4264368978045256,0.015,0.006,1860.7,2374.3,1,247.4,0.006,0.006,
224929.jsonl.gz,4264368978045256,0.015,0.006,0.0,513.7,1,216.5,0.006,0.006,
224929.jsonl.gz,4264368978045256,0.015,0.006,0.0,513.7,1,186.4,0.006,0.006,
224929.jsonl.gz,4264368978045256,0.015,0.006,0.0,513.7,1,156.4,0.006,0.006,
224929.jsonl.gz,4264368978045256,0.015,0.006,0.0,513.7,1,126.3,0.006,0.006,
224929.jsonl.gz,1102656942679369,0.72,0.005,116.4,310.0,1,7.1,0.005,0.005,
224929.jsonl.gz,3798474306659077,0.79,0.005,100.0,200.0,1,19.4,0.005,0.005,
224929.jsonl.gz,9350237091720620,0.074,0.007,121.4,250.0,1,19.6,0.007,0.007,
224929.jsonl.gz,9277048309813507,0.926,0.158,0.0,594.0,1,188.3,0.158,0.158,
224929.jsonl.gz,9277048309813507,0.926,0.158,0.0,594.0,1,158.2,0.158,0.158,
224929.jsonl.gz,9277048309813507,0.926,0.158,0.0,594.0,1,127.1,0.158,0.158,
224929.jsonl.gz,9277048309813507,0.926,0.158,0.0,594.0,1,97.1,0.158,0.158,
224929.jsonl.gz,9277048309813507,0.926,0.158,0.0,594.0,1,66.6,0.158,0.158,
224929.jsonl.gz,9277048309813507,0.926,0.158,0.0,594.0,1,36.6,0.158,0.158,
224929.jsonl.gz,9277048309813507,0.926,0.158,0.0,594.0,1,6.6,0.158,0.158,
224929.jsonl.gz,3798474306659077,0.79,0.005,100.0,200.0,1,7.1,0.005,0.005,
224929.jsonl.gz,1102656942679369,0.72,0.005,116.4,250.0,1,10.4,0.005,0.005,0.005
224929.jsonl.gz,9350237091720620,0.074,0.007,121.4,250.0,1,10.4,0.007,0.007,0.0065
224929.jsonl.gz,6840002209357316,0.78,0.01,594.0,1188.0,1,134.7,0.01,0.01,
224929.jsonl.gz,6840002209357316,0.78,0.01,594.0,1188.0,1,104.7,0.01,0.01,
224929.jsonl.gz,1090994452379897,0.037,0.003,0.0,430.0,1,395.1,0.003,0.003,
224929.jsonl.gz,1090994452379897,0.037,0.003,0.0,430.0,1,365.0,0.003,0.003,
224929.jsonl.gz,1090994452379897,0.037,0.003,0.0,430.0,1,334.9,0.003,0.003,
224929.jsonl.gz,1090994452379897,0.037,0.003,0.0,430.0,1,304.9,0.003,0.003,
224929.jsonl.gz,1090994452379897,0.037,0.003,0.0,430.0,1,274.0,0.003,0.003,
224929.jsonl.gz,1090994452379897,0.037,0.003,0.0,430.0,1,243.9,0.003,0.003,
224929.jsonl.gz,1090994452379897,0.037,0.003,0.0,430.0,1,213.9,0.003,0.003,
224929.jsonl.gz,1090994452379897,0.037,0.003,0.0,430.0,1,183.8,0.003,0.003,
224929.jsonl.gz,1090994452379897,0.037,0.003,0.0,430.0,1,152.7,0.003,0.003,
224929.jsonl.gz,1090994452379897,0.037,0.003,0.0,430.0,1,122.6,0.003,0.003,
224929.jsonl.gz,1090994452379897,0.037,0.003,0.0,430.0,1,92.2,0.003,0.003,
224929.jsonl.gz,1090994452379897,0.037,0.003,0.0,430.0,1,62.2,0.003,0.003,
224929.jsonl.gz,1090994452379897,0.037,0.003,0.0,430.0,1,32.1,0.003,0.003,
224929.jsonl.gz,1090994452379897,0.037,0.003,0.0,430.0,1,2.1,0.003,0.003,
224929.jsonl.gz,3798474306659077,0.79,0.005,100.0,200.0,1,11.3,0.005,0.005,
224929.jsonl.gz,1102656942679369,0.72,0.005,116.4,250.0,1,14.9,0.005,0.005,
224929.jsonl.gz,9350237091720620,0.074,0.007,121.4,250.0,1,14.9,0.007,0.007,
224929.jsonl.gz,3523185360721264,0.98,0.04,1470.1,2045.1,1,84.5,0.04,0.04,
224929.jsonl.gz,5775223447809780,0.994,0.006,82.4,184.2,1,118.3,0.006,0.006,
224929.jsonl.gz,5775223447809780,0.994,0.006,0.0,101.8,1,88.3,0.006,0.006,
224929.jsonl.gz,5775223447809780,0.994,0.006,0.0,101.8,1,58.3,0.006,0.006,
224929.jsonl.gz,5775223447809780,0.994,0.006,0.0,101.8,1,28.2,0.006,0.006,
224929.jsonl.gz,9277048309813507,0.926,0.158,0.0,594.0,1,34.6,0.158,0.158,
224929.jsonl.gz,9277048309813507,0.926,0.158,0.0,594.0,1,4.5,0.158,0.158,
224929.jsonl.gz,6840002209357316,0.78,0.01,594.0,975.0,1,129.4,0.01,0.01,0.01
224929.jsonl.gz,6840002209357316,0.78,0.01,594.0,975.0,1,99.3,0.01,0.01,0.01
224929.jsonl.gz,6840002209357316,0.78,0.01,594.0,975.0,1,69.3,0.01,0.01,0.01
224929.jsonl.gz,3798474306659077,0.79,0.005,100.0,200.0,1,12.5,0.005,0.005,
224929.jsonl.gz,1102656942679369,0.72,0.005,116.4,250.0,1,18.3,0.005,0.005,
224929.jsonl.gz,9350237091720620,0.074,0.007,121.4,250.0,1,18.3,0.007,0.007,0.0065
224929.jsonl.gz,6840002209357316,0.78,0.01,594.0,1188.0,1,49.3,0.01,0.01,
224929.jsonl.gz,6840002209357316,0.78,0.01,594.0,1188.0,1,19.2,0.01,0.01,
224929.jsonl.gz,7949989425384192,0.3,0.01,5098.3,5200.0,1,474.7,0.01,0.01,
224929.jsonl.gz,9277048309813507,0.926,0.158,0.0,594.0,1,1.7,0.158,0.158,
224929.jsonl.gz,3523185360721264,0.98,0.04,1970.1,2545.1,1,101.5,0.04,0.04,
224929.jsonl.gz,3523185360721264,0.98,0.04,1970.1,2500.0,1,71.5,0.04,0.04,
224929.jsonl.gz,7949989425384192,0.3,0.01,5098.3,5200.0,1,465.6,0.01,0.01,
224929.jsonl.gz,8434073108761445,0.68,0.005,0.0,594.0,1,166.7,0.005,0.005,
224929.jsonl.gz,8434073108761445,0.68,0.005,0.0,594.0,1,136.6,0.005,0.005,
224929.jsonl.gz,8434073108761445,0.68,0.005,0.0,594.0,1,106.6,0.005,0.005,
224929.jsonl.gz,8434073108761445,0.68,0.005,0.0,594.0,1,76.6,0.005,0.005,
224929.jsonl.gz,8434073108761445,0.68,0.005,0.0,594.0,1,46.5,0.005,0.005,
224929.jsonl.gz,8434073108761445,0.68,0.005,0.0,594.0,1,16.2,0.005,0.005,
224929.jsonl.gz,5775223447809780,0.994,0.006,0.0,165.6,1,46.7,0.006,0.006,
224929.jsonl.gz,7949989425384192,0.3,0.01,5098.3,5200.0,1,453.8,0.01,0.01,
224929.jsonl.gz,3798474306659077,0.79,0.005,100.0,200.0,1,33.3,0.005,0.005,
224929.jsonl.gz,9350237091720620,0.074,0.007,121.4,221.4,1,33.3,0.007,0.007,
224929.jsonl.gz,1102656942679369,0.72,0.005,116.4,250.0,1,34.8,0.005,0.005,
224929.jsonl.gz,5775223447809780,0.994,0.006,0.0,179.9,1,36.7,0.006,0.006,
224929.jsonl.gz,3523185360721264,0.98,0.04,1470.1,2045.1,1,69.4,0.04,0.04,
224929.jsonl.gz,4264368978045256,0.015,0.006,565.7,1860.7,1,250.5,0.0065,0.0065,
224929.jsonl.gz,4264368978045256,0.015,0.006,565.7,1860.7,1,220.5,0.0065,0.0065,
224929.jsonl.gz,7949989425384192,0.3,0.01,5098.3,5200.0,1,434.7,0.01,0.01,
224929.jsonl.gz,1102656942679369,0.72,0.005,116.4,250.0,1,11.1,0.005,0.005,
224929.jsonl.gz,3798474306659077,0.79,0.005,100.0,200.0,1,11.1,0.005,0.005,
224929.jsonl.gz,9350237091720620,0.074,0.007,116.0,250.0,1,11.1,0.007,0.007,0.0065
224929.jsonl.gz,7949989425384192,0.3,0.01,5098.3,5200.0,1,414.3,0.01,0.01,
224929.jsonl.gz,5775223447809780,0.994,0.006,0.0,193.0,1,25.2,0.006,0.006,
224929.jsonl.gz,3523185360721264,0.98,0.04,1970.1,2545.1,1,56.4,0.04,0.04,
224929.jsonl.gz,7949989425384192,0.3,0.01,5098.3,5200.0,1,396.7,0.01,0.01,
224929.jsonl.gz,3523185360721264,0.98,0.04,1970.0,2500.0,1,43.0,0.04,0.04,
224929.jsonl.gz,1102656942679369,0.72,0.005,116.4,361.0,1,21.3,0.005,0.005,
224929.jsonl.gz,9350237091720620,0.074,0.007,100.0,200.0,1,36.7,0.007,0.0065,
224929.jsonl.gz,3798474306659077,0.79,0.005,100.0,200.0,1,39.8,0.005,,
224929.jsonl.gz,6840002209357316,0.78,0.01,0.0,594.0,1,104.9,0.01,0.01,
224929.jsonl.gz,3523185360721264,0.98,0.04,1470.0,2000.0,1,52.1,0.04,0.04,
224929.jsonl.gz,9718603078560812,0.01,0.0005,133049.5,0.0,0,,,,
224929.jsonl.gz,6377725888023396,0.1,0.005,6402.2,75.0,0,,,,
224929.jsonl.gz,1396280659352613,0.24,0.01,1383.4,1383.4,0,,,,
224929.jsonl.gz,3804724364027599,0.045,0.008,303.0,303.0,0,,,,
224929.jsonl.gz,8022971310749160,0.011,0.0005,604.0,0.0,0,,,,
224929.jsonl.gz,9076837713448521,0.37,0.005,594.0,594.0,0,,,,
224929.jsonl.gz,3519854948656960,0.3,0.01,2520.2,1789.3,0,,,,
224929.jsonl.gz,7473907490958467,0.085,0.0065,2834.8,0.0,0,,,,
224929.jsonl.gz,6384252906871000,0.6,0.005,124904.8,26345.3,0,,,,
224929.jsonl.gz,1022706502257978,0.013,0.0005,811.8,0.0,0,,,,
224929.jsonl.gz,2963382670171355,0.72,0.01,8345.4,205.0,0,,,,
224929.jsonl.gz,5615282760875985,0.39,0.005,39591.7,18345.9,0,,,,
224929.jsonl.gz,1122417510711743,0.01,0.002,594.0,300.0,0,,,,
224929.jsonl.gz,2955576282086664,0.22,0.005,16.0,112.0,0,,,,
224929.jsonl.gz,2148337392909064,0.013,0.004,15.2,0.0,0,,,,
224929.jsonl.gz,5552468961200544,0.14,0.01,1125.0,971.0,0,,,,
224929.jsonl.gz,5774813808502271,0.021,0.0005,23975.4,0.0,0,,,,
224929.jsonl.gz,7045929632587188,0.23,0.005,1591.8,0.0,0,,,,
224929.jsonl.gz,3704650953639515,0.025,0.0025,83.0,83.0,0,,,,
224929.jsonl.gz,8891292653349398,0.016,0.0005,2647.9,0.0,0,,,,
224929.jsonl.gz,1825839575504139,0.003,0.0005,4908.6,1000.0,0,,,,
224929.jsonl.gz,9436872649120984,0.02,0.0005,1816.0,0.0,0,,,,
224929.jsonl.gz,8890297437819588,0.67,0.015,7.0,21.0,0,,,,
224929.jsonl.gz,2853789823298506,0.008,0.0035,129.4,0.0,0,,,,
224929.jsonl.gz,5855900748190859,0.012,0.0005,1945.0,0.0,0,,,,
224929.jsonl.gz,1064932851422783,0.927,0.0005,2.5,0.0,0,,,,
224929.jsonl.gz,1083024546070811,0.018,0.0025,1565.0,0.0,0,,,,
224929.jsonl.gz,6309330581531068,0.969,0.0035,0.0,100.0,1,614.8,,,
224929.jsonl.gz,9705092174041619,0.63,0.01,142886.0,6015.0,0,,,,
224929.jsonl.gz,2881957189963819,0.42,0.01,211749.8,2829.0,0,,,,
224929.jsonl.gz,8021972217434945,0.93,0.2,471.4,257.1,0,,,,
224929.jsonl.gz,6840002209357316,0.78,0.01,594.0,975.0,1,91.0,0.01,0.01,0.01
224929.jsonl.gz,6840002209357316,0.78,0.01,594.0,975.0,1,60.4,0.01,0.01,0.01
224929.jsonl.gz,6840002209357316,0.78,0.01,594.0,975.0,1,30.3,0.01,0.01,0.01
224929.jsonl.gz,7949989425384192,0.3,0.01,5098.3,5200.0,1,424.1,0.01,0.015,
224929.jsonl.gz,6824515892885346,0.64,0.005,530.0,977.0,1,212.4,0.005,0.005,
224929.jsonl.gz,6824515892885346,0.64,0.005,530.0,977.0,1,182.3,0.005,0.005,
224929.jsonl.gz,6824515892885346,0.64,0.005,530.0,977.0,1,152.3,0.005,0.005,
224929.jsonl.gz,6824515892885346,0.64,0.005,530.0,977.0,1,122.0,0.005,0.005,
224929.jsonl.gz,6824515892885346,0.64,0.005,530.0,977.0,1,91.6,0.005,0.005,
224929.jsonl.gz,6824515892885346,0.64,0.005,530.0,977.0,1,61.0,0.005,0.005,
224929.jsonl.gz,3798474306659077,0.79,0.005,100.0,200.0,1,30.8,,,
224929.jsonl.gz,6824515892885346,0.64,0.005,530.0,977.0,1,30.9,0.005,0.005,
224929.jsonl.gz,6824515892885346,0.64,0.005,0.0,447.0,1,0.9,0.005,0.005,
224929.jsonl.gz,9350237091720620,0.074,0.007,116.0,250.0,1,31.9,0.0065,0.0065,
224929.jsonl.gz,8374818003753435,0.33,0.005,456.0,835.0,1,395.2,,,
224929.jsonl.gz,8374818003753435,0.33,0.005,456.0,835.0,1,365.1,,,
224929.jsonl.gz,8374818003753435,0.33,0.005,456.0,835.0,1,334.0,,,
224929.jsonl.gz,8374818003753435,0.33,0.005,456.0,835.0,1,303.9,,,
224929.jsonl.gz,8374818003753435,0.33,0.005,456.0,830.0,1,273.5,,,
224929.jsonl.gz,8374818003753435,0.33,0.005,456.0,830.0,1,243.5,,,
224929.jsonl.gz,8374818003753435,0.33,0.005,456.0,830.0,1,213.4,,,
224929.jsonl.gz,8374818003753435,0.33,0.005,456.0,830.0,1,183.4,,,
224929.jsonl.gz,8374818003753435,0.33,0.005,456.0,830.0,1,153.3,,,
224929.jsonl.gz,8374818003753435,0.33,0.005,456.0,830.0,1,123.1,,,
224929.jsonl.gz,8374818003753435,0.33,0.005,451.0,825.0,1,92.7,,,
224929.jsonl.gz,8374818003753435,0.33,0.005,456.0,825.0,1,62.1,,,
224929.jsonl.gz,8374818003753435,0.33,0.005,456.0,825.0,1,31.9,,,
224929.jsonl.gz,8374818003753435,0.33,0.005,456.0,825.0,1,1.9,,,
224929.jsonl.gz,9277048309813507,0.926,0.158,0.0,594.0,1,93.0,0.158,0.158,
224929.jsonl.gz,9277048309813507,0.926,0.158,0.0,594.0,1,62.4,0.158,0.158,
224929.jsonl.gz,9277048309813507,0.926,0.158,0.0,594.0,1,32.3,0.158,0.158,
224929.jsonl.gz,9277048309813507,0.926,0.158,0.0,594.0,1,2.2,0.158,0.158,
224929.jsonl.gz,1102656942679369,0.72,0.005,116.4,250.0,1,33.6,0.005,0.005,
224929.jsonl.gz,1102656942679369,0.72,0.005,116.4,250.0,1,6.3,0.005,0.005,
224929.jsonl.gz,9350237091720620,0.074,0.0065,116.0,250.0,1,6.5,0.0065,0.0065,
224929.jsonl.gz,7949989425384192,0.3,0.01,5098.3,5200.0,1,401.8,0.01,0.015,
224929.jsonl.gz,6309330581531068,0.969,0.003,0.0,100.0,1,583.8,0.003,0.003,
224929.jsonl.gz,6309330581531068,0.969,0.003,0.0,100.0,1,553.7,0.003,0.003,
224929.jsonl.gz,6309330581531068,0.969,0.003,0.0,100.0,1,523.6,0.003,0.003,
224929.jsonl.gz,6309330581531068,0.969,0.003,0.0,100.0,1,493.6,0.003,0.003,
224929.jsonl.gz,6309330581531068,0.969,0.003,0.0,100.0,1,462.7,0.003,0.003,
224929.jsonl.gz,6309330581531068,0.969,0.003,0.0,100.0,1,432.6,0.003,0.003,
224929.jsonl.gz,6309330581531068,0.969,0.003,0.0,100.0,1,402.6,0.003,0.003,
224929.jsonl.gz,6309330581531068,0.969,0.003,0.0,100.0,1,372.5,0.003,0.003,
224929.jsonl.gz,6309330581531068,0.969,0.003,0.0,100.0,1,341.4,0.003,0.003,
224929.jsonl.gz,6309330581531068,0.969,0.003,0.0,100.0,1,311.4,0.003,0.003,
224929.jsonl.gz,6309330581531068,0.969,0.003,0.0,100.0,1,280.9,0.003,0.003,
224929.jsonl.gz,6309330581531068,0.969,0.003,0.0,100.0,1,250.9,0.003,0.003,
224929.jsonl.gz,6309330581531068,0.969,0.003,0.0,100.0,1,220.9,0.003,0.003,
224929.jsonl.gz,6309330581531068,0.969,0.003,0.0,100.0,1,190.8,0.003,0.003,
224929.jsonl.gz,6309330581531068,0.969,0.003,0.0,100.0,1,160.7,0.003,0.003,
224929.jsonl.gz,6309330581531068,0.969,0.003,0.0,100.0,1,130.5,0.003,0.003,
224929.jsonl.gz,6309330581531068,0.969,0.003,0.0,100.0,1,100.1,0.003,0.003,
224929.jsonl.gz,6309330581531068,0.969,0.003,0.0,100.0,1,69.5,0.003,0.003,
224929.jsonl.gz,6309330581531068,0.969,0.003,0.0,100.0,1,39.3,0.003,0.003,
224929.jsonl.gz,6309330581531068,0.969,0.003,0.0,100.0,1,9.3,0.003,0.003,
224929.jsonl.gz,3798474306659077,0.79,0.005,100.0,200.0,1,17.3,,,
224929.jsonl.gz,6350586282809244,0.027,0.0035,0.0,100.0,1,384.9,0.0035,0.0035,
224929.jsonl.gz,6350586282809244,0.027,0.0035,0.0,100.0,1,353.9,0.0035,0.0035,
224929.jsonl.gz,6350586282809244,0.027,0.0035,0.0,100.0,1,323.8,0.0035,0.0035,
224929.jsonl.gz,6350586282809244,0.027,0.0035,0.0,100.0,1,293.4,0.0035,0.0035,
224929.jsonl.gz,6350586282809244,0.027,0.0035,0.0,100.0,1,263.4,0.0035,0.0035,
224929.jsonl.gz,6350586282809244,0.027,0.0035,0.0,100.0,1,233.3,0.0035,0.0035,
224929.jsonl.gz,6350586282809244,0.027,0.0035,0.0,100.0,1,203.3,0.0035,0.0035,
224929.jsonl.gz,6350586282809244,0.027,0.0035,0.0,100.0,1,173.2,0.0035,0.0035,
224929.jsonl.gz,6350586282809244,0.027,0.0035,0.0,100.0,1,142.9,0.0035,0.0035,
224929.jsonl.gz,6350586282809244,0.027,0.0035,0.0,100.0,1,112.5,0.0035,0.0035,
224929.jsonl.gz,6350586282809244,0.027,0.0035,0.0,100.0,1,82.0,0.0035,0.0035,
224929.jsonl.gz,6350586282809244,0.027,0.0035,0.0,100.0,1,51.8,0.0035,0.0035,
224929.jsonl.gz,6350586282809244,0.027,0.0035,0.0,100.0,1,21.8,0.0035,0.0035,
224929.jsonl.gz,7456793595792364,0.98,0.0025,0.0,120.0,1,387.4,0.0025,0.0025,0.0045
224929.jsonl.gz,7456793595792364,0.98,0.0025,0.0,120.0,1,356.3,0.0025,0.0025,0.0045
224929.jsonl.gz,7456793595792364,0.98,0.0025,0.0,120.0,1,326.2,0.0025,0.0025,0.0045
224929.jsonl.gz,7456793595792364,0.98,0.0025,0.0,120.0,1,295.8,0.0025,0.0025,0.0045
224929.jsonl.gz,7456793595792364,0.98,0.0025,0.0,120.0,1,265.8,0.0025,0.0025,0.0045
224929.jsonl.gz,7456793595792364,0.98,0.0025,0.0,120.0,1,235.7,0.0025,0.0025,0.0045
224929.jsonl.gz,7456793595792364,0.98,0.0025,0.0,120.0,1,205.7,0.0025,0.0025,0.0045
224929.jsonl.gz,7456793595792364,0.98,0.0025,0.0,120.0,1,175.6,0.0025,0.0025,0.0045
224929.jsonl.gz,7456793595792364,0.98,0.0025,0.0,120.0,1,145.4,0.0025,0.0025,0.0045
224929.jsonl.gz,7456793595792364,0.98,0.0025,0.0,120.0,1,115.0,0.0025,0.0025,0.0045
224929.jsonl.gz,7456793595792364,0.98,0.0025,0.0,120.0,1,84.4,0.0025,0.0025,0.0045
224929.jsonl.gz,7456793595792364,0.98,0.0025,0.0,120.0,1,54.2,0.0025,0.0025,0.0045
224929.jsonl.gz,7456793595792364,0.98,0.0025,0.0,120.0,1,24.2,0.0025,0.0025,0.0045
224929.jsonl.gz,9718603078560812,0.01,0.0005,133049.5,0.0,0,,,,
224929.jsonl.gz,6377725888023396,0.1,0.005,6402.2,75.0,0,,,,
224929.jsonl.gz,1396280659352613,0.24,0.01,1383.4,1383.4,0,,,,
224929.jsonl.gz,3804724364027599,0.045,0.008,303.0,303.0,0,,,,
224929.jsonl.gz,8022971310749160,0.011,0.0005,604.0,0.0,0,,,,
224929.jsonl.gz,9076837713448521,0.37,0.005,594.0,0.0,0,,,,
224929.jsonl.gz,3519854948656960,0.3,0.01,2520.2,1789.3,0,,,,
224929.jsonl.gz,7473907490958467,0.085,0.006,2834.8,541.0,0,,,,
224929.jsonl.gz,6384252906871000,0.6,0.005,124835.8,27776.3,0,,,,
224929.jsonl.gz,1022706502257978,0.013,0.0005,811.8,0.0,0,,,,
224929.jsonl.gz,2963382670171355,0.72,0.01,8345.4,205.0,0,,,,
224929.jsonl.gz,5615282760875985,0.39,0.005,39522.7,18276.9,0,,,,
224929.jsonl.gz,1122417510711743,0.01,0.002,594.0,300.0,0,,,,
224929.jsonl.gz,2955576282086664,0.22,0.005,16.0,112.0,0,,,,
224929.jsonl.gz,2148337392909064,0.013,0.004,15.2,0.0,0,,,,
224929.jsonl.gz,5552468961200544,0.14,0.01,1125.0,971.0,0,,,,
224929.jsonl.gz,5774813808502271,0.021,0.0005,23975.4,0.0,0,,,,
224929.jsonl.gz,7045929632587188,0.23,0.005,1591.8,0.0,0,,,,
224929.jsonl.gz,3704650953639515,0.025,0.0025,83.0,83.0,0,,,,
224929.jsonl.gz,8891292653349398,0.016,0.0005,2647.9,0.0,0,,,,
224929.jsonl.gz,1825839575504139,0.003,0.0005,4908.6,1000.0,0,,,,
224929.jsonl.gz,9436872649120984,0.02,0.0005,1816.0,0.0,0,,,,
224929.jsonl.gz,8890297437819588,0.67,0.015,7.0,21.0,0,,,,
224929.jsonl.gz,2853789823298506,0.008,0.0035,129.4,0.0,0,,,,
224929.jsonl.gz,5855900748190859,0.012,0.0005,1945.0,0.0,0,,,,
224929.jsonl.gz,1064932851422783,0.927,0.0005,2.5,0.0,0,,,,
224929.jsonl.gz,1083024546070811,0.018,0.0025,1565.0,0.0,0,,,,
224929.jsonl.gz,6824515892885346,0.77,0.07,0.0,0.0,0,,,,
224929.jsonl.gz,8374818003753435,0.35,0.02,769.2,0.0,0,,,,
224929.jsonl.gz,9705092174041619,0.63,0.01,142786.0,5915.0,0,,,,
224929.jsonl.gz,2881957189963819,0.42,0.01,211749.8,3049.0,0,,,,
224929.jsonl.gz,8021972217434945,0.93,0.2,471.4,342.8,0,,,,
224929.jsonl.gz,8881400370038397,0.74,0.17,43.1,69.2,0,,,,
224929.jsonl.gz,2707330300457255,0.59,0.23,0.0,14.6,0,,,,
224929.jsonl.gz,8651893035246853,0.88,0.19,0.0,50.0,0,,,,
224929.jsonl.gz,9919340269878615,0.99,0.175,2039.5,82.8,0,,,,
224929.jsonl.gz,6350586282809244,0.027,0.0035,0.0,100.0,1,0.8,0.0035,0.004,0.0045
224929.jsonl.gz,7949989425384192,0.3,0.01,5048.3,5150.0,1,397.3,0.015,0.015,
224929.jsonl.gz,7949989425384192,0.3,0.01,4998.3,5100.0,1,366.3,0.015,0.015,
224929.jsonl.gz,7949989425384192,0.3,0.01,4998.3,5100.0,1,336.2,0.015,0.015,
224929.jsonl.gz,7949989425384192,0.3,0.01,4998.3,5100.0,1,305.8,0.015,0.015,
224929.jsonl.gz,7949989425384192,0.3,0.01,4998.3,5100.0,1,275.8,0.015,0.015,
224929.jsonl.gz,7949989425384192,0.3,0.01,4998.3,5100.0,1,245.7,0.015,0.015,
224929.jsonl.gz,7949989425384192,0.3,0.01,5048.3,10098.3,1,233.0,0.015,0.015,
224929.jsonl.gz,7949989425384192,0.3,0.01,4998.3,9098.3,1,202.9,0.015,0.015,
224929.jsonl.gz,7949989425384192,0.3,0.01,5098.3,8298.3,1,172.6,0.015,0.015,
224929.jsonl.gz,7949989425384192,0.3,0.01,5098.3,7448.3,1,142.2,0.015,0.015,
224929.jsonl.gz,7949989425384192,0.3,0.01,4998.3,6098.3,1,111.7,0.015,0.015,
224929.jsonl.gz,7949989425384192,0.3,0.01,4998.3,5948.3,1,81.5,0.015,0.015,
224929.jsonl.gz,7949989425384192,0.3,0.01,5048.3,5948.3,1,51.5,0.015,0.015,
224929.jsonl.gz,1059349247931019,0.4,0.005,224.0,3224.0,1,294.2,0.005,0.005,
224929.jsonl.gz,1059349247931019,0.4,0.005,0.0,3000.0,1,264.2,0.005,0.005,
224929.jsonl.gz,1059349247931019,0.4,0.005,0.0,3000.0,1,234.2,0.005,0.005,
224929.jsonl.gz,1059349247931019,0.4,0.005,0.0,3000.0,1,204.1,0.005,0.005,
224929.jsonl.gz,1059349247931019,0.4,0.005,0.0,3000.0,1,173.8,0.005,0.005,
224929.jsonl.gz,1059349247931019,0.4,0.005,0.0,3000.0,1,143.4,0.005,0.005,
224929.jsonl.gz,1059349247931019,0.4,0.005,0.0,3000.0,1,112.9,0.005,0.005,
224929.jsonl.gz,1059349247931019,0.4,0.005,0.0,3000.0,1,82.7,0.005,0.005,
224929.jsonl.gz,1059349247931019,0.4,0.005,225.0,3000.0,1,52.7,0.005,0.005,
224929.jsonl.gz,9718603078560812,0.01,0.0005,133049.5,0.0,0,,,,
224929.jsonl.gz,6377725888023396,0.1,0.005,6402.2,75.0,0,,,,
224929.jsonl.gz,1396280659352613,0.24,0.01,1383.4,1383.4,0,,,,
224929.jsonl.gz,3804724364027599,0.045,0.008,303.0,303.0,0,,,,
224929.jsonl.gz,8022971310749160,0.011,0.0005,604.0,0.0,0,,,,
224929.jsonl.gz,9076837713448521,0.37,0.005,594.0,0.0,0,,,,
224929.jsonl.gz,3519854948656960,0.3,0.01,2520.2,1789.3,0,,,,
224929.jsonl.gz,7473907490958467,0.085,0.006,2834.8,541.0,0,,,,
224929.jsonl.gz,6384252906871000,0.6,0.005,124835.8,26276.3,0,,,,
224929.jsonl.gz,1022706502257978,0.013,0.0005,811.8,0.0,0,,,,
224929.jsonl.gz,2963382670171355,0.72,0.01,8345.4,205.0,0,,,,
224929.jsonl.gz,5615282760875985,0.39,0.005,39522.7,16996.1,0,,,,
224929.jsonl.gz,1122417510711743,0.01,0.002,594.0,300.0,0,,,,
224929.jsonl.gz,2955576282086664,0.22,0.005,16.0,112.0,0,,,,
224929.jsonl.gz,2148337392909064,0.013,0.004,15.2,0.0,0,,,,
224929.jsonl.gz,5552468961200544,0.14,0.01,1125.0,971.0,0,,,,
224929.jsonl.gz,5774813808502271,0.021,0.0005,23975.4,0.0,0,,,,
224929.jsonl.gz,7045929632587188,0.23,0.005,1591.8,0.0,0,,,,
224929.jsonl.gz,3704650953639515,0.025,0.0025,83.0,83.0,0,,,,
224929.jsonl.gz,8891292653349398,0.016,0.0005,2647.9,0.0,0,,,,
224929.jsonl.gz,1825839575504139,0.003,0.0005,4908.6,1000.0,0,,,,
224929.jsonl.gz,9436872649120984,0.02,0.0005,1816.0,0.0,0,,,,
224929.jsonl.gz,8890297437819588,0.67,0.015,7.0,21.0,0,,,,
224929.jsonl.gz,2853789823298506,0.008,0.0035,129.4,0.0,0,,,,
224929.jsonl.gz,5855900748190859,0.012,0.0005,1945.0,0.0,0,,,,
224929.jsonl.gz,1064932851422783,0.927,0.0005,2.5,0.0,0,,,,
224929.jsonl.gz,1083024546070811,0.018,0.0025,1565.0,0.0,0,,,,
224929.jsonl.gz,2823941877263364,0.998,0.0155,2302981.0,150000.0,0,,,,
224929.jsonl.gz,6824515892885346,0.76,0.065,50.0,50.0,0,,,,
224929.jsonl.gz,8374818003753435,0.35,0.02,769.2,0.0,0,,,,
224929.jsonl.gz,9705092174041619,0.63,0.01,143413.0,5915.0,0,,,,
224929.jsonl.gz,2881957189963819,0.41,0.005,29735.6,0.0,0,,,,
224929.jsonl.gz,7419522058612923,0.999,0.014,5811337.9,100000.0,0,,,,
224929.jsonl.gz,6350586282809244,0.05,0.0245,20.0,50.0,0,,,,
224929.jsonl.gz,8021972217434945,0.93,0.19,557.1,342.8,0,,,,
224929.jsonl.gz,8881400370038397,0.74,0.17,43.1,69.2,0,,,,
224929.jsonl.gz,2707330300457255,0.58,0.225,28.6,28.6,0,,,,
224929.jsonl.gz,8651893035246853,0.87,0.185,472.3,92.3,0,,,,
224929.jsonl.gz,9919340269878615,0.99,0.175,2039.5,91.5,0,,,,
224929.jsonl.gz,6447863530315865,0.992,0.166,3250.0,0.0,0,,,,
224929.jsonl.gz,1034172286432846,0.981,0.1705,426.0,1090.0,1,29.4,0.018,0.018,
224929.jsonl.gz,8434073108761445,0.68,0.005,594.0,1188.0,1,151.0,,,
224929.jsonl.gz,8434073108761445,0.68,0.005,0.0,594.0,1,120.4,,,
224929.jsonl.gz,8434073108761445,0.68,0.005,0.0,594.0,1,90.3,,,
224929.jsonl.gz,8434073108761445,0.68,0.005,0.0,594.0,1,60.2,,,
224929.jsonl.gz,7949989425384192,0.29,0.005,55.3,430.0,1,30.2,0.005,0.005,
224929.jsonl.gz,8651893035246853,0.78,0.01,818.4,1032.0,1,514.1,0.015,0.015,
224929.jsonl.gz,8651893035246853,0.78,0.01,798.4,1012.0,1,484.1,0.015,0.015,
224929.jsonl.gz,8651893035246853,0.78,0.01,798.4,1012.0,1,454.0,0.015,0.015,
224929.jsonl.gz,8651893035246853,0.78,0.01,798.4,1012.0,1,423.9,0.015,0.015,
224929.jsonl.gz,8651893035246853,0.78,0.01,798.4,1012.0,1,392.8,0.015,0.015,
224929.jsonl.gz,8651893035246853,0.78,0.01,798.4,1012.0,1,362.8,0.015,0.015,
224929.jsonl.gz,8651893035246853,0.78,0.01,798.4,1012.0,1,332.4,0.015,0.015,
224929.jsonl.gz,8651893035246853,0.78,0.01,798.4,1012.0,1,302.3,0.015,0.015,
224929.jsonl.gz,8651893035246853,0.78,0.01,798.4,1012.0,1,272.3,0.015,0.015,
224929.jsonl.gz,8651893035246853,0.78,0.01,798.4,1012.0,1,242.2,0.015,0.015,
224929.jsonl.gz,8651893035246853,0.78,0.01,798.4,1012.0,1,212.2,0.015,0.015,
224929.jsonl.gz,8651893035246853,0.78,0.01,798.4,1012.0,1,181.9,0.015,0.015,
224929.jsonl.gz,8651893035246853,0.78,0.01,798.4,1012.0,1,151.5,0.015,0.015,
224929.jsonl.gz,8651893035246853,0.78,0.01,798.4,1012.0,1,120.9,0.015,0.015,
224929.jsonl.gz,8651893035246853,0.78,0.01,798.4,1012.0,1,90.8,0.015,0.015,
224929.jsonl.gz,8651893035246853,0.77,0.005,594.0,1188.0,1,60.8,0.005,0.005,
224929.jsonl.gz,8651893035246853,0.77,0.005,594.0,1188.0,1,30.8,0.005,0.005,
224929.jsonl.gz,8651893035246853,0.77,0.005,0.0,594.0,1,0.8,0.005,0.005,
224929.jsonl.gz,6840002209357316,0.78,0.01,594.0,981.0,1,61.4,0.01,0.01,0.01
224929.jsonl.gz,6840002209357316,0.78,0.01,0.0,387.0,1,31.4,0.01,0.01,0.01
224929.jsonl.gz,7456793595792364,0.98,0.0025,40.0,160.0,1,32.3,0.0025,0.0025,
224929.jsonl.gz,7456793595792364,0.98,0.0025,0.0,120.0,1,5.8,0.0025,0.0025,
224929.jsonl.gz,6350586282809244,0.026,0.003,50.0,150.0,1,6.0,0.003,0.003,
224929.jsonl.gz,1034172286432846,0.981,0.018,426.0,852.0,1,8.1,0.018,0.0175,0.0045
224929.jsonl.gz,9277048309813507,0.926,0.158,0.0,594.0,1,50.8,0.015,0.015,
224929.jsonl.gz,9277048309813507,0.926,0.015,0.0,594.0,1,20.8,0.015,0.015,
224929.jsonl.gz,6840002209357316,0.78,0.01,594.0,807.0,1,21.8,0.01,0.01,
224929.jsonl.gz,9718603078560812,0.01,0.0005,133049.5,0.0,0,,,,
224929.jsonl.gz,6377725888023396,0.1,0.005,6402.2,75.0,0,,,,
224929.jsonl.gz,1396280659352613,0.24,0.01,1383.4,1383.4,0,,,,
224929.jsonl.gz,3804724364027599,0.045,0.008,303.0,303.0,0,,,,
224929.jsonl.gz,8022971310749160,0.011,0.0005,604.0,0.0,0,,,,
224929.jsonl.gz,9076837713448521,0.37,0.005,594.0,0.0,0,,,,
224929.jsonl.gz,3519854948656960,0.3,0.01,2520.2,1589.3,0,,,,
224929.jsonl.gz,7473907490958467,0.085,0.006,2834.8,541.0,0,,,,
224929.jsonl.gz,6384252906871000,0.6,0.005,124835.8,27776.3,0,,,,
224929.jsonl.gz,1022706502257978,0.013,0.0005,811.8,0.0,0,,,,
224929.jsonl.gz,2963382670171355,0.72,0.01,8345.4,205.0,0,,,,
224929.jsonl.gz,5615282760875985,0.39,0.005,39522.7,18276.9,0,,,,
224929.jsonl.gz,1122417510711743,0.01,0.002,594.0,300.0,0,,,,
224929.jsonl.gz,2955576282086664,0.22,0.005,16.0,112.0,0,,,,
224929.jsonl.gz,2148337392909064,0.013,0.004,15.2,0.0,0,,,,
224929.jsonl.gz,5552468961200544,0.14,0.01,1125.0,971.0,0,,,,
224929.jsonl.gz,5774813808502271,0.021,0.0005,23975.4,0.0,0,,,,
224929.jsonl.gz,7045929632587188,0.23,0.005,1591.8,0.0,0,,,,
224929.jsonl.gz,3704650953639515,0.025,0.0025,83.0,83.0,0,,,,
224929.jsonl.gz,8891292653349398,0.016,0.0005,2647.9,0.0,0,,,,
224929.jsonl.gz,1825839575504139,0.003,0.0005,4908.6,1000.0,0,,,,
224929.jsonl.gz,9436872649120984,0.02,0.0005,1816.0,0.0,0,,,,
224929.jsonl.gz,8890297437819588,0.67,0.015,7.0,21.0,0,,,,
224929.jsonl.gz,2853789823298506,0.008,0.0035,229.4,0.0,0,,,,
224929.jsonl.gz,5855900748190859,0.012,0.0005,1945.0,0.0,0,,,,
224929.jsonl.gz,1064932851422783,0.927,0.0005,2.5,0.0,0,,,,
224929.jsonl.gz,1083024546070811,0.018,0.0025,1565.0,0.0,0,,,,
224929.jsonl.gz,2823941877263364,0.998,0.0155,2340481.0,150000.0,0,,,,
224929.jsonl.gz,6824515892885346,0.76,0.065,50.0,50.0,0,,,,
224929.jsonl.gz,8374818003753435,0.35,0.02,769.2,0.0,0,,,,
224929.jsonl.gz,9705092174041619,0.63,0.01,143413.0,5648.0,0,,,,
224929.jsonl.gz,2881957189963819,0.41,0.005,29735.6,0.0,0,,,,
224929.jsonl.gz,7419522058612923,0.999,0.014,5836337.9,100000.0,0,,,,
224929.jsonl.gz,8021972217434945,0.93,0.19,557.1,342.8,0,,,,
224929.jsonl.gz,8881400370038397,0.74,0.17,43.1,69.2,0,,,,
224929.jsonl.gz,8181063193293541,0.988,0.204,1863.1,563.9,0,,,,
224929.jsonl.gz,2707330300457255,0.58,0.225,28.6,28.6,0,,,,
224929.jsonl.gz,8651893035246853,0.87,0.185,472.3,92.3,0,,,,
224929.jsonl.gz,9919340269878615,0.99,0.175,2039.5,91.5,0,,,,
224929.jsonl.gz,6447863530315865,0.992,0.166,3250.0,1250.0,0,,,,
224929.jsonl.gz,8651893035246853,0.77,0.005,0.0,594.0,1,1.1,0.005,0.005,
224929.jsonl.gz,6350586282809244,0.026,0.003,50.0,150.0,1,5.5,0.003,0.003,0.0025
224929.jsonl.gz,7456793595792364,0.98,0.0025,40.0,160.0,1,12.8,0.0025,0.0025,
224929.jsonl.gz,1101660708870437,0.997,0.006,97.7,213.2,1,556.6,0.0055,0.0055,
224929.jsonl.gz,1101660708870437,0.997,0.006,97.7,213.2,1,526.5,0.0055,0.0055,
224929.jsonl.gz,1101660708870437,0.997,0.006,97.7,213.2,1,496.5,0.0055,0.0055,
224929.jsonl.gz,1101660708870437,0.997,0.006,10.4,115.5,1,466.4,0.0055,0.0055,
224929.jsonl.gz,1101660708870437,0.997,0.006,10.4,115.5,1,435.3,0.0055,0.0055,
224929.jsonl.gz,1101660708870437,0.997,0.006,10.4,115.5,1,405.2,0.0055,0.0055,
224929.jsonl.gz,6840002209357316,0.78,0.01,594.0,806.0,1,22.0,0.01,0.01,0.01
224929.jsonl.gz,1102656942679369,0.72,0.005,100.0,200.0,1,83.0,,,
224929.jsonl.gz,1102656942679369,0.72,0.005,100.0,200.0,1,53.0,,,
224929.jsonl.gz,7949989425384192,0.29,0.005,485.3,860.0,1,53.1,,,
224929.jsonl.gz,1102656942679369,0.72,0.005,100.0,200.0,1,22.9,,,
224929.jsonl.gz,9718603078560812,0.01,0.0005,133049.5,0.0,0,,,,
224929.jsonl.gz,6377725888023396,0.1,0.005,6402.2,75.0,0,,,,
224929.jsonl.gz,1396280659352613,0.24,0.01,1383.4,1383.4,0,,,,
224929.jsonl.gz,3804724364027599,0.045,0.008,303.0,303.0,0,,,,
224929.jsonl.gz,8022971310749160,0.011,0.0005,604.0,0.0,0,,,,
224929.jsonl.gz,9076837713448521,0.37,0.005,594.0,0.0,0,,,,
224929.jsonl.gz,3519854948656960,0.3,0.01,2520.2,1789.3,0,,,,
224929.jsonl.gz,7473907490958467,0.085,0.006,2834.8,541.0,0,,,,
224929.jsonl.gz,6384252906871000,0.6,0.005,124835.8,29276.3,0,,,,
224929.jsonl.gz,1022706502257978,0.013,0.0005,811.8,0.0,0,,,,
224929.jsonl.gz,2963382670171355,0.72,0.01,8370.4,205.0,0,,,,
224929.jsonl.gz,5615282760875985,0.39,0.005,39522.7,19557.7,0,,,,
224929.jsonl.gz,1122417510711743,0.01,0.002,594.0,300.0,0,,,,
224929.jsonl.gz,2955576282086664,0.22,0.005,16.0,112.0,0,,,,
224929.jsonl.gz,2148337392909064,0.013,0.004,15.2,0.0,0,,,,
224929.jsonl.gz,5552468961200544,0.14,0.01,1125.0,971.0,0,,,,
224929.jsonl.gz,5774813808502271,0.021,0.0005,23975.4,0.0,0,,,,
224929.jsonl.gz,7045929632587188,0.23,0.005,1591.8,0.0,0,,,,
224929.jsonl.gz,3704650953639515,0.025,0.0025,83.0,83.0,0,,,,
224929.jsonl.gz,8891292653349398,0.016,0.0005,2647.9,0.0,0,,,,
224929.jsonl.gz,1825839575504139,0.003,0.0005,4908.6,1000.0,0,,,,
224929.jsonl.gz,9436872649120984,0.02,0.0005,1816.0,594.0,0,,,,
224929.jsonl.gz,8890297437819588,0.67,0.015,7.0,21.0,0,,,,
224929.jsonl.gz,2853789823298506,0.008,0.0035,229.4,0.0,0,,,,
224929.jsonl.gz,5855900748190859,0.012,0.0005,1945.0,0.0,0,,,,
224929.jsonl.gz,1064932851422783,0.927,0.0005,2.5,2.5,0,,,,
224929.jsonl.gz,1083024546070811,0.018,0.0025,1565.0,0.0,0,,,,
224929.jsonl.gz,2823941877263364,0.998,0.0155,2340481.0,150000.0,0,,,,
224929.jsonl.gz,6824515892885346,0.76,0.065,50.0,50.0,0,,,,
224929.jsonl.gz,8374818003753435,0.35,0.02,769.2,0.0,0,,,,
224929.jsonl.gz,9705092174041619,0.63,0.01,143671.0,8448.0,0,,,,
224929.jsonl.gz,2881957189963819,0.41,0.005,29735.6,0.0,0,,,,
224929.jsonl.gz,7419522058612923,0.999,0.014,5836337.9,100000.0,0,,,,
224929.jsonl.gz,8021972217434945,0.93,0.19,557.1,342.8,0,,,,
224929.jsonl.gz,8881400370038397,0.74,0.17,43.1,69.2,0,,,,
224929.jsonl.gz,8181063193293541,0.988,0.204,1863.1,563.9,0,,,,
224929.jsonl.gz,2707330300457255,0.58,0.225,28.6,28.6,0,,,,
224929.jsonl.gz,8651893035246853,0.87,0.185,472.3,92.3,0,,,,
224929.jsonl.gz,9919340269878615,0.99,0.175,2018.7,70.6,0,,,,
224929.jsonl.gz,6447863530315865,0.992,0.166,3250.0,1250.0,0,,,,
224929.jsonl.gz,1059349247931019,0.4,0.005,3625.0,3851.0,1,92.2,0.005,0.005,
224929.jsonl.gz,1059349247931019,0.4,0.005,225.0,451.0,1,62.2,0.005,0.005,
224929.jsonl.gz,6824515892885346,0.64,0.005,979.0,1188.0,1,93.8,0.005,0.005,
224929.jsonl.gz,6824515892885346,0.64,0.005,530.0,739.0,1,63.7,0.005,0.005,
224929.jsonl.gz,6824515892885346,0.64,0.005,530.0,739.0,1,33.7,0.005,0.005,
224929.jsonl.gz,6824515892885346,0.64,0.005,530.0,739.0,1,3.5,0.005,0.005,
224929.jsonl.gz,9718603078560812,0.01,0.0005,133049.5,0.0,0,,,,
224929.jsonl.gz,6377725888023396,0.1,0.005,6402.2,75.0,0,,,,
224929.jsonl.gz,1396280659352613,0.24,0.01,858.4,318.4,0,,,,
224929.jsonl.gz,3804724364027599,0.045,0.008,303.0,303.0,0,,,,
224929.jsonl.gz,8022971310749160,0.011,0.0005,604.0,0.0,0,,,,
224929.jsonl.gz,9076837713448521,0.37,0.005,594.0,0.0,0,,,,
224929.jsonl.gz,3519854948656960,0.3,0.01,2520.2,1789.3,0,,,,
224929.jsonl.gz,7473907490958467,0.085,0.006,2834.8,541.0,0,,,,
224929.jsonl.gz,6384252906871000,0.6,0.005,124904.8,39776.3,0,,,,
224929.jsonl.gz,1022706502257978,0.013,0.0005,811.8,0.0,0,,,,
224929.jsonl.gz,2963382670171355,0.72,0.01,8370.4,205.0,0,,,,
224929.jsonl.gz,5615282760875985,0.39,0.005,39591.7,20057.7,0,,,,
224929.jsonl.gz,1122417510711743,0.01,0.002,594.0,300.0,0,,,,
224929.jsonl.gz,2955576282086664,0.22,0.005,16.0,112.0,0,,,,
224929.jsonl.gz,2148337392909064,0.013,0.004,15.2,0.0,0,,,,
224929.jsonl.gz,5552468961200544,0.14,0.01,1125.0,1002.0,0,,,,
224929.jsonl.gz,5774813808502271,0.021,0.0005,23975.4,0.0,0,,,,
224929.jsonl.gz,7045929632587188,0.23,0.005,1591.8,0.0,0,,,,
224929.jsonl.gz,3704650953639515,0.025,0.0025,83.0,83.0,0,,,,
224929.jsonl.gz,8891292653349398,0.016,0.0005,2647.9,0.0,0,,,,
224929.jsonl.gz,1825839575504139,0.003,0.0005,4908.6,1000.0,0,,,,
224929.jsonl.gz,9436872649120984,0.02,0.0005,1816.0,1188.0,0,,,,
224929.jsonl.gz,8890297437819588,0.67,0.015,7.0,21.0,0,,,,
224929.jsonl.gz,2853789823298506,0.008,0.0035,229.4,0.0,0,,,,
224929.jsonl.gz,5855900748190859,0.012,0.0005,1945.0,0.0,0,,,,
224929.jsonl.gz,1064932851422783,0.927,0.0005,2.5,2.5,0,,,,
224929.jsonl.gz,1083024546070811,0.018,0.0025,1565.0,0.0,0,,,,
224929.jsonl.gz,2823941877263364,0.998,0.0155,2340481.0,150000.0,0,,,,
224929.jsonl.gz,6824515892885346,0.76,0.065,50.0,50.0,0,,,,
224929.jsonl.gz,8374818003753435,0.35,0.02,769.2,0.0,0,,,,
224929.jsonl.gz,9705092174041619,0.63,0.01,143671.0,8448.0,0,,,,
224929.jsonl.gz,2881957189963819,0.41,0.005,29735.6,0.0,0,,,,
224929.jsonl.gz,7419522058612923,0.999,0.014,5836337.9,100000.0,0,,,,
224929.jsonl.gz,8021972217434945,0.93,0.19,557.1,342.8,0,,,,
224929.jsonl.gz,8881400370038397,0.74,0.07,43.1,69.2,0,,,,
224929.jsonl.gz,8181063193293541,0.988,0.204,1863.1,563.9,0,,,,
224929.jsonl.gz,2707330300457255,0.58,0.225,28.6,28.6,0,,,,
224929.jsonl.gz,9919340269878615,0.99,0.175,2039.4,70.6,0,,,,
224929.jsonl.gz,6447863530315865,0.992,0.166,3250.0,1250.0,0,,,,
224929.jsonl.gz,3519854948656960,0.29,0.005,150.0,250.0,1,280.9,-0.0,-0.0,
224929.jsonl.gz,3519854948656960,0.29,0.005,50.0,150.0,1,250.5,-0.0,-0.0,
224929.jsonl.gz,1101660708870437,0.997,0.006,7.4,133.3,1,433.6,0.0055,0.0055,
224929.jsonl.gz,1101660708870437,0.997,0.006,7.4,133.3,1,403.6,0.0055,0.0055,
224929.jsonl.gz,1101660708870437,0.997,0.006,7.4,133.3,1,373.5,0.0055,0.0055,
224929.jsonl.gz,1101660708870437,0.997,0.006,7.4,133.3,1,343.5,0.0055,0.0055,
224929.jsonl.gz,1101660708870437,0.997,0.006,7.4,133.3,1,313.4,0.0055,0.0055,
224929.jsonl.gz,1101660708870437,0.997,0.006,7.4,133.3,1,283.1,0.0055,0.0055,
224929.jsonl.gz,1101660708870437,0.997,0.0055,7.4,133.3,1,252.7,0.0055,0.0055,
224929.jsonl.gz,1101660708870437,0.997,0.0055,7.4,133.3,1,222.2,0.0055,0.0055,
224929.jsonl.gz,1101660708870437,0.997,0.0055,7.4,133.3,1,192.0,0.0055,0.0055,
224929.jsonl.gz,1101660708870437,0.997,0.0055,7.4,133.3,1,162.0,0.0055,0.0055,
224929.jsonl.gz,1101660708870437,0.997,0.0055,7.4,133.3,1,132.0,0.0055,0.0055,
224929.jsonl.gz,1101660708870437,0.997,0.0055,7.4,133.3,1,102.0,0.0055,0.0055,
224929.jsonl.gz,1101660708870437,0.997,0.0055,7.4,133.3,1,71.9,0.0055,0.0055,
224929.jsonl.gz,6824515892885346,0.64,0.005,281.0,604.0,1,13.6,0.005,0.005,0.005
224929.jsonl.gz,9350237091720620,0.074,0.0065,116.0,250.0,1,143.3,0.0065,0.0065,
224929.jsonl.gz,9350237091720620,0.074,0.0065,116.0,250.0,1,113.3,0.0065,0.0065,
224929.jsonl.gz,7949989425384192,0.29,0.005,485.3,860.0,1,83.2,,,
224929.jsonl.gz,9718603078560812,0.01,0.0005,133049.5,0.0,0,,,,
224929.jsonl.gz,6377725888023396,0.1,0.005,6402.2,75.0,0,,,,
224929.jsonl.gz,1396280659352613,0.24,0.01,858.4,318.4,0,,,,
224929.jsonl.gz,3804724364027599,0.045,0.008,303.0,303.0,0,,,,
224929.jsonl.gz,8022971310749160,0.011,0.0005,604.0,0.0,0,,,,
224929.jsonl.gz,9076837713448521,0.37,0.005,594.0,0.0,0,,,,
224929.jsonl.gz,3519854948656960,0.3,0.01,2520.2,1789.3,0,,,,
224929.jsonl.gz,7473907490958467,0.085,0.006,2834.8,541.0,0,,,,
224929.jsonl.gz,6384252906871000,0.6,0.005,123404.8,38276.3,0,,,,
224929.jsonl.gz,1022706502257978,0.013,0.0005,811.8,0.0,0,,,,
224929.jsonl.gz,2963382670171355,0.72,0.01,8370.4,205.0,0,,,,
224929.jsonl.gz,5615282760875985,0.39,0.005,39591.7,20057.7,0,,,,
224929.jsonl.gz,1122417510711743,0.01,0.002,594.0,300.0,0,,,,
224929.jsonl.gz,2955576282086664,0.22,0.005,16.0,112.0,0,,,,
224929.jsonl.gz,2148337392909064,0.013,0.0035,15.2,0.0,0,,,,
224929.jsonl.gz,5552468961200544,0.14,0.01,1125.0,1002.0,0,,,,
224929.jsonl.gz,5774813808502271,0.021,0.0005,23975.4,0.0,0,,,,
224929.jsonl.gz,7045929632587188,0.23,0.005,1591.8,0.0,0,,,,
224929.jsonl.gz,3704650953639515,0.025,0.0025,83.0,83.0,0,,,,
224929.jsonl.gz,8891292653349398,0.016,0.0005,2647.9,0.0,0,,,,
224929.jsonl.gz,1825839575504139,0.003,0.0005,4908.6,1000.0,0,,,,
224929.jsonl.gz,9436872649120984,0.02,0.0005,1816.0,1188.0,0,,,,
224929.jsonl.gz,8890297437819588,0.67,0.015,7.0,21.0,0,,,,
224929.jsonl.gz,2853789823298506,0.008,0.0035,229.4,0.0,0,,,,
224929.jsonl.gz,5855900748190859,0.012,0.0005,1945.0,0.0,0,,,,
224929.jsonl.gz,1064932851422783,0.927,0.0005,2.5,2.5,0,,,,
224929.jsonl.gz,1083024546070811,0.018,0.0025,1565.0,0.0,0,,,,
224929.jsonl.gz,2823941877263364,0.998,0.0155,2340481.0,187500.0,0,,,,
224929.jsonl.gz,6824515892885346,0.76,0.065,50.0,50.0,0,,,,
224929.jsonl.gz,8374818003753435,0.35,0.02,769.2,0.0,0,,,,
224929.jsonl.gz,9705092174041619,0.63,0.01,143671.0,8548.0,0,,,,
224929.jsonl.gz,2881957189963819,0.41,0.005,29735.6,0.0,0,,,,
224929.jsonl.gz,7419522058612923,0.999,0.014,5836337.9,125000.0,0,,,,
224929.jsonl.gz,8021972217434945,0.93,0.19,557.1,342.8,0,,,,
224929.jsonl.gz,8881400370038397,0.74,0.07,43.1,69.2,0,,,,
224929.jsonl.gz,8181063193293541,0.988,0.204,1863.1,563.9,0,,,,
224929.jsonl.gz,2707330300457255,0.58,0.225,28.6,28.6,0,,,,
224929.jsonl.gz,9919340269878615,0.99,0.175,2039.4,70.6,0,,,,
224929.jsonl.gz,6447863530315865,0.992,0.166,3250.0,1250.0,0,,,,
224929.jsonl.gz,8651893035246853,0.77,0.005,594.0,1188.0,1,57.4,0.005,0.005,0.005
224929.jsonl.gz,9350237091720620,0.074,0.0065,116.0,216.0,1,92.6,0.0065,0.0065,
224929.jsonl.gz,3523185360721264,0.98,0.04,1970.0,2090.0,1,216.5,0.04,0.075,
224929.jsonl.gz,8651893035246853,0.77,0.005,594.0,1011.0,1,36.3,0.005,0.005,
224929.jsonl.gz,3523185360721264,0.98,0.04,1470.0,1590.0,1,194.1,0.04,0.075,0.075
224929.jsonl.gz,1101660708870437,0.997,0.0055,28.2,153.8,1,77.9,0.0055,0.0055,0.0065
224929.jsonl.gz,1101660708870437,0.997,0.0055,28.2,153.8,1,47.9,0.0055,0.0055,0.0065
224929.jsonl.gz,1101660708870437,0.997,0.0055,29.0,133.6,1,19.0,0.0055,0.0055,
224929.jsonl.gz,3804724364027599,0.043,0.007,299.0,789.0,1,416.1,0.011,0.011,
224929.jsonl.gz,3804724364027599,0.043,0.007,299.0,789.0,1,386.1,0.011,0.011,
224929.jsonl.gz,3804724364027599,0.043,0.007,299.0,789.0,1,356.0,0.011,0.011,
224929.jsonl.gz,3804724364027599,0.043,0.007,299.0,789.0,1,325.8,0.011,0.011,
224929.jsonl.gz,3804724364027599,0.043,0.007,299.0,789.0,1,295.4,0.011,0.011,
224929.jsonl.gz,3804724364027599,0.043,0.007,299.0,789.0,1,264.8,0.011,0.011,
224929.jsonl.gz,3804724364027599,0.043,0.007,299.0,789.0,1,234.6,0.011,0.011,
224929.jsonl.gz,3804724364027599,0.043,0.007,299.0,789.0,1,204.6,0.011,0.011,
224929.jsonl.gz,3804724364027599,0.043,0.007,299.0,789.0,1,174.6,0.011,0.011,
224929.jsonl.gz,3804724364027599,0.043,0.007,299.0,789.0,1,144.6,0.011,0.011,
224929.jsonl.gz,3804724364027599,0.043,0.007,299.0,789.0,1,114.5,0.011,0.011,
224929.jsonl.gz,3804724364027599,0.043,0.007,299.0,789.0,1,84.3,0.011,0.011,
224929.jsonl.gz,3804724364027599,0.043,0.007,299.0,789.0,1,54.3,0.011,0.011,
224929.jsonl.gz,3804724364027599,0.043,0.007,299.0,789.0,1,24.3,0.011,0.011,
224929.jsonl.gz,9919340269878615,0.961,0.0005,0.0,490.0,1,174.7,0.0005,,
224929.jsonl.gz,9919340269878615,0.961,0.0005,0.0,490.0,1,144.7,0.0005,,
224929.jsonl.gz,9919340269878615,0.961,0.0005,0.0,490.0,1,114.6,0.0005,,
224929.jsonl.gz,9919340269878615,0.961,0.0005,0.0,490.0,1,84.5,0.0005,,
224929.jsonl.gz,9919340269878615,0.961,0.0005,0.0,490.0,1,54.4,0.0005,,
224929.jsonl.gz,9919340269878615,0.961,0.0005,0.0,490.0,1,24.4,0.0005,,
224929.jsonl.gz,9718603078560812,0.01,0.0005,133049.5,0.0,0,,,,
224929.jsonl.gz,6377725888023396,0.1,0.005,6402.2,75.0,0,,,,
224929.jsonl.gz,1396280659352613,0.24,0.01,858.4,318.4,0,,,,
224929.jsonl.gz,3804724364027599,0.045,0.008,303.0,303.0,0,,,,
224929.jsonl.gz,8022971310749160,0.011,0.0005,604.0,0.0,0,,,,
224929.jsonl.gz,9076837713448521,0.37,0.005,594.0,0.0,0,,,,
224929.jsonl.gz,3519854948656960,0.3,0.01,2320.2,1589.3,0,,,,
224929.jsonl.gz,7473907490958467,0.085,0.0055,2834.8,541.0,0,,,,
224929.jsonl.gz,6384252906871000,0.6,0.005,123404.8,38276.3,0,,,,
224929.jsonl.gz,1022706502257978,0.013,0.0005,811.8,0.0,0,,,,
224929.jsonl.gz,2963382670171355,0.72,0.01,8370.4,205.0,0,,,,
224929.jsonl.gz,5615282760875985,0.39,0.005,39591.7,20057.7,0,,,,
224929.jsonl.gz,1122417510711743,0.01,0.002,594.0,300.0,0,,,,
224929.jsonl.gz,2955576282086664,0.22,0.005,0.0,112.0,1,899.3,,,
224929.jsonl.gz,2148337392909064,0.013,0.0035,15.2,0.0,0,,,,
224929.jsonl.gz,5552468961200544,0.14,0.01,1125.0,1002.0,0,,,,
224929.jsonl.gz,5774813808502271,0.021,0.0005,23975.4,0.0,0,,,,
224929.jsonl.gz,7045929632587188,0.23,0.005,1591.8,0.0,0,,,,
224929.jsonl.gz,3704650953639515,0.025,0.0025,83.0,83.0,0,,,,
224929.jsonl.gz,8891292653349398,0.016,0.0005,2647.9,0.0,0,,,,
224929.jsonl.gz,1825839575504139,0.003,0.0005,4908.6,1000.0,0,,,,
224929.jsonl.gz,9436872649120984,0.02,0.0005,1816.0,1782.0,0,,,,
224929.jsonl.gz,8890297437819588,0.67,0.015,7.0,21.0,0,,,,
224929.jsonl.gz,2853789823298506,0.008,0.0035,229.4,0.0,0,,,,
224929.jsonl.gz,5855900748190859,0.012,0.0005,1945.0,0.0,0,,,,
224929.jsonl.gz,1064932851422783,0.927,0.0005,2.5,2.5,0,,,,
224929.jsonl.gz,1083024546070811,0.018,0.0025,1565.0,0.0,0,,,,
224929.jsonl.gz,2823941877263364,0.998,0.0155,2340481.0,187500.0,0,,,,
224929.jsonl.gz,6824515892885346,0.76,0.065,50.0,50.0,0,,,,
224929.jsonl.gz,9705092174041619,0.63,0.01,143671.0,9015.0,0,,,,
224929.jsonl.gz,2881957189963819,0.41,0.005,29735.6,0.0,0,,,,
224929.jsonl.gz,7419522058612923,0.999,0.014,5836337.9,125000.0,0,,,,
224929.jsonl.gz,8021972217434945,0.88,0.015,1790.0,62.0,0,,,,
224929.jsonl.gz,8881400370038397,0.74,0.07,43.1,69.2,0,,,,
224929.jsonl.gz,8181063193293541,0.988,0.204,1863.0,560.9,0,,,,
224929.jsonl.gz,2707330300457255,0.36,0.115,7.0,504.0,1,638.1,,,
224929.jsonl.gz,9919340269878615,0.99,0.175,2039.4,70.6,0,,,,
224929.jsonl.gz,6447863530315865,0.992,0.166,3250.0,1250.0,0,,,,
224929.jsonl.gz,3523185360721264,0.98,0.04,1970.0,2545.0,1,186.8,0.075,0.075,
224929.jsonl.gz,3523185360721264,0.98,0.04,1970.0,2545.0,1,156.8,0.075,0.075,
224929.jsonl.gz,3523185360721264,0.98,0.04,1970.0,2545.0,1,126.8,0.075,0.075,
224929.jsonl.gz,3523185360721264,0.98,0.04,1970.0,2545.0,1,96.6,0.075,0.075,
224929.jsonl.gz,3523185360721264,0.98,0.04,1969.9,2500.0,1,66.5,0.075,0.075,
224929.jsonl.gz,3523185360721264,0.98,0.04,1469.9,2000.0,1,36.5,0.075,0.075,
224929.jsonl.gz,3804724364027599,0.035,0.003,490.0,789.0,1,10.4,0.003,0.0035,
224929.jsonl.gz,9919340269878615,0.961,0.0005,490.0,1424.0,1,20.5,,,
224929.jsonl.gz,1101660708870437,0.997,0.0055,8.6,168.0,1,22.5,0.0055,0.0055,0.0065
224929.jsonl.gz,9718603078560812,0.01,0.0005,133049.5,0.0,0,,,,
224929.jsonl.gz,6377725888023396,0.1,0.005,6402.2,75.0,0,,,,
224929.jsonl.gz,1396280659352613,0.24,0.01,858.4,318.4,0,,,,
224929.jsonl.gz,3804724364027599,0.045,0.008,303.0,303.0,0,,,,
224929.jsonl.gz,8022971310749160,0.011,0.0005,604.0,0.0,0,,,,
224929.jsonl.gz,9076837713448521,0.37,0.005,594.0,0.0,0,,,,
224929.jsonl.gz,3519854948656960,0.3,0.01,2520.2,1789.3,0,,,,
224929.jsonl.gz,7473907490958467,0.085,0.0055,2834.8,541.0,0,,,,
224929.jsonl.gz,6384252906871000,0.6,0.005,124904.8,38276.3,0,,,,
224929.jsonl.gz,1022706502257978,0.013,0.0005,811.8,0.0,0,,,,
224929.jsonl.gz,2963382670171355,0.72,0.01,8370.4,200.0,0,,,,
224929.jsonl.gz,5615282760875985,0.39,0.005,39591.7,20061.7,0,,,,
224929.jsonl.gz,1122417510711743,0.01,0.002,594.0,300.0,0,,,,
224929.jsonl.gz,2955576282086664,0.22,0.005,0.0,96.0,0,,,,
224929.jsonl.gz,2148337392909064,0.013,0.0035,15.2,0.0,0,,,,
224929.jsonl.gz,5552468961200544,0.14,0.01,1125.0,1002.0,0,,,,
224929.jsonl.gz,5774813808502271,0.021,0.0005,23975.4,0.0,0,,,,
224929.jsonl.gz,7045929632587188,0.23,0.005,1591.8,0.0,0,,,,
224929.jsonl.gz,3704650953639515,0.025,0.0025,83.0,83.0,0,,,,
224929.jsonl.gz,8891292653349398,0.016,0.0005,2647.9,0.0,0,,,,
224929.jsonl.gz,1825839575504139,0.003,0.0005,4908.6,1000.0,0,,,,
224929.jsonl.gz,9436872649120984,0.02,0.0005,1816.0,2376.0,1,886.8,,,
224929.jsonl.gz,8890297437819588,0.67,0.015,7.0,14.0,0,,,,
224929.jsonl.gz,2853789823298506,0.008,0.0035,229.4,0.0,0,,,,
224929.jsonl.gz,5855900748190859,0.012,0.0005,1945.0,0.0,0,,,,
224929.jsonl.gz,1064932851422783,0.927,0.0005,2.5,2.5,0,,,,
224929.jsonl.gz,1083024546070811,0.018,0.0025,1565.0,594.0,0,,,,
224929.jsonl.gz,2823941877263364,0.998,0.0155,2340481.0,187500.0,0,,,,
224929.jsonl.gz,6824515892885346,0.76,0.065,25.0,25.0,0,,,,
224929.jsonl.gz,9705092174041619,0.63,0.01,143873.0,9615.0,0,,,,
224929.jsonl.gz,2881957189963819,0.41,0.005,29735.6,0.0,0,,,,
224929.jsonl.gz,7419522058612923,0.999,0.014,5836337.9,125000.0,0,,,,
224929.jsonl.gz,8021972217434945,0.88,0.015,1790.0,62.0,0,,,,
224929.jsonl.gz,8881400370038397,0.74,0.07,20.0,46.2,0,,,,
224929.jsonl.gz,8181063193293541,0.988,0.204,1863.0,560.9,0,,,,
224929.jsonl.gz,1357679737205208,0.998,0.169,3354.0,100.0,0,,,,
224929.jsonl.gz,2707330300457255,0.36,0.015,7.0,504.0,1,608.0,,,
224929.jsonl.gz,9919340269878615,0.99,0.175,2039.3,49.9,0,,,,
224929.jsonl.gz,6447863530315865,0.992,0.166,3250.0,1250.0,0,,,,
224929.jsonl.gz,6824515892885346,0.64,0.005,0.0,490.0,1,58.3,0.005,0.005,
224929.jsonl.gz,2707330300457255,0.36,0.015,7.0,504.0,1,576.9,0.01,0.01,
224929.jsonl.gz,2707330300457255,0.36,0.015,7.0,504.0,1,546.8,0.01,0.01,
224929.jsonl.gz,2707330300457255,0.36,0.015,7.0,504.0,1,516.4,0.01,0.01,
224929.jsonl.gz,2707330300457255,0.36,0.015,7.0,504.0,1,486.4,0.01,0.01,
224929.jsonl.gz,2707330300457255,0.36,0.015,7.0,504.0,1,456.3,0.01,0.01,
224929.jsonl.gz,2707330300457255,0.36,0.015,7.0,504.0,1,426.3,0.01,0.01,
224929.jsonl.gz,2707330300457255,0.36,0.015,7.0,504.0,1,396.2,0.01,0.01,
224929.jsonl.gz,2707330300457255,0.36,0.015,7.0,504.0,1,366.0,0.01,0.01,
224929.jsonl.gz,2707330300457255,0.36,0.015,7.0,497.0,1,335.6,0.01,0.01,
224929.jsonl.gz,2707330300457255,0.36,0.015,7.0,497.0,1,305.0,0.01,0.01,
224929.jsonl.gz,2707330300457255,0.36,0.015,7.0,497.0,1,274.8,0.01,0.01,
224929.jsonl.gz,2707330300457255,0.36,0.015,7.0,497.0,1,244.8,0.01,0.01,
224929.jsonl.gz,2707330300457255,0.36,0.015,7.0,497.0,1,214.8,0.01,0.01,
224929.jsonl.gz,2707330300457255,0.36,0.015,7.0,497.0,1,184.8,0.01,0.01,
224929.jsonl.gz,2707330300457255,0.36,0.015,7.0,497.0,1,154.7,0.01,0.01,
224929.jsonl.gz,2707330300457255,0.36,0.015,7.0,497.0,1,124.5,0.01,0.01,
224929.jsonl.gz,2707330300457255,0.36,0.015,7.0,497.0,1,94.5,0.01,0.01,
224929.jsonl.gz,2707330300457255,0.36,0.015,7.0,497.0,1,64.5,0.01,0.01,
224929.jsonl.gz,7456793595792364,0.981,0.0055,40.0,430.0,1,15.6,0.0055,0.0055,
224929.jsonl.gz,9350237091720620,0.074,0.0065,116.0,232.0,1,143.6,0.0065,0.0065,
224929.jsonl.gz,9350237091720620,0.074,0.0065,116.0,232.0,1,113.5,0.0065,0.0065,
224929.jsonl.gz,9718603078560812,0.01,0.0005,133049.5,0.0,0,,,,
224929.jsonl.gz,6377725888023396,0.1,0.005,6402.2,75.0,0,,,,
224929.jsonl.gz,1396280659352613,0.24,0.01,858.4,318.4,0,,,,
224929.jsonl.gz,3804724364027599,0.045,0.008,303.0,303.0,0,,,,
224929.jsonl.gz,8022971310749160,0.011,0.0005,604.0,0.0,0,,,,
224929.jsonl.gz,9076837713448521,0.37,0.005,594.0,0.0,0,,,,
224929.jsonl.gz,3519854948656960,0.3,0.01,2520.2,1789.3,0,,,,
224929.jsonl.gz,7473907490958467,0.085,0.0055,2834.8,541.0,0,,,,
224929.jsonl.gz,6384252906871000,0.6,0.005,124904.8,36776.3,0,,,,
224929.jsonl.gz,1022706502257978,0.013,0.0005,811.8,0.0,0,,,,
224929.jsonl.gz,2963382670171355,0.72,0.01,8370.4,205.0,0,,,,
224929.jsonl.gz,5615282760875985,0.39,0.005,39591.7,18780.9,0,,,,
224929.jsonl.gz,1122417510711743,0.01,0.002,594.0,300.0,0,,,,
224929.jsonl.gz,2955576282086664,0.22,0.005,16.0,112.0,0,,,,
224929.jsonl.gz,2148337392909064,0.013,0.0035,15.2,0.0,0,,,,
224929.jsonl.gz,5552468961200544,0.14,0.01,1125.0,1002.0,0,,,,
224929.jsonl.gz,5774813808502271,0.021,0.0005,23975.4,0.0,0,,,,
224929.jsonl.gz,7045929632587188,0.23,0.005,1591.8,0.0,0,,,,
224929.jsonl.gz,3704650953639515,0.025,0.0025,83.0,83.0,0,,,,
224929.jsonl.gz,8891292653349398,0.016,0.0005,2647.9,0.0,0,,,,
224929.jsonl.gz,1825839575504139,0.003,0.0005,4908.6,1000.0,0,,,,
224929.jsonl.gz,9436872649120984,0.02,0.0005,1816.0,2376.0,1,855.7,,,
224929.jsonl.gz,8890297437819588,0.67,0.015,7.0,14.0,0,,,,
224929.jsonl.gz,2853789823298506,0.008,0.0035,229.4,0.0,0,,,,
224929.jsonl.gz,5855900748190859,0.012,0.0005,1945.0,0.0,0,,,,
224929.jsonl.gz,1064932851422783,0.927,0.0005,2.5,2.5,0,,,,
224929.jsonl.gz,1083024546070811,0.018,0.0025,1565.0,594.0,0,,,,
224929.jsonl.gz,2823941877263364,0.998,0.0155,2302981.0,150000.0,0,,,,
224929.jsonl.gz,6824515892885346,0.76,0.065,25.0,25.0,0,,,,
224929.jsonl.gz,9705092174041619,0.63,0.01,143726.0,9368.0,0,,,,
224929.jsonl.gz,2881957189963819,0.41,0.005,29735.6,0.0,0,,,,
224929.jsonl.gz,7419522058612923,0.999,0.014,5811337.9,100000.0,0,,,,
224929.jsonl.gz,8021972217434945,0.88,0.015,1790.0,62.0,0,,,,
224929.jsonl.gz,8881400370038397,0.74,0.07,43.1,46.2,0,,,,
224929.jsonl.gz,8181063193293541,0.988,0.199,1863.0,560.9,0,,,,
224929.jsonl.gz,1357679737205208,0.998,0.169,3354.0,100.0,0,,,,
224929.jsonl.gz,9919340269878615,0.99,0.175,2039.3,49.9,0,,,,
224929.jsonl.gz,6447863530315865,0.992,0.166,3250.0,1250.0,0,,,,
224929.jsonl.gz,6840002209357316,0.78,0.01,594.0,1188.0,1,148.7,0.01,0.01,
224929.jsonl.gz,6840002209357316,0.78,0.01,594.0,1188.0,1,118.6,0.01,0.01,
224929.jsonl.gz,6840002209357316,0.78,0.01,594.0,1188.0,1,88.6,0.01,0.01,
224929.jsonl.gz,6840002209357316,0.78,0.01,594.0,1188.0,1,58.6,0.01,0.01,
224929.jsonl.gz,9350237091720620,0.074,0.0065,116.0,232.0,1,89.5,0.0065,0.0065,
224929.jsonl.gz,9350237091720620,0.074,0.0065,116.0,216.0,1,59.5,0.0065,0.0065,
224929.jsonl.gz,6840002209357316,0.78,0.01,594.0,1188.0,1,33.4,0.01,0.01,0.01
224929.jsonl.gz,9350237091720620,0.074,0.0065,116.0,250.0,1,36.2,0.0065,0.0065,
224929.jsonl.gz,6309330581531068,0.969,0.003,0.0,100.0,1,250.9,0.003,0.003,
224929.jsonl.gz,6309330581531068,0.969,0.003,0.0,100.0,1,220.9,0.003,0.003,
224929.jsonl.gz,6309330581531068,0.969,0.003,0.0,100.0,1,190.8,0.003,0.003,
224929.jsonl.gz,6309330581531068,0.969,0.003,0.0,100.0,1,160.6,0.003,0.003,
224929.jsonl.gz,6309330581531068,0.969,0.003,0.0,100.0,1,130.5,0.003,0.003,
224929.jsonl.gz,6309330581531068,0.969,0.003,0.0,100.0,1,100.5,0.003,0.003,
224929.jsonl.gz,6309330581531068,0.969,0.003,0.0,100.0,1,70.5,0.003,0.003,
224929.jsonl.gz,6309330581531068,0.969,0.003,0.0,100.0,1,40.3,0.003,0.003,
224929.jsonl.gz,6309330581531068,0.969,0.003,0.0,100.0,1,9.9,0.003,0.003,
224929.jsonl.gz,1059349247931019,0.4,0.005,226.0,3226.0,1,192.1,0.005,0.005,
224929.jsonl.gz,8890297437819588,0.66,0.01,767.0,1257.0,1,82.8,0.015,0.015,
224929.jsonl.gz,8890297437819588,0.66,0.01,774.0,1257.0,1,52.6,0.015,0.015,
224929.jsonl.gz,8890297437819588,0.66,0.01,774.0,1257.0,1,22.3,0.015,0.015,
224929.jsonl.gz,9350237091720620,0.074,0.0065,116.0,250.0,1,24.9,0.0065,0.0065,
224929.jsonl.gz,3804724364027599,0.034,0.0025,490.0,792.0,1,56.0,0.003,0.003,
224929.jsonl.gz,3804724364027599,0.034,0.0025,490.0,792.0,1,25.6,0.003,0.003,
224929.jsonl.gz,8651893035246853,0.77,0.005,594.0,1188.0,1,117.5,0.005,0.005,
224929.jsonl.gz,8651893035246853,0.77,0.005,490.0,594.0,1,87.5,0.005,0.005,
224929.jsonl.gz,9718603078560812,0.01,0.0005,133049.5,0.0,0,,,,
224929.jsonl.gz,6377725888023396,0.1,0.005,6402.2,75.0,0,,,,
224929.jsonl.gz,1396280659352613,0.24,0.01,858.4,318.4,0,,,,
224929.jsonl.gz,3804724364027599,0.045,0.008,303.0,303.0,0,,,,
224929.jsonl.gz,8022971310749160,0.011,0.0005,604.0,0.0,0,,,,
224929.jsonl.gz,9076837713448521,0.37,0.005,594.0,0.0,0,,,,
224929.jsonl.gz,3519854948656960,0.3,0.01,2520.2,1789.3,0,,,,
224929.jsonl.gz,7473907490958467,0.085,0.0055,2834.8,541.0,0,,,,
224929.jsonl.gz,6384252906871000,0.6,0.005,124528.5,36400.0,0,,,,
224929.jsonl.gz,1022706502257978,0.013,0.0005,811.8,0.0,0,,,,
224929.jsonl.gz,2963382670171355,0.72,0.01,8370.4,205.0,0,,,,
224929.jsonl.gz,5615282760875985,0.39,0.005,39215.4,18404.6,0,,,,
224929.jsonl.gz,1122417510711743,0.01,0.002,594.0,300.0,0,,,,
224929.jsonl.gz,2955576282086664,0.22,0.005,16.0,112.0,0,,,,
224929.jsonl.gz,2148337392909064,0.013,0.0035,15.2,0.0,0,,,,
224929.jsonl.gz,5552468961200544,0.14,0.01,1125.0,1002.0,0,,,,
224929.jsonl.gz,5774813808502271,0.021,0.0005,23975.4,0.0,0,,,,
224929.jsonl.gz,7045929632587188,0.23,0.005,1591.8,0.0,0,,,,
224929.jsonl.gz,3704650953639515,0.025,0.0025,83.0,83.0,0,,,,
224929.jsonl.gz,8891292653349398,0.016,0.0005,2647.9,0.0,0,,,,
224929.jsonl.gz,1825839575504139,0.003,0.0005,4908.6,1000.0,0,,,,
224929.jsonl.gz,9436872649120984,0.02,0.0005,1816.0,2376.0,1,825.7,,,
224929.jsonl.gz,8890297437819588,0.67,0.015,7.0,14.0,0,,,,
224929.jsonl.gz,2853789823298506,0.008,0.0035,229.4,0.0,0,,,,
224929.jsonl.gz,5855900748190859,0.012,0.0005,1945.0,0.0,0,,,,
224929.jsonl.gz,1064932851422783,0.927,0.0005,2.5,2.5,0,,,,
224929.jsonl.gz,1083024546070811,0.018,0.0025,1565.0,594.0,0,,,,
224929.jsonl.gz,2823941877263364,0.998,0.0155,2340481.0,150000.0,0,,,,
224929.jsonl.gz,6824515892885346,0.76,0.065,25.0,25.0,0,,,,
224929.jsonl.gz,9705092174041619,0.63,0.01,143726.0,9588.0,0,,,,
224929.jsonl.gz,2881957189963819,0.41,0.005,29735.6,0.0,0,,,,
224929.jsonl.gz,7419522058612923,0.999,0.014,5836337.9,100000.0,0,,,,
224929.jsonl.gz,8021972217434945,0.88,0.015,1790.0,62.0,0,,,,
224929.jsonl.gz,8881400370038397,0.74,0.07,43.1,46.2,0,,,,
224929.jsonl.gz,8181063193293541,0.988,0.199,1863.0,538.8,0,,,,
224929.jsonl.gz,1357679737205208,0.998,0.169,3254.0,0.0,0,,,,
224929.jsonl.gz,9919340269878615,0.99,0.175,2039.3,49.9,0,,,,
224929.jsonl.gz,6447863530315865,0.992,0.166,3250.0,1250.0,0,,,,
224929.jsonl.gz,1034172286432846,0.981,0.018,426.0,1175.0,1,211.8,0.0045,0.0045,
224929.jsonl.gz,1034172286432846,0.981,0.0175,426.0,1175.0,1,181.6,0.0045,0.0045,
224929.jsonl.gz,1034172286432846,0.981,0.0175,426.0,1175.0,1,151.6,0.0045,0.0045,
224929.jsonl.gz,6824515892885346,0.64,0.005,962.0,1492.0,1,91.5,0.005,0.005,
224929.jsonl.gz,1034172286432846,0.981,0.0175,749.0,1175.0,1,121.6,0.0045,0.0045,
224929.jsonl.gz,1034172286432846,0.981,0.0045,1175.0,1601.0,1,92.9,0.0045,0.0045,
224929.jsonl.gz,1034172286432846,0.981,0.0045,1175.0,1601.0,1,62.7,0.0045,0.0045,
224929.jsonl.gz,1034172286432846,0.981,0.0045,1175.0,1601.0,1,32.4,0.0045,0.0045,
224929.jsonl.gz,1034172286432846,0.981,0.0045,1175.0,1601.0,1,2.1,0.0045,0.0045,
224929.jsonl.gz,6309330581531068,0.969,0.003,100.0,200.0,1,3.5,0.003,0.003,
224929.jsonl.gz,8890297437819588,0.65,0.005,490.0,980.0,1,4.4,0.005,0.005,
224929.jsonl.gz,5775223447809780,0.994,0.006,0.0,180.3,1,366.0,0.006,0.006,
224929.jsonl.gz,9350237091720620,0.074,0.0065,116.0,250.0,1,8.9,0.0065,0.0065,
224929.jsonl.gz,9718603078560812,0.01,0.0005,133049.5,0.0,0,,,,
224929.jsonl.gz,6377725888023396,0.1,0.005,6327.2,0.0,0,,,,
224929.jsonl.gz,1396280659352613,0.24,0.01,858.4,318.4,0,,,,
224929.jsonl.gz,3804724364027599,0.045,0.008,303.0,303.0,0,,,,
224929.jsonl.gz,8022971310749160,0.011,0.0005,604.0,0.0,0,,,,
224929.jsonl.gz,1982530923885605,0.04,0.0005,282.8,282.8,0,,,,
224929.jsonl.gz,9076837713448521,0.37,0.005,594.0,0.0,0,,,,
224929.jsonl.gz,3519854948656960,0.3,0.01,2520.2,1789.3,0,,,,
224929.jsonl.gz,7473907490958467,0.085,0.0055,2834.8,541.0,0,,,,
224929.jsonl.gz,6384252906871000,0.6,0.005,124528.5,36400.0,0,,,,
224929.jsonl.gz,1022706502257978,0.013,0.0005,811.8,0.0,0,,,,
224929.jsonl.gz,2963382670171355,0.72,0.01,8370.4,205.0,0,,,,
224929.jsonl.gz,5615282760875985,0.39,0.005,39215.4,18404.6,0,,,,
224929.jsonl.gz,1122417510711743,0.01,0.002,594.0,300.0,0,,,,
224929.jsonl.gz,2955576282086664,0.22,0.005,16.0,128.0,1,893.3,,,
224929.jsonl.gz,2148337392909064,0.013,0.0035,15.2,0.0,0,,,,
224929.jsonl.gz,5552468961200544,0.14,0.01,1125.0,1002.0,0,,,,
224929.jsonl.gz,5774813808502271,0.021,0.0005,23975.4,0.0,0,,,,
224929.jsonl.gz,7045929632587188,0.23,0.005,1591.8,0.0,0,,,,
224929.jsonl.gz,3704650953639515,0.025,0.0025,83.0,83.0,0,,,,
224929.jsonl.gz,8891292653349398,0.016,0.0005,2647.9,0.0,0,,,,
224929.jsonl.gz,1825839575504139,0.003,0.0005,4908.6,1000.0,0,,,,
224929.jsonl.gz,9436872649120984,0.02,0.0005,1816.0,2376.0,1,795.2,,,
224929.jsonl.gz,8890297437819588,0.67,0.015,7.0,14.0,0,,,,
224929.jsonl.gz,2853789823298506,0.008,0.0035,229.4,0.0,0,,,,
224929.jsonl.gz,5855900748190859,0.012,0.0005,1945.0,0.0,0,,,,
224929.jsonl.gz,1064932851422783,0.927,0.0005,2.5,2.5,0,,,,
224929.jsonl.gz,1083024546070811,0.018,0.0025,1565.0,594.0,0,,,,
224929.jsonl.gz,2823941877263364,0.998,0.0155,2340481.0,150000.0,0,,,,
224929.jsonl.gz,6824515892885346,0.76,0.065,25.0,25.0,0,,,,
224929.jsonl.gz,9705092174041619,0.63,0.01,143726.0,9188.0,0,,,,
224929.jsonl.gz,2881957189963819,0.41,0.005,29735.6,0.0,0,,,,
224929.jsonl.gz,7419522058612923,0.999,0.014,5836337.9,100000.0,0,,,,
224929.jsonl.gz,4264368978045256,0.015,0.006,1912.7,1860.7,0,,,,
224929.jsonl.gz,8021972217434945,0.88,0.015,1790.0,62.0,0,,,,
224929.jsonl.gz,8881400370038397,0.74,0.07,43.1,46.2,0,,,,
224929.jsonl.gz,8181063193293541,0.988,0.199,1863.0,538.8,0,,,,
224929.jsonl.gz,1357679737205208,0.998,0.169,3254.0,0.0,0,,,,
224929.jsonl.gz,9919340269878615,0.99,0.015,2039.2,29.2,0,,,,
224929.jsonl.gz,6447863530315865,0.992,0.166,3250.0,1250.0,0,,,,
224929.jsonl.gz,8890297437819588,0.65,0.005,592.0,1082.0,1,15.2,0.005,0.005,
224929.jsonl.gz,7456793595792364,0.983,0.0065,0.0,204.0,1,136.8,0.0075,0.007,
224929.jsonl.gz,7456793595792364,0.98,0.0025,0.0,430.0,1,227.9,0.0045,0.004,0.0045
224929.jsonl.gz,7456793595792364,0.98,0.0025,0.0,430.0,1,197.9,0.0045,0.004,0.0045
224929.jsonl.gz,7456793595792364,0.98,0.0025,0.0,430.0,1,167.9,0.0045,0.004,0.0045
224929.jsonl.gz,9350237091720620,0.074,0.0065,116.0,250.0,1,21.5,0.0065,0.0065,
224929.jsonl.gz,9718603078560812,0.01,0.0005,133049.5,0.0,0,,,,
224929.jsonl.gz,6377725888023396,0.1,0.005,6327.2,0.0,0,,,,
224929.jsonl.gz,1396280659352613,0.24,0.01,858.4,318.4,0,,,,
224929.jsonl.gz,3804724364027599,0.045,0.008,303.0,303.0,0,,,,
224929.jsonl.gz,8022971310749160,0.011,0.0005,604.0,0.0,0,,,,
224929.jsonl.gz,1982530923885605,0.04,0.0005,0.0,0.0,0,,,,
224929.jsonl.gz,9076837713448521,0.37,0.005,594.0,0.0,0,,,,
224929.jsonl.gz,3519854948656960,0.3,0.01,2320.2,1589.3,0,,,,
224929.jsonl.gz,7473907490958467,0.085,0.0055,2834.8,541.0,0,,,,
224929.jsonl.gz,6384252906871000,0.6,0.005,124528.5,36400.0,0,,,,
224929.jsonl.gz,1022706502257978,0.013,0.0005,811.8,0.0,0,,,,
224929.jsonl.gz,2963382670171355,0.72,0.01,8370.4,205.0,0,,,,
224929.jsonl.gz,5615282760875985,0.39,0.005,39215.4,18404.6,0,,,,
224929.jsonl.gz,1122417510711743,0.01,0.002,591.0,0.0,0,,,,
224929.jsonl.gz,2955576282086664,0.22,0.005,16.0,128.0,1,863.3,,,
224929.jsonl.gz,2148337392909064,0.013,0.0035,15.2,0.0,0,,,,
224929.jsonl.gz,5552468961200544,0.14,0.01,1125.0,1002.0,0,,,,
224929.jsonl.gz,5774813808502271,0.021,0.0005,23975.4,0.0,0,,,,
224929.jsonl.gz,7045929632587188,0.23,0.005,1591.8,0.0,0,,,,
224929.jsonl.gz,3704650953639515,0.028,0.004,579.6,0.0,0,,,,
224929.jsonl.gz,8891292653349398,0.016,0.0005,2647.9,0.0,0,,,,
224929.jsonl.gz,1825839575504139,0.003,0.0005,4908.6,1000.0,0,,,,
224929.jsonl.gz,9436872649120984,0.02,0.0005,1816.0,2376.0,1,765.2,,,
224929.jsonl.gz,8890297437819588,0.67,0.015,7.0,14.0,0,,,,
224929.jsonl.gz,2853789823298506,0.008,0.0035,229.4,0.0,0,,,,
224929.jsonl.gz,5855900748190859,0.012,0.0005,1945.0,0.0,0,,,,
224929.jsonl.gz,1064932851422783,0.927,0.0005,2.5,2.5,0,,,,
224929.jsonl.gz,1083024546070811,0.018,0.0025,1565.0,594.0,0,,,,
224929.jsonl.gz,2823941877263364,0.998,0.0155,2340481.0,187500.0,0,,,,
224929.jsonl.gz,6824515892885346,0.76,0.065,25.0,25.0,0,,,,
224929.jsonl.gz,9705092174041619,0.63,0.01,143726.0,9188.0,0,,,,
224929.jsonl.gz,2881957189963819,0.41,0.005,29735.6,0.0,0,,,,
224929.jsonl.gz,7419522058612923,0.999,0.014,5836337.9,125000.0,0,,,,
224929.jsonl.gz,4264368978045256,0.015,0.006,1912.7,1860.7,0,,,,
224929.jsonl.gz,8021972217434945,0.88,0.015,1790.0,62.0,0,,,,
224929.jsonl.gz,6441922505412657,0.985,0.005,10000.0,0.0,0,,,,
224929.jsonl.gz,8881400370038397,0.74,0.07,43.1,46.2,0,,,,
224929.jsonl.gz,8181063193293541,0.988,0.199,1863.0,538.8,0,,,,
224929.jsonl.gz,7643548942136022,0.994,0.002,540.0,0.0,0,,,,
224929.jsonl.gz,1357679737205208,0.998,0.169,3254.0,0.0,0,,,,
224929.jsonl.gz,9919340269878615,0.99,0.015,2039.2,29.2,0,,,,
224929.jsonl.gz,1034172286432846,0.997,0.1835,10752.6,0.0,0,,,,
224929.jsonl.gz,6447863530315865,0.992,0.166,3250.0,1250.0,0,,,,
224929.jsonl.gz,6824515892885346,0.64,0.005,1002.0,1532.0,1,124.5,0.005,0.005,
224929.jsonl.gz,6824515892885346,0.64,0.005,1002.0,1532.0,1,94.2,0.005,0.005,
224929.jsonl.gz,6824515892885346,0.64,0.005,472.0,1002.0,1,63.9,0.005,0.005,
224929.jsonl.gz,8890297437819588,0.65,0.005,490.0,1059.0,1,4.2,0.005,0.005,0.005
224929.jsonl.gz,1059349247931019,0.4,0.005,3226.0,3638.0,1,246.2,0.005,0.005,
224929.jsonl.gz,1059349247931019,0.4,0.005,3220.0,3412.0,1,216.1,0.005,0.005,
224929.jsonl.gz,1059349247931019,0.4,0.005,3220.0,3412.0,1,186.1,0.005,0.005,
224929.jsonl.gz,7456793595792364,0.978,0.002,0.0,430.0,1,15.3,0.002,0.002,
224929.jsonl.gz,3804724364027599,0.033,0.002,490.0,793.0,1,76.3,0.0025,0.0025,
224929.jsonl.gz,3804724364027599,0.033,0.002,490.0,793.0,1,46.2,0.0025,0.0025,
224929.jsonl.gz,3804724364027599,0.033,0.002,490.0,793.0,1,15.9,0.0025,0.0025,
224929.jsonl.gz,5775223447809780,0.994,0.006,0.0,178.9,1,417.4,0.006,0.006,
224929.jsonl.gz,5775223447809780,0.994,0.006,0.0,178.9,1,387.4,0.006,0.006,
224929.jsonl.gz,5775223447809780,0.994,0.006,0.0,178.9,1,357.4,0.006,0.006,
224929.jsonl.gz,5775223447809780,0.994,0.006,0.0,178.9,1,327.4,0.006,0.006,
224929.jsonl.gz,5775223447809780,0.994,0.006,0.0,178.9,1,297.3,0.006,0.006,
224929.jsonl.gz,5775223447809780,0.994,0.006,0.0,178.9,1,267.1,0.006,0.006,
224929.jsonl.gz,5775223447809780,0.994,0.006,0.0,178.9,1,237.1,0.006,0.006,
224929.jsonl.gz,5775223447809780,0.994,0.006,0.0,178.9,1,207.1,0.006,0.006,
224929.jsonl.gz,5775223447809780,0.994,0.006,0.0,178.9,1,177.0,0.006,0.006,
224929.jsonl.gz,5775223447809780,0.994,0.006,0.0,178.9,1,146.8,0.006,0.006,
224929.jsonl.gz,5775223447809780,0.994,0.006,0.0,178.9,1,116.5,0.006,0.006,
224929.jsonl.gz,5775223447809780,0.994,0.006,0.0,178.9,1,86.2,0.006,0.006,
224929.jsonl.gz,9718603078560812,0.01,0.0005,133049.5,0.0,0,,,,
224929.jsonl.gz,6377725888023396,0.1,0.005,6327.2,0.0,0,,,,
224929.jsonl.gz,1396280659352613,0.24,0.01,858.4,318.4,0,,,,
224929.jsonl.gz,8022971310749160,0.011,0.0005,604.0,0.0,0,,,,
224929.jsonl.gz,1982530923885605,0.04,0.0005,0.0,0.0,0,,,,
224929.jsonl.gz,9076837713448521,0.37,0.005,594.0,0.0,0,,,,
224929.jsonl.gz,3519854948656960,0.3,0.01,2520.2,1789.3,0,,,,
224929.jsonl.gz,7473907490958467,0.085,0.0055,2834.8,541.0,0,,,,
224929.jsonl.gz,6384252906871000,0.6,0.005,124904.8,33400.0,0,,,,
224929.jsonl.gz,1022706502257978,0.013,0.0005,811.8,0.0,0,,,,
224929.jsonl.gz,2963382670171355,0.72,0.01,8370.4,205.0,0,,,,
224929.jsonl.gz,5615282760875985,0.39,0.005,39591.7,17123.8,0,,,,
224929.jsonl.gz,1122417510711743,0.01,0.002,591.0,0.0,0,,,,
224929.jsonl.gz,2955576282086664,0.22,0.005,16.0,128.0,1,833.2,,,
224929.jsonl.gz,2148337392909064,0.013,0.0035,15.2,0.0,0,,,,
224929.jsonl.gz,5552468961200544,0.14,0.01,1125.0,1002.0,0,,,,
224929.jsonl.gz,5774813808502271,0.021,0.0005,23975.4,0.0,0,,,,
224929.jsonl.gz,7045929632587188,0.23,0.005,1591.8,0.0,0,,,,
224929.jsonl.gz,3704650953639515,0.028,0.0045,579.6,0.0,0,,,,
224929.jsonl.gz,8891292653349398,0.016,0.0005,2647.9,0.0,0,,,,
224929.jsonl.gz,1825839575504139,0.003,0.0005,3908.6,0.0,0,,,,
224929.jsonl.gz,9436872649120984,0.02,0.0005,1816.0,2376.0,1,735.2,,,
224929.jsonl.gz,8890297437819588,0.67,0.015,7.0,504.0,1,898.8,,,
224929.jsonl.gz,2853789823298506,0.008,0.0035,229.4,0.0,0,,,,
224929.jsonl.gz,5855900748190859,0.012,0.0005,1945.0,0.0,0,,,,
224929.jsonl.gz,1064932851422783,0.927,0.0005,2.5,2.5,0,,,,
224929.jsonl.gz,1083024546070811,0.018,0.0025,1565.0,594.0,0,,,,
224929.jsonl.gz,2823941877263364,0.998,0.0155,2340481.0,187500.0,0,,,,
224929.jsonl.gz,9705092174041619,0.63,0.01,143726.0,9288.0,0,,,,
224929.jsonl.gz,2881957189963819,0.41,0.005,29735.6,0.0,0,,,,
224929.jsonl.gz,7419522058612923,0.999,0.014,5836337.9,125000.0,0,,,,
224929.jsonl.gz,4264368978045256,0.015,0.006,1399.0,1347.0,0,,,,
224929.jsonl.gz,8021972217434945,0.88,0.015,1790.0,62.0,0,,,,
224929.jsonl.gz,6441922505412657,0.98,0.0025,0.0,0.0,0,,,,
224929.jsonl.gz,8881400370038397,0.74,0.07,43.1,46.2,0,,,,
224929.jsonl.gz,8181063193293541,0.971,0.007,0.0,0.0,0,,,,
224929.jsonl.gz,7643548942136022,0.994,0.002,540.0,0.0,0,,,,
224929.jsonl.gz,1357679737205208,0.998,0.169,3254.0,0.0,0,,,,
224929.jsonl.gz,9919340269878615,0.99,0.015,2039.2,29.2,0,,,,
224929.jsonl.gz,1034172286432846,0.997,0.1835,10752.6,0.0,0,,,,
224929.jsonl.gz,6447863530315865,0.992,0.006,3250.0,1250.0,0,,,,
224929.jsonl.gz,9350237091720620,0.074,0.0065,121.4,250.0,1,29.4,0.0065,,
224929.jsonl.gz,7456793595792364,0.978,0.002,0.0,430.0,1,7.5,0.002,0.0025,
224929.jsonl.gz,8890297437819588,0.65,0.005,490.0,819.0,1,8.4,0.005,0.005,
224929.jsonl.gz,9718603078560812,0.01,0.0005,133049.5,0.0,0,,,,
224929.jsonl.gz,6377725888023396,0.1,0.005,6327.2,0.0,0,,,,
224929.jsonl.gz,1396280659352613,0.24,0.01,858.4,318.4,0,,,,
224929.jsonl.gz,8022971310749160,0.011,0.0005,604.0,0.0,0,,,,
224929.jsonl.gz,1982530923885605,0.04,0.0005,0.0,0.0,0,,,,
224929.jsonl.gz,9076837713448521,0.37,0.005,594.0,0.0,0,,,,
224929.jsonl.gz,3519854948656960,0.3,0.01,2620.2,1789.3,0,,,,
224929.jsonl.gz,7473907490958467,0.085,0.0055,2834.8,541.0,0,,,,
224929.jsonl.gz,6384252906871000,0.6,0.005,124904.8,33400.0,0,,,,
224929.jsonl.gz,1022706502257978,0.013,0.0005,811.8,0.0,0,,,,
224929.jsonl.gz,2963382670171355,0.72,0.01,8470.4,205.0,0,,,,
224929.jsonl.gz,5615282760875985,0.39,0.005,39591.7,17123.8,0,,,,
224929.jsonl.gz,1122417510711743,0.01,0.002,591.0,0.0,0,,,,
224929.jsonl.gz,2955576282086664,0.22,0.005,16.0,128.0,1,803.2,,,
224929.jsonl.gz,2148337392909064,0.013,0.0035,15.2,0.0,0,,,,
224929.jsonl.gz,5552468961200544,0.14,0.01,1125.0,1002.0,0,,,,
224929.jsonl.gz,5774813808502271,0.021,0.0005,23975.4,0.0,0,,,,
224929.jsonl.gz,7045929632587188,0.23,0.005,1591.8,0.0,0,,,,
224929.jsonl.gz,3704650953639515,0.028,0.0045,579.6,0.0,0,,,,
224929.jsonl.gz,8891292653349398,0.016,0.0005,2647.9,0.0,0,,,,
224929.jsonl.gz,1825839575504139,0.003,0.0005,3908.6,0.0,0,,,,
224929.jsonl.gz,9436872649120984,0.02,0.0005,1816.0,2376.0,1,705.1,,,
224929.jsonl.gz,8890297437819588,0.67,0.015,7.0,504.0,1,868.8,,,
224929.jsonl.gz,2853789823298506,0.008,0.0035,229.4,0.0,0,,,,
224929.jsonl.gz,5855900748190859,0.012,0.0005,1945.0,0.0,0,,,,
224929.jsonl.gz,1064932851422783,0.927,0.0005,2.5,2.5,0,,,,
224929.jsonl.gz,1083024546070811,0.018,0.0025,1565.0,594.0,0,,,,
224929.jsonl.gz,2823941877263364,0.998,0.0155,2340481.0,187500.0,0,,,,
224929.jsonl.gz,9705092174041619,0.63,0.01,143726.0,9288.0,0,,,,
224929.jsonl.gz,2881957189963819,0.41,0.005,29735.6,0.0,0,,,,
224929.jsonl.gz,7419522058612923,0.999,0.014,5836337.9,125000.0,0,,,,
224929.jsonl.gz,4264368978045256,0.015,0.006,1399.0,1347.0,0,,,,
224929.jsonl.gz,8021972217434945,0.88,0.015,1790.0,62.0,0,,,,
224929.jsonl.gz,6441922505412657,0.98,0.0025,0.0,0.0,0,,,,
224929.jsonl.gz,8881400370038397,0.74,0.07,43.1,46.2,0,,,,
224929.jsonl.gz,8181063193293541,0.971,0.007,0.0,0.0,0,,,,
224929.jsonl.gz,7643548942136022,0.994,0.002,540.0,0.0,0,,,,
224929.jsonl.gz,1357679737205208,0.998,0.169,3254.0,0.0,0,,,,
224929.jsonl.gz,9919340269878615,0.99,0.015,2039.2,29.2,0,,,,
224929.jsonl.gz,1034172286432846,0.997,0.1835,10752.6,0.0,0,,,,
224929.jsonl.gz,6447863530315865,0.992,0.006,3250.0,1250.0,0,,,,
224929.jsonl.gz,6350586282809244,0.026,0.003,0.0,132.6,1,304.0,0.002,0.002,0.002
224929.jsonl.gz,6350586282809244,0.026,0.003,0.0,132.6,1,273.9,0.002,0.002,0.002
224929.jsonl.gz,6350586282809244,0.026,0.003,0.0,132.6,1,243.9,0.002,0.002,0.002
224929.jsonl.gz,8890297437819588,0.65,0.005,490.0,1047.0,1,8.6,0.005,0.005,
224929.jsonl.gz,5775223447809780,0.994,0.006,0.0,164.8,1,108.7,0.006,0.006,
224929.jsonl.gz,5775223447809780,0.994,0.006,0.0,164.8,1,78.4,0.006,0.006,
224929.jsonl.gz,6824515892885346,0.64,0.005,530.0,1060.0,1,110.4,0.005,0.005,
224929.jsonl.gz,6824515892885346,0.64,0.005,530.0,1060.0,1,80.1,0.005,0.005,
224929.jsonl.gz,6824515892885346,0.64,0.005,0.0,530.0,1,50.1,0.005,0.005,
224929.jsonl.gz,6824515892885346,0.64,0.005,0.0,530.0,1,19.8,0.005,0.005,
224929.jsonl.gz,9718603078560812,0.01,0.0005,133049.5,0.0,0,,,,
224929.jsonl.gz,6377725888023396,0.1,0.005,6327.2,0.0,0,,,,
224929.jsonl.gz,1396280659352613,0.24,0.01,858.4,318.4,0,,,,
224929.jsonl.gz,8022971310749160,0.011,0.0005,604.0,0.0,0,,,,
224929.jsonl.gz,1982530923885605,0.04,0.0005,0.0,0.0,0,,,,
224929.jsonl.gz,9076837713448521,0.37,0.005,594.0,0.0,0,,,,
224929.jsonl.gz,3519854948656960,0.3,0.01,2620.2,1789.3,0,,,,
224929.jsonl.gz,7473907490958467,0.085,0.0055,2834.8,541.0,0,,,,
224929.jsonl.gz,1090994452379897,0.037,0.003,0.0,430.0,1,659.8,,,
224929.jsonl.gz,6384252906871000,0.6,0.005,124904.8,30900.0,0,,,,
224929.jsonl.gz,1022706502257978,0.013,0.0005,811.8,0.0,0,,,,
224929.jsonl.gz,2963382670171355,0.72,0.01,8470.4,212.1,0,,,,
224929.jsonl.gz,5615282760875985,0.39,0.005,39591.7,15843.0,0,,,,
224929.jsonl.gz,1122417510711743,0.01,0.002,591.0,0.0,0,,,,
224929.jsonl.gz,2955576282086664,0.22,0.005,16.0,128.0,1,773.1,,,
224929.jsonl.gz,2148337392909064,0.013,0.0035,15.2,0.0,0,,,,
224929.jsonl.gz,5552468961200544,0.14,0.01,1125.0,1596.0,1,877.6,,,
224929.jsonl.gz,5774813808502271,0.021,0.0005,23975.4,0.0,0,,,,
224929.jsonl.gz,7045929632587188,0.23,0.005,1591.8,0.0,0,,,,
224929.jsonl.gz,3704650953639515,0.028,0.0045,579.6,0.0,0,,,,
224929.jsonl.gz,8891292653349398,0.016,0.0005,2647.9,0.0,0,,,,
224929.jsonl.gz,1825839575504139,0.003,0.0005,3908.6,0.0,0,,,,
224929.jsonl.gz,9436872649120984,0.02,0.0005,1816.0,2376.0,1,675.1,,,
224929.jsonl.gz,8890297437819588,0.67,0.015,7.0,504.0,1,838.7,,,
224929.jsonl.gz,2853789823298506,0.008,0.0035,229.4,0.0,0,,,,
224929.jsonl.gz,5855900748190859,0.012,0.0005,1945.0,0.0,0,,,,
224929.jsonl.gz,1064932851422783,0.927,0.0005,2.5,2.5,0,,,,
224929.jsonl.gz,1083024546070811,0.018,0.0025,1565.0,594.0,0,,,,
224929.jsonl.gz,2823941877263364,0.998,0.0155,2340481.0,187500.0,0,,,,
224929.jsonl.gz,9705092174041619,0.63,0.01,143626.0,9188.0,0,,,,
224929.jsonl.gz,2881957189963819,0.41,0.005,29935.6,0.0,0,,,,
224929.jsonl.gz,7419522058612923,0.999,0.014,5836337.9,125000.0,0,,,,
224929.jsonl.gz,4264368978045256,0.015,0.006,1399.0,1347.0,0,,,,
224929.jsonl.gz,8021972217434945,0.88,0.015,1790.0,62.0,0,,,,
224929.jsonl.gz,6441922505412657,0.98,0.0025,0.0,0.0,0,,,,
224929.jsonl.gz,8881400370038397,0.74,0.07,43.1,46.2,0,,,,
224929.jsonl.gz,8181063193293541,0.971,0.007,0.0,0.0,0,,,,
224929.jsonl.gz,7643548942136022,0.994,0.002,540.0,0.0,0,,,,
224929.jsonl.gz,1357679737205208,0.998,0.169,3254.0,0.0,0,,,,
224929.jsonl.gz,9919340269878615,0.989,0.0145,2948.2,21.0,0,,,,
224929.jsonl.gz,1034172286432846,0.997,0.1835,10752.6,0.0,0,,,,
224929.jsonl.gz,6447863530315865,0.992,0.006,3250.0,1250.0,0,,,,
224929.jsonl.gz,9350237091720620,0.074,0.0065,121.4,266.0,1,57.8,,,
224929.jsonl.gz,6824515892885346,0.64,0.005,0.0,226.0,1,2.0,0.005,0.005,0.005
224929.jsonl.gz,3804724364027599,0.032,0.0015,490.0,792.0,1,66.6,0.0015,0.0015,
224929.jsonl.gz,3804724364027599,0.032,0.0015,490.0,792.0,1,36.4,0.0015,0.0015,
224929.jsonl.gz,3804724364027599,0.032,0.0015,490.0,792.0,1,6.3,0.0015,0.0015,
224929.jsonl.gz,9718603078560812,0.01,0.0005,133049.5,0.0,0,,,,
224929.jsonl.gz,6377725888023396,0.1,0.005,6327.2,0.0,0,,,,
224929.jsonl.gz,1396280659352613,0.24,0.01,858.4,318.4,0,,,,
224929.jsonl.gz,8022971310749160,0.011,0.0005,604.0,0.0,0,,,,
224929.jsonl.gz,1982530923885605,0.04,0.0005,0.0,0.0,0,,,,
224929.jsonl.gz,9076837713448521,0.37,0.005,594.0,0.0,0,,,,
224929.jsonl.gz,7473907490958467,0.085,0.0055,2834.8,541.0,0,,,,
224929.jsonl.gz,1090994452379897,0.037,0.003,0.0,430.0,1,629.5,,,
224929.jsonl.gz,6384252906871000,0.6,0.005,124904.8,31900.0,0,,,,
224929.jsonl.gz,1022706502257978,0.013,0.0005,811.8,0.0,0,,,,
224929.jsonl.gz,2963382670171355,0.72,0.005,8470.4,212.1,0,,,,
224929.jsonl.gz,5615282760875985,0.39,0.005,39591.7,15843.0,0,,,,
224929.jsonl.gz,1122417510711743,0.01,0.002,591.0,0.0,0,,,,
224929.jsonl.gz,2955576282086664,0.22,0.005,16.0,128.0,1,742.8,,,
224929.jsonl.gz,2148337392909064,0.013,0.0035,15.2,0.0,0,,,,
224929.jsonl.gz,5552468961200544,0.14,0.01,1125.0,1596.0,1,847.4,,,
224929.jsonl.gz,5774813808502271,0.021,0.0005,23975.4,0.0,0,,,,
224929.jsonl.gz,7045929632587188,0.23,0.005,1591.8,0.0,0,,,,
224929.jsonl.gz,3704650953639515,0.028,0.0045,579.6,0.0,0,,,,
224929.jsonl.gz,8891292653349398,0.016,0.0005,2647.9,0.0,0,,,,
224929.jsonl.gz,1825839575504139,0.003,0.0005,3908.6,0.0,0,,,,
224929.jsonl.gz,9436872649120984,0.02,0.0005,1816.0,2376.0,1,644.8,,,
224929.jsonl.gz,8890297437819588,0.67,0.015,7.0,504.0,1,808.4,,,
224929.jsonl.gz,2853789823298506,0.008,0.0035,229.4,0.0,0,,,,
224929.jsonl.gz,5855900748190859,0.012,0.0005,1945.0,0.0,0,,,,
224929.jsonl.gz,1064932851422783,0.927,0.0005,2.5,2.5,0,,,,
224929.jsonl.gz,1083024546070811,0.018,0.0025,1565.0,594.0,0,,,,
224929.jsonl.gz,2823941877263364,0.998,0.0155,2340481.0,150000.0,0,,,,
224929.jsonl.gz,9705092174041619,0.63,0.01,143226.0,8788.0,0,,,,
224929.jsonl.gz,2881957189963819,0.41,0.005,29935.6,0.0,0,,,,
224929.jsonl.gz,7419522058612923,0.999,0.014,5836337.9,100000.0,0,,,,
224929.jsonl.gz,4264368978045256,0.015,0.006,1399.0,1347.0,0,,,,
224929.jsonl.gz,8021972217434945,0.88,0.015,1790.0,62.0,0,,,,
224929.jsonl.gz,6441922505412657,0.98,0.0025,0.0,0.0,0,,,,
224929.jsonl.gz,8881400370038397,0.74,0.07,43.1,46.2,0,,,,
224929.jsonl.gz,8181063193293541,0.971,0.007,0.0,0.0,0,,,,
224929.jsonl.gz,7643548942136022,0.994,0.002,540.0,0.0,0,,,,
224929.jsonl.gz,1357679737205208,0.998,0.169,3254.0,0.0,0,,,,
224929.jsonl.gz,9919340269878615,0.989,0.0145,2948.2,21.0,0,,,,
224929.jsonl.gz,1034172286432846,0.997,0.1835,10752.6,0.0,0,,,,
224929.jsonl.gz,6447863530315865,0.992,0.006,3250.0,1250.0,0,,,,
224929.jsonl.gz,9718603078560812,0.01,0.0005,133049.5,0.0,0,,,,
224929.jsonl.gz,6377725888023396,0.1,0.005,6327.2,0.0,0,,,,
224929.jsonl.gz,1396280659352613,0.24,0.01,858.4,318.4,0,,,,
224929.jsonl.gz,8022971310749160,0.011,0.0005,604.0,0.0,0,,,,
224929.jsonl.gz,1982530923885605,0.04,0.0005,0.0,0.0,0,,,,
224929.jsonl.gz,9076837713448521,0.37,0.005,594.0,0.0,0,,,,
224929.jsonl.gz,7473907490958467,0.085,0.0055,2834.8,541.0,0,,,,
224929.jsonl.gz,1090994452379897,0.037,0.003,0.0,430.0,1,599.1,,,
224929.jsonl.gz,6384252906871000,0.6,0.005,124904.8,28900.0,0,,,,
224929.jsonl.gz,1022706502257978,0.013,0.0005,811.8,0.0,0,,,,
224929.jsonl.gz,2963382670171355,0.72,0.005,8370.4,112.1,0,,,,
224929.jsonl.gz,5615282760875985,0.39,0.005,39591.7,13281.5,0,,,,
224929.jsonl.gz,1122417510711743,0.01,0.002,591.0,0.0,0,,,,
224929.jsonl.gz,2955576282086664,0.22,0.005,16.0,112.0,0,,,,
224929.jsonl.gz,2148337392909064,0.013,0.0035,15.2,0.0,0,,,,
224929.jsonl.gz,5552468961200544,0.14,0.01,1125.0,1596.0,1,816.9,,,
224929.jsonl.gz,5774813808502271,0.021,0.0005,23975.4,0.0,0,,,,
224929.jsonl.gz,7045929632587188,0.23,0.005,1591.8,0.0,0,,,,
224929.jsonl.gz,3704650953639515,0.028,0.0045,579.6,0.0,0,,,,
224929.jsonl.gz,8891292653349398,0.016,0.0005,2647.9,0.0,0,,,,
224929.jsonl.gz,1825839575504139,0.003,0.0005,3908.6,0.0,0,,,,
224929.jsonl.gz,9436872649120984,0.02,0.0005,1816.0,2376.0,1,614.4,,,
224929.jsonl.gz,8890297437819588,0.67,0.015,7.0,504.0,1,778.0,,,
224929.jsonl.gz,2853789823298506,0.008,0.0035,229.4,0.0,0,,,,
224929.jsonl.gz,5855900748190859,0.012,0.0005,1945.0,0.0,0,,,,
224929.jsonl.gz,1064932851422783,0.927,0.0005,2.5,2.5,0,,,,
224929.jsonl.gz,1083024546070811,0.018,0.0025,1565.0,594.0,0,,,,
224929.jsonl.gz,2823941877263364,0.998,0.0155,2340481.0,150000.0,0,,,,
224929.jsonl.gz,9705092174041619,0.63,0.01,143526.0,8788.0,0,,,,
224929.jsonl.gz,2881957189963819,0.41,0.005,29935.6,0.0,0,,,,
224929.jsonl.gz,7419522058612923,0.999,0.014,5836337.9,100000.0,0,,,,
224929.jsonl.gz,4264368978045256,0.014,0.0055,513.7,0.0,0,,,,
224929.jsonl.gz,8021972217434945,0.88,0.015,1790.0,31.0,0,,,,
224929.jsonl.gz,6441922505412657,0.98,0.0025,0.0,0.0,0,,,,
224929.jsonl.gz,8881400370038397,0.74,0.07,66.2,46.2,0,,,,
224929.jsonl.gz,8181063193293541,0.971,0.007,0.0,0.0,0,,,,
224929.jsonl.gz,7643548942136022,0.994,0.002,540.0,0.0,0,,,,
224929.jsonl.gz,1357679737205208,0.998,0.169,3254.0,0.0,0,,,,
224929.jsonl.gz,9919340269878615,0.989,0.0145,2948.2,21.0,0,,,,
224929.jsonl.gz,1034172286432846,0.997,0.1785,10752.6,0.0,0,,,,
224929.jsonl.gz,6447863530315865,0.992,0.006,3250.0,1250.0,0,,,,
224929.jsonl.gz,9718603078560812,0.01,0.0005,133049.5,0.0,0,,,,
224929.jsonl.gz,6377725888023396,0.1,0.005,6327.2,0.0,0,,,,
224929.jsonl.gz,1396280659352613,0.24,0.01,858.4,318.4,0,,,,
224929.jsonl.gz,8022971310749160,0.011,0.0005,604.0,0.0,0,,,,
224929.jsonl.gz,1982530923885605,0.04,0.0005,0.0,0.0,0,,,,
224929.jsonl.gz,9076837713448521,0.37,0.005,594.0,0.0,0,,,,
224929.jsonl.gz,3519854948656960,0.29,0.005,150.0,150.0,0,,,,
224929.jsonl.gz,7473907490958467,0.085,0.0055,2834.8,541.0,0,,,,
224929.jsonl.gz,1090994452379897,0.037,0.003,0.0,430.0,1,568.5,,,
224929.jsonl.gz,6384252906871000,0.6,0.005,124504.8,27000.0,0,,,,
224929.jsonl.gz,1022706502257978,0.013,0.0005,811.8,0.0,0,,,,
224929.jsonl.gz,2963382670171355,0.72,0.005,8470.4,112.1,0,,,,
224929.jsonl.gz,5615282760875985,0.39,0.005,39591.7,12000.7,0,,,,
224929.jsonl.gz,1122417510711743,0.01,0.002,591.0,0.0,0,,,,
224929.jsonl.gz,2955576282086664,0.22,0.005,0.0,96.0,0,,,,
224929.jsonl.gz,2148337392909064,0.013,0.0035,15.2,0.0,0,,,,
224929.jsonl.gz,5552468961200544,0.14,0.01,1125.0,1596.0,1,786.4,,,
224929.jsonl.gz,5774813808502271,0.021,0.0005,23975.4,0.0,0,,,,
224929.jsonl.gz,7045929632587188,0.23,0.005,1591.8,0.0,0,,,,
224929.jsonl.gz,3704650953639515,0.028,0.0045,579.6,0.0,0,,,,
224929.jsonl.gz,8891292653349398,0.016,0.0005,2647.9,0.0,0,,,,
224929.jsonl.gz,1825839575504139,0.003,0.0005,3908.6,0.0,0,,,,
224929.jsonl.gz,9436872649120984,0.02,0.0005,1816.0,2376.0,1,583.8,,,
224929.jsonl.gz,8890297437819588,0.67,0.015,7.0,497.0,1,747.5,,,
224929.jsonl.gz,2853789823298506,0.008,0.0035,229.4,0.0,0,,,,
224929.jsonl.gz,5855900748190859,0.012,0.0005,1945.0,0.0,0,,,,
224929.jsonl.gz,1064932851422783,0.927,0.0005,2.5,2.5,0,,,,
224929.jsonl.gz,1083024546070811,0.018,0.0025,1565.0,594.0,0,,,,
224929.jsonl.gz,2823941877263364,0.998,0.0155,2340481.0,150000.0,0,,,,
224929.jsonl.gz,9705092174041619,0.63,0.01,143526.0,8788.0,0,,,,
224929.jsonl.gz,2881957189963819,0.41,0.005,29935.6,0.0,0,,,,
224929.jsonl.gz,7419522058612923,0.999,0.014,5836337.9,100000.0,0,,,,
224929.jsonl.gz,4264368978045256,0.014,0.0055,513.7,0.0,0,,,,
224929.jsonl.gz,8021972217434945,0.88,0.015,1790.0,31.0,0,,,,
224929.jsonl.gz,6441922505412657,0.98,0.0025,0.0,0.0,0,,,,
224929.jsonl.gz,8881400370038397,0.74,0.07,66.2,46.2,0,,,,
224929.jsonl.gz,8181063193293541,0.971,0.007,0.0,0.0,0,,,,
224929.jsonl.gz,7643548942136022,0.994,0.002,540.0,0.0,0,,,,
224929.jsonl.gz,1357679737205208,0.998,0.169,3254.0,0.0,0,,,,
224929.jsonl.gz,9919340269878615,0.989,0.0145,2948.2,21.0,0,,,,
224929.jsonl.gz,1034172286432846,0.997,0.1785,10752.6,0.0,0,,,,
224929.jsonl.gz,6447863530315865,0.992,0.006,3250.0,1250.0,0,,,,
224929.jsonl.gz,9718603078560812,0.01,0.0005,133049.5,0.0,0,,,,
224929.jsonl.gz,6377725888023396,0.1,0.005,6327.2,0.0,0,,,,
224929.jsonl.gz,1396280659352613,0.24,0.01,858.4,318.4,0,,,,
224929.jsonl.gz,8022971310749160,0.011,0.0005,604.0,0.0,0,,,,
224929.jsonl.gz,1982530923885605,0.04,0.0005,0.0,0.0,0,,,,
224929.jsonl.gz,9076837713448521,0.37,0.005,594.0,0.0,0,,,,
224929.jsonl.gz,3519854948656960,0.29,0.005,150.0,150.0,0,,,,
224929.jsonl.gz,7473907490958467,0.085,0.0055,2834.8,541.0,0,,,,
224929.jsonl.gz,1090994452379897,0.037,0.003,0.0,430.0,1,538.4,,,
224929.jsonl.gz,6384252906871000,0.6,0.005,123004.8,25500.0,0,,,,
224929.jsonl.gz,1022706502257978,0.013,0.0005,811.8,0.0,0,,,,
224929.jsonl.gz,2963382670171355,0.72,0.005,8470.4,112.1,0,,,,
224929.jsonl.gz,5615282760875985,0.39,0.005,39591.7,12000.7,0,,,,
224929.jsonl.gz,1122417510711743,0.01,0.002,591.0,0.0,0,,,,
224929.jsonl.gz,2955576282086664,0.22,0.005,16.0,96.0,0,,,,
224929.jsonl.gz,2148337392909064,0.013,0.0035,15.2,0.0,0,,,,
224929.jsonl.gz,5552468961200544,0.14,0.01,1125.0,1596.0,1,756.2,,,
224929.jsonl.gz,5774813808502271,0.021,0.0005,23975.4,0.0,0,,,,
224929.jsonl.gz,7045929632587188,0.23,0.005,1591.8,0.0,0,,,,
224929.jsonl.gz,3704650953639515,0.028,0.0045,579.6,0.0,0,,,,
224929.jsonl.gz,8891292653349398,0.016,0.0005,2647.9,0.0,0,,,,
224929.jsonl.gz,1825839575504139,0.003,0.0005,3908.6,0.0,0,,,,
224929.jsonl.gz,9436872649120984,0.02,0.0005,1816.0,2376.0,1,553.6,,,
224929.jsonl.gz,8890297437819588,0.67,0.015,7.0,497.0,1,717.3,,,
224929.jsonl.gz,2853789823298506,0.008,0.0035,229.4,0.0,0,,,,
224929.jsonl.gz,5855900748190859,0.012,0.0005,1945.0,0.0,0,,,,
224929.jsonl.gz,1064932851422783,0.927,0.0005,2.5,2.5,0,,,,
224929.jsonl.gz,1083024546070811,0.018,0.0025,1565.0,594.0,0,,,,
224929.jsonl.gz,2823941877263364,0.998,0.0155,2340481.0,150000.0,0,,,,
224929.jsonl.gz,9705092174041619,0.63,0.01,143526.0,8788.0,0,,,,
224929.jsonl.gz,2881957189963819,0.41,0.005,29935.6,0.0,0,,,,
224929.jsonl.gz,7419522058612923,0.999,0.014,5836337.9,100000.0,0,,,,
224929.jsonl.gz,4264368978045256,0.014,0.0055,1860.7,0.0,0,,,,
224929.jsonl.gz,8021972217434945,0.88,0.015,1790.0,31.0,0,,,,
224929.jsonl.gz,6441922505412657,0.98,0.0025,0.0,0.0,0,,,,
224929.jsonl.gz,8881400370038397,0.74,0.07,66.2,46.2,0,,,,
224929.jsonl.gz,8181063193293541,0.971,0.007,0.0,0.0,0,,,,
224929.jsonl.gz,7643548942136022,0.994,0.002,540.0,0.0,0,,,,
224929.jsonl.gz,1357679737205208,0.998,0.169,3254.0,0.0,0,,,,
224929.jsonl.gz,9919340269878615,0.989,0.0145,2948.2,21.0,0,,,,
224929.jsonl.gz,1034172286432846,0.997,0.1785,10752.6,0.0,0,,,,
224929.jsonl.gz,6447863530315865,0.992,0.006,3250.0,1250.0,0,,,,
224929.jsonl.gz,9718603078560812,0.01,0.0005,133049.5,0.0,0,,,,
224929.jsonl.gz,6377725888023396,0.1,0.005,6327.2,0.0,0,,,,
224929.jsonl.gz,1396280659352613,0.24,0.005,858.4,318.4,0,,,,
224929.jsonl.gz,8022971310749160,0.011,0.0005,604.0,0.0,0,,,,
224929.jsonl.gz,1982530923885605,0.04,0.0005,0.0,0.0,0,,,,
224929.jsonl.gz,9076837713448521,0.37,0.005,594.0,0.0,0,,,,
224929.jsonl.gz,3519854948656960,0.29,0.005,50.0,50.0,0,,,,
224929.jsonl.gz,7473907490958467,0.085,0.0055,2834.8,541.0,0,,,,
224929.jsonl.gz,1090994452379897,0.037,0.003,0.0,430.0,1,508.4,,,
224929.jsonl.gz,6384252906871000,0.6,0.005,123004.8,24000.0,0,,,,
224929.jsonl.gz,1022706502257978,0.013,0.0005,811.8,0.0,0,,,,
224929.jsonl.gz,2963382670171355,0.72,0.005,8370.4,12.1,0,,,,
224929.jsonl.gz,5615282760875985,0.39,0.005,39591.7,10719.9,0,,,,
224929.jsonl.gz,1122417510711743,0.01,0.002,591.0,0.0,0,,,,
224929.jsonl.gz,2955576282086664,0.22,0.005,16.0,96.0,0,,,,
224929.jsonl.gz,2148337392909064,0.013,0.0035,15.2,0.0,0,,,,
224929.jsonl.gz,5552468961200544,0.14,0.01,1125.0,1596.0,1,726.2,,,
224929.jsonl.gz,5774813808502271,0.021,0.0005,23975.4,0.0,0,,,,
224929.jsonl.gz,7045929632587188,0.23,0.005,1591.8,0.0,0,,,,
224929.jsonl.gz,3704650953639515,0.028,0.0045,579.6,0.0,0,,,,
224929.jsonl.gz,8891292653349398,0.016,0.0005,2647.9,0.0,0,,,,
224929.jsonl.gz,1825839575504139,0.003,0.0005,3908.6,0.0,0,,,,
224929.jsonl.gz,9436872649120984,0.02,0.0005,1816.0,2376.0,1,523.6,,,
224929.jsonl.gz,8890297437819588,0.67,0.015,7.0,497.0,1,687.3,,,
224929.jsonl.gz,2853789823298506,0.008,0.0035,229.4,0.0,0,,,,
224929.jsonl.gz,5855900748190859,0.012,0.0005,1945.0,0.0,0,,,,
224929.jsonl.gz,1064932851422783,0.927,0.0005,2.5,2.5,0,,,,
224929.jsonl.gz,1083024546070811,0.018,0.0025,1565.0,594.0,0,,,,
224929.jsonl.gz,2823941877263364,0.998,0.0155,2340481.0,150000.0,0,,,,
224929.jsonl.gz,9705092174041619,0.63,0.01,142899.0,7941.0,0,,,,
224929.jsonl.gz,2881957189963819,0.41,0.005,29935.6,0.0,0,,,,
224929.jsonl.gz,7419522058612923,0.999,0.014,5836337.9,100000.0,0,,,,
224929.jsonl.gz,4264368978045256,0.014,0.0055,1860.7,0.0,0,,,,
224929.jsonl.gz,8021972217434945,0.88,0.015,1790.0,31.0,0,,,,
224929.jsonl.gz,6441922505412657,0.98,0.0025,0.0,0.0,0,,,,
224929.jsonl.gz,8881400370038397,0.74,0.07,66.2,46.2,0,,,,
224929.jsonl.gz,8181063193293541,0.971,0.007,0.0,0.0,0,,,,
224929.jsonl.gz,7643548942136022,0.994,0.002,540.0,0.0,0,,,,
224929.jsonl.gz,1357679737205208,0.998,0.169,3254.0,0.0,0,,,,
224929.jsonl.gz,9919340269878615,0.989,0.0145,2948.2,21.0,0,,,,
224929.jsonl.gz,1034172286432846,0.997,0.1785,10752.6,0.0,0,,,,
224929.jsonl.gz,6447863530315865,0.992,0.006,3250.0,1250.0,0,,,,
224929.jsonl.gz,9718603078560812,0.01,0.0005,133049.5,0.0,0,,,,
224929.jsonl.gz,6377725888023396,0.1,0.005,6327.2,0.0,0,,,,
224929.jsonl.gz,1396280659352613,0.24,0.005,858.4,318.4,0,,,,
224929.jsonl.gz,8022971310749160,0.011,0.0005,604.0,0.0,0,,,,
224929.jsonl.gz,1982530923885605,0.04,0.0005,0.0,0.0,0,,,,
224929.jsonl.gz,9076837713448521,0.37,0.005,594.0,0.0,0,,,,
224929.jsonl.gz,3519854948656960,0.29,0.005,50.0,50.0,0,,,,
224929.jsonl.gz,7473907490958467,0.085,0.0055,2834.8,541.0,0,,,,
224929.jsonl.gz,1090994452379897,0.037,0.003,0.0,430.0,1,478.4,,,
224929.jsonl.gz,6384252906871000,0.6,0.005,123004.8,22500.0,0,,,,
224929.jsonl.gz,1022706502257978,0.013,0.0005,811.8,0.0,0,,,,
224929.jsonl.gz,2963382670171355,0.72,0.005,8370.4,12.1,0,,,,
224929.jsonl.gz,5615282760875985,0.39,0.005,39591.7,9439.1,0,,,,
224929.jsonl.gz,1122417510711743,0.01,0.002,591.0,0.0,0,,,,
224929.jsonl.gz,2148337392909064,0.013,0.0035,15.2,0.0,0,,,,
224929.jsonl.gz,5552468961200544,0.14,0.01,1125.0,1596.0,1,696.2,,,
224929.jsonl.gz,5774813808502271,0.021,0.0005,23975.4,0.0,0,,,,
224929.jsonl.gz,7045929632587188,0.23,0.005,1591.8,0.0,0,,,,
224929.jsonl.gz,3704650953639515,0.028,0.0045,579.6,0.0,0,,,,
224929.jsonl.gz,8891292653349398,0.016,0.0005,2647.9,0.0,0,,,,
224929.jsonl.gz,1825839575504139,0.003,0.0005,3908.6,0.0,0,,,,
224929.jsonl.gz,9436872649120984,0.02,0.0005,1816.0,2376.0,1,493.6,,,
224929.jsonl.gz,8890297437819588,0.67,0.015,7.0,497.0,1,657.3,,,
224929.jsonl.gz,2853789823298506,0.008,0.0035,229.4,0.0,0,,,,
224929.jsonl.gz,5855900748190859,0.012,0.0005,1945.0,0.0,0,,,,
224929.jsonl.gz,1064932851422783,0.927,0.0005,2.5,2.5,0,,,,
224929.jsonl.gz,1083024546070811,0.018,0.0025,1565.0,594.0,0,,,,
224929.jsonl.gz,2823941877263364,0.998,0.0155,2340481.0,150000.0,0,,,,
224929.jsonl.gz,9705092174041619,0.63,0.01,145799.0,7941.0,0,,,,
224929.jsonl.gz,2881957189963819,0.41,0.005,29935.6,0.0,0,,,,
224929.jsonl.gz,7419522058612923,0.999,0.014,5836337.9,100000.0,0,,,,
224929.jsonl.gz,4264368978045256,0.014,0.0055,1860.7,0.0,0,,,,
224929.jsonl.gz,8021972217434945,0.88,0.015,1790.0,31.0,0,,,,
224929.jsonl.gz,9456528654693780,0.993,0.0105,1428.5,0.0,0,,,,
224929.jsonl.gz,6441922505412657,0.98,0.0025,0.0,0.0,0,,,,
224929.jsonl.gz,8881400370038397,0.74,0.07,66.2,46.2,0,,,,
224929.jsonl.gz,8181063193293541,0.971,0.007,0.0,0.0,0,,,,
224929.jsonl.gz,7643548942136022,0.994,0.002,540.0,0.0,0,,,,
224929.jsonl.gz,1357679737205208,0.998,0.169,3254.0,0.0,0,,,,
224929.jsonl.gz,6447863530315865,0.992,0.006,3250.0,1250.0,0,,,,
224929.jsonl.gz,9718603078560812,0.01,0.0005,133049.5,0.0,0,,,,
224929.jsonl.gz,6377725888023396,0.1,0.005,6327.2,0.0,0,,,,
224929.jsonl.gz,1396280659352613,0.24,0.005,858.4,318.4,0,,,,
224929.jsonl.gz,8022971310749160,0.011,0.0005,604.0,0.0,0,,,,
224929.jsonl.gz,1982530923885605,0.041,0.0025,2093.4,2093.4,0,,,,
224929.jsonl.gz,9076837713448521,0.37,0.005,594.0,0.0,0,,,,
224929.jsonl.gz,3519854948656960,0.29,0.005,50.0,50.0,0,,,,
224929.jsonl.gz,7473907490958467,0.085,0.0055,2834.8,541.0,0,,,,
224929.jsonl.gz,1090994452379897,0.037,0.003,0.0,430.0,1,448.3,,,
224929.jsonl.gz,6384252906871000,0.6,0.005,123004.8,22500.0,0,,,,
224929.jsonl.gz,1022706502257978,0.013,0.0005,811.8,0.0,0,,,,
224929.jsonl.gz,2963382670171355,0.72,0.005,8370.4,12.1,0,,,,
224929.jsonl.gz,5615282760875985,0.39,0.005,39591.7,9439.1,0,,,,
224929.jsonl.gz,1122417510711743,0.01,0.002,591.0,0.0,0,,,,
224929.jsonl.gz,2148337392909064,0.013,0.0035,15.2,0.0,0,,,,
224929.jsonl.gz,5552468961200544,0.14,0.01,1125.0,1596.0,1,666.2,,,
224929.jsonl.gz,5774813808502271,0.021,0.0005,23975.4,0.0,0,,,,
224929.jsonl.gz,7045929632587188,0.23,0.005,1591.8,0.0,0,,,,
224929.jsonl.gz,3704650953639515,0.028,0.0045,579.6,0.0,0,,,,
224929.jsonl.gz,8891292653349398,0.016,0.0005,2647.9,0.0,0,,,,
224929.jsonl.gz,1825839575504139,0.003,0.0005,3908.6,0.0,0,,,,
224929.jsonl.gz,9436872649120984,0.02,0.0005,1816.0,2376.0,1,463.6,,,
224929.jsonl.gz,8890297437819588,0.67,0.015,7.0,497.0,1,627.3,,,
224929.jsonl.gz,2853789823298506,0.008,0.0035,229.4,0.0,0,,,,
224929.jsonl.gz,5855900748190859,0.012,0.0005,1945.0,0.0,0,,,,
224929.jsonl.gz,1064932851422783,0.927,0.0005,2.5,2.5,0,,,,
224929.jsonl.gz,1083024546070811,0.018,0.0025,1565.0,594.0,0,,,,
224929.jsonl.gz,2823941877263364,0.998,0.0155,2302981.0,112500.0,0,,,,
224929.jsonl.gz,9705092174041619,0.63,0.01,145796.0,7683.0,0,,,,
224929.jsonl.gz,2881957189963819,0.41,0.005,29935.6,0.0,0,,,,
224929.jsonl.gz,7419522058612923,0.999,0.014,5811337.9,75000.0,0,,,,
224929.jsonl.gz,4264368978045256,0.014,0.0055,1860.7,0.0,0,,,,
224929.jsonl.gz,8021972217434945,0.88,0.015,1790.0,31.0,0,,,,
224929.jsonl.gz,9456528654693780,0.993,0.0105,1428.5,0.0,0,,,,
224929.jsonl.gz,6441922505412657,0.98,0.0025,0.0,0.0,0,,,,
224929.jsonl.gz,8881400370038397,0.66,0.03,10.0,0.0,0,,,,
224929.jsonl.gz,8181063193293541,0.971,0.007,0.0,0.0,0,,,,
224929.jsonl.gz,7643548942136022,0.994,0.002,540.0,0.0,0,,,,
224929.jsonl.gz,1357679737205208,0.998,0.169,3254.0,0.0,0,,,,
224929.jsonl.gz,6447863530315865,0.992,0.006,3250.0,1250.0,0,,,,
224929.jsonl.gz,9718603078560812,0.01,0.0005,133049.5,0.0,0,,,,
224929.jsonl.gz,6377725888023396,0.1,0.005,6327.2,0.0,0,,,,
224929.jsonl.gz,1396280659352613,0.24,0.005,858.4,318.4,0,,,,
224929.jsonl.gz,8022971310749160,0.011,0.0005,604.0,0.0,0,,,,
224929.jsonl.gz,1982530923885605,0.041,0.0025,498.3,498.3,0,,,,
224929.jsonl.gz,9076837713448521,0.37,0.005,594.0,0.0,0,,,,
224929.jsonl.gz,3519854948656960,0.29,0.005,50.0,50.0,0,,,,
224929.jsonl.gz,7473907490958467,0.085,0.0055,2834.8,541.0,0,,,,
224929.jsonl.gz,1090994452379897,0.037,0.003,0.0,430.0,1,418.3,,,
224929.jsonl.gz,6384252906871000,0.6,0.005,123004.8,22500.0,0,,,,
224929.jsonl.gz,1022706502257978,0.013,0.0005,811.8,0.0,0,,,,
224929.jsonl.gz,2963382670171355,0.72,0.005,8370.4,12.1,0,,,,
224929.jsonl.gz,5615282760875985,0.39,0.005,39591.7,9439.1,0,,,,
224929.jsonl.gz,1122417510711743,0.01,0.002,591.0,0.0,0,,,,
224929.jsonl.gz,2148337392909064,0.013,0.0035,15.2,0.0,0,,,,
224929.jsonl.gz,5552468961200544,0.14,0.01,1125.0,1596.0,1,636.1,,,
224929.jsonl.gz,5774813808502271,0.021,0.0005,23975.4,0.0,0,,,,
224929.jsonl.gz,7045929632587188,0.23,0.005,1591.8,0.0,0,,,,
224929.jsonl.gz,3704650953639515,0.028,0.0045,579.6,0.0,0,,,,
224929.jsonl.gz,8891292653349398,0.016,0.0005,2647.9,0.0,0,,,,
224929.jsonl.gz,1825839575504139,0.003,0.0005,3908.6,0.0,0,,,,
224929.jsonl.gz,9436872649120984,0.02,0.0005,1816.0,2376.0,1,433.5,,,
224929.jsonl.gz,8890297437819588,0.67,0.015,7.0,497.0,1,597.2,,,
224929.jsonl.gz,2853789823298506,0.008,0.0035,229.4,0.0,0,,,,
224929.jsonl.gz,5855900748190859,0.012,0.0005,1945.0,0.0,0,,,,
224929.jsonl.gz,1064932851422783,0.927,0.0005,2.5,2.5,0,,,,
224929.jsonl.gz,1083024546070811,0.018,0.0025,1565.0,594.0,0,,,,
224929.jsonl.gz,9277048309813507,0.926,0.015,0.0,0.0,0,,,,
224929.jsonl.gz,2823941877263364,0.998,0.0155,2340481.0,112500.0,0,,,,
224929.jsonl.gz,9705092174041619,0.63,0.01,145696.0,7583.0,0,,,,
224929.jsonl.gz,2881957189963819,0.41,0.005,29935.6,0.0,0,,,,
224929.jsonl.gz,7419522058612923,0.999,0.014,5836337.9,75000.0,0,,,,
224929.jsonl.gz,4264368978045256,0.014,0.0055,1860.7,0.0,0,,,,
224929.jsonl.gz,8021972217434945,0.88,0.015,1790.0,31.0,0,,,,
224929.jsonl.gz,9456528654693780,0.993,0.0105,1428.5,0.0,0,,,,
224929.jsonl.gz,6441922505412657,0.98,0.0025,0.0,0.0,0,,,,
224929.jsonl.gz,8881400370038397,0.66,0.03,10.0,0.0,0,,,,
224929.jsonl.gz,8181063193293541,0.971,0.007,0.0,0.0,0,,,,
224929.jsonl.gz,7643548942136022,0.994,0.002,540.0,0.0,0,,,,
224929.jsonl.gz,1357679737205208,0.998,0.169,3254.0,0.0,0,,,,
224929.jsonl.gz,6447863530315865,0.992,0.006,3250.0,1250.0,0,,,,
224929.jsonl.gz,9718603078560812,0.01,0.0005,133049.5,0.0,0,,,,
224929.jsonl.gz,6377725888023396,0.1,0.005,6327.2,0.0,0,,,,
224929.jsonl.gz,1396280659352613,0.24,0.005,858.4,318.4,0,,,,
224929.jsonl.gz,8022971310749160,0.011,0.0005,604.0,0.0,0,,,,
224929.jsonl.gz,1982530923885605,0.041,0.0025,0.7,0.7,0,,,,
224929.jsonl.gz,9076837713448521,0.37,0.005,594.0,0.0,0,,,,
224929.jsonl.gz,3519854948656960,0.29,0.005,50.0,50.0,0,,,,
224929.jsonl.gz,7473907490958467,0.085,0.0055,2834.8,541.0,0,,,,
224929.jsonl.gz,1090994452379897,0.037,0.003,0.0,430.0,1,388.1,,,
224929.jsonl.gz,6384252906871000,0.6,0.005,123004.8,22500.0,0,,,,
224929.jsonl.gz,1022706502257978,0.013,0.0005,811.8,0.0,0,,,,
224929.jsonl.gz,2963382670171355,0.72,0.005,8370.4,12.1,0,,,,
224929.jsonl.gz,5615282760875985,0.39,0.005,39591.7,9439.1,0,,,,
224929.jsonl.gz,1122417510711743,0.01,0.002,591.0,0.0,0,,,,
224929.jsonl.gz,2148337392909064,0.013,0.0035,15.2,0.0,0,,,,
224929.jsonl.gz,5552468961200544,0.14,0.01,1125.0,1596.0,1,605.9,,,
224929.jsonl.gz,5774813808502271,0.021,0.0005,23975.4,0.0,0,,,,
224929.jsonl.gz,7045929632587188,0.23,0.005,1591.8,0.0,0,,,,
224929.jsonl.gz,3704650953639515,0.028,0.0045,579.6,0.0,0,,,,
224929.jsonl.gz,8891292653349398,0.016,0.0005,2647.9,0.0,0,,,,
224929.jsonl.gz,1825839575504139,0.003,0.0005,3908.6,0.0,0,,,,
224929.jsonl.gz,9436872649120984,0.02,0.0005,1816.0,2376.0,1,403.4,,,
224929.jsonl.gz,8890297437819588,0.67,0.015,7.0,497.0,1,567.0,,,
224929.jsonl.gz,2853789823298506,0.008,0.0035,229.4,0.0,0,,,,
224929.jsonl.gz,5855900748190859,0.012,0.0005,1945.0,0.0,0,,,,
224929.jsonl.gz,1064932851422783,0.927,0.0005,2.5,2.5,0,,,,
224929.jsonl.gz,1083024546070811,0.018,0.0025,1565.0,594.0,0,,,,
224929.jsonl.gz,9277048309813507,0.926,0.015,0.0,0.0,0,,,,
224929.jsonl.gz,2823941877263364,0.998,0.0155,2340481.0,112500.0,0,,,,
224929.jsonl.gz,9705092174041619,0.63,0.01,144960.0,6847.0,0,,,,
224929.jsonl.gz,2881957189963819,0.41,0.005,29935.6,0.0,0,,,,
224929.jsonl.gz,7419522058612923,0.999,0.014,5836337.9,75000.0,0,,,,
224929.jsonl.gz,4264368978045256,0.014,0.0055,1860.7,0.0,0,,,,
224929.jsonl.gz,8021972217434945,0.88,0.015,1790.0,31.0,0,,,,
224929.jsonl.gz,9456528654693780,0.993,0.0105,1428.5,0.0,0,,,,
224929.jsonl.gz,6441922505412657,0.98,0.0025,0.0,0.0,0,,,,
224929.jsonl.gz,8881400370038397,0.66,0.03,3010.0,0.0,0,,,,
224929.jsonl.gz,8181063193293541,0.971,0.007,0.0,0.0,0,,,,
224929.jsonl.gz,7643548942136022,0.994,0.002,540.0,0.0,0,,,,
224929.jsonl.gz,1357679737205208,0.998,0.169,3254.0,0.0,0,,,,
224929.jsonl.gz,6447863530315865,0.992,0.006,3250.0,1250.0,0,,,,
224929.jsonl.gz,9718603078560812,0.01,0.0005,133049.5,0.0,0,,,,
224929.jsonl.gz,6377725888023396,0.1,0.005,6327.2,0.0,0,,,,
224929.jsonl.gz,1396280659352613,0.24,0.005,540.0,0.0,0,,,,
224929.jsonl.gz,8022971310749160,0.011,0.0005,604.0,0.0,0,,,,
224929.jsonl.gz,1982530923885605,0.041,0.0025,0.7,0.7,0,,,,
224929.jsonl.gz,9076837713448521,0.37,0.005,594.0,0.0,0,,,,
224929.jsonl.gz,3519854948656960,0.29,0.005,50.0,50.0,0,,,,
224929.jsonl.gz,7473907490958467,0.085,0.0055,2834.8,541.0,0,,,,
224929.jsonl.gz,1090994452379897,0.037,0.003,0.0,430.0,1,358.0,,,
224929.jsonl.gz,6384252906871000,0.6,0.005,124235.8,22000.0,0,,,,
224929.jsonl.gz,1022706502257978,0.013,0.0005,811.8,0.0,0,,,,
224929.jsonl.gz,2963382670171355,0.72,0.005,8370.4,12.1,0,,,,
224929.jsonl.gz,5615282760875985,0.39,0.005,39591.7,9439.1,0,,,,
224929.jsonl.gz,1122417510711743,0.01,0.002,591.0,0.0,0,,,,
224929.jsonl.gz,2148337392909064,0.013,0.0035,15.2,0.0,0,,,,
224929.jsonl.gz,5552468961200544,0.14,0.01,1125.0,1596.0,1,575.9,,,
224929.jsonl.gz,5774813808502271,0.021,0.0005,23975.4,0.0,0,,,,
224929.jsonl.gz,7045929632587188,0.23,0.005,1591.8,0.0,0,,,,
224929.jsonl.gz,3704650953639515,0.028,0.0045,579.6,0.0,0,,,,
224929.jsonl.gz,8891292653349398,0.016,0.0005,2647.9,0.0,0,,,,
224929.jsonl.gz,1825839575504139,0.003,0.0005,3908.6,0.0,0,,,,
224929.jsonl.gz,9436872649120984,0.02,0.0005,1816.0,2376.0,1,373.3,,,
224929.jsonl.gz,8890297437819588,0.67,0.015,7.0,497.0,1,536.9,,,
224929.jsonl.gz,2853789823298506,0.008,0.0035,229.4,0.0,0,,,,
224929.jsonl.gz,5855900748190859,0.012,0.0005,1945.0,0.0,0,,,,
224929.jsonl.gz,1064932851422783,0.927,0.0005,2.5,2.5,0,,,,
224929.jsonl.gz,1083024546070811,0.018,0.0025,1565.0,594.0,0,,,,
224929.jsonl.gz,9277048309813507,0.926,0.015,0.0,0.0,0,,,,
224929.jsonl.gz,2823941877263364,0.998,0.0155,2340481.0,112500.0,0,,,,
224929.jsonl.gz,9705092174041619,0.63,0.01,144956.0,6443.0,0,,,,
224929.jsonl.gz,2881957189963819,0.41,0.005,29935.6,0.0,0,,,,
224929.jsonl.gz,7419522058612923,0.999,0.014,5836337.9,75000.0,0,,,,
224929.jsonl.gz,4264368978045256,0.014,0.0055,1860.7,0.0,0,,,,
224929.jsonl.gz,8021972217434945,0.88,0.015,1790.0,31.0,0,,,,
224929.jsonl.gz,9456528654693780,0.993,0.0105,1428.5,0.0,0,,,,
224929.jsonl.gz,6441922505412657,0.98,0.0025,0.0,0.0,0,,,,
224929.jsonl.gz,8881400370038397,0.66,0.03,3010.0,0.0,0,,,,
224929.jsonl.gz,8181063193293541,0.971,0.007,0.0,0.0,0,,,,
224929.jsonl.gz,7643548942136022,0.994,0.002,540.0,0.0,0,,,,
224929.jsonl.gz,1357679737205208,0.998,0.169,3254.0,0.0,0,,,,
224929.jsonl.gz,6447863530315865,0.992,0.006,3250.0,1250.0,0,,,,
224929.jsonl.gz,9718603078560812,0.01,0.0005,133049.5,0.0,0,,,,
224929.jsonl.gz,6377725888023396,0.1,0.005,6327.2,0.0,0,,,,
224929.jsonl.gz,1396280659352613,0.24,0.005,990.0,0.0,0,,,,
224929.jsonl.gz,8022971310749160,0.011,0.0005,604.0,0.0,0,,,,
224929.jsonl.gz,1982530923885605,0.041,0.0025,0.7,0.7,0,,,,
224929.jsonl.gz,9076837713448521,0.37,0.005,594.0,0.0,0,,,,
224929.jsonl.gz,3519854948656960,0.3,0.01,2847.5,800.0,0,,,,
224929.jsonl.gz,7473907490958467,0.085,0.0055,2834.8,541.0,0,,,,
224929.jsonl.gz,1090994452379897,0.037,0.003,0.0,430.0,1,328.0,,,
224929.jsonl.gz,6384252906871000,0.6,0.005,124235.8,20500.0,0,,,,
224929.jsonl.gz,1022706502257978,0.013,0.0005,811.8,0.0,0,,,,
224929.jsonl.gz,2963382670171355,0.72,0.01,8370.4,12.1,0,,,,
224929.jsonl.gz,5615282760875985,0.39,0.005,39591.7,8158.4,0,,,,
224929.jsonl.gz,1122417510711743,0.01,0.002,591.0,0.0,0,,,,
224929.jsonl.gz,2148337392909064,0.013,0.0035,15.2,0.0,0,,,,
224929.jsonl.gz,5552468961200544,0.14,0.01,1125.0,1596.0,1,545.9,,,
224929.jsonl.gz,5774813808502271,0.021,0.0005,23975.4,0.0,0,,,,
224929.jsonl.gz,7045929632587188,0.23,0.005,1591.8,0.0,0,,,,
224929.jsonl.gz,3704650953639515,0.028,0.0045,579.6,0.0,0,,,,
224929.jsonl.gz,8891292653349398,0.016,0.0005,2647.9,0.0,0,,,,
224929.jsonl.gz,1825839575504139,0.003,0.0005,3908.6,0.0,0,,,,
224929.jsonl.gz,9436872649120984,0.02,0.0005,1816.0,2376.0,1,343.3,,,
224929.jsonl.gz,8890297437819588,0.67,0.015,7.0,497.0,1,506.9,,,
224929.jsonl.gz,2853789823298506,0.008,0.0035,229.4,0.0,0,,,,
224929.jsonl.gz,5855900748190859,0.012,0.0005,1945.0,0.0,0,,,,
224929.jsonl.gz,1064932851422783,0.927,0.0005,2.5,2.5,0,,,,
224929.jsonl.gz,1083024546070811,0.018,0.0025,1565.0,594.0,0,,,,
224929.jsonl.gz,9277048309813507,0.926,0.015,0.0,0.0,0,,,,
224929.jsonl.gz,2823941877263364,0.998,0.0155,2340481.0,112500.0,0,,,,
224929.jsonl.gz,9705092174041619,0.63,0.01,144754.0,6241.0,0,,,,
224929.jsonl.gz,2881957189963819,0.41,0.005,29935.6,0.0,0,,,,
224929.jsonl.gz,7419522058612923,0.999,0.014,5836337.9,75000.0,0,,,,
224929.jsonl.gz,4264368978045256,0.014,0.0055,1860.7,0.0,0,,,,
224929.jsonl.gz,8021972217434945,0.88,0.015,1790.0,31.0,0,,,,
224929.jsonl.gz,9456528654693780,0.993,0.0105,1428.5,0.0,0,,,,
224929.jsonl.gz,6441922505412657,0.98,0.0025,0.0,0.0,0,,,,
224929.jsonl.gz,8881400370038397,0.66,0.03,3010.0,0.0,0,,,,
224929.jsonl.gz,8181063193293541,0.971,0.007,0.0,0.0,0,,,,
224929.jsonl.gz,7643548942136022,0.994,0.002,540.0,0.0,0,,,,
224929.jsonl.gz,1357679737205208,0.998,0.169,3254.0,0.0,0,,,,
224929.jsonl.gz,6447863530315865,0.992,0.006,3250.0,1250.0,0,,,,
224929.jsonl.gz,9718603078560812,0.01,0.0005,133049.5,0.0,0,,,,
224929.jsonl.gz,6377725888023396,0.1,0.005,6327.2,0.0,0,,,,
224929.jsonl.gz,1396280659352613,0.24,0.005,990.0,0.0,0,,,,
224929.jsonl.gz,8022971310749160,0.011,0.0005,604.0,0.0,0,,,,
224929.jsonl.gz,1982530923885605,0.041,0.001,0.7,0.7,0,,,,
224929.jsonl.gz,9076837713448521,0.37,0.005,594.0,0.0,0,,,,
224929.jsonl.gz,1059349247931019,0.4,0.005,3710.0,3805.0,0,,,,
224929.jsonl.gz,3519854948656960,0.3,0.01,2847.5,800.0,0,,,,
224929.jsonl.gz,7473907490958467,0.084,0.005,490.0,490.0,0,,,,
224929.jsonl.gz,1090994452379897,0.037,0.003,0.0,430.0,1,298.0,,,
224929.jsonl.gz,6384252906871000,0.6,0.005,124235.8,19000.0,0,,,,
224929.jsonl.gz,1022706502257978,0.013,0.0005,811.8,0.0,0,,,,
224929.jsonl.gz,2963382670171355,0.72,0.01,8370.4,12.1,0,,,,
224929.jsonl.gz,5615282760875985,0.39,0.005,39591.7,6877.6,0,,,,
224929.jsonl.gz,1122417510711743,0.01,0.002,591.0,0.0,0,,,,
224929.jsonl.gz,2148337392909064,0.013,0.0035,15.2,0.0,0,,,,
224929.jsonl.gz,5552468961200544,0.13,0.005,959.0,0.0,0,,,,
224929.jsonl.gz,5774813808502271,0.021,0.0005,23975.4,0.0,0,,,,
224929.jsonl.gz,7045929632587188,0.23,0.005,1591.8,0.0,0,,,,
224929.jsonl.gz,3704650953639515,0.027,0.004,490.0,0.0,0,,,,
224929.jsonl.gz,8891292653349398,0.016,0.0005,2647.9,0.0,0,,,,
224929.jsonl.gz,1825839575504139,0.003,0.0005,3908.6,0.0,0,,,,
224929.jsonl.gz,9436872649120984,0.02,0.0005,1816.0,2376.0,1,313.2,,,
224929.jsonl.gz,2853789823298506,0.008,0.0035,229.4,0.0,0,,,,
224929.jsonl.gz,5855900748190859,0.012,0.0005,1945.0,0.0,0,,,,
224929.jsonl.gz,1064932851422783,0.927,0.0005,2.5,2.5,0,,,,
224929.jsonl.gz,1083024546070811,0.017,0.002,490.0,594.0,1,343.6,,,
224929.jsonl.gz,9277048309813507,0.926,0.005,0.0,0.0,0,,,,
224929.jsonl.gz,2823941877263364,0.998,0.0155,2340481.0,112500.0,0,,,,
224929.jsonl.gz,3523185360721264,0.91,0.005,3344.2,1248.0,0,,,,
224929.jsonl.gz,9705092174041619,0.63,0.01,144754.0,5641.0,0,,,,
224929.jsonl.gz,2881957189963819,0.41,0.005,29935.6,0.0,0,,,,
224929.jsonl.gz,7419522058612923,0.999,0.014,5836337.9,75000.0,0,,,,
224929.jsonl.gz,6350586282809244,0.025,0.0025,0.0,0.0,0,,,,
224929.jsonl.gz,4264368978045256,0.014,0.0055,1860.7,0.0,0,,,,
224929.jsonl.gz,8021972217434945,0.88,0.005,1759.0,0.0,0,,,,
224929.jsonl.gz,9456528654693780,0.993,0.005,1428.5,0.0,0,,,,
224929.jsonl.gz,6441922505412657,0.98,0.0025,0.0,0.0,0,,,,
224929.jsonl.gz,8881400370038397,0.62,0.01,1790.0,0.0,0,,,,
224929.jsonl.gz,8181063193293541,0.971,0.003,0.0,0.0,0,,,,
224929.jsonl.gz,7643548942136022,0.994,0.002,540.0,0.0,0,,,,
224929.jsonl.gz,1357679737205208,0.998,0.0065,3254.0,0.0,0,,,,
224929.jsonl.gz,2707330300457255,0.36,0.01,497.0,497.0,0,,,,
224929.jsonl.gz,6447863530315865,0.992,0.005,3250.0,1250.0,0,,,,
224929.jsonl.gz,1101660708870437,0.997,0.0055,5.9,111.6,1,467.8,,,
224929.jsonl.gz,9718603078560812,0.01,0.0005,133049.5,0.0,0,,,,
224929.jsonl.gz,6377725888023396,0.1,0.005,6327.2,0.0,0,,,,
224929.jsonl.gz,1396280659352613,0.24,0.005,990.0,0.0,0,,,,
224929.jsonl.gz,8022971310749160,0.011,0.0005,604.0,0.0,0,,,,
224929.jsonl.gz,1982530923885605,0.041,0.0005,0.7,0.7,0,,,,
224929.jsonl.gz,9076837713448521,0.37,0.005,594.0,0.0,0,,,,
224929.jsonl.gz,1059349247931019,0.4,0.005,3710.0,3805.0,0,,,,
224929.jsonl.gz,3519854948656960,0.29,0.005,100.0,0.0,0,,,,
224929.jsonl.gz,7473907490958467,0.084,0.005,490.0,490.0,0,,,,
224929.jsonl.gz,1090994452379897,0.037,0.003,0.0,430.0,1,267.8,,,
224929.jsonl.gz,6384252906871000,0.6,0.005,124235.8,17500.0,0,,,,
224929.jsonl.gz,1022706502257978,0.013,0.0005,811.8,0.0,0,,,,
224929.jsonl.gz,2963382670171355,0.72,0.005,8470.4,12.1,0,,,,
224929.jsonl.gz,5615282760875985,0.39,0.005,39591.7,4346.3,0,,,,
224929.jsonl.gz,1122417510711743,0.01,0.002,591.0,0.0,0,,,,
224929.jsonl.gz,2148337392909064,0.013,0.0035,15.2,0.0,0,,,,
224929.jsonl.gz,5552468961200544,0.13,0.005,959.0,0.0,0,,,,
224929.jsonl.gz,5774813808502271,0.021,0.0005,23975.4,0.0,0,,,,
224929.jsonl.gz,7045929632587188,0.23,0.005,1591.8,0.0,0,,,,
224929.jsonl.gz,3704650953639515,0.027,0.004,540.0,0.0,0,,,,
224929.jsonl.gz,8891292653349398,0.016,0.0005,2647.9,0.0,0,,,,
224929.jsonl.gz,1825839575504139,0.003,0.0005,3908.6,0.0,0,,,,
224929.jsonl.gz,9436872649120984,0.02,0.0005,1816.0,2376.0,1,283.0,,,
224929.jsonl.gz,2853789823298506,0.008,0.0035,229.4,0.0,0,,,,
224929.jsonl.gz,5855900748190859,0.012,0.0005,1945.0,0.0,0,,,,
224929.jsonl.gz,1064932851422783,0.927,0.0005,2.5,2.5,0,,,,
224929.jsonl.gz,1083024546070811,0.017,0.002,490.0,594.0,1,313.4,,,
224929.jsonl.gz,9277048309813507,0.926,0.005,0.0,0.0,0,,,,
224929.jsonl.gz,2823941877263364,0.998,0.0155,2340481.0,112500.0,0,,,,
224929.jsonl.gz,3523185360721264,0.91,0.005,3344.2,1248.0,0,,,,
224929.jsonl.gz,9705092174041619,0.63,0.01,144299.0,4603.0,0,,,,
224929.jsonl.gz,2881957189963819,0.41,0.005,29935.6,0.0,0,,,,
224929.jsonl.gz,7419522058612923,0.999,0.014,5836337.9,75000.0,0,,,,
224929.jsonl.gz,6350586282809244,0.025,0.0025,0.0,0.0,0,,,,
224929.jsonl.gz,4264368978045256,0.014,0.0055,1860.7,0.0,0,,,,
224929.jsonl.gz,8021972217434945,0.88,0.005,1759.0,0.0,0,,,,
224929.jsonl.gz,9456528654693780,0.993,0.005,1428.5,0.0,0,,,,
224929.jsonl.gz,6441922505412657,0.98,0.0025,0.0,0.0,0,,,,
224929.jsonl.gz,8881400370038397,0.62,0.01,1790.0,0.0,0,,,,
224929.jsonl.gz,8181063193293541,0.971,0.0025,0.0,0.0,0,,,,
224929.jsonl.gz,7643548942136022,0.994,0.002,540.0,0.0,0,,,,
224929.jsonl.gz,1357679737205208,0.998,0.0065,3254.0,0.0,0,,,,
224929.jsonl.gz,2707330300457255,0.36,0.01,497.0,497.0,0,,,,
224929.jsonl.gz,8651893035246853,0.77,0.005,1084.0,594.0,0,,,,
224929.jsonl.gz,6447863530315865,0.992,0.005,3250.0,1250.0,0,,,,
224929.jsonl.gz,1101660708870437,0.997,0.0055,5.5,105.7,1,437.4,,,
224929.jsonl.gz,9718603078560812,0.01,0.0005,133049.5,0.0,0,,,,
224929.jsonl.gz,6377725888023396,0.1,0.005,6327.2,0.0,0,,,,
224929.jsonl.gz,1396280659352613,0.24,0.005,990.0,0.0,0,,,,
224929.jsonl.gz,8022971310749160,0.011,0.0005,604.0,0.0,0,,,,
224929.jsonl.gz,1982530923885605,0.055,0.0065,3000.0,0.0,0,,,,
224929.jsonl.gz,9076837713448521,0.37,0.005,594.0,0.0,0,,,,
224929.jsonl.gz,1059349247931019,0.4,0.005,3710.0,3805.0,0,,,,
224929.jsonl.gz,3519854948656960,0.29,0.005,100.0,0.0,0,,,,
224929.jsonl.gz,7473907490958467,0.084,0.005,490.0,490.0,0,,,,
224929.jsonl.gz,1090994452379897,0.037,0.003,0.0,430.0,1,237.4,,,
224929.jsonl.gz,6384252906871000,0.6,0.005,124235.8,17500.0,0,,,,
224929.jsonl.gz,1022706502257978,0.013,0.0005,811.8,0.0,0,,,,
224929.jsonl.gz,2963382670171355,0.72,0.005,8470.4,12.1,0,,,,
224929.jsonl.gz,5615282760875985,0.39,0.005,39591.7,4346.3,0,,,,
224929.jsonl.gz,1122417510711743,0.01,0.002,591.0,0.0,0,,,,
224929.jsonl.gz,2148337392909064,0.013,0.0035,15.2,0.0,0,,,,
224929.jsonl.gz,5552468961200544,0.13,0.005,959.0,0.0,0,,,,
224929.jsonl.gz,5774813808502271,0.021,0.0005,23975.4,0.0,0,,,,
224929.jsonl.gz,7456793595792364,0.981,0.0055,40.0,187.0,1,198.2,,,
224929.jsonl.gz,7045929632587188,0.23,0.005,1591.8,0.0,0,,,,
224929.jsonl.gz,3704650953639515,0.027,0.004,540.0,0.0,0,,,,
224929.jsonl.gz,8891292653349398,0.016,0.0005,2647.9,0.0,0,,,,
224929.jsonl.gz,1825839575504139,0.003,0.0005,3908.6,0.0,0,,,,
224929.jsonl.gz,9436872649120984,0.02,0.0005,1816.0,2376.0,1,252.7,,,
224929.jsonl.gz,2853789823298506,0.008,0.0035,229.4,0.0,0,,,,
224929.jsonl.gz,5855900748190859,0.012,0.0005,1945.0,0.0,0,,,,
224929.jsonl.gz,1064932851422783,0.927,0.0005,2.5,2.5,0,,,,
224929.jsonl.gz,1083024546070811,0.017,0.002,490.0,594.0,1,283.1,,,
224929.jsonl.gz,9277048309813507,0.926,0.005,0.0,0.0,0,,,,
224929.jsonl.gz,6840002209357316,0.78,0.01,594.0,1188.0,1,336.7,,,
224929.jsonl.gz,2823941877263364,0.998,0.0155,2302981.0,75000.0,0,,,,
224929.jsonl.gz,3523185360721264,0.91,0.005,3344.2,1248.0,0,,,,
224929.jsonl.gz,9705092174041619,0.63,0.01,144299.0,4603.0,0,,,,
224929.jsonl.gz,2881957189963819,0.41,0.005,29935.6,0.0,0,,,,
224929.jsonl.gz,7419522058612923,0.999,0.014,5811337.9,50000.0,0,,,,
224929.jsonl.gz,6350586282809244,0.025,0.0025,0.0,0.0,0,,,,
224929.jsonl.gz,4264368978045256,0.014,0.0055,1860.7,0.0,0,,,,
224929.jsonl.gz,8021972217434945,0.88,0.005,1759.0,0.0,0,,,,
224929.jsonl.gz,9456528654693780,0.993,0.005,1428.5,0.0,0,,,,
224929.jsonl.gz,6441922505412657,0.98,0.0025,0.0,0.0,0,,,,
224929.jsonl.gz,8881400370038397,0.62,0.01,1790.0,0.0,0,,,,
224929.jsonl.gz,8181063193293541,0.971,0.0025,0.0,0.0,0,,,,
224929.jsonl.gz,7643548942136022,0.994,0.002,540.0,0.0,0,,,,
224929.jsonl.gz,1357679737205208,0.998,0.0065,3254.0,0.0,0,,,,
224929.jsonl.gz,2707330300457255,0.36,0.01,0.0,0.0,0,,,,
224929.jsonl.gz,8651893035246853,0.77,0.005,1084.0,594.0,0,,,,
224929.jsonl.gz,6447863530315865,0.992,0.005,3250.0,1250.0,0,,,,
224929.jsonl.gz,1101660708870437,0.997,0.0055,5.5,105.7,1,407.2,,,
224929.jsonl.gz,9718603078560812,0.01,0.0005,133049.5,0.0,0,,,,
224929.jsonl.gz,6377725888023396,0.1,0.005,6327.2,0.0,0,,,,
224929.jsonl.gz,1396280659352613,0.24,0.005,990.0,0.0,0,,,,
224929.jsonl.gz,8022971310749160,0.011,0.0005,604.0,0.0,0,,,,
224929.jsonl.gz,1982530923885605,0.055,0.0065,3000.0,0.0,0,,,,
224929.jsonl.gz,9076837713448521,0.37,0.005,594.0,0.0,0,,,,
224929.jsonl.gz,1059349247931019,0.4,0.005,710.0,805.0,0,,,,
224929.jsonl.gz,3519854948656960,0.29,0.005,130.0,0.0,0,,,,
224929.jsonl.gz,7473907490958467,0.084,0.005,490.0,490.0,0,,,,
224929.jsonl.gz,1090994452379897,0.037,0.003,0.0,430.0,1,207.1,,,
224929.jsonl.gz,6384252906871000,0.6,0.005,122735.8,16000.0,0,,,,
224929.jsonl.gz,1022706502257978,0.013,0.0005,811.8,0.0,0,,,,
224929.jsonl.gz,2963382670171355,0.72,0.005,8470.4,12.1,0,,,,
224929.jsonl.gz,5615282760875985,0.39,0.005,39591.7,4346.3,0,,,,
224929.jsonl.gz,1122417510711743,0.01,0.002,591.0,0.0,0,,,,
224929.jsonl.gz,2148337392909064,0.013,0.0035,15.2,0.0,0,,,,
224929.jsonl.gz,5552468961200544,0.13,0.005,959.0,0.0,0,,,,
224929.jsonl.gz,5774813808502271,0.021,0.0005,23975.4,0.0,0,,,,
224929.jsonl.gz,7456793595792364,0.981,0.0055,40.0,187.0,1,167.9,,,
224929.jsonl.gz,7045929632587188,0.23,0.005,1591.8,0.0,0,,,,
224929.jsonl.gz,3704650953639515,0.027,0.004,540.0,0.0,0,,,,
224929.jsonl.gz,8891292653349398,0.016,0.0005,2647.9,0.0,0,,,,
224929.jsonl.gz,1825839575504139,0.003,0.0005,3908.6,0.0,0,,,,
224929.jsonl.gz,9436872649120984,0.02,0.0005,1816.0,2376.0,1,222.4,,,
224929.jsonl.gz,2853789823298506,0.008,0.0035,229.4,0.0,0,,,,
224929.jsonl.gz,5855900748190859,0.012,0.0005,1945.0,0.0,0,,,,
224929.jsonl.gz,1064932851422783,0.927,0.0005,2.5,2.5,0,,,,
224929.jsonl.gz,1083024546070811,0.017,0.002,490.0,594.0,1,252.8,,,
224929.jsonl.gz,9277048309813507,0.926,0.005,0.0,0.0,0,,,,
224929.jsonl.gz,6840002209357316,0.78,0.01,594.0,1188.0,1,326.8,,,
224929.jsonl.gz,2823941877263364,0.998,0.0155,2340481.0,75000.0,0,,,,
224929.jsonl.gz,3523185360721264,0.91,0.005,3344.2,1248.0,0,,,,
224929.jsonl.gz,9705092174041619,0.63,0.01,144399.0,4603.0,0,,,,
224929.jsonl.gz,2881957189963819,0.41,0.005,29935.6,0.0,0,,,,
224929.jsonl.gz,7419522058612923,0.999,0.014,5836337.9,50000.0,0,,,,
224929.jsonl.gz,6350586282809244,0.025,0.0025,0.0,0.0,0,,,,
224929.jsonl.gz,4264368978045256,0.014,0.0055,1860.7,0.0,0,,,,
224929.jsonl.gz,8021972217434945,0.88,0.005,1759.0,0.0,0,,,,
224929.jsonl.gz,9456528654693780,0.993,0.005,1428.5,0.0,0,,,,
224929.jsonl.gz,6441922505412657,0.98,0.0025,0.0,0.0,0,,,,
224929.jsonl.gz,8881400370038397,0.62,0.01,1790.0,0.0,0,,,,
224929.jsonl.gz,8181063193293541,0.971,0.002,0.0,0.0,0,,,,
224929.jsonl.gz,7643548942136022,0.994,0.002,540.0,0.0,0,,,,
224929.jsonl.gz,1357679737205208,0.998,0.0065,3254.0,0.0,0,,,,
224929.jsonl.gz,2707330300457255,0.36,0.005,0.0,0.0,0,,,,
224929.jsonl.gz,8651893035246853,0.77,0.005,490.0,0.0,0,,,,
224929.jsonl.gz,6447863530315865,0.992,0.005,3250.0,1250.0,0,,,,
224929.jsonl.gz,1101660708870437,0.997,0.0055,5.5,105.7,1,377.0,,,
224929.jsonl.gz,9718603078560812,0.01,0.0005,133049.5,0.0,0,,,,
224929.jsonl.gz,6377725888023396,0.1,0.005,6327.2,0.0,0,,,,
224929.jsonl.gz,1396280659352613,0.24,0.005,990.0,0.0,0,,,,
224929.jsonl.gz,8022971310749160,0.011,0.0005,604.0,0.0,0,,,,
224929.jsonl.gz,1982530923885605,0.055,0.0065,3000.0,0.0,0,,,,
224929.jsonl.gz,9076837713448521,0.37,0.005,594.0,0.0,0,,,,
224929.jsonl.gz,1059349247931019,0.4,0.005,1122.0,805.0,0,,,,
224929.jsonl.gz,3519854948656960,0.29,0.005,130.0,0.0,0,,,,
224929.jsonl.gz,7473907490958467,0.082,0.004,490.0,0.0,0,,,,
224929.jsonl.gz,1090994452379897,0.037,0.003,0.0,430.0,1,176.9,,,
224929.jsonl.gz,6384252906871000,0.6,0.005,122735.8,16000.0,0,,,,
224929.jsonl.gz,1022706502257978,0.013,0.0005,811.8,0.0,0,,,,
224929.jsonl.gz,2963382670171355,0.72,0.005,8470.4,12.1,0,,,,
224929.jsonl.gz,5615282760875985,0.39,0.005,39591.7,4346.3,0,,,,
224929.jsonl.gz,1122417510711743,0.01,0.002,591.0,0.0,0,,,,
224929.jsonl.gz,2148337392909064,0.013,0.0035,15.2,0.0,0,,,,
224929.jsonl.gz,5552468961200544,0.13,0.005,959.0,0.0,0,,,,
224929.jsonl.gz,5774813808502271,0.021,0.0005,23975.4,0.0,0,,,,
224929.jsonl.gz,7456793595792364,0.981,0.0055,40.0,187.0,1,137.7,,,
224929.jsonl.gz,7045929632587188,0.23,0.005,1591.8,0.0,0,,,,
224929.jsonl.gz,3704650953639515,0.027,0.004,540.0,0.0,0,,,,
224929.jsonl.gz,8891292653349398,0.016,0.0005,2647.9,0.0,0,,,,
224929.jsonl.gz,1825839575504139,0.003,0.0005,3908.6,0.0,0,,,,
224929.jsonl.gz,9436872649120984,0.02,0.0005,1816.0,2376.0,1,192.2,,,
224929.jsonl.gz,2853789823298506,0.008,0.0035,229.4,0.0,0,,,,
224929.jsonl.gz,5855900748190859,0.012,0.0005,1945.0,0.0,0,,,,
224929.jsonl.gz,1064932851422783,0.927,0.0005,2.5,2.5,0,,,,
224929.jsonl.gz,1083024546070811,0.017,0.002,490.0,594.0,1,222.6,,,
224929.jsonl.gz,6309330581531068,0.969,0.003,0.0,0.0,0,,,,
224929.jsonl.gz,9277048309813507,0.926,0.004,0.0,0.0,0,,,,
224929.jsonl.gz,6840002209357316,0.78,0.01,594.0,1188.0,1,296.6,,,
224929.jsonl.gz,2823941877263364,0.998,0.0155,2340481.0,75000.0,0,,,,
224929.jsonl.gz,3523185360721264,0.91,0.005,3344.2,1248.0,0,,,,
224929.jsonl.gz,9705092174041619,0.63,0.01,144735.0,4603.0,0,,,,
224929.jsonl.gz,2881957189963819,0.41,0.005,29935.6,0.0,0,,,,
224929.jsonl.gz,7419522058612923,0.999,0.014,5836337.9,50000.0,0,,,,
224929.jsonl.gz,6350586282809244,0.025,0.0025,0.0,0.0,0,,,,
224929.jsonl.gz,4264368978045256,0.014,0.0055,1860.7,0.0,0,,,,
224929.jsonl.gz,8021972217434945,0.88,0.005,1759.0,0.0,0,,,,
224929.jsonl.gz,9456528654693780,0.993,0.005,1428.5,0.0,0,,,,
224929.jsonl.gz,6441922505412657,0.98,0.0025,0.0,0.0,0,,,,
224929.jsonl.gz,8881400370038397,0.62,0.01,1790.0,0.0,0,,,,
224929.jsonl.gz,8181063193293541,0.971,0.002,0.0,0.0,0,,,,
224929.jsonl.gz,7643548942136022,0.994,0.002,540.0,0.0,0,,,,
224929.jsonl.gz,1357679737205208,0.998,0.0065,3254.0,0.0,0,,,,
224929.jsonl.gz,2707330300457255,0.36,0.005,0.0,0.0,0,,,,
224929.jsonl.gz,8651893035246853,0.77,0.005,1084.0,0.0,0,,,,
224929.jsonl.gz,1034172286432846,0.981,0.0045,0.0,0.0,0,,,,
224929.jsonl.gz,6447863530315865,0.992,0.005,3250.0,1250.0,0,,,,
224929.jsonl.gz,1101660708870437,0.997,0.0055,5.5,105.7,1,346.7,,,
224929.jsonl.gz,9718603078560812,0.01,0.0005,133049.5,0.0,0,,,,
224929.jsonl.gz,6377725888023396,0.1,0.005,6327.2,0.0,0,,,,
224929.jsonl.gz,1396280659352613,0.24,0.005,990.0,0.0,0,,,,
224929.jsonl.gz,8022971310749160,0.011,0.0005,604.0,0.0,0,,,,
224929.jsonl.gz,1982530923885605,0.055,0.0065,3000.0,0.0,0,,,,
224929.jsonl.gz,9076837713448521,0.37,0.005,594.0,0.0,0,,,,
224929.jsonl.gz,1059349247931019,0.4,0.005,1122.0,805.0,0,,,,
224929.jsonl.gz,3519854948656960,0.29,0.005,130.0,0.0,0,,,,
224929.jsonl.gz,7473907490958467,0.082,0.004,490.0,0.0,0,,,,
224929.jsonl.gz,1090994452379897,0.037,0.003,0.0,430.0,1,146.7,,,
224929.jsonl.gz,6384252906871000,0.6,0.005,122735.8,16000.0,0,,,,
224929.jsonl.gz,1022706502257978,0.013,0.0005,811.8,0.0,0,,,,
224929.jsonl.gz,2963382670171355,0.72,0.005,8470.4,12.1,0,,,,
224929.jsonl.gz,5615282760875985,0.39,0.005,39591.7,4346.3,0,,,,
224929.jsonl.gz,1122417510711743,0.01,0.002,591.0,0.0,0,,,,
224929.jsonl.gz,2148337392909064,0.013,0.0035,15.2,0.0,0,,,,
224929.jsonl.gz,5552468961200544,0.13,0.005,959.0,0.0,0,,,,
224929.jsonl.gz,5774813808502271,0.021,0.0005,23975.4,0.0,0,,,,
224929.jsonl.gz,7045929632587188,0.23,0.005,1591.8,0.0,0,,,,
224929.jsonl.gz,3704650953639515,0.027,0.004,540.0,0.0,0,,,,
224929.jsonl.gz,8891292653349398,0.016,0.0005,2647.9,0.0,0,,,,
224929.jsonl.gz,1825839575504139,0.003,0.0005,3908.6,0.0,0,,,,
224929.jsonl.gz,9436872649120984,0.02,0.0005,1816.0,2376.0,1,161.9,,,
224929.jsonl.gz,2853789823298506,0.008,0.0035,229.4,0.0,0,,,,
224929.jsonl.gz,5855900748190859,0.012,0.0005,1945.0,0.0,0,,,,
224929.jsonl.gz,1064932851422783,0.927,0.0005,2.5,2.5,0,,,,
224929.jsonl.gz,1083024546070811,0.017,0.002,490.0,594.0,1,192.3,,,
224929.jsonl.gz,6309330581531068,0.969,0.003,0.0,0.0,0,,,,
224929.jsonl.gz,9277048309813507,0.926,0.004,0.0,0.0,0,,,,
224929.jsonl.gz,6840002209357316,0.78,0.01,594.0,1188.0,1,266.3,,,
224929.jsonl.gz,2823941877263364,0.998,0.0155,2340481.0,75000.0,0,,,,
224929.jsonl.gz,3523185360721264,0.91,0.005,3344.2,1248.0,0,,,,
224929.jsonl.gz,9705092174041619,0.63,0.01,144735.0,4603.0,0,,,,
224929.jsonl.gz,2881957189963819,0.41,0.005,29935.6,0.0,0,,,,
224929.jsonl.gz,7419522058612923,0.999,0.014,5836337.9,50000.0,0,,,,
224929.jsonl.gz,6350586282809244,0.025,0.0015,0.0,0.0,0,,,,
224929.jsonl.gz,4264368978045256,0.014,0.0055,1860.7,0.0,0,,,,
224929.jsonl.gz,8021972217434945,0.88,0.005,1759.0,0.0,0,,,,
224929.jsonl.gz,9456528654693780,0.993,0.005,1428.5,0.0,0,,,,
224929.jsonl.gz,6441922505412657,0.98,0.0025,0.0,0.0,0,,,,
224929.jsonl.gz,8881400370038397,0.62,0.01,1790.0,0.0,0,,,,
224929.jsonl.gz,8181063193293541,0.971,0.002,0.0,0.0,0,,,,
224929.jsonl.gz,7643548942136022,0.994,0.002,540.0,0.0,0,,,,
224929.jsonl.gz,1357679737205208,0.998,0.0065,3254.0,0.0,0,,,,
224929.jsonl.gz,2707330300457255,0.36,0.005,0.0,0.0,0,,,,
224929.jsonl.gz,8651893035246853,0.77,0.005,1084.0,0.0,0,,,,
224929.jsonl.gz,1034172286432846,0.981,0.0045,0.0,0.0,0,,,,
224929.jsonl.gz,6447863530315865,0.992,0.005,3250.0,1250.0,0,,,,
224929.jsonl.gz,1101660708870437,0.997,0.0055,5.5,105.7,1,316.7,,,
224929.jsonl.gz,9718603078560812,0.01,0.0005,133049.5,0.0,0,,,,
224929.jsonl.gz,6377725888023396,0.1,0.005,6392.2,0.0,0,,,,
224929.jsonl.gz,1396280659352613,0.24,0.005,990.0,0.0,0,,,,
224929.jsonl.gz,8022971310749160,0.011,0.0005,604.0,0.0,0,,,,
224929.jsonl.gz,1982530923885605,0.055,0.0065,3000.0,0.0,0,,,,
224929.jsonl.gz,9076837713448521,0.37,0.005,594.0,0.0,0,,,,
224929.jsonl.gz,1059349247931019,0.4,0.005,710.0,393.0,0,,,,
224929.jsonl.gz,3519854948656960,0.29,0.005,130.0,0.0,0,,,,
224929.jsonl.gz,7473907490958467,0.082,0.004,490.0,0.0,0,,,,
224929.jsonl.gz,1090994452379897,0.037,0.003,0.0,430.0,1,116.6,,,
224929.jsonl.gz,6384252906871000,0.6,0.005,122735.8,13000.0,0,,,,
224929.jsonl.gz,1022706502257978,0.013,0.0005,811.8,0.0,0,,,,
224929.jsonl.gz,2963382670171355,0.72,0.005,8470.4,12.1,0,,,,
224929.jsonl.gz,5615282760875985,0.39,0.005,39591.7,1784.8,0,,,,
224929.jsonl.gz,1122417510711743,0.01,0.002,591.0,0.0,0,,,,
224929.jsonl.gz,2148337392909064,0.013,0.0035,15.2,0.0,0,,,,
224929.jsonl.gz,5552468961200544,0.13,0.005,959.0,0.0,0,,,,
224929.jsonl.gz,5774813808502271,0.021,0.0005,23975.4,0.0,0,,,,
224929.jsonl.gz,7045929632587188,0.23,0.005,1591.8,0.0,0,,,,
224929.jsonl.gz,3704650953639515,0.027,0.004,540.0,0.0,0,,,,
224929.jsonl.gz,8891292653349398,0.016,0.0005,2647.9,0.0,0,,,,
224929.jsonl.gz,1825839575504139,0.003,0.0005,3908.6,0.0,0,,,,
224929.jsonl.gz,9436872649120984,0.02,0.0005,1816.0,2376.0,1,131.9,,,
224929.jsonl.gz,2853789823298506,0.008,0.0035,229.4,0.0,0,,,,
224929.jsonl.gz,5855900748190859,0.012,0.0005,1945.0,0.0,0,,,,
224929.jsonl.gz,1064932851422783,0.927,0.0005,2.5,2.5,0,,,,
224929.jsonl.gz,1083024546070811,0.017,0.002,490.0,594.0,1,162.3,,,
224929.jsonl.gz,6309330581531068,0.969,0.003,0.0,0.0,0,,,,
224929.jsonl.gz,9277048309813507,0.926,0.004,0.0,0.0,0,,,,
224929.jsonl.gz,5775223447809780,0.994,0.006,0.0,165.4,1,113.8,,,
224929.jsonl.gz,6840002209357316,0.78,0.01,594.0,1188.0,1,236.3,,,
224929.jsonl.gz,2823941877263364,0.998,0.0155,2340481.0,75000.0,0,,,,
224929.jsonl.gz,3523185360721264,0.91,0.005,2555.2,459.0,0,,,,
224929.jsonl.gz,9705092174041619,0.63,0.01,141619.0,1487.0,0,,,,
224929.jsonl.gz,2881957189963819,0.41,0.005,30135.6,0.0,0,,,,
224929.jsonl.gz,7419522058612923,0.999,0.014,5836337.9,50000.0,0,,,,
224929.jsonl.gz,6350586282809244,0.025,0.0015,0.0,0.0,0,,,,
224929.jsonl.gz,4264368978045256,0.014,0.0055,1860.7,0.0,0,,,,
224929.jsonl.gz,4317110822368379,0.996,0.004,5000.0,0.0,0,,,,
224929.jsonl.gz,8021972217434945,0.88,0.005,1759.0,0.0,0,,,,
224929.jsonl.gz,9456528654693780,0.993,0.005,1428.5,0.0,0,,,,
224929.jsonl.gz,6441922505412657,0.98,0.0025,0.0,0.0,0,,,,
224929.jsonl.gz,8881400370038397,0.62,0.01,1790.0,0.0,0,,,,
224929.jsonl.gz,8181063193293541,0.971,0.0015,0.0,0.0,0,,,,
224929.jsonl.gz,7643548942136022,0.994,0.002,540.0,0.0,0,,,,
224929.jsonl.gz,1357679737205208,0.998,0.0065,3254.0,0.0,0,,,,
224929.jsonl.gz,2707330300457255,0.36,0.005,0.0,0.0,0,,,,
224929.jsonl.gz,8651893035246853,0.77,0.005,1084.0,0.0,0,,,,
224929.jsonl.gz,1034172286432846,0.981,0.0045,0.0,0.0,0,,,,
224929.jsonl.gz,6447863530315865,0.988,0.003,0.0,0.0,0,,,,
224929.jsonl.gz,1101660708870437,0.997,0.0055,5.5,105.7,1,286.4,,,
224929.jsonl.gz,9718603078560812,0.01,0.0005,133049.5,0.0,0,,,,
224929.jsonl.gz,6377725888023396,0.1,0.005,6392.2,0.0,0,,,,
224929.jsonl.gz,1396280659352613,0.24,0.005,990.0,0.0,0,,,,
224929.jsonl.gz,8022971310749160,0.011,0.0005,604.0,0.0,0,,,,
224929.jsonl.gz,1982530923885605,0.055,0.0065,3000.0,0.0,0,,,,
224929.jsonl.gz,9076837713448521,0.37,0.005,594.0,0.0,0,,,,
224929.jsonl.gz,1059349247931019,0.4,0.005,1103.0,393.0,0,,,,
224929.jsonl.gz,3519854948656960,0.29,0.005,130.0,0.0,0,,,,
224929.jsonl.gz,7473907490958467,0.082,0.004,490.0,0.0,0,,,,
224929.jsonl.gz,1090994452379897,0.037,0.003,0.0,430.0,1,86.3,,,
224929.jsonl.gz,6384252906871000,0.6,0.005,122735.8,13000.0,0,,,,
224929.jsonl.gz,1022706502257978,0.013,0.0005,811.8,0.0,0,,,,
224929.jsonl.gz,2963382670171355,0.72,0.005,8470.4,12.1,0,,,,
224929.jsonl.gz,5615282760875985,0.39,0.005,39591.7,1784.8,0,,,,
224929.jsonl.gz,1122417510711743,0.01,0.002,591.0,0.0,0,,,,
224929.jsonl.gz,2148337392909064,0.013,0.0035,15.2,0.0,0,,,,
224929.jsonl.gz,5552468961200544,0.13,0.005,959.0,0.0,0,,,,
224929.jsonl.gz,5774813808502271,0.021,0.0005,23975.4,0.0,0,,,,
224929.jsonl.gz,7456793595792364,0.977,0.0015,0.0,120.0,1,95.0,,,
224929.jsonl.gz,7045929632587188,0.23,0.005,1591.8,0.0,0,,,,
224929.jsonl.gz,3704650953639515,0.027,0.004,540.0,0.0,0,,,,
224929.jsonl.gz,8891292653349398,0.016,0.0005,2647.9,0.0,0,,,,
224929.jsonl.gz,1825839575504139,0.003,0.0005,3908.6,0.0,0,,,,
224929.jsonl.gz,2853789823298506,0.008,0.0035,229.4,0.0,0,,,,
224929.jsonl.gz,5855900748190859,0.012,0.0005,1945.0,0.0,0,,,,
224929.jsonl.gz,1064932851422783,0.93,0.0005,34.5,34.5,0,,,,
224929.jsonl.gz,1083024546070811,0.017,0.002,490.0,594.0,1,132.0,,,
224929.jsonl.gz,6309330581531068,0.969,0.003,0.0,0.0,0,,,,
224929.jsonl.gz,9277048309813507,0.926,0.004,0.0,0.0,0,,,,
224929.jsonl.gz,5775223447809780,0.994,0.006,0.0,165.4,1,83.5,,,
224929.jsonl.gz,6840002209357316,0.78,0.01,594.0,1188.0,1,206.0,,,
224929.jsonl.gz,2823941877263364,0.998,0.0155,2340481.0,75000.0,0,,,,
224929.jsonl.gz,3523185360721264,0.91,0.005,3014.2,459.0,0,,,,
224929.jsonl.gz,9705092174041619,0.63,0.01,141619.0,1487.0,0,,,,
224929.jsonl.gz,2881957189963819,0.41,0.005,30135.6,0.0,0,,,,
224929.jsonl.gz,7419522058612923,0.999,0.014,5836337.9,50000.0,0,,,,
224929.jsonl.gz,6350586282809244,0.025,0.001,0.0,0.0,0,,,,
224929.jsonl.gz,4264368978045256,0.014,0.0055,1860.7,0.0,0,,,,
224929.jsonl.gz,4317110822368379,0.996,0.004,5000.0,0.0,0,,,,
224929.jsonl.gz,8021972217434945,0.88,0.005,1759.0,0.0,0,,,,
224929.jsonl.gz,9456528654693780,0.993,0.005,1428.5,0.0,0,,,,
224929.jsonl.gz,6441922505412657,0.98,0.0025,0.0,0.0,0,,,,
224929.jsonl.gz,8881400370038397,0.62,0.01,1790.0,0.0,0,,,,
224929.jsonl.gz,8181063193293541,0.971,0.0015,0.0,0.0,0,,,,
224929.jsonl.gz,7643548942136022,0.994,0.002,540.0,0.0,0,,,,
224929.jsonl.gz,1357679737205208,0.998,0.0065,3254.0,0.0,0,,,,
224929.jsonl.gz,2707330300457255,0.36,0.005,0.0,0.0,0,,,,
224929.jsonl.gz,8651893035246853,0.77,0.005,1084.0,0.0,0,,,,
224929.jsonl.gz,6447863530315865,0.988,0.003,0.0,0.0,0,,,,
224929.jsonl.gz,1101660708870437,0.997,0.0055,5.5,105.7,1,256.4,,,
224929.jsonl.gz,9718603078560812,0.01,0.0005,133049.5,0.0,0,,,,
224929.jsonl.gz,6377725888023396,0.1,0.005,6392.2,0.0,0,,,,
224929.jsonl.gz,1396280659352613,0.24,0.005,990.0,0.0,0,,,,
224929.jsonl.gz,8022971310749160,0.011,0.0005,604.0,0.0,0,,,,
224929.jsonl.gz,1982530923885605,0.055,0.0065,3000.0,0.0,0,,,,
224929.jsonl.gz,9076837713448521,0.37,0.005,594.0,0.0,0,,,,
224929.jsonl.gz,1059349247931019,0.4,0.005,1103.0,393.0,0,,,,
224929.jsonl.gz,3519854948656960,0.29,0.005,130.0,0.0,0,,,,
224929.jsonl.gz,7473907490958467,0.082,0.004,490.0,0.0,0,,,,
224929.jsonl.gz,1090994452379897,0.037,0.003,0.0,430.0,1,56.3,,,
224929.jsonl.gz,6384252906871000,0.6,0.005,112235.8,1000.0,0,,,,
224929.jsonl.gz,1022706502257978,0.013,0.0005,811.8,0.0,0,,,,
224929.jsonl.gz,2963382670171355,0.72,0.005,8470.4,12.1,0,,,,
224929.jsonl.gz,5615282760875985,0.39,0.005,39091.7,4.0,0,,,,
224929.jsonl.gz,1122417510711743,0.01,0.002,591.0,0.0,0,,,,
224929.jsonl.gz,2148337392909064,0.013,0.0035,15.2,0.0,0,,,,
224929.jsonl.gz,5552468961200544,0.13,0.005,959.0,0.0,0,,,,
224929.jsonl.gz,5774813808502271,0.021,0.0005,23975.4,0.0,0,,,,
224929.jsonl.gz,7456793595792364,0.977,0.0015,0.0,120.0,1,69.0,,,
224929.jsonl.gz,7045929632587188,0.23,0.005,1591.8,0.0,0,,,,
224929.jsonl.gz,3704650953639515,0.027,0.004,540.0,0.0,0,,,,
224929.jsonl.gz,8891292653349398,0.016,0.0005,2647.9,0.0,0,,,,
224929.jsonl.gz,1825839575504139,0.003,0.0005,3908.6,0.0,0,,,,
224929.jsonl.gz,8890297437819588,0.65,0.005,557.0,1047.0,1,16.5,,,
224929.jsonl.gz,2853789823298506,0.008,0.0035,229.4,0.0,0,,,,
224929.jsonl.gz,5855900748190859,0.012,0.0005,1945.0,0.0,0,,,,
224929.jsonl.gz,1064932851422783,0.93,0.0005,34.5,34.5,0,,,,
224929.jsonl.gz,1083024546070811,0.017,0.002,490.0,594.0,1,102.0,,,
224929.jsonl.gz,6309330581531068,0.969,0.003,0.0,0.0,0,,,,
224929.jsonl.gz,9277048309813507,0.926,0.004,0.0,0.0,0,,,,
224929.jsonl.gz,5775223447809780,0.994,0.006,0.0,165.0,1,61.3,,,
224929.jsonl.gz,6840002209357316,0.78,0.01,594.0,1188.0,1,176.0,,,
224929.jsonl.gz,2823941877263364,0.998,0.012,2340481.0,75000.0,0,,,,
224929.jsonl.gz,3523185360721264,0.91,0.005,3014.2,459.0,0,,,,
224929.jsonl.gz,9705092174041619,0.63,0.01,144819.0,1487.0,0,,,,
224929.jsonl.gz,2881957189963819,0.41,0.005,30135.6,0.0,0,,,,
224929.jsonl.gz,7419522058612923,0.999,0.014,5836337.9,50000.0,0,,,,
224929.jsonl.gz,6350586282809244,0.025,0.001,0.0,0.0,0,,,,
224929.jsonl.gz,4264368978045256,0.014,0.0055,1860.7,0.0,0,,,,
224929.jsonl.gz,4317110822368379,0.996,0.004,5000.0,0.0,0,,,,
224929.jsonl.gz,8021972217434945,0.88,0.005,1759.0,0.0,0,,,,
224929.jsonl.gz,9456528654693780,0.993,0.005,1428.5,0.0,0,,,,
224929.jsonl.gz,6441922505412657,0.98,0.0025,0.0,0.0,0,,,,
224929.jsonl.gz,8881400370038397,0.62,0.01,1790.0,0.0,0,,,,
224929.jsonl.gz,8181063193293541,0.971,0.0015,0.0,0.0,0,,,,
224929.jsonl.gz,7643548942136022,0.994,0.002,540.0,0.0,0,,,,
224929.jsonl.gz,1357679737205208,0.998,0.0065,3254.0,0.0,0,,,,
224929.jsonl.gz,2707330300457255,0.36,0.005,0.0,0.0,0,,,,
224929.jsonl.gz,8651893035246853,0.77,0.005,1084.0,0.0,0,,,,
224929.jsonl.gz,6447863530315865,0.988,0.003,0.0,0.0,0,,,,
224929.jsonl.gz,1101660708870437,0.995,0.0045,0.0,0.0,0,,,,
224929.jsonl.gz,9718603078560812,0.01,0.0005,133049.5,0.0,0,,,,
224929.jsonl.gz,6377725888023396,0.1,0.005,6392.2,0.0,0,,,,
224929.jsonl.gz,1396280659352613,0.24,0.005,990.0,0.0,0,,,,
224929.jsonl.gz,3804724364027599,0.032,0.0015,0.0,490.0,1,2.1,,,
224929.jsonl.gz,8022971310749160,0.011,0.0005,604.0,0.0,0,,,,
224929.jsonl.gz,1982530923885605,0.055,0.0055,3000.0,0.0,0,,,,
224929.jsonl.gz,9076837713448521,0.37,0.005,594.0,0.0,0,,,,
224929.jsonl.gz,1059349247931019,0.4,0.005,1103.0,393.0,0,,,,
224929.jsonl.gz,3519854948656960,0.29,0.005,130.0,0.0,0,,,,
224929.jsonl.gz,7473907490958467,0.082,0.004,490.0,0.0,0,,,,
224929.jsonl.gz,1090994452379897,0.037,0.003,0.0,430.0,1,26.3,,,
224929.jsonl.gz,6384252906871000,0.6,0.005,112235.8,1000.0,0,,,,
224929.jsonl.gz,1022706502257978,0.013,0.0005,811.8,0.0,0,,,,
224929.jsonl.gz,2963382670171355,0.72,0.005,8470.4,12.1,0,,,,
224929.jsonl.gz,5615282760875985,0.39,0.005,39091.7,4.0,0,,,,
224929.jsonl.gz,1122417510711743,0.01,0.002,591.0,0.0,0,,,,
224929.jsonl.gz,2148337392909064,0.013,0.0035,15.2,0.0,0,,,,
224929.jsonl.gz,5552468961200544,0.13,0.005,959.0,0.0,0,,,,
224929.jsonl.gz,5774813808502271,0.021,0.0005,23975.4,0.0,0,,,,
224929.jsonl.gz,7456793595792364,0.977,0.0015,0.0,120.0,1,39.0,,,
224929.jsonl.gz,7045929632587188,0.23,0.005,1591.8,0.0,0,,,,
224929.jsonl.gz,3704650953639515,0.027,0.004,540.0,0.0,0,,,,
224929.jsonl.gz,8891292653349398,0.016,0.0005,2647.9,0.0,0,,,,
224929.jsonl.gz,1825839575504139,0.003,0.0005,6768.9,0.0,0,,,,
224929.jsonl.gz,8890297437819588,0.65,0.005,490.0,1053.0,1,17.0,,,
224929.jsonl.gz,2853789823298506,0.008,0.0035,229.4,0.0,0,,,,
224929.jsonl.gz,5855900748190859,0.012,0.0005,1945.0,0.0,0,,,,
224929.jsonl.gz,1064932851422783,0.93,0.0005,34.5,34.5,0,,,,
224929.jsonl.gz,1083024546070811,0.017,0.002,490.0,594.0,1,72.0,,,
224929.jsonl.gz,6309330581531068,0.969,0.003,0.0,0.0,0,,,,
224929.jsonl.gz,9277048309813507,0.926,0.004,0.0,0.0,0,,,,
224929.jsonl.gz,5775223447809780,0.994,0.006,0.0,165.0,1,31.3,,,
224929.jsonl.gz,6840002209357316,0.78,0.01,594.0,1188.0,1,146.0,,,
224929.jsonl.gz,2823941877263364,0.998,0.012,2340481.0,37500.0,0,,,,
224929.jsonl.gz,6824515892885346,0.64,0.005,0.0,530.0,1,8.9,,,
224929.jsonl.gz,3523185360721264,0.91,0.005,3014.2,459.0,0,,,,
224929.jsonl.gz,9705092174041619,0.63,0.01,144452.0,920.0,0,,,,
224929.jsonl.gz,2881957189963819,0.41,0.005,30135.6,0.0,0,,,,
224929.jsonl.gz,7419522058612923,0.999,0.014,5836337.9,25000.0,0,,,,
224929.jsonl.gz,6350586282809244,0.025,0.001,0.0,0.0,0,,,,
224929.jsonl.gz,4264368978045256,0.014,0.0045,1860.7,0.0,0,,,,
224929.jsonl.gz,4317110822368379,0.996,0.004,5000.0,0.0,0,,,,
224929.jsonl.gz,8021972217434945,0.88,0.005,1759.0,0.0,0,,,,
224929.jsonl.gz,9456528654693780,0.993,0.005,1428.5,0.0,0,,,,
224929.jsonl.gz,6441922505412657,0.98,0.0025,0.0,0.0,0,,,,
224929.jsonl.gz,8881400370038397,0.62,0.01,1790.0,0.0,0,,,,
224929.jsonl.gz,8181063193293541,0.971,0.0015,0.0,0.0,0,,,,
224929.jsonl.gz,7643548942136022,0.994,0.002,540.0,0.0,0,,,,
224929.jsonl.gz,1357679737205208,0.998,0.0065,3254.0,0.0,0,,,,
224929.jsonl.gz,2707330300457255,0.36,0.005,0.0,0.0,0,,,,
224929.jsonl.gz,8651893035246853,0.77,0.005,1084.0,0.0,0,,,,
224929.jsonl.gz,6447863530315865,0.988,0.003,0.0,0.0,0,,,,
224929.jsonl.gz,1101660708870437,0.995,0.0045,0.0,0.0,0,,,,
224929.jsonl.gz,9718603078560812,0.01,0.0005,133049.5,0.0,0,,,,
224929.jsonl.gz,6377725888023396,0.1,0.005,6392.2,0.0,0,,,,
224929.jsonl.gz,1396280659352613,0.24,0.005,990.0,0.0,0,,,,
224929.jsonl.gz,3804724364027599,0.032,0.0015,0.0,490.0,1,16.9,,,
224929.jsonl.gz,8022971310749160,0.011,0.0005,604.0,0.0,0,,,,
224929.jsonl.gz,1982530923885605,0.055,0.0055,3000.0,0.0,0,,,,
224929.jsonl.gz,9076837713448521,0.37,0.005,594.0,0.0,0,,,,
224929.jsonl.gz,1059349247931019,0.4,0.005,1103.0,393.0,0,,,,
224929.jsonl.gz,3519854948656960,0.29,0.005,130.0,0.0,0,,,,
224929.jsonl.gz,7473907490958467,0.082,0.004,490.0,0.0,0,,,,
224929.jsonl.gz,1090994452379897,0.037,0.003,0.0,430.0,1,36.6,,,
224929.jsonl.gz,6384252906871000,0.6,0.005,112235.8,1000.0,0,,,,
224929.jsonl.gz,1022706502257978,0.013,0.0005,811.8,0.0,0,,,,
224929.jsonl.gz,2963382670171355,0.72,0.005,8470.4,12.1,0,,,,
224929.jsonl.gz,5615282760875985,0.39,0.005,39087.7,0.0,0,,,,
224929.jsonl.gz,1122417510711743,0.01,0.002,591.0,0.0,0,,,,
224929.jsonl.gz,2148337392909064,0.013,0.0035,15.2,0.0,0,,,,
224929.jsonl.gz,5552468961200544,0.13,0.005,959.0,0.0,0,,,,
224929.jsonl.gz,5774813808502271,0.021,0.0005,23975.4,0.0,0,,,,
224929.jsonl.gz,7456793595792364,0.977,0.0015,0.0,120.0,1,25.3,,,
224929.jsonl.gz,7045929632587188,0.23,0.005,1591.8,0.0,0,,,,
224929.jsonl.gz,3704650953639515,0.027,0.004,540.0,0.0,0,,,,
224929.jsonl.gz,8891292653349398,0.016,0.0005,2647.9,0.0,0,,,,
224929.jsonl.gz,1825839575504139,0.003,0.0005,6768.9,0.0,0,,,,
224929.jsonl.gz,8890297437819588,0.65,0.005,490.0,1054.0,1,9.7,,,
224929.jsonl.gz,2853789823298506,0.008,0.0035,229.4,0.0,0,,,,
224929.jsonl.gz,5855900748190859,0.012,0.0005,1945.0,0.0,0,,,,
224929.jsonl.gz,1064932851422783,0.93,0.0005,13.4,13.4,0,,,,
224929.jsonl.gz,1083024546070811,0.017,0.002,490.0,594.0,1,41.8,,,
224929.jsonl.gz,6309330581531068,0.969,0.003,0.0,0.0,0,,,,
224929.jsonl.gz,9277048309813507,0.926,0.004,0.0,0.0,0,,,,
224929.jsonl.gz,5775223447809780,0.994,0.006,0.0,178.5,1,1.2,,,
224929.jsonl.gz,6840002209357316,0.78,0.01,594.0,1188.0,1,115.8,,,
224929.jsonl.gz,2823941877263364,0.998,0.012,2340481.0,37500.0,0,,,,
224929.jsonl.gz,6824515892885346,0.64,0.005,530.0,1060.0,1,9.1,,,
224929.jsonl.gz,3523185360721264,0.91,0.005,3014.2,459.0,0,,,,
224929.jsonl.gz,9705092174041619,0.63,0.01,146234.0,920.0,0,,,,
224929.jsonl.gz,2881957189963819,0.41,0.005,30135.6,0.0,0,,,,
224929.jsonl.gz,7419522058612923,0.999,0.014,5836337.9,25000.0,0,,,,
224929.jsonl.gz,6350586282809244,0.025,0.001,0.0,0.0,0,,,,
224929.jsonl.gz,4264368978045256,0.014,0.0045,1860.7,0.0,0,,,,
224929.jsonl.gz,4317110822368379,0.996,0.004,5000.0,0.0,0,,,,
224929.jsonl.gz,8021972217434945,0.88,0.005,1759.0,0.0,0,,,,
224929.jsonl.gz,9456528654693780,0.993,0.005,1428.5,0.0,0,,,,
224929.jsonl.gz,6441922505412657,0.98,0.0025,0.0,0.0,0,,,,
224929.jsonl.gz,8881400370038397,0.62,0.01,1790.0,0.0,0,,,,
224929.jsonl.gz,8181063193293541,0.971,0.0015,0.0,0.0,0,,,,
224929.jsonl.gz,7643548942136022,0.994,0.002,540.0,0.0,0,,,,
224929.jsonl.gz,1357679737205208,0.998,0.0065,3254.0,0.0,0,,,,
224929.jsonl.gz,2707330300457255,0.36,0.005,0.0,0.0,0,,,,
224929.jsonl.gz,8651893035246853,0.77,0.005,1084.0,0.0,0,,,,
224929.jsonl.gz,6447863530315865,0.988,0.003,0.0,0.0,0,,,,
224929.jsonl.gz,1101660708870437,0.995,0.0045,0.0,0.0,0,,,,
224929.jsonl.gz,9718603078560812,0.01,0.0005,133049.5,0.0,0,,,,
224929.jsonl.gz,6377725888023396,0.1,0.005,6392.2,0.0,0,,,,
224929.jsonl.gz,1396280659352613,0.24,0.005,990.0,0.0,0,,,,
224929.jsonl.gz,3804724364027599,0.032,0.0015,0.0,490.0,1,17.2,,,
224929.jsonl.gz,8022971310749160,0.011,0.0005,604.0,0.0,0,,,,
224929.jsonl.gz,1982530923885605,0.055,0.0055,3000.0,0.0,0,,,,
224929.jsonl.gz,9076837713448521,0.37,0.005,594.0,0.0,0,,,,
224929.jsonl.gz,1059349247931019,0.4,0.005,1103.0,393.0,0,,,,
224929.jsonl.gz,3519854948656960,0.29,0.005,130.0,0.0,0,,,,
224929.jsonl.gz,7473907490958467,0.082,0.004,490.0,0.0,0,,,,
224929.jsonl.gz,1090994452379897,0.037,0.003,0.0,430.0,1,6.5,,,
224929.jsonl.gz,6384252906871000,0.6,0.005,122235.8,1000.0,0,,,,
224929.jsonl.gz,1022706502257978,0.013,0.0005,811.8,0.0,0,,,,
224929.jsonl.gz,2963382670171355,0.72,0.005,8470.4,12.1,0,,,,
224929.jsonl.gz,5615282760875985,0.39,0.005,39087.7,0.0,0,,,,
224929.jsonl.gz,1122417510711743,0.01,0.002,591.0,0.0,0,,,,
224929.jsonl.gz,2148337392909064,0.013,0.0035,15.2,0.0,0,,,,
224929.jsonl.gz,5552468961200544,0.13,0.005,959.0,0.0,0,,,,
224929.jsonl.gz,5774813808502271,0.021,0.0005,23975.4,0.0,0,,,,
224929.jsonl.gz,7456793595792364,0.977,0.0015,0.0,120.0,1,17.3,,,
224929.jsonl.gz,7045929632587188,0.23,0.005,1591.8,0.0,0,,,,
224929.jsonl.gz,3704650953639515,0.027,0.004,540.0,0.0,0,,,,
224929.jsonl.gz,8891292653349398,0.016,0.0005,2647.9,0.0,0,,,,
224929.jsonl.gz,1825839575504139,0.003,0.0005,6768.9,0.0,0,,,,
224929.jsonl.gz,8890297437819588,0.65,0.005,38.0,490.0,1,146.9,,,
224929.jsonl.gz,2853789823298506,0.008,0.0035,229.4,0.0,0,,,,
224929.jsonl.gz,5855900748190859,0.012,0.0005,1945.0,0.0,0,,,,
224929.jsonl.gz,1064932851422783,0.93,0.0005,13.4,13.4,0,,,,
224929.jsonl.gz,1083024546070811,0.017,0.002,1084.0,594.0,0,,,,
224929.jsonl.gz,6309330581531068,0.969,0.003,0.0,0.0,0,,,,
224929.jsonl.gz,9277048309813507,0.926,0.004,0.0,0.0,0,,,,
224929.jsonl.gz,5775223447809780,0.994,0.006,0.0,177.1,1,118.8,,,
224929.jsonl.gz,6840002209357316,0.78,0.01,594.0,1188.0,1,85.7,,,
224929.jsonl.gz,2823941877263364,0.998,0.012,2340481.0,37500.0,0,,,,
224929.jsonl.gz,6824515892885346,0.64,0.005,530.0,1060.0,1,40.0,,,
224929.jsonl.gz,3523185360721264,0.91,0.005,3014.2,459.0,0,,,,
224929.jsonl.gz,9705092174041619,0.62,0.005,72295.2,0.0,0,,,,
224929.jsonl.gz,2881957189963819,0.41,0.005,30135.6,0.0,0,,,,
224929.jsonl.gz,7419522058612923,0.999,0.014,5836337.9,25000.0,0,,,,
224929.jsonl.gz,6350586282809244,0.025,0.001,0.0,0.0,0,,,,
224929.jsonl.gz,4264368978045256,0.014,0.0045,1860.7,0.0,0,,,,
224929.jsonl.gz,4317110822368379,0.996,0.004,5000.0,0.0,0,,,,
224929.jsonl.gz,8021972217434945,0.88,0.005,1759.0,0.0,0,,,,
224929.jsonl.gz,9456528654693780,0.993,0.005,1428.5,0.0,0,,,,
224929.jsonl.gz,6441922505412657,0.98,0.0025,0.0,0.0,0,,,,
224929.jsonl.gz,8881400370038397,0.62,0.01,1790.0,0.0,0,,,,
224929.jsonl.gz,8181063193293541,0.971,0.0015,0.0,0.0,0,,,,
224929.jsonl.gz,7643548942136022,0.994,0.002,540.0,0.0,0,,,,
224929.jsonl.gz,1357679737205208,0.998,0.0065,3254.0,0.0,0,,,,
224929.jsonl.gz,2707330300457255,0.36,0.005,0.0,0.0,0,,,,
224929.jsonl.gz,8651893035246853,0.77,0.005,1084.0,0.0,0,,,,
224929.jsonl.gz,6447863530315865,0.988,0.003,0.0,0.0,0,,,,
224929.jsonl.gz,1101660708870437,0.995,0.0045,0.0,0.0,0,,,,
224929.jsonl.gz,9718603078560812,0.01,0.0005,133049.5,0.0,0,,,,
224929.jsonl.gz,6377725888023396,0.1,0.005,6392.2,0.0,0,,,,
224929.jsonl.gz,1396280659352613,0.24,0.005,990.0,0.0,0,,,,
224929.jsonl.gz,3804724364027599,0.032,0.0015,0.0,490.0,1,17.0,,,
224929.jsonl.gz,8022971310749160,0.011,0.0005,604.0,0.0,0,,,,
224929.jsonl.gz,1982530923885605,0.055,0.0055,3000.0,0.0,0,,,,
224929.jsonl.gz,9076837713448521,0.37,0.005,594.0,0.0,0,,,,
224929.jsonl.gz,1059349247931019,0.4,0.005,1103.0,393.0,0,,,,
224929.jsonl.gz,3519854948656960,0.29,0.005,130.0,0.0,0,,,,
224929.jsonl.gz,7473907490958467,0.082,0.004,490.0,0.0,0,,,,
224929.jsonl.gz,1090994452379897,0.037,0.003,0.0,430.0,1,29.0,,,
224929.jsonl.gz,6384252906871000,0.6,0.005,122235.8,1000.0,0,,,,
224929.jsonl.gz,1022706502257978,0.013,0.0005,811.8,0.0,0,,,,
224929.jsonl.gz,2963382670171355,0.72,0.005,8470.4,7.1,0,,,,
224929.jsonl.gz,5615282760875985,0.39,0.005,39087.7,0.0,0,,,,
224929.jsonl.gz,1122417510711743,0.01,0.002,591.0,0.0,0,,,,
224929.jsonl.gz,2148337392909064,0.013,0.0035,15.2,0.0,0,,,,
224929.jsonl.gz,5552468961200544,0.13,0.005,959.0,0.0,0,,,,
224929.jsonl.gz,5774813808502271,0.021,0.0005,23975.4,0.0,0,,,,
224929.jsonl.gz,7456793595792364,0.977,0.0015,40.0,470.0,1,71.5,,,
224929.jsonl.gz,7045929632587188,0.23,0.005,1591.8,0.0,0,,,,
224929.jsonl.gz,3704650953639515,0.027,0.004,540.0,0.0,0,,,,
224929.jsonl.gz,8891292653349398,0.016,0.0005,2647.9,0.0,0,,,,
224929.jsonl.gz,1825839575504139,0.003,0.0005,6768.9,0.0,0,,,,
224929.jsonl.gz,8890297437819588,0.65,0.005,38.0,490.0,1,116.5,,,
224929.jsonl.gz,2853789823298506,0.008,0.0035,229.4,0.0,0,,,,
224929.jsonl.gz,5855900748190859,0.012,0.0005,1945.0,0.0,0,,,,
224929.jsonl.gz,1064932851422783,0.93,0.0005,13.4,13.4,0,,,,
224929.jsonl.gz,1083024546070811,0.017,0.002,490.0,0.0,0,,,,
224929.jsonl.gz,6309330581531068,0.969,0.003,0.0,0.0,0,,,,
224929.jsonl.gz,9277048309813507,0.926,0.004,0.0,0.0,0,,,,
224929.jsonl.gz,5775223447809780,0.994,0.006,0.0,193.0,1,115.2,,,
224929.jsonl.gz,6840002209357316,0.78,0.01,594.0,1188.0,1,55.3,,,
224929.jsonl.gz,2823941877263364,0.998,0.012,2340481.0,37500.0,0,,,,
224929.jsonl.gz,6824515892885346,0.64,0.005,530.0,1060.0,1,24.7,,,
224929.jsonl.gz,3523185360721264,0.91,0.005,3014.2,459.0,0,,,,
224929.jsonl.gz,9705092174041619,0.62,0.005,72695.2,0.0,0,,,,
224929.jsonl.gz,2881957189963819,0.41,0.005,30135.6,0.0,0,,,,
224929.jsonl.gz,7419522058612923,0.999,0.014,5836337.9,25000.0,0,,,,
224929.jsonl.gz,6350586282809244,0.025,0.001,0.0,0.0,0,,,,
224929.jsonl.gz,4264368978045256,0.014,0.0045,1860.7,0.0,0,,,,
224929.jsonl.gz,4317110822368379,0.996,0.004,5000.0,0.0,0,,,,
224929.jsonl.gz,8021972217434945,0.88,0.005,1759.0,0.0,0,,,,
224929.jsonl.gz,9456528654693780,0.993,0.005,1428.5,0.0,0,,,,
224929.jsonl.gz,6441922505412657,0.98,0.0025,0.0,0.0,0,,,,
224929.jsonl.gz,8881400370038397,0.62,0.01,1790.0,0.0,0,,,,
224929.jsonl.gz,8181063193293541,0.971,0.0015,0.0,0.0,0,,,,
224929.jsonl.gz,7643548942136022,0.994,0.002,540.0,0.0,0,,,,
224929.jsonl.gz,1357679737205208,0.998,0.0065,3254.0,0.0,0,,,,
224929.jsonl.gz,2707330300457255,0.36,0.005,0.0,0.0,0,,,,
224929.jsonl.gz,8651893035246853,0.77,0.005,1084.0,0.0,0,,,,
224929.jsonl.gz,6447863530315865,0.988,0.003,0.0,0.0,0,,,,
224929.jsonl.gz,1101660708870437,0.995,0.0045,0.0,0.0,0,,,,
224929.jsonl.gz,9718603078560812,0.01,0.0005,133049.5,0.0,0,,,,
224929.jsonl.gz,6377725888023396,0.1,0.005,6392.2,0.0,0,,,,
224929.jsonl.gz,1396280659352613,0.24,0.005,990.0,0.0,0,,,,
224929.jsonl.gz,3804724364027599,0.032,0.0015,0.0,490.0,1,2.2,,,
224929.jsonl.gz,8022971310749160,0.011,0.0005,604.0,0.0,0,,,,
224929.jsonl.gz,1982530923885605,0.055,0.0055,3000.0,0.0,0,,,,
224929.jsonl.gz,9076837713448521,0.37,0.005,594.0,0.0,0,,,,
224929.jsonl.gz,1059349247931019,0.4,0.005,1103.0,393.0,0,,,,
224929.jsonl.gz,3519854948656960,0.29,0.005,130.0,0.0,0,,,,
224929.jsonl.gz,7473907490958467,0.082,0.004,490.0,0.0,0,,,,
224929.jsonl.gz,1090994452379897,0.037,0.003,0.0,0.0,0,,,,
224929.jsonl.gz,6384252906871000,0.6,0.005,122235.8,1000.0,0,,,,
224929.jsonl.gz,1022706502257978,0.013,0.0005,811.8,0.0,0,,,,
224929.jsonl.gz,2963382670171355,0.72,0.005,8470.4,7.1,0,,,,
224929.jsonl.gz,5615282760875985,0.39,0.005,39087.7,0.0,0,,,,
224929.jsonl.gz,1122417510711743,0.01,0.002,591.0,0.0,0,,,,
224929.jsonl.gz,2148337392909064,0.013,0.0035,15.2,0.0,0,,,,
224929.jsonl.gz,5552468961200544,0.13,0.005,959.0,0.0,0,,,,
224929.jsonl.gz,5774813808502271,0.021,0.0005,23975.4,0.0,0,,,,
224929.jsonl.gz,7456793595792364,0.977,0.0015,121.0,430.0,1,41.4,,,
224929.jsonl.gz,7045929632587188,0.23,0.005,1591.8,0.0,0,,,,
224929.jsonl.gz,3704650953639515,0.027,0.004,540.0,0.0,0,,,,
224929.jsonl.gz,8891292653349398,0.016,0.0005,2647.9,0.0,0,,,,
224929.jsonl.gz,1825839575504139,0.003,0.0005,6768.9,0.0,0,,,,
224929.jsonl.gz,8890297437819588,0.65,0.005,38.0,490.0,1,86.3,,,
224929.jsonl.gz,2853789823298506,0.008,0.0035,229.4,0.0,0,,,,
224929.jsonl.gz,5855900748190859,0.012,0.0005,1945.0,0.0,0,,,,
224929.jsonl.gz,1064932851422783,0.93,0.0005,13.4,13.4,0,,,,
224929.jsonl.gz,1083024546070811,0.017,0.002,490.0,0.0,0,,,,
224929.jsonl.gz,6309330581531068,0.969,0.003,0.0,0.0,0,,,,
224929.jsonl.gz,9277048309813507,0.926,0.004,0.0,0.0,0,,,,
224929.jsonl.gz,5775223447809780,0.994,0.006,0.0,193.0,1,85.1,,,
224929.jsonl.gz,6840002209357316,0.78,0.01,594.0,1188.0,1,25.2,,,
224929.jsonl.gz,2823941877263364,0.998,0.012,2340481.0,37500.0,0,,,,
224929.jsonl.gz,6824515892885346,0.64,0.005,530.0,744.0,1,10.2,,,
224929.jsonl.gz,3523185360721264,0.91,0.005,3014.2,459.0,0,,,,
224929.jsonl.gz,9705092174041619,0.62,0.005,72695.2,0.0,0,,,,
224929.jsonl.gz,2881957189963819,0.41,0.005,30135.6,0.0,0,,,,
224929.jsonl.gz,7419522058612923,0.999,0.014,5836337.9,25000.0,0,,,,
224929.jsonl.gz,6350586282809244,0.025,0.001,0.0,0.0,0,,,,
224929.jsonl.gz,4264368978045256,0.014,0.0045,1860.7,0.0,0,,,,
224929.jsonl.gz,4317110822368379,0.996,0.004,5000.0,0.0,0,,,,
224929.jsonl.gz,8021972217434945,0.88,0.005,1759.0,0.0,0,,,,
224929.jsonl.gz,9456528654693780,0.993,0.005,1428.5,0.0,0,,,,
224929.jsonl.gz,6441922505412657,0.98,0.0025,0.0,0.0,0,,,,
224929.jsonl.gz,8881400370038397,0.62,0.01,1790.0,0.0,0,,,,
224929.jsonl.gz,8181063193293541,0.971,0.0015,0.0,0.0,0,,,,
224929.jsonl.gz,7643548942136022,0.994,0.002,540.0,0.0,0,,,,
224929.jsonl.gz,1357679737205208,0.998,0.0065,3254.0,0.0,0,,,,
224929.jsonl.gz,2707330300457255,0.36,0.005,0.0,0.0,0,,,,
224929.jsonl.gz,8651893035246853,0.77,0.005,1084.0,0.0,0,,,,
224929.jsonl.gz,6447863530315865,0.988,0.003,0.0,0.0,0,,,,
224929.jsonl.gz,1101660708870437,0.995,0.0045,0.0,0.0,0,,,,
224929.jsonl.gz,9718603078560812,0.01,0.0005,133049.5,0.0,0,,,,
224929.jsonl.gz,6377725888023396,0.1,0.005,6392.2,0.0,0,,,,
224929.jsonl.gz,1396280659352613,0.24,0.005,990.0,0.0,0,,,,
224929.jsonl.gz,3804724364027599,0.032,0.0015,0.0,0.0,0,,,,
224929.jsonl.gz,8022971310749160,0.011,0.0005,604.0,0.0,0,,,,
224929.jsonl.gz,1982530923885605,0.055,0.0045,3000.0,0.0,0,,,,
224929.jsonl.gz,9076837713448521,0.37,0.005,594.0,0.0,0,,,,
224929.jsonl.gz,1059349247931019,0.4,0.005,1103.0,393.0,0,,,,
224929.jsonl.gz,3519854948656960,0.29,0.005,130.0,0.0,0,,,,
224929.jsonl.gz,7473907490958467,0.082,0.004,490.0,0.0,0,,,,
224929.jsonl.gz,1090994452379897,0.037,0.003,0.0,0.0,0,,,,
224929.jsonl.gz,6384252906871000,0.6,0.005,122235.8,1000.0,0,,,,
224929.jsonl.gz,1022706502257978,0.013,0.0005,811.8,0.0,0,,,,
224929.jsonl.gz,2963382670171355,0.72,0.005,8470.4,7.1,0,,,,
224929.jsonl.gz,5615282760875985,0.39,0.005,39087.7,0.0,0,,,,
224929.jsonl.gz,1122417510711743,0.01,0.002,591.0,0.0,0,,,,
224929.jsonl.gz,2148337392909064,0.013,0.0035,15.2,0.0,0,,,,
224929.jsonl.gz,5552468961200544,0.13,0.005,959.0,0.0,0,,,,
224929.jsonl.gz,5774813808502271,0.021,0.0005,23975.4,0.0,0,,,,
224929.jsonl.gz,7456793595792364,0.977,0.0015,121.0,430.0,1,11.4,,,
224929.jsonl.gz,7045929632587188,0.23,0.005,1591.8,0.0,0,,,,
224929.jsonl.gz,3704650953639515,0.027,0.004,540.0,0.0,0,,,,
224929.jsonl.gz,8891292653349398,0.016,0.0005,2647.9,0.0,0,,,,
224929.jsonl.gz,1825839575504139,0.003,0.0005,6768.9,0.0,0,,,,
224929.jsonl.gz,8890297437819588,0.65,0.005,38.0,490.0,1,56.3,,,
224929.jsonl.gz,2853789823298506,0.008,0.0035,229.4,0.0,0,,,,
224929.jsonl.gz,5855900748190859,0.012,0.0005,1945.0,0.0,0,,,,
224929.jsonl.gz,1064932851422783,0.93,0.0005,13.4,13.4,0,,,,
224929.jsonl.gz,1083024546070811,0.017,0.002,490.0,0.0,0,,,,
224929.jsonl.gz,6309330581531068,0.969,0.003,0.0,0.0,0,,,,
224929.jsonl.gz,9277048309813507,0.926,0.004,0.0,0.0,0,,,,
224929.jsonl.gz,5775223447809780,0.994,0.006,0.0,193.0,1,55.0,,,
224929.jsonl.gz,6840002209357316,0.78,0.01,0.0,594.0,1,10.6,,,
224929.jsonl.gz,2823941877263364,0.998,0.012,2340481.0,37500.0,0,,,,
224929.jsonl.gz,6824515892885346,0.64,0.005,530.0,1045.0,1,25.2,,,
224929.jsonl.gz,3523185360721264,0.91,0.005,3014.2,459.0,0,,,,
224929.jsonl.gz,9705092174041619,0.62,0.005,72695.2,0.0,0,,,,
224929.jsonl.gz,2881957189963819,0.41,0.005,30135.6,0.0,0,,,,
224929.jsonl.gz,7419522058612923,0.999,0.014,5836337.9,25000.0,0,,,,
224929.jsonl.gz,6350586282809244,0.025,0.001,0.0,0.0,0,,,,
224929.jsonl.gz,4264368978045256,0.014,0.0045,1860.7,0.0,0,,,,
224929.jsonl.gz,4317110822368379,0.996,0.004,5000.0,0.0,0,,,,
224929.jsonl.gz,8021972217434945,0.88,0.005,1759.0,0.0,0,,,,
224929.jsonl.gz,9456528654693780,0.993,0.005,1428.5,0.0,0,,,,
224929.jsonl.gz,6441922505412657,0.98,0.0025,0.0,0.0,0,,,,
224929.jsonl.gz,8881400370038397,0.62,0.01,1790.0,0.0,0,,,,
224929.jsonl.gz,8181063193293541,0.971,0.0015,0.0,0.0,0,,,,
224929.jsonl.gz,7643548942136022,0.994,0.002,540.0,0.0,0,,,,
224929.jsonl.gz,1357679737205208,0.998,0.0065,3254.0,0.0,0,,,,
224929.jsonl.gz,2707330300457255,0.36,0.005,0.0,0.0,0,,,,
224929.jsonl.gz,8651893035246853,0.77,0.005,1084.0,0.0,0,,,,
224929.jsonl.gz,6447863530315865,0.988,0.003,0.0,0.0,0,,,,
224929.jsonl.gz,1101660708870437,0.995,0.0045,0.0,0.0,0,,,,
224929.jsonl.gz,9718603078560812,0.01,0.0005,133049.5,0.0,0,,,,
224929.jsonl.gz,6377725888023396,0.1,0.005,6392.2,0.0,0,,,,
224929.jsonl.gz,1396280659352613,0.24,0.005,990.0,0.0,0,,,,
224929.jsonl.gz,3804724364027599,0.032,0.0015,0.0,0.0,0,,,,
224929.jsonl.gz,8022971310749160,0.011,0.0005,604.0,0.0,0,,,,
224929.jsonl.gz,1982530923885605,0.055,0.0045,3000.0,0.0,0,,,,
224929.jsonl.gz,9076837713448521,0.37,0.005,594.0,0.0,0,,,,
224929.jsonl.gz,1059349247931019,0.4,0.005,1103.0,393.0,0,,,,
224929.jsonl.gz,3519854948656960,0.29,0.005,130.0,0.0,0,,,,
224929.jsonl.gz,7473907490958467,0.082,0.004,490.0,0.0,0,,,,
224929.jsonl.gz,1090994452379897,0.037,0.003,0.0,0.0,0,,,,
224929.jsonl.gz,6384252906871000,0.6,0.005,123735.8,1000.0,0,,,,
224929.jsonl.gz,1022706502257978,0.013,0.0005,811.8,0.0,0,,,,
224929.jsonl.gz,2963382670171355,0.72,0.005,8470.4,7.1,0,,,,
224929.jsonl.gz,5615282760875985,0.39,0.005,39087.7,0.0,0,,,,
224929.jsonl.gz,1122417510711743,0.01,0.002,591.0,0.0,0,,,,
224929.jsonl.gz,2148337392909064,0.013,0.0035,15.2,0.0,0,,,,
224929.jsonl.gz,5552468961200544,0.13,0.005,959.0,0.0,0,,,,
224929.jsonl.gz,5774813808502271,0.021,0.0005,23975.4,0.0,0,,,,
224929.jsonl.gz,7456793595792364,0.977,0.0015,121.0,121.0,0,,,,
224929.jsonl.gz,7045929632587188,0.23,0.005,1591.8,0.0,0,,,,
224929.jsonl.gz,3704650953639515,0.027,0.004,540.0,0.0,0,,,,
224929.jsonl.gz,8891292653349398,0.016,0.0005,2647.9,0.0,0,,,,
224929.jsonl.gz,1825839575504139,0.003,0.0005,6768.9,0.0,0,,,,
224929.jsonl.gz,8890297437819588,0.65,0.005,38.0,490.0,1,26.3,,,
224929.jsonl.gz,2853789823298506,0.008,0.0035,229.4,0.0,0,,,,
224929.jsonl.gz,5855900748190859,0.012,0.0005,1945.0,0.0,0,,,,
224929.jsonl.gz,1064932851422783,0.93,0.0005,13.4,13.4,0,,,,
224929.jsonl.gz,1083024546070811,0.017,0.002,490.0,0.0,0,,,,
224929.jsonl.gz,6309330581531068,0.969,0.003,0.0,0.0,0,,,,
224929.jsonl.gz,9277048309813507,0.926,0.004,0.0,0.0,0,,,,
224929.jsonl.gz,5775223447809780,0.994,0.006,0.0,179.1,1,34.5,,,
224929.jsonl.gz,6840002209357316,0.78,0.01,594.0,594.0,0,,,,
224929.jsonl.gz,2823941877263364,0.998,0.012,2302981.0,0.0,0,,,,
224929.jsonl.gz,6824515892885346,0.64,0.005,530.0,1060.0,1,26.4,,,
224929.jsonl.gz,3523185360721264,0.91,0.005,3014.2,459.0,0,,,,
224929.jsonl.gz,9705092174041619,0.62,0.005,72695.2,0.0,0,,,,
224929.jsonl.gz,2881957189963819,0.41,0.005,30135.6,0.0,0,,,,
224929.jsonl.gz,7419522058612923,0.999,0.014,5811337.9,0.0,0,,,,
224929.jsonl.gz,6350586282809244,0.025,0.001,0.0,0.0,0,,,,
224929.jsonl.gz,4264368978045256,0.014,0.0045,1860.7,0.0,0,,,,
224929.jsonl.gz,4317110822368379,0.996,0.004,5000.0,0.0,0,,,,
224929.jsonl.gz,8021972217434945,0.88,0.005,1759.0,0.0,0,,,,
224929.jsonl.gz,9456528654693780,0.993,0.005,1428.5,0.0,0,,,,
224929.jsonl.gz,6441922505412657,0.98,0.0025,0.0,0.0,0,,,,
224929.jsonl.gz,8881400370038397,0.62,0.01,1790.0,0.0,0,,,,
224929.jsonl.gz,8181063193293541,0.971,0.0015,0.0,0.0,0,,,,
224929.jsonl.gz,7643548942136022,0.994,0.002,540.0,0.0,0,,,,
224929.jsonl.gz,1357679737205208,0.998,0.0065,3254.0,0.0,0,,,,
224929.jsonl.gz,2707330300457255,0.36,0.005,0.0,0.0,0,,,,
224929.jsonl.gz,8651893035246853,0.77,0.005,1084.0,0.0,0,,,,
224929.jsonl.gz,6447863530315865,0.988,0.003,0.0,0.0,0,,,,
224929.jsonl.gz,1101660708870437,0.995,0.0045,0.0,0.0,0,,,,
224929.jsonl.gz,9718603078560812,0.01,0.0005,133049.5,0.0,0,,,,
224929.jsonl.gz,6377725888023396,0.1,0.005,6392.2,0.0,0,,,,
224929.jsonl.gz,1396280659352613,0.24,0.005,990.0,0.0,0,,,,
224929.jsonl.gz,3804724364027599,0.032,0.0015,0.0,0.0,0,,,,
224929.jsonl.gz,8022971310749160,0.011,0.0005,604.0,0.0,0,,,,
224929.jsonl.gz,1982530923885605,0.055,0.0045,3000.0,0.0,0,,,,
224929.jsonl.gz,9076837713448521,0.37,0.005,594.0,0.0,0,,,,
224929.jsonl.gz,1059349247931019,0.4,0.005,1103.0,393.0,0,,,,
224929.jsonl.gz,3519854948656960,0.29,0.005,130.0,0.0,0,,,,
224929.jsonl.gz,7473907490958467,0.082,0.004,490.0,0.0,0,,,,
224929.jsonl.gz,1090994452379897,0.037,0.003,0.0,0.0,0,,,,
224929.jsonl.gz,6384252906871000,0.6,0.005,123735.8,1000.0,0,,,,
224929.jsonl.gz,1022706502257978,0.013,0.0005,811.8,0.0,0,,,,
224929.jsonl.gz,2963382670171355,0.72,0.005,8470.4,7.1,0,,,,
224929.jsonl.gz,5615282760875985,0.39,0.005,39087.7,0.0,0,,,,
224929.jsonl.gz,1122417510711743,0.01,0.002,591.0,0.0,0,,,,
224929.jsonl.gz,2148337392909064,0.013,0.0035,15.2,0.0,0,,,,
224929.jsonl.gz,5552468961200544,0.13,0.005,959.0,0.0,0,,,,
224929.jsonl.gz,5774813808502271,0.021,0.0005,23975.4,0.0,0,,,,
224929.jsonl.gz,7456793595792364,0.977,0.0015,121.0,121.0,0,,,,
224929.jsonl.gz,7045929632587188,0.23,0.005,1591.8,0.0,0,,,,
224929.jsonl.gz,3704650953639515,0.027,0.004,540.0,0.0,0,,,,
224929.jsonl.gz,8891292653349398,0.016,0.0005,2647.9,0.0,0,,,,
224929.jsonl.gz,1825839575504139,0.003,0.0005,6768.9,0.0,0,,,,
224929.jsonl.gz,2853789823298506,0.008,0.0035,229.4,0.0,0,,,,
224929.jsonl.gz,5855900748190859,0.012,0.0005,1945.0,0.0,0,,,,
224929.jsonl.gz,1064932851422783,0.93,0.0005,13.4,13.4,0,,,,
224929.jsonl.gz,1083024546070811,0.017,0.002,490.0,0.0,0,,,,
224929.jsonl.gz,6309330581531068,0.969,0.003,0.0,0.0,0,,,,
224929.jsonl.gz,9277048309813507,0.926,0.004,0.0,0.0,0,,,,
224929.jsonl.gz,5775223447809780,0.994,0.006,0.0,167.8,1,20.5,,,
224929.jsonl.gz,6840002209357316,0.78,0.01,594.0,0.0,0,,,,
224929.jsonl.gz,2823941877263364,0.98,0.003,210.9,0.0,0,,,,
224929.jsonl.gz,6824515892885346,0.64,0.005,530.0,530.0,0,,,,
224929.jsonl.gz,3523185360721264,0.91,0.005,2555.2,0.0,0,,,,
224929.jsonl.gz,9705092174041619,0.62,0.005,72695.2,0.0,0,,,,
224929.jsonl.gz,2881957189963819,0.41,0.005,30135.6,0.0,0,,,,
224929.jsonl.gz,7419522058612923,0.999,0.014,5836337.9,0.0,0,,,,
224929.jsonl.gz,6350586282809244,0.025,0.001,0.0,0.0,0,,,,
224929.jsonl.gz,4264368978045256,0.014,0.0045,1860.7,0.0,0,,,,
224929.jsonl.gz,4317110822368379,0.996,0.004,5000.0,0.0,0,,,,
224929.jsonl.gz,8021972217434945,0.88,0.005,1759.0,0.0,0,,,,
224929.jsonl.gz,9456528654693780,0.993,0.005,1428.5,0.0,0,,,,
224929.jsonl.gz,6441922505412657,0.98,0.0025,0.0,0.0,0,,,,
224929.jsonl.gz,8881400370038397,0.62,0.01,1790.0,0.0,0,,,,
224929.jsonl.gz,8181063193293541,0.971,0.0015,0.0,0.0,0,,,,
224929.jsonl.gz,7643548942136022,0.994,0.002,540.0,0.0,0,,,,
224929.jsonl.gz,1357679737205208,0.998,0.0065,3254.0,0.0,0,,,,
224929.jsonl.gz,8651893035246853,0.77,0.005,1084.0,0.0,0,,,,
224929.jsonl.gz,6447863530315865,0.988,0.003,0.0,0.0,0,,,,
224929.jsonl.gz,1101660708870437,0.995,0.0045,0.0,0.0,0,,,,
224929.jsonl.gz,9718603078560812,0.01,0.0005,133049.5,0.0,0,,,,
224929.jsonl.gz,6377725888023396,0.1,0.005,6392.2,0.0,0,,,,
224929.jsonl.gz,1396280659352613,0.24,0.005,990.0,0.0,0,,,,
224929.jsonl.gz,3804724364027599,0.032,0.0015,0.0,0.0,0,,,,
224929.jsonl.gz,8022971310749160,0.011,0.0005,604.0,0.0,0,,,,
224929.jsonl.gz,1982530923885605,0.055,0.0045,3000.0,0.0,0,,,,
224929.jsonl.gz,9076837713448521,0.37,0.005,594.0,0.0,0,,,,
224929.jsonl.gz,1059349247931019,0.4,0.005,710.0,0.0,0,,,,
224929.jsonl.gz,3519854948656960,0.29,0.005,130.0,0.0,0,,,,
224929.jsonl.gz,7473907490958467,0.082,0.004,490.0,0.0,0,,,,
224929.jsonl.gz,1090994452379897,0.037,0.003,0.0,0.0,0,,,,
224929.jsonl.gz,6384252906871000,0.6,0.005,123735.8,1000.0,0,,,,
224929.jsonl.gz,1022706502257978,0.013,0.0005,811.8,0.0,0,,,,
224929.jsonl.gz,2963382670171355,0.72,0.005,8463.3,0.0,0,,,,
224929.jsonl.gz,5615282760875985,0.39,0.005,39087.7,0.0,0,,,,
224929.jsonl.gz,1122417510711743,0.01,0.002,591.0,0.0,0,,,,
224929.jsonl.gz,2148337392909064,0.013,0.0035,15.2,0.0,0,,,,
224929.jsonl.gz,5552468961200544,0.13,0.005,959.0,0.0,0,,,,
224929.jsonl.gz,5774813808502271,0.021,0.0005,23975.4,0.0,0,,,,
224929.jsonl.gz,7456793595792364,0.977,0.0015,0.0,0.0,0,,,,
224929.jsonl.gz,7045929632587188,0.23,0.005,1591.8,0.0,0,,,,
224929.jsonl.gz,3704650953639515,0.027,0.004,540.0,0.0,0,,,,
224929.jsonl.gz,8891292653349398,0.016,0.0005,2647.9,0.0,0,,,,
224929.jsonl.gz,1825839575504139,0.003,0.0005,6768.9,0.0,0,,,,
224929.jsonl.gz,2853789823298506,0.008,0.0035,229.4,0.0,0,,,,
224929.jsonl.gz,5855900748190859,0.012,0.0005,1945.0,0.0,0,,,,
224929.jsonl.gz,1064932851422783,0.93,0.0005,13.4,13.4,0,,,,
224929.jsonl.gz,1083024546070811,0.017,0.002,490.0,0.0,0,,,,
224929.jsonl.gz,6309330581531068,0.969,0.003,0.0,0.0,0,,,,
224929.jsonl.gz,9277048309813507,0.926,0.004,0.0,0.0,0,,,,
224929.jsonl.gz,5775223447809780,0.994,0.006,0.0,83.8,0,,,,
224929.jsonl.gz,6840002209357316,0.78,0.01,594.0,0.0,0,,,,
224929.jsonl.gz,2823941877263364,0.98,0.003,210.9,0.0,0,,,,
224929.jsonl.gz,6824515892885346,0.64,0.005,0.0,0.0,0,,,,
224929.jsonl.gz,3523185360721264,0.91,0.005,2555.2,0.0,0,,,,
224929.jsonl.gz,9705092174041619,0.62,0.005,72695.2,0.0,0,,,,
224929.jsonl.gz,2881957189963819,0.41,0.005,30135.6,0.0,0,,,,
224929.jsonl.gz,7419522058612923,0.999,0.014,5836337.9,0.0,0,,,,
224929.jsonl.gz,6350586282809244,0.025,0.001,0.0,0.0,0,,,,
224929.jsonl.gz,4264368978045256,0.014,0.0045,1860.7,0.0,0,,,,
224929.jsonl.gz,4317110822368379,0.996,0.004,5000.0,0.0,0,,,,
224929.jsonl.gz,8021972217434945,0.88,0.005,1759.0,0.0,0,,,,
224929.jsonl.gz,9456528654693780,0.993,0.005,1428.5,0.0,0,,,,
224929.jsonl.gz,6441922505412657,0.98,0.0025,0.0,0.0,0,,,,
224929.jsonl.gz,8881400370038397,0.62,0.01,1790.0,0.0,0,,,,
224929.jsonl.gz,8181063193293541,0.971,0.0015,0.0,0.0,0,,,,
224929.jsonl.gz,7643548942136022,0.994,0.002,540.0,0.0,0,,,,
224929.jsonl.gz,1357679737205208,0.993,0.004,1428.5,0.0,0,,,,
224929.jsonl.gz,8651893035246853,0.77,0.005,1084.0,0.0,0,,,,
224929.jsonl.gz,6447863530315865,0.988,0.003,0.0,0.0,0,,,,
224929.jsonl.gz,1101660708870437,0.995,0.0045,0.0,0.0,0,,,,
224929.jsonl.gz,9718603078560812,0.01,0.0005,133049.5,0.0,0,,,,
224929.jsonl.gz,6377725888023396,0.1,0.005,6392.2,0.0,0,,,,
224929.jsonl.gz,1396280659352613,0.24,0.005,990.0,0.0,0,,,,
224929.jsonl.gz,3804724364027599,0.032,0.0015,0.0,0.0,0,,,,
224929.jsonl.gz,8022971310749160,0.011,0.0005,604.0,0.0,0,,,,
224929.jsonl.gz,1982530923885605,0.055,0.0045,3000.0,0.0,0,,,,
224929.jsonl.gz,9076837713448521,0.37,0.005,594.0,0.0,0,,,,
224929.jsonl.gz,1059349247931019,0.4,0.005,710.0,0.0,0,,,,
224929.jsonl.gz,3519854948656960,0.29,0.005,130.0,0.0,0,,,,
224929.jsonl.gz,7473907490958467,0.082,0.004,490.0,0.0,0,,,,
224929.jsonl.gz,1090994452379897,0.037,0.003,0.0,0.0,0,,,,
224929.jsonl.gz,6384252906871000,0.6,0.005,123735.8,1000.0,0,,,,
224929.jsonl.gz,1022706502257978,0.013,0.0005,811.8,0.0,0,,,,
224929.jsonl.gz,2963382670171355,0.72,0.005,8463.3,0.0,0,,,,
224929.jsonl.gz,5615282760875985,0.39,0.005,39087.7,0.0,0,,,,
224929.jsonl.gz,1122417510711743,0.01,0.002,591.0,0.0,0,,,,
224929.jsonl.gz,2148337392909064,0.013,0.0035,15.2,0.0,0,,,,
224929.jsonl.gz,5552468961200544,0.13,0.005,959.0,0.0,0,,,,
224929.jsonl.gz,5774813808502271,0.021,0.0005,23975.4,0.0,0,,,,
224929.jsonl.gz,7456793595792364,0.977,0.0015,0.0,0.0,0,,,,
224929.jsonl.gz,7045929632587188,0.23,0.005,1591.8,0.0,0,,,,
224929.jsonl.gz,3704650953639515,0.027,0.004,540.0,0.0,0,,,,
224929.jsonl.gz,8891292653349398,0.016,0.0005,2647.9,0.0,0,,,,
224929.jsonl.gz,1825839575504139,0.003,0.0005,6768.9,0.0,0,,,,
224929.jsonl.gz,2853789823298506,0.008,0.0035,229.4,0.0,0,,,,
224929.jsonl.gz,5855900748190859,0.012,0.0005,1945.0,0.0,0,,,,
224929.jsonl.gz,1083024546070811,0.017,0.002,490.0,0.0,0,,,,
224929.jsonl.gz,6309330581531068,0.969,0.003,0.0,0.0,0,,,,
224929.jsonl.gz,9277048309813507,0.926,0.004,0.0,0.0,0,,,,
224929.jsonl.gz,5775223447809780,0.994,0.006,0.0,0.0,0,,,,
224929.jsonl.gz,6840002209357316,0.78,0.01,594.0,0.0,0,,,,
224929.jsonl.gz,2823941877263364,0.98,0.003,210.9,0.0,0,,,,
224929.jsonl.gz,6824515892885346,0.64,0.005,0.0,0.0,0,,,,
224929.jsonl.gz,3523185360721264,0.91,0.005,2555.2,0.0,0,,,,
224929.jsonl.gz,9705092174041619,0.62,0.005,72695.2,0.0,0,,,,
224929.jsonl.gz,2881957189963819,0.41,0.005,30135.6,0.0,0,,,,
224929.jsonl.gz,7419522058612923,0.999,0.014,5836337.9,0.0,0,,,,
224929.jsonl.gz,6350586282809244,0.025,0.001,0.0,0.0,0,,,,
224929.jsonl.gz,4264368978045256,0.014,0.0045,1860.7,0.0,0,,,,
224929.jsonl.gz,4317110822368379,0.996,0.004,5000.0,0.0,0,,,,
224929.jsonl.gz,8021972217434945,0.88,0.005,1759.0,0.0,0,,,,
224929.jsonl.gz,9456528654693780,0.993,0.005,1428.5,0.0,0,,,,
224929.jsonl.gz,6441922505412657,0.98,0.0025,0.0,0.0,0,,,,
224929.jsonl.gz,8881400370038397,0.62,0.01,1790.0,0.0,0,,,,
224929.jsonl.gz,8181063193293541,0.971,0.0015,0.0,0.0,0,,,,
224929.jsonl.gz,7643548942136022,0.994,0.002,540.0,0.0,0,,,,
224929.jsonl.gz,1357679737205208,0.993,0.004,1428.5,0.0,0,,,,
224929.jsonl.gz,8651893035246853,0.77,0.005,1084.0,0.0,0,,,,
224929.jsonl.gz,6447863530315865,0.988,0.003,0.0,0.0,0,,,,
