ts,wallet,pnl,vol,name
2026-07-23T11:42+00:00,0x204f72f35326db932158cba6adff0b9a1da95e14,8525971.612418676,381395374.34071994,swisstony
2026-07-23T11:42+00:00,0x09b428f7c2b469786286214aa5c90dd9015f7320,8052184.542897382,72132442.51951,DEEDDIT
2026-07-23T11:42+00:00,0x476e1322d1a412fa0325527b8c3bc5e707b1396d,3663920.5781502756,2420301.802414,asparagus2012
2026-07-23T11:42+00:00,0x2e25b222e2080c377fc1fb2b9f926315f0f4d49e,3638469.2679848503,20443506.051613,Sparkling8899
2026-07-23T11:42+00:00,0xe549581668a5751c1972d3ad2d1991d900bd2d54,2835915.542910125,12617569.186531998,Allezpapa
2026-07-23T11:42+00:00,0x83720820a8aa6c3f20ad71850e7a1a17d16c5223,2733613.53632558,26614043.136685,Jsram
2026-07-23T11:42+00:00,0x5b4ec9c06b284ee52c41a761974d836992880232,2619489.8367129234,16110037.066314,ramadamaramadam
2026-07-23T11:42+00:00,0x67542c3219b37fd1610aad290676ff91cdbfe3bc,2568675.661958316,43058532.80711699,maz26
2026-07-23T11:42+00:00,0xf0318c32136c2db7fec88b84869aee6a1106c80c,2296888.108291354,81179646.777877,BreakTheBank
2026-07-23T11:42+00:00,0x2c335066fe58fe9237c3d3dc7b275c2a034a0563,2095491.1942048327,326696650.503388,0x2c335066FE58fe9237c3d3Dc7b27
2026-07-23T11:42+00:00,0xfea31bc088000ff909be1dfd8d0e3f2c7ef2d227,2046089.4511860628,15808609.372231,ndb1
2026-07-23T11:42+00:00,0x095fbca2e0eaf0c9841005135427e1e0117190b2,2029201.1884442111,30801576.547095,muchobliged
2026-07-23T11:42+00:00,0x7c1ee865a785de4c00ee90ed86a38489fb8bbab3,1886129.2414188785,21755079.041996002,CandleHammerDrums
2026-07-23T11:42+00:00,0xd1c537b2a7cba8d365e111bffb9de7b205e2cbd0,1822552.7223731182,7586860.942172001,weatherman12
2026-07-23T11:42+00:00,0xf5fabdcdc6eb6d9765a228824f16cca9c91f62df,1692746.9304200695,15142242.974791,palegrit
2026-07-23T11:42+00:00,0x076daa87c4fe1a85402a9b6b8e0a866224388d4c,1666567.4687816151,31573671.338607002,
2026-07-23T11:42+00:00,0xc31d0a0d63d760d72a1236d16beaa6a71c854ebe,1551197.8337127352,3602509.518702999,FootballFan98
2026-07-23T11:42+00:00,0xb61b2079b95f6b7476fd3203e0274ffb93308a06,1514615.0469502301,7639471.5056960005,hot2trot
2026-07-23T11:42+00:00,0x65018f9fc473f6e920b8929a375d39c26a461220,1404350.9311804548,6072298.629523001,cnyek
2026-07-23T11:42+00:00,0xe3f1fb88b9eabc743e2a2d947e2efdba5e99bd92,1347506.4261598708,6607915.188502001,yamal19
2026-07-23T11:42+00:00,0xbb5fbe810633ab08d106b82db84418a0e2ca2e21,1302805.8294848118,3322197.109309,highnetworth
2026-07-23T11:42+00:00,0x3f6e93d1e2c2846a357276e29e7e9147e29c18d9,1283868.4612435757,7895182.503302,wco26
2026-07-23T11:42+00:00,0x3a6a2e7a7707c720219228eb8efa7398bc0e458e,1261084.8405477821,16737173.400125,thesingularityisnear
2026-07-23T11:42+00:00,0xc41d736bded9ed1accd6a44235039266219774fd,1215257.290345842,8090893.919394,0xC41D736bDed9ED1acCD6A4423503
2026-07-23T11:42+00:00,0x2005d16a84ceefa912d4e380cd32e7ff827875ea,1162426.0534050807,159536465.181978,RN1
2026-07-23T11:42+00:00,0x9468bb7e53c8a5f13cc283f2aed950ebf9865d4b,1145009.2770146786,10633824.039020002,myzbsq
2026-07-23T11:42+00:00,0x714a685b5454ea4d52979563bbafa77b8168ab2f,1137222.620776709,1027082.933432,pada
2026-07-23T11:42+00:00,0x8042d175fa3c31fc48b22accbad216564d8f3680,1095513.588194,6410117.356090999,Neonbruv
2026-07-23T11:42+00:00,0xc6a63ad5a788a576d4acc9911c50fef9fde49458,960754.3302214444,6175792.175565001,filthybetz
2026-07-23T11:42+00:00,0x75973c667cec880353450be3a6f17c5da67b4421,917892.9911941001,1595213.0983290002,0x75973C667CeC880353450BE3A6F1
2026-07-23T13:54+00:00,0x204f72f35326db932158cba6adff0b9a1da95e14,8540786.4645725,381596510.15276194,swisstony
2026-07-23T13:54+00:00,0x09b428f7c2b469786286214aa5c90dd9015f7320,8052184.542897382,72132442.51951,DEEDDIT
2026-07-23T13:54+00:00,0x476e1322d1a412fa0325527b8c3bc5e707b1396d,3663920.5781502756,2420301.802414,asparagus2012
2026-07-23T13:54+00:00,0x2e25b222e2080c377fc1fb2b9f926315f0f4d49e,3638469.2679848503,20443506.051613,Sparkling8899
2026-07-23T13:54+00:00,0xe549581668a5751c1972d3ad2d1991d900bd2d54,2835915.542910125,12617569.186532002,Allezpapa
2026-07-23T13:54+00:00,0x83720820a8aa6c3f20ad71850e7a1a17d16c5223,2733613.536325069,26614043.136685,Jsram
2026-07-23T13:54+00:00,0x5b4ec9c06b284ee52c41a761974d836992880232,2619489.8367129234,16110037.066313999,ramadamaramadam
2026-07-23T13:54+00:00,0x67542c3219b37fd1610aad290676ff91cdbfe3bc,2568675.661958316,43058532.807117,maz26
2026-07-23T13:54+00:00,0xf0318c32136c2db7fec88b84869aee6a1106c80c,2296888.108291354,81179646.777877,BreakTheBank
2026-07-23T13:54+00:00,0x2c335066fe58fe9237c3d3dc7b275c2a034a0563,2098196.7537893374,326770078.62338805,0x2c335066FE58fe9237c3d3Dc7b27
2026-07-23T13:54+00:00,0xfea31bc088000ff909be1dfd8d0e3f2c7ef2d227,2046230.9292507838,15808889.058502998,ndb1
2026-07-23T13:54+00:00,0x095fbca2e0eaf0c9841005135427e1e0117190b2,2029201.1884442111,30801576.54709501,muchobliged
2026-07-23T13:54+00:00,0x7c1ee865a785de4c00ee90ed86a38489fb8bbab3,1886129.2414188785,21755079.041996002,CandleHammerDrums
2026-07-23T13:54+00:00,0xd1c537b2a7cba8d365e111bffb9de7b205e2cbd0,1822552.7223731182,7586860.942172001,weatherman12
2026-07-23T13:54+00:00,0xf5fabdcdc6eb6d9765a228824f16cca9c91f62df,1692746.9304200695,15142242.974790998,palegrit
2026-07-23T13:54+00:00,0x076daa87c4fe1a85402a9b6b8e0a866224388d4c,1662837.6717871132,31660264.294181004,
2026-07-23T13:54+00:00,0xc31d0a0d63d760d72a1236d16beaa6a71c854ebe,1551197.8337127357,3602509.5187029997,FootballFan98
2026-07-23T13:54+00:00,0xb61b2079b95f6b7476fd3203e0274ffb93308a06,1514615.0469502301,7639471.5056960005,hot2trot
2026-07-23T13:54+00:00,0x65018f9fc473f6e920b8929a375d39c26a461220,1404350.9311804548,6072298.629523001,cnyek
2026-07-23T13:54+00:00,0xe3f1fb88b9eabc743e2a2d947e2efdba5e99bd92,1347506.4261598708,6607915.188502001,yamal19
2026-07-23T13:54+00:00,0xbb5fbe810633ab08d106b82db84418a0e2ca2e21,1302805.8294848118,3322197.109309,highnetworth
2026-07-23T13:54+00:00,0x3f6e93d1e2c2846a357276e29e7e9147e29c18d9,1283868.4612435757,7895182.5033019995,wco26
2026-07-23T13:54+00:00,0x3a6a2e7a7707c720219228eb8efa7398bc0e458e,1261084.8405477821,16737173.400125002,thesingularityisnear
2026-07-23T13:54+00:00,0xc41d736bded9ed1accd6a44235039266219774fd,1215257.290345842,8090893.919394,0xC41D736bDed9ED1acCD6A4423503
2026-07-23T13:54+00:00,0x2005d16a84ceefa912d4e380cd32e7ff827875ea,1184645.001968491,160141778.05146202,RN1
2026-07-23T13:54+00:00,0x714a685b5454ea4d52979563bbafa77b8168ab2f,1146959.7031125978,1027082.9334320001,pada
2026-07-23T13:54+00:00,0x9468bb7e53c8a5f13cc283f2aed950ebf9865d4b,1145009.2770146786,10633824.039020002,myzbsq
2026-07-23T13:54+00:00,0x8042d175fa3c31fc48b22accbad216564d8f3680,1095513.588194,6410117.356090999,Neonbruv
2026-07-23T13:54+00:00,0xc6a63ad5a788a576d4acc9911c50fef9fde49458,960754.3302344044,6175792.175565,filthybetz
2026-07-23T13:54+00:00,0x75973c667cec880353450be3a6f17c5da67b4421,917892.9911941001,1595213.0983290002,0x75973C667CeC880353450BE3A6F1
2026-07-23T18:07+00:00,0x204f72f35326db932158cba6adff0b9a1da95e14,8572692.789887376,382449196.0649239,swisstony
2026-07-23T18:07+00:00,0x09b428f7c2b469786286214aa5c90dd9015f7320,8052184.542897382,72132442.51951,DEEDDIT
2026-07-23T18:07+00:00,0x476e1322d1a412fa0325527b8c3bc5e707b1396d,3663920.5781502756,2420301.802414,asparagus2012
2026-07-23T18:07+00:00,0x2e25b222e2080c377fc1fb2b9f926315f0f4d49e,3638469.2679848503,20443506.051613,Sparkling8899
2026-07-23T18:07+00:00,0xe549581668a5751c1972d3ad2d1991d900bd2d54,2835915.542910125,12617569.186532,Allezpapa
2026-07-23T18:07+00:00,0x83720820a8aa6c3f20ad71850e7a1a17d16c5223,2733613.5363248135,26614043.136684995,Jsram
2026-07-23T18:07+00:00,0x5b4ec9c06b284ee52c41a761974d836992880232,2619489.8367129234,16110037.066314,ramadamaramadam
2026-07-23T18:07+00:00,0x67542c3219b37fd1610aad290676ff91cdbfe3bc,2568675.661958316,43058532.80711701,maz26
2026-07-23T18:07+00:00,0xf0318c32136c2db7fec88b84869aee6a1106c80c,2296888.108291354,81179646.777877,BreakTheBank
2026-07-23T18:07+00:00,0x2c335066fe58fe9237c3d3dc7b275c2a034a0563,2107133.7982114353,327256985.16345996,0x2c335066FE58fe9237c3d3Dc7b27
2026-07-23T18:07+00:00,0xfea31bc088000ff909be1dfd8d0e3f2c7ef2d227,2046233.573441304,15809506.038503002,ndb1
2026-07-23T18:07+00:00,0x095fbca2e0eaf0c9841005135427e1e0117190b2,2029201.1884442111,30801576.54709501,muchobliged
2026-07-23T18:07+00:00,0x7c1ee865a785de4c00ee90ed86a38489fb8bbab3,1886129.2414188785,21755079.041996002,CandleHammerDrums
2026-07-23T18:07+00:00,0xd1c537b2a7cba8d365e111bffb9de7b205e2cbd0,1822552.7223731182,7586860.942172001,weatherman12
2026-07-23T18:07+00:00,0x076daa87c4fe1a85402a9b6b8e0a866224388d4c,1729567.904452572,31973379.077694003,
2026-07-23T18:07+00:00,0xf5fabdcdc6eb6d9765a228824f16cca9c91f62df,1692746.9304200695,15142242.974791,palegrit
2026-07-23T18:07+00:00,0xc31d0a0d63d760d72a1236d16beaa6a71c854ebe,1551197.833712735,3602509.518702999,FootballFan98
2026-07-23T18:07+00:00,0xb61b2079b95f6b7476fd3203e0274ffb93308a06,1514615.0469502301,7639471.505696,hot2trot
2026-07-23T18:07+00:00,0x65018f9fc473f6e920b8929a375d39c26a461220,1404350.9311804548,6072298.629523002,cnyek
2026-07-23T18:07+00:00,0xe3f1fb88b9eabc743e2a2d947e2efdba5e99bd92,1347506.4261598708,6607915.188502001,yamal19
2026-07-23T18:07+00:00,0xbb5fbe810633ab08d106b82db84418a0e2ca2e21,1302805.8294848118,3322197.109309,highnetworth
2026-07-23T18:07+00:00,0x3f6e93d1e2c2846a357276e29e7e9147e29c18d9,1283868.4612435757,7895182.503302,wco26
2026-07-23T18:07+00:00,0x3a6a2e7a7707c720219228eb8efa7398bc0e458e,1261084.8405477821,16737173.400125002,thesingularityisnear
2026-07-23T18:07+00:00,0xc41d736bded9ed1accd6a44235039266219774fd,1215257.290345842,8090893.9193939995,0xC41D736bDed9ED1acCD6A4423503
2026-07-23T18:07+00:00,0x9468bb7e53c8a5f13cc283f2aed950ebf9865d4b,1145009.2770146786,10633824.039020002,myzbsq
2026-07-23T18:07+00:00,0x2005d16a84ceefa912d4e380cd32e7ff827875ea,1136274.6835259418,162538029.10598,RN1
2026-07-23T18:07+00:00,0x714a685b5454ea4d52979563bbafa77b8168ab2f,1131550.9795998668,1027082.9334320001,pada
2026-07-23T18:07+00:00,0x8042d175fa3c31fc48b22accbad216564d8f3680,1095513.588194,6410117.356090999,Neonbruv
2026-07-23T18:07+00:00,0xc6a63ad5a788a576d4acc9911c50fef9fde49458,960754.3302564744,6175792.175565,filthybetz
2026-07-23T18:07+00:00,0x86d2d490bcac9fccea02a44c48272008e0c4731d,919843.977246756,6215598.184796,umeax
2026-07-24T04:07+00:00,0x204f72f35326db932158cba6adff0b9a1da95e14,8650473.842276124,384485527.43903095,swisstony
2026-07-24T04:07+00:00,0x09b428f7c2b469786286214aa5c90dd9015f7320,8052184.542897382,72132442.51950999,DEEDDIT
2026-07-24T04:07+00:00,0x476e1322d1a412fa0325527b8c3bc5e707b1396d,3663920.5781502756,2420301.8024139996,asparagus2012
2026-07-24T04:07+00:00,0x2e25b222e2080c377fc1fb2b9f926315f0f4d49e,3638469.2679848503,20443506.051613,Sparkling8899
2026-07-24T04:07+00:00,0xe549581668a5751c1972d3ad2d1991d900bd2d54,2835915.542910125,12617569.186532,Allezpapa
2026-07-24T04:07+00:00,0x83720820a8aa6c3f20ad71850e7a1a17d16c5223,2733980.9441084363,26614043.136685,Jsram
2026-07-24T04:07+00:00,0x5b4ec9c06b284ee52c41a761974d836992880232,2619489.8367129234,16110037.066314002,ramadamaramadam
2026-07-24T04:07+00:00,0x67542c3219b37fd1610aad290676ff91cdbfe3bc,2568675.661958316,43058532.807117,maz26
2026-07-24T04:07+00:00,0xf0318c32136c2db7fec88b84869aee6a1106c80c,2296888.108291354,81179646.777877,BreakTheBank
2026-07-24T04:07+00:00,0x2c335066fe58fe9237c3d3dc7b275c2a034a0563,2224281.9298031563,328147590.91242397,0x2c335066FE58fe9237c3d3Dc7b27
2026-07-24T04:07+00:00,0xfea31bc088000ff909be1dfd8d0e3f2c7ef2d227,2046136.843735527,15809603.748503,ndb1
2026-07-24T04:07+00:00,0x095fbca2e0eaf0c9841005135427e1e0117190b2,2029201.1884442111,30801576.547095,muchobliged
2026-07-24T04:07+00:00,0x7c1ee865a785de4c00ee90ed86a38489fb8bbab3,1886129.2414188785,21755079.041995995,CandleHammerDrums
2026-07-24T04:07+00:00,0xd1c537b2a7cba8d365e111bffb9de7b205e2cbd0,1822552.7223731182,7586860.942172001,weatherman12
2026-07-24T04:07+00:00,0x076daa87c4fe1a85402a9b6b8e0a866224388d4c,1701800.3767382922,32033012.087765012,
2026-07-24T04:07+00:00,0xf5fabdcdc6eb6d9765a228824f16cca9c91f62df,1692746.9304200695,15142242.974791,palegrit
2026-07-24T04:07+00:00,0xc31d0a0d63d760d72a1236d16beaa6a71c854ebe,1551344.012602735,3602509.5187029997,FootballFan98
2026-07-24T04:07+00:00,0xb61b2079b95f6b7476fd3203e0274ffb93308a06,1514615.0469502301,7639471.5056960005,hot2trot
2026-07-24T04:07+00:00,0x65018f9fc473f6e920b8929a375d39c26a461220,1404350.9311804548,6072298.629523002,cnyek
2026-07-24T04:07+00:00,0xe3f1fb88b9eabc743e2a2d947e2efdba5e99bd92,1347506.4261598708,6607915.188502001,yamal19
2026-07-24T04:07+00:00,0xbb5fbe810633ab08d106b82db84418a0e2ca2e21,1302805.8294848118,3322197.109309,highnetworth
2026-07-24T04:07+00:00,0x3f6e93d1e2c2846a357276e29e7e9147e29c18d9,1283868.4612435757,7895182.503302,wco26
2026-07-24T04:07+00:00,0x3a6a2e7a7707c720219228eb8efa7398bc0e458e,1261084.8405477821,16737173.400125,thesingularityisnear
2026-07-24T04:07+00:00,0xc41d736bded9ed1accd6a44235039266219774fd,1215257.290345842,8090893.919394,0xC41D736bDed9ED1acCD6A4423503
2026-07-24T04:07+00:00,0x714a685b5454ea4d52979563bbafa77b8168ab2f,1145577.7210950628,1079673.533432,pada
2026-07-24T04:07+00:00,0x9468bb7e53c8a5f13cc283f2aed950ebf9865d4b,1145009.2770146786,10633824.03902,myzbsq
2026-07-24T04:07+00:00,0x2005d16a84ceefa912d4e380cd32e7ff827875ea,1135221.436039518,164754523.27487904,RN1
2026-07-24T04:07+00:00,0x8042d175fa3c31fc48b22accbad216564d8f3680,1095513.588194,6410117.356090999,Neonbruv
2026-07-24T04:07+00:00,0xc6a63ad5a788a576d4acc9911c50fef9fde49458,960754.3308193395,6175792.175564999,filthybetz
2026-07-24T04:07+00:00,0x86d2d490bcac9fccea02a44c48272008e0c4731d,921605.859596756,6215598.184795999,umeax
2026-07-24T05:04+00:00,0x204f72f35326db932158cba6adff0b9a1da95e14,8650473.842276124,384485527.43903095,swisstony
2026-07-24T05:04+00:00,0x09b428f7c2b469786286214aa5c90dd9015f7320,8052184.542897382,72132442.51950999,DEEDDIT
2026-07-24T05:04+00:00,0x476e1322d1a412fa0325527b8c3bc5e707b1396d,3663920.5781502756,2420301.8024139996,asparagus2012
2026-07-24T05:04+00:00,0x2e25b222e2080c377fc1fb2b9f926315f0f4d49e,3638469.2679848503,20443506.051613,Sparkling8899
2026-07-24T05:04+00:00,0xe549581668a5751c1972d3ad2d1991d900bd2d54,2835915.542910125,12617569.186532,Allezpapa
2026-07-24T05:04+00:00,0x83720820a8aa6c3f20ad71850e7a1a17d16c5223,2733980.9441084363,26614043.136685,Jsram
2026-07-24T05:04+00:00,0x5b4ec9c06b284ee52c41a761974d836992880232,2619489.8367129234,16110037.066314002,ramadamaramadam
2026-07-24T05:04+00:00,0x67542c3219b37fd1610aad290676ff91cdbfe3bc,2568675.661958316,43058532.807117,maz26
2026-07-24T05:04+00:00,0xf0318c32136c2db7fec88b84869aee6a1106c80c,2296888.108291354,81179646.777877,BreakTheBank
2026-07-24T05:04+00:00,0x2c335066fe58fe9237c3d3dc7b275c2a034a0563,2224281.9298031563,328147590.91242397,0x2c335066FE58fe9237c3d3Dc7b27
2026-07-24T05:04+00:00,0xfea31bc088000ff909be1dfd8d0e3f2c7ef2d227,2046136.843735527,15809603.748503,ndb1
2026-07-24T05:04+00:00,0x095fbca2e0eaf0c9841005135427e1e0117190b2,2029201.1884442111,30801576.547095,muchobliged
2026-07-24T05:04+00:00,0x7c1ee865a785de4c00ee90ed86a38489fb8bbab3,1886129.2414188785,21755079.041995995,CandleHammerDrums
2026-07-24T05:04+00:00,0xd1c537b2a7cba8d365e111bffb9de7b205e2cbd0,1822552.7223731182,7586860.942172001,weatherman12
2026-07-24T05:04+00:00,0x076daa87c4fe1a85402a9b6b8e0a866224388d4c,1701800.3767382922,32033012.087765012,
2026-07-24T05:04+00:00,0xf5fabdcdc6eb6d9765a228824f16cca9c91f62df,1692746.9304200695,15142242.974791,palegrit
2026-07-24T05:04+00:00,0xc31d0a0d63d760d72a1236d16beaa6a71c854ebe,1551344.012602735,3602509.5187029997,FootballFan98
2026-07-24T05:04+00:00,0xb61b2079b95f6b7476fd3203e0274ffb93308a06,1514615.0469502301,7639471.5056960005,hot2trot
2026-07-24T05:04+00:00,0x65018f9fc473f6e920b8929a375d39c26a461220,1404350.9311804548,6072298.629523002,cnyek
2026-07-24T05:04+00:00,0xe3f1fb88b9eabc743e2a2d947e2efdba5e99bd92,1347506.4261598708,6607915.188502001,yamal19
2026-07-24T05:04+00:00,0xbb5fbe810633ab08d106b82db84418a0e2ca2e21,1302805.8294848118,3322197.109309,highnetworth
2026-07-24T05:04+00:00,0x3f6e93d1e2c2846a357276e29e7e9147e29c18d9,1283868.4612435757,7895182.503302,wco26
2026-07-24T05:04+00:00,0x3a6a2e7a7707c720219228eb8efa7398bc0e458e,1261084.8405477821,16737173.400125,thesingularityisnear
2026-07-24T05:04+00:00,0xc41d736bded9ed1accd6a44235039266219774fd,1215257.290345842,8090893.919394,0xC41D736bDed9ED1acCD6A4423503
2026-07-24T05:04+00:00,0x714a685b5454ea4d52979563bbafa77b8168ab2f,1145577.7210950628,1079673.533432,pada
2026-07-24T05:04+00:00,0x9468bb7e53c8a5f13cc283f2aed950ebf9865d4b,1145009.2770146786,10633824.03902,myzbsq
2026-07-24T05:04+00:00,0x2005d16a84ceefa912d4e380cd32e7ff827875ea,1135221.436039518,164754523.27487904,RN1
2026-07-24T05:04+00:00,0x8042d175fa3c31fc48b22accbad216564d8f3680,1095513.588194,6410117.356090999,Neonbruv
2026-07-24T05:04+00:00,0xc6a63ad5a788a576d4acc9911c50fef9fde49458,960754.3308193395,6175792.175564999,filthybetz
2026-07-24T05:04+00:00,0x86d2d490bcac9fccea02a44c48272008e0c4731d,921605.859596756,6215598.184795999,umeax
2026-07-24T06:34+00:00,0x204f72f35326db932158cba6adff0b9a1da95e14,8651661.818974491,384488227.549788,swisstony
2026-07-24T06:34+00:00,0x09b428f7c2b469786286214aa5c90dd9015f7320,8052184.542897382,72132442.51951,DEEDDIT
2026-07-24T06:34+00:00,0x476e1322d1a412fa0325527b8c3bc5e707b1396d,3663920.5781502756,2420301.802414,asparagus2012
2026-07-24T06:34+00:00,0x2e25b222e2080c377fc1fb2b9f926315f0f4d49e,3638469.2679848503,20443506.051613,Sparkling8899
2026-07-24T06:34+00:00,0xe549581668a5751c1972d3ad2d1991d900bd2d54,2835915.542910125,12617569.186531998,Allezpapa
2026-07-24T06:34+00:00,0x83720820a8aa6c3f20ad71850e7a1a17d16c5223,2733980.944109203,26614043.136685003,Jsram
2026-07-24T06:34+00:00,0x5b4ec9c06b284ee52c41a761974d836992880232,2619489.8367129234,16110037.066314002,ramadamaramadam
2026-07-24T06:34+00:00,0x67542c3219b37fd1610aad290676ff91cdbfe3bc,2568675.661958316,43058532.807117,maz26
2026-07-24T06:34+00:00,0xf0318c32136c2db7fec88b84869aee6a1106c80c,2296888.108291354,81179646.77787699,BreakTheBank
2026-07-24T06:34+00:00,0x2c335066fe58fe9237c3d3dc7b275c2a034a0563,2224291.412853957,328147590.91242397,0x2c335066FE58fe9237c3d3Dc7b27
2026-07-24T06:34+00:00,0xfea31bc088000ff909be1dfd8d0e3f2c7ef2d227,2046137.4083585076,15809603.748503,ndb1
2026-07-24T06:34+00:00,0x095fbca2e0eaf0c9841005135427e1e0117190b2,2029201.1884442111,30801576.54709501,muchobliged
2026-07-24T06:34+00:00,0x7c1ee865a785de4c00ee90ed86a38489fb8bbab3,1886129.2414188785,21755079.041996002,CandleHammerDrums
2026-07-24T06:34+00:00,0xd1c537b2a7cba8d365e111bffb9de7b205e2cbd0,1822552.7223731182,7586860.942172001,weatherman12
2026-07-24T06:34+00:00,0x076daa87c4fe1a85402a9b6b8e0a866224388d4c,1701755.108095486,32033012.087765,
2026-07-24T06:34+00:00,0xf5fabdcdc6eb6d9765a228824f16cca9c91f62df,1692746.9304200695,15142242.974791002,palegrit
2026-07-24T06:34+00:00,0xc31d0a0d63d760d72a1236d16beaa6a71c854ebe,1551489.069902735,3602509.5187029997,FootballFan98
2026-07-24T06:34+00:00,0xb61b2079b95f6b7476fd3203e0274ffb93308a06,1514615.0469502301,7639471.505696,hot2trot
2026-07-24T06:34+00:00,0x65018f9fc473f6e920b8929a375d39c26a461220,1404350.9311804548,6072298.629523,cnyek
2026-07-24T06:34+00:00,0xe3f1fb88b9eabc743e2a2d947e2efdba5e99bd92,1347506.4261598708,6607915.188502001,yamal19
2026-07-24T06:34+00:00,0xbb5fbe810633ab08d106b82db84418a0e2ca2e21,1302805.8294848118,3322197.1093089995,highnetworth
2026-07-24T06:34+00:00,0x3f6e93d1e2c2846a357276e29e7e9147e29c18d9,1283868.4612435757,7895182.503302,wco26
2026-07-24T06:34+00:00,0x3a6a2e7a7707c720219228eb8efa7398bc0e458e,1261084.8405477821,16737173.400125002,thesingularityisnear
2026-07-24T06:34+00:00,0xc41d736bded9ed1accd6a44235039266219774fd,1215257.290345842,8090893.919394,0xC41D736bDed9ED1acCD6A4423503
2026-07-24T06:34+00:00,0x2005d16a84ceefa912d4e380cd32e7ff827875ea,1145610.7495019913,164791802.72983,RN1
2026-07-24T06:34+00:00,0x9468bb7e53c8a5f13cc283f2aed950ebf9865d4b,1145009.2770146786,10633824.039020002,myzbsq
2026-07-24T06:34+00:00,0x714a685b5454ea4d52979563bbafa77b8168ab2f,1140785.092526701,1111195.533432,pada
2026-07-24T06:34+00:00,0x8042d175fa3c31fc48b22accbad216564d8f3680,1095513.588194,6410117.356090999,Neonbruv
2026-07-24T06:34+00:00,0xc6a63ad5a788a576d4acc9911c50fef9fde49458,960754.3308193395,6175792.175565,filthybetz
2026-07-24T06:34+00:00,0x86d2d490bcac9fccea02a44c48272008e0c4731d,921605.859596756,6215598.184796,umeax
2026-07-24T12:48+00:00,0x204f72f35326db932158cba6adff0b9a1da95e14,8655679.943281027,384649910.1407699,swisstony
2026-07-24T12:48+00:00,0x09b428f7c2b469786286214aa5c90dd9015f7320,8052184.542897382,72132442.51951,DEEDDIT
2026-07-24T12:48+00:00,0x476e1322d1a412fa0325527b8c3bc5e707b1396d,3663920.5781502756,2420301.802414,asparagus2012
2026-07-24T12:48+00:00,0x2e25b222e2080c377fc1fb2b9f926315f0f4d49e,3638469.2679848503,20443506.051613,Sparkling8899
2026-07-24T12:48+00:00,0xe549581668a5751c1972d3ad2d1991d900bd2d54,2835915.542910125,12617569.186532002,Allezpapa
2026-07-24T12:48+00:00,0x83720820a8aa6c3f20ad71850e7a1a17d16c5223,2733613.53632558,26614043.136685003,Jsram
2026-07-24T12:48+00:00,0x5b4ec9c06b284ee52c41a761974d836992880232,2619489.8367129234,16110037.066313999,ramadamaramadam
2026-07-24T12:48+00:00,0x67542c3219b37fd1610aad290676ff91cdbfe3bc,2568675.6619583163,43058532.807117,maz26
2026-07-24T12:48+00:00,0xf0318c32136c2db7fec88b84869aee6a1106c80c,2296888.108291354,81179646.777877,BreakTheBank
2026-07-24T12:48+00:00,0x2c335066fe58fe9237c3d3dc7b275c2a034a0563,2225546.3715884956,328231125.735707,0x2c335066FE58fe9237c3d3Dc7b27
2026-07-24T12:48+00:00,0xfea31bc088000ff909be1dfd8d0e3f2c7ef2d227,2045915.0636632605,15809603.748502996,ndb1
2026-07-24T12:48+00:00,0x095fbca2e0eaf0c9841005135427e1e0117190b2,2029201.1884442111,30801576.547095004,muchobliged
2026-07-24T12:48+00:00,0x7c1ee865a785de4c00ee90ed86a38489fb8bbab3,1886129.2414188785,21755079.041996,CandleHammerDrums
2026-07-24T12:48+00:00,0xd1c537b2a7cba8d365e111bffb9de7b205e2cbd0,1822552.7223731182,7586860.942172001,weatherman12
2026-07-24T12:48+00:00,0x076daa87c4fe1a85402a9b6b8e0a866224388d4c,1697088.5161716212,32060284.628780004,
2026-07-24T12:48+00:00,0xf5fabdcdc6eb6d9765a228824f16cca9c91f62df,1692746.9304200695,15142242.974791002,palegrit
2026-07-24T12:48+00:00,0xc31d0a0d63d760d72a1236d16beaa6a71c854ebe,1551488.068312735,3602509.5187029997,FootballFan98
2026-07-24T12:48+00:00,0xb61b2079b95f6b7476fd3203e0274ffb93308a06,1514615.0469502301,7639471.505696,hot2trot
2026-07-24T12:48+00:00,0x65018f9fc473f6e920b8929a375d39c26a461220,1404103.5348686995,6093430.970153,cnyek
2026-07-24T12:48+00:00,0xe3f1fb88b9eabc743e2a2d947e2efdba5e99bd92,1347506.4261598708,6607915.188502001,yamal19
2026-07-24T12:48+00:00,0xbb5fbe810633ab08d106b82db84418a0e2ca2e21,1302805.8294848118,3322197.109309,highnetworth
2026-07-24T12:48+00:00,0x3f6e93d1e2c2846a357276e29e7e9147e29c18d9,1283868.4612435757,7895182.503302,wco26
2026-07-24T12:48+00:00,0x3a6a2e7a7707c720219228eb8efa7398bc0e458e,1261084.8405477821,16737173.400125002,thesingularityisnear
2026-07-24T12:48+00:00,0xc41d736bded9ed1accd6a44235039266219774fd,1215257.290345842,8090893.919394,0xC41D736bDed9ED1acCD6A4423503
2026-07-24T12:48+00:00,0x2005d16a84ceefa912d4e380cd32e7ff827875ea,1152478.7075878286,165470389.72870502,RN1
2026-07-24T12:48+00:00,0x9468bb7e53c8a5f13cc283f2aed950ebf9865d4b,1145009.2770146786,10633824.039020002,myzbsq
2026-07-24T12:48+00:00,0x714a685b5454ea4d52979563bbafa77b8168ab2f,1138156.0823549675,1111195.533432,pada
2026-07-24T12:48+00:00,0x8042d175fa3c31fc48b22accbad216564d8f3680,1095513.588194,6410117.356090999,Neonbruv
2026-07-24T12:48+00:00,0xc6a63ad5a788a576d4acc9911c50fef9fde49458,960754.3308193395,6175792.175565,filthybetz
2026-07-24T12:48+00:00,0x86d2d490bcac9fccea02a44c48272008e0c4731d,921725.0391893061,6220662.114796,umeax
2026-07-25T00:18+00:00,0x204f72f35326db932158cba6adff0b9a1da95e14,8628988.80557936,385891106.0496709,swisstony
2026-07-25T00:18+00:00,0x09b428f7c2b469786286214aa5c90dd9015f7320,8052184.542897382,72132442.51950999,DEEDDIT
2026-07-25T00:18+00:00,0x476e1322d1a412fa0325527b8c3bc5e707b1396d,3663920.5781502756,2420301.802414,asparagus2012
2026-07-25T00:18+00:00,0x2e25b222e2080c377fc1fb2b9f926315f0f4d49e,3638469.2679848503,20443506.051612996,Sparkling8899
2026-07-25T00:18+00:00,0xe549581668a5751c1972d3ad2d1991d900bd2d54,2835915.542910125,12617569.186532,Allezpapa
2026-07-25T00:18+00:00,0x83720820a8aa6c3f20ad71850e7a1a17d16c5223,2733980.944109203,26614043.136685003,Jsram
2026-07-25T00:18+00:00,0x5b4ec9c06b284ee52c41a761974d836992880232,2619489.8367129234,16110037.066314,ramadamaramadam
2026-07-25T00:18+00:00,0x67542c3219b37fd1610aad290676ff91cdbfe3bc,2568675.661958316,43058532.80711701,maz26
2026-07-25T00:18+00:00,0xf0318c32136c2db7fec88b84869aee6a1106c80c,2296888.108291354,81179646.777877,BreakTheBank
2026-07-25T00:18+00:00,0xfea31bc088000ff909be1dfd8d0e3f2c7ef2d227,2046228.6075710228,15829979.254591996,ndb1
2026-07-25T00:18+00:00,0x095fbca2e0eaf0c9841005135427e1e0117190b2,2029201.1884442111,30801576.547095,muchobliged
2026-07-25T00:18+00:00,0x2c335066fe58fe9237c3d3dc7b275c2a034a0563,1968090.5332238553,330189300.336146,0x2c335066FE58fe9237c3d3Dc7b27
2026-07-25T00:18+00:00,0x7c1ee865a785de4c00ee90ed86a38489fb8bbab3,1886129.2414188785,21755079.041996,CandleHammerDrums
2026-07-25T00:18+00:00,0xd1c537b2a7cba8d365e111bffb9de7b205e2cbd0,1822552.7223731182,7586860.942172001,weatherman12
2026-07-25T00:18+00:00,0xf5fabdcdc6eb6d9765a228824f16cca9c91f62df,1692746.9304200695,15142242.974791,palegrit
2026-07-25T00:18+00:00,0x076daa87c4fe1a85402a9b6b8e0a866224388d4c,1667604.700261954,32334771.250633005,
2026-07-25T00:18+00:00,0xc31d0a0d63d760d72a1236d16beaa6a71c854ebe,1551198.9553027346,3602509.5187029997,FootballFan98
2026-07-25T00:18+00:00,0xb61b2079b95f6b7476fd3203e0274ffb93308a06,1514615.0469502301,7639471.5056960005,hot2trot
2026-07-25T00:18+00:00,0xbb5fbe810633ab08d106b82db84418a0e2ca2e21,1406558.1881758117,3518524.1433369997,highnetworth
2026-07-25T00:18+00:00,0x65018f9fc473f6e920b8929a375d39c26a461220,1394382.6581788994,6093430.970153,cnyek
2026-07-25T00:18+00:00,0xe3f1fb88b9eabc743e2a2d947e2efdba5e99bd92,1347506.4261598708,6607915.188502001,yamal19
2026-07-25T00:18+00:00,0x3f6e93d1e2c2846a357276e29e7e9147e29c18d9,1283868.4612435757,7895182.503302,wco26
2026-07-25T00:18+00:00,0x3a6a2e7a7707c720219228eb8efa7398bc0e458e,1261084.8405477821,16737173.400124999,thesingularityisnear
2026-07-25T00:18+00:00,0xc41d736bded9ed1accd6a44235039266219774fd,1215257.290345842,8090893.919394,0xC41D736bDed9ED1acCD6A4423503
2026-07-25T00:18+00:00,0x714a685b5454ea4d52979563bbafa77b8168ab2f,1199588.9950657738,1123599.443432,pada
2026-07-25T00:18+00:00,0x2005d16a84ceefa912d4e380cd32e7ff827875ea,1189233.166400706,169484715.80089396,RN1
2026-07-25T00:18+00:00,0x9468bb7e53c8a5f13cc283f2aed950ebf9865d4b,1145009.2770146786,10633824.039020002,myzbsq
2026-07-25T00:18+00:00,0x8042d175fa3c31fc48b22accbad216564d8f3680,1095513.588194,6410117.356090999,Neonbruv
2026-07-25T00:18+00:00,0xc6a63ad5a788a576d4acc9911c50fef9fde49458,960754.3308193395,6175792.175565,filthybetz
2026-07-25T00:18+00:00,0x86d2d490bcac9fccea02a44c48272008e0c4731d,924768.7338393062,6238786.204795999,umeax
2026-07-25T12:12+00:00,0x204f72f35326db932158cba6adff0b9a1da95e14,8672560.21453155,387187653.4128369,swisstony
2026-07-25T12:12+00:00,0x09b428f7c2b469786286214aa5c90dd9015f7320,8052184.542897382,72132442.51950999,DEEDDIT
2026-07-25T12:12+00:00,0x476e1322d1a412fa0325527b8c3bc5e707b1396d,3663920.5781502756,2420301.802414,asparagus2012
2026-07-25T12:12+00:00,0x2e25b222e2080c377fc1fb2b9f926315f0f4d49e,3638469.2679848503,20443506.051613,Sparkling8899
2026-07-25T12:12+00:00,0xe549581668a5751c1972d3ad2d1991d900bd2d54,2835915.542910125,12617569.186532,Allezpapa
2026-07-25T12:12+00:00,0x83720820a8aa6c3f20ad71850e7a1a17d16c5223,2729940.7498628474,26614301.411127996,Jsram
2026-07-25T12:12+00:00,0x5b4ec9c06b284ee52c41a761974d836992880232,2619489.8367129234,16110037.066314002,ramadamaramadam
2026-07-25T12:12+00:00,0x67542c3219b37fd1610aad290676ff91cdbfe3bc,2568675.661958316,43058532.807117015,maz26
2026-07-25T12:12+00:00,0xf0318c32136c2db7fec88b84869aee6a1106c80c,2296888.108291354,81179646.777877,BreakTheBank
2026-07-25T12:12+00:00,0x2c335066fe58fe9237c3d3dc7b275c2a034a0563,2218008.1104321745,331073540.222236,0x2c335066FE58fe9237c3d3Dc7b27
2026-07-25T12:12+00:00,0xfea31bc088000ff909be1dfd8d0e3f2c7ef2d227,2046059.0481718935,15830591.860145997,ndb1
2026-07-25T12:12+00:00,0x095fbca2e0eaf0c9841005135427e1e0117190b2,2029201.1884442111,30801576.547095,muchobliged
2026-07-25T12:12+00:00,0x7c1ee865a785de4c00ee90ed86a38489fb8bbab3,1886129.2414188785,21755079.041995995,CandleHammerDrums
2026-07-25T12:12+00:00,0xd1c537b2a7cba8d365e111bffb9de7b205e2cbd0,1822552.7223731182,7586860.942172001,weatherman12
2026-07-25T12:12+00:00,0xf5fabdcdc6eb6d9765a228824f16cca9c91f62df,1692746.9304200695,15142242.974791,palegrit
2026-07-25T12:12+00:00,0x076daa87c4fe1a85402a9b6b8e0a866224388d4c,1685494.8604166103,32451259.85928701,
2026-07-25T12:12+00:00,0xc31d0a0d63d760d72a1236d16beaa6a71c854ebe,1551185.1778127344,3602509.5187029997,FootballFan98
2026-07-25T12:12+00:00,0xb61b2079b95f6b7476fd3203e0274ffb93308a06,1514615.0469502301,7639471.505696001,hot2trot
2026-07-25T12:12+00:00,0xbb5fbe810633ab08d106b82db84418a0e2ca2e21,1439097.8807772894,3831489.977755,highnetworth
2026-07-25T12:12+00:00,0x65018f9fc473f6e920b8929a375d39c26a461220,1394361.5258382694,6093430.970152999,cnyek
2026-07-25T12:12+00:00,0xe3f1fb88b9eabc743e2a2d947e2efdba5e99bd92,1347506.4261598708,6607915.188502001,yamal19
2026-07-25T12:12+00:00,0x3f6e93d1e2c2846a357276e29e7e9147e29c18d9,1283868.4612435757,7895182.503302,wco26
2026-07-25T12:12+00:00,0x3a6a2e7a7707c720219228eb8efa7398bc0e458e,1261084.8405477821,16737173.400125004,thesingularityisnear
2026-07-25T12:12+00:00,0xc41d736bded9ed1accd6a44235039266219774fd,1215257.290345842,8090893.9193939995,0xC41D736bDed9ED1acCD6A4423503
2026-07-25T12:12+00:00,0x714a685b5454ea4d52979563bbafa77b8168ab2f,1177000.5864237398,1128017.8234320001,pada
2026-07-25T12:12+00:00,0x2005d16a84ceefa912d4e380cd32e7ff827875ea,1163325.4988159456,170286089.464816,RN1
2026-07-25T12:12+00:00,0x9468bb7e53c8a5f13cc283f2aed950ebf9865d4b,1145009.2770146786,10633824.039020002,myzbsq
2026-07-25T12:12+00:00,0x3dfb153c197d4c19d3b31c1ecd2c7b6860eeabaf,1139839.0563068287,56481935.28884701,0x3DFb153c197D4C19D3B31c1ecD2c
2026-07-25T12:12+00:00,0x8042d175fa3c31fc48b22accbad216564d8f3680,1095513.588194,6410117.356090999,Neonbruv
2026-07-25T12:12+00:00,0xc6a63ad5a788a576d4acc9911c50fef9fde49458,960754.3308193395,6175792.175565,filthybetz
2026-07-26T00:16+00:00,0x204f72f35326db932158cba6adff0b9a1da95e14,8666953.005918585,390054554.9783779,swisstony
2026-07-26T00:16+00:00,0x09b428f7c2b469786286214aa5c90dd9015f7320,8052184.542897382,72132442.51951,DEEDDIT
2026-07-26T00:16+00:00,0x476e1322d1a412fa0325527b8c3bc5e707b1396d,3663920.5781502756,2420301.802414,asparagus2012
2026-07-26T00:16+00:00,0x2e25b222e2080c377fc1fb2b9f926315f0f4d49e,3638469.2679848503,20443506.051612996,Sparkling8899
2026-07-26T00:16+00:00,0xe549581668a5751c1972d3ad2d1991d900bd2d54,2835915.542910125,12617569.186532004,Allezpapa
2026-07-26T00:16+00:00,0x83720820a8aa6c3f20ad71850e7a1a17d16c5223,2741126.945659644,26739042.993322,Jsram
2026-07-26T00:16+00:00,0x5b4ec9c06b284ee52c41a761974d836992880232,2613182.2473129234,16125055.136314,ramadamaramadam
2026-07-26T00:16+00:00,0x67542c3219b37fd1610aad290676ff91cdbfe3bc,2568675.661958316,43058532.807117,maz26
2026-07-26T00:16+00:00,0xf0318c32136c2db7fec88b84869aee6a1106c80c,2320472.079776354,81221022.166448,BreakTheBank
2026-07-26T00:16+00:00,0x2c335066fe58fe9237c3d3dc7b275c2a034a0563,2225670.556942435,332828856.09889597,0x2c335066FE58fe9237c3d3Dc7b27
2026-07-26T00:16+00:00,0xfea31bc088000ff909be1dfd8d0e3f2c7ef2d227,2046123.7607006668,15830762.530145997,ndb1
2026-07-26T00:16+00:00,0x095fbca2e0eaf0c9841005135427e1e0117190b2,2029201.1884442111,30801576.547095004,muchobliged
2026-07-26T00:16+00:00,0x7c1ee865a785de4c00ee90ed86a38489fb8bbab3,1886129.2414188785,21755079.041996,CandleHammerDrums
2026-07-26T00:16+00:00,0xd1c537b2a7cba8d365e111bffb9de7b205e2cbd0,1822552.7223731182,7586860.942172002,weatherman12
2026-07-26T00:16+00:00,0x076daa87c4fe1a85402a9b6b8e0a866224388d4c,1701777.4052560437,32871101.40419801,
2026-07-26T00:16+00:00,0xf5fabdcdc6eb6d9765a228824f16cca9c91f62df,1692746.9304200695,15142242.974791,palegrit
2026-07-26T00:16+00:00,0xc31d0a0d63d760d72a1236d16beaa6a71c854ebe,1551185.417812735,3602509.5187029997,FootballFan98
2026-07-26T00:16+00:00,0xb61b2079b95f6b7476fd3203e0274ffb93308a06,1514615.0469502301,7639471.505696,hot2trot
2026-07-26T00:16+00:00,0xbb5fbe810633ab08d106b82db84418a0e2ca2e21,1468596.9371388117,3831489.977755,highnetworth
2026-07-26T00:16+00:00,0x65018f9fc473f6e920b8929a375d39c26a461220,1394361.5258382694,6093430.970153001,cnyek
2026-07-26T00:16+00:00,0xe3f1fb88b9eabc743e2a2d947e2efdba5e99bd92,1347506.4261598708,6607915.188502001,yamal19
2026-07-26T00:16+00:00,0x3f6e93d1e2c2846a357276e29e7e9147e29c18d9,1283868.4612435757,7895182.503302,wco26
2026-07-26T00:16+00:00,0x3a6a2e7a7707c720219228eb8efa7398bc0e458e,1261084.8405477821,16737173.400125,thesingularityisnear
2026-07-26T00:16+00:00,0x2005d16a84ceefa912d4e380cd32e7ff827875ea,1216689.476008456,173816088.88672698,RN1
2026-07-26T00:16+00:00,0xc41d736bded9ed1accd6a44235039266219774fd,1210731.790345842,8099818.919394,0xC41D736bDed9ED1acCD6A4423503
2026-07-26T00:16+00:00,0x3dfb153c197d4c19d3b31c1ecd2c7b6860eeabaf,1181222.2562591168,58839776.498687,0x3DFb153c197D4C19D3B31c1ecD2c
2026-07-26T00:16+00:00,0x714a685b5454ea4d52979563bbafa77b8168ab2f,1161399.9013543238,1128155.243432,pada
2026-07-26T00:16+00:00,0x9468bb7e53c8a5f13cc283f2aed950ebf9865d4b,1145009.2770146786,10633824.039020002,myzbsq
2026-07-26T00:16+00:00,0x8042d175fa3c31fc48b22accbad216564d8f3680,1095513.588194,6410117.356090999,Neonbruv
2026-07-26T00:16+00:00,0xc6a63ad5a788a576d4acc9911c50fef9fde49458,960754.3308193395,6175792.175565,filthybetz
2026-07-26T12:19+00:00,0x204f72f35326db932158cba6adff0b9a1da95e14,8620127.784838617,391374176.6395759,swisstony
2026-07-26T12:19+00:00,0x09b428f7c2b469786286214aa5c90dd9015f7320,8052184.542897382,72132442.51951,DEEDDIT
2026-07-26T12:19+00:00,0x476e1322d1a412fa0325527b8c3bc5e707b1396d,3663920.5781502756,2420301.8024139996,asparagus2012
2026-07-26T12:19+00:00,0x2e25b222e2080c377fc1fb2b9f926315f0f4d49e,3638469.2679848503,20443506.051612996,Sparkling8899
2026-07-26T12:19+00:00,0xe549581668a5751c1972d3ad2d1991d900bd2d54,2835915.542910125,12617569.186532,Allezpapa
2026-07-26T12:19+00:00,0x83720820a8aa6c3f20ad71850e7a1a17d16c5223,2741189.4455876327,26739042.993322004,Jsram
2026-07-26T12:19+00:00,0x5b4ec9c06b284ee52c41a761974d836992880232,2613182.2473129234,16125055.136314001,ramadamaramadam
2026-07-26T12:19+00:00,0x67542c3219b37fd1610aad290676ff91cdbfe3bc,2568675.661958316,43058532.80711699,maz26
2026-07-26T12:19+00:00,0xf0318c32136c2db7fec88b84869aee6a1106c80c,2320472.079776354,81221022.166448,BreakTheBank
2026-07-26T12:19+00:00,0xfea31bc088000ff909be1dfd8d0e3f2c7ef2d227,2046055.1103005232,15830857.730146004,ndb1
2026-07-26T12:19+00:00,0x095fbca2e0eaf0c9841005135427e1e0117190b2,2029201.1884442111,30801576.547095,muchobliged
2026-07-26T12:19+00:00,0x2c335066fe58fe9237c3d3dc7b275c2a034a0563,2005282.7661241107,333131653.473301,0x2c335066FE58fe9237c3d3Dc7b27
2026-07-26T12:19+00:00,0x7c1ee865a785de4c00ee90ed86a38489fb8bbab3,1886129.2414188785,21755079.041995995,CandleHammerDrums
2026-07-26T12:19+00:00,0xd1c537b2a7cba8d365e111bffb9de7b205e2cbd0,1822552.7223731182,7586860.942172001,weatherman12
2026-07-26T12:19+00:00,0xf5fabdcdc6eb6d9765a228824f16cca9c91f62df,1692746.9304200695,15142242.974790998,palegrit
2026-07-26T12:19+00:00,0x076daa87c4fe1a85402a9b6b8e0a866224388d4c,1659058.9713904946,33081784.452027008,
2026-07-26T12:19+00:00,0xc31d0a0d63d760d72a1236d16beaa6a71c854ebe,1551185.417812735,3602509.518703,FootballFan98
2026-07-26T12:19+00:00,0xb61b2079b95f6b7476fd3203e0274ffb93308a06,1514615.0469502301,7639471.505696,hot2trot
2026-07-26T12:19+00:00,0xbb5fbe810633ab08d106b82db84418a0e2ca2e21,1468596.9371388117,3831489.9777550003,highnetworth
2026-07-26T12:19+00:00,0x65018f9fc473f6e920b8929a375d39c26a461220,1394361.5258382694,6093430.970153001,cnyek
2026-07-26T12:19+00:00,0xe3f1fb88b9eabc743e2a2d947e2efdba5e99bd92,1347506.4261598708,6607915.188502001,yamal19
2026-07-26T12:19+00:00,0x3dfb153c197d4c19d3b31c1ecd2c7b6860eeabaf,1298316.08822965,58841699.945543,0x3DFb153c197D4C19D3B31c1ecD2c
2026-07-26T12:19+00:00,0x3f6e93d1e2c2846a357276e29e7e9147e29c18d9,1283868.4612435757,7895182.5033019995,wco26
2026-07-26T12:19+00:00,0x3a6a2e7a7707c720219228eb8efa7398bc0e458e,1261084.8405477821,16737173.400125,thesingularityisnear
2026-07-26T12:19+00:00,0x2005d16a84ceefa912d4e380cd32e7ff827875ea,1244338.7433322323,175047621.060564,RN1
2026-07-26T12:19+00:00,0xc41d736bded9ed1accd6a44235039266219774fd,1210731.790345842,8099818.919394,0xC41D736bDed9ED1acCD6A4423503
2026-07-26T12:19+00:00,0x714a685b5454ea4d52979563bbafa77b8168ab2f,1156127.7164184807,1129434.2434319998,pada
2026-07-26T12:19+00:00,0x9468bb7e53c8a5f13cc283f2aed950ebf9865d4b,1145009.2770146786,10633824.039020002,myzbsq
2026-07-26T12:19+00:00,0x8042d175fa3c31fc48b22accbad216564d8f3680,1095513.588194,6410117.356090999,Neonbruv
2026-07-26T12:19+00:00,0xc6a63ad5a788a576d4acc9911c50fef9fde49458,960754.3308193395,6175792.175565001,filthybetz
2026-07-27T00:16+00:00,0x204f72f35326db932158cba6adff0b9a1da95e14,8831843.414342353,394200771.2438289,swisstony
2026-07-27T00:16+00:00,0x09b428f7c2b469786286214aa5c90dd9015f7320,8052184.542897382,72132442.51951,DEEDDIT
2026-07-27T00:16+00:00,0x476e1322d1a412fa0325527b8c3bc5e707b1396d,3663920.5781502756,2420301.802414,asparagus2012
2026-07-27T00:16+00:00,0x2e25b222e2080c377fc1fb2b9f926315f0f4d49e,3638469.2679848503,20443506.051613,Sparkling8899
2026-07-27T00:16+00:00,0xe549581668a5751c1972d3ad2d1991d900bd2d54,2835915.542910125,12617569.186532,Allezpapa
2026-07-27T00:16+00:00,0x83720820a8aa6c3f20ad71850e7a1a17d16c5223,2741189.4455876327,26739042.993322,Jsram
2026-07-27T00:16+00:00,0x5b4ec9c06b284ee52c41a761974d836992880232,2613182.2473129234,16125055.136314,ramadamaramadam
2026-07-27T00:16+00:00,0x67542c3219b37fd1610aad290676ff91cdbfe3bc,2568675.661958316,43058532.807117,maz26
2026-07-27T00:16+00:00,0xf0318c32136c2db7fec88b84869aee6a1106c80c,2320472.079776354,81221022.16644798,BreakTheBank
2026-07-27T00:16+00:00,0x2c335066fe58fe9237c3d3dc7b275c2a034a0563,2227534.825058983,334413395.697637,0x2c335066FE58fe9237c3d3Dc7b27
2026-07-27T00:16+00:00,0xfea31bc088000ff909be1dfd8d0e3f2c7ef2d227,2045832.0151961655,15833039.340146001,ndb1
2026-07-27T00:16+00:00,0x095fbca2e0eaf0c9841005135427e1e0117190b2,2029201.1884442111,30801576.547095004,muchobliged
2026-07-27T00:16+00:00,0x7c1ee865a785de4c00ee90ed86a38489fb8bbab3,1886129.2414188785,21755079.041996,CandleHammerDrums
2026-07-27T00:16+00:00,0xd1c537b2a7cba8d365e111bffb9de7b205e2cbd0,1822552.7223731182,7586860.942172002,weatherman12
2026-07-27T00:16+00:00,0x076daa87c4fe1a85402a9b6b8e0a866224388d4c,1712918.845204336,33429656.489767,
2026-07-27T00:16+00:00,0xf5fabdcdc6eb6d9765a228824f16cca9c91f62df,1692746.9304200695,15142242.974791,palegrit
2026-07-27T00:16+00:00,0xc31d0a0d63d760d72a1236d16beaa6a71c854ebe,1551185.537812735,3602509.5187029997,FootballFan98
2026-07-27T00:16+00:00,0xb61b2079b95f6b7476fd3203e0274ffb93308a06,1514615.0469502301,7639471.505696001,hot2trot
2026-07-27T00:16+00:00,0xbb5fbe810633ab08d106b82db84418a0e2ca2e21,1468596.9371388117,3831489.9777549994,highnetworth
2026-07-27T00:16+00:00,0x65018f9fc473f6e920b8929a375d39c26a461220,1394361.5258382694,6093430.970153001,cnyek
2026-07-27T00:16+00:00,0x2005d16a84ceefa912d4e380cd32e7ff827875ea,1388285.3775201875,178509872.63253596,RN1
2026-07-27T00:16+00:00,0xe3f1fb88b9eabc743e2a2d947e2efdba5e99bd92,1347506.4261598708,6607915.188502001,yamal19
2026-07-27T00:16+00:00,0x3dfb153c197d4c19d3b31c1ecd2c7b6860eeabaf,1287588.3491815403,60796087.934637986,0x3DFb153c197D4C19D3B31c1ecD2c
2026-07-27T00:16+00:00,0x3f6e93d1e2c2846a357276e29e7e9147e29c18d9,1283868.4612435757,7895182.503302,wco26
2026-07-27T00:16+00:00,0x3a6a2e7a7707c720219228eb8efa7398bc0e458e,1261084.8405477821,16737173.400125002,thesingularityisnear
2026-07-27T00:16+00:00,0xc41d736bded9ed1accd6a44235039266219774fd,1210731.790345842,8099818.9193939995,0xC41D736bDed9ED1acCD6A4423503
2026-07-27T00:16+00:00,0x9468bb7e53c8a5f13cc283f2aed950ebf9865d4b,1145009.2770146786,10633824.039020002,myzbsq
2026-07-27T00:16+00:00,0x714a685b5454ea4d52979563bbafa77b8168ab2f,1141616.3041388837,1136195.533432,pada
2026-07-27T00:16+00:00,0x8042d175fa3c31fc48b22accbad216564d8f3680,1095513.588194,6410117.356090999,Neonbruv
2026-07-27T00:16+00:00,0xc6a63ad5a788a576d4acc9911c50fef9fde49458,960754.3308193395,6175792.175565,filthybetz
2026-07-27T13:45+00:00,0x204f72f35326db932158cba6adff0b9a1da95e14,8863624.951728243,394674918.7446389,swisstony
2026-07-27T13:45+00:00,0x09b428f7c2b469786286214aa5c90dd9015f7320,8052184.542897382,72132442.51951,DEEDDIT
2026-07-27T13:45+00:00,0x476e1322d1a412fa0325527b8c3bc5e707b1396d,3663920.5781502756,2420301.802414,asparagus2012
2026-07-27T13:45+00:00,0x2e25b222e2080c377fc1fb2b9f926315f0f4d49e,3638469.2679848503,20443506.051613,Sparkling8899
2026-07-27T13:45+00:00,0xe549581668a5751c1972d3ad2d1991d900bd2d54,2835915.542910125,12617569.186532,Allezpapa
2026-07-27T13:45+00:00,0x83720820a8aa6c3f20ad71850e7a1a17d16c5223,2741189.4455876322,26739042.993322004,Jsram
2026-07-27T13:45+00:00,0x5b4ec9c06b284ee52c41a761974d836992880232,2613182.2473129234,16125055.136314001,ramadamaramadam
2026-07-27T13:45+00:00,0x67542c3219b37fd1610aad290676ff91cdbfe3bc,2568675.661958316,43058532.807117,maz26
2026-07-27T13:45+00:00,0xf0318c32136c2db7fec88b84869aee6a1106c80c,2320472.079776354,81221022.16644801,BreakTheBank
2026-07-27T13:45+00:00,0x2c335066fe58fe9237c3d3dc7b275c2a034a0563,2192312.8503079317,334596403.29166204,0x2c335066FE58fe9237c3d3Dc7b27
2026-07-27T13:45+00:00,0xfea31bc088000ff909be1dfd8d0e3f2c7ef2d227,2046044.3552718477,15834490.919089999,ndb1
2026-07-27T13:45+00:00,0x095fbca2e0eaf0c9841005135427e1e0117190b2,2029201.1884442111,30801576.547095,muchobliged
2026-07-27T13:45+00:00,0x7c1ee865a785de4c00ee90ed86a38489fb8bbab3,1886129.2414188785,21755079.041996,CandleHammerDrums
2026-07-27T13:45+00:00,0xd1c537b2a7cba8d365e111bffb9de7b205e2cbd0,1822552.7223731182,7586860.942172001,weatherman12
2026-07-27T13:45+00:00,0x076daa87c4fe1a85402a9b6b8e0a866224388d4c,1709385.1279669853,33576673.263143,
2026-07-27T13:45+00:00,0xf5fabdcdc6eb6d9765a228824f16cca9c91f62df,1692746.9304200695,15142242.974790998,palegrit
2026-07-27T13:45+00:00,0xc31d0a0d63d760d72a1236d16beaa6a71c854ebe,1551330.5951127352,3602509.5187029997,FootballFan98
2026-07-27T13:45+00:00,0xb61b2079b95f6b7476fd3203e0274ffb93308a06,1514615.0469502301,7639471.5056960005,hot2trot
2026-07-27T13:45+00:00,0xbb5fbe810633ab08d106b82db84418a0e2ca2e21,1468596.9371388117,3831489.977755,highnetworth
2026-07-27T13:45+00:00,0x2005d16a84ceefa912d4e380cd32e7ff827875ea,1422603.922329023,179454239.93025303,RN1
2026-07-27T13:45+00:00,0x65018f9fc473f6e920b8929a375d39c26a461220,1394350.9596679546,6093430.970153,cnyek
2026-07-27T13:45+00:00,0xe3f1fb88b9eabc743e2a2d947e2efdba5e99bd92,1347506.4261598708,6607915.188502001,yamal19
2026-07-27T13:45+00:00,0x3f6e93d1e2c2846a357276e29e7e9147e29c18d9,1283868.4612435757,7895182.503302,wco26
2026-07-27T13:45+00:00,0x3a6a2e7a7707c720219228eb8efa7398bc0e458e,1261084.8405477821,16737173.400125002,thesingularityisnear
2026-07-27T13:45+00:00,0xc41d736bded9ed1accd6a44235039266219774fd,1210731.790345842,8099818.919394,0xC41D736bDed9ED1acCD6A4423503
2026-07-27T13:45+00:00,0x714a685b5454ea4d52979563bbafa77b8168ab2f,1145170.5841808214,1136195.533432,pada
2026-07-27T13:45+00:00,0x9468bb7e53c8a5f13cc283f2aed950ebf9865d4b,1145009.2770146786,10633824.039020002,myzbsq
2026-07-27T13:45+00:00,0x3dfb153c197d4c19d3b31c1ecd2c7b6860eeabaf,1136350.0222664527,60891779.88059498,0x3DFb153c197D4C19D3B31c1ecD2c
2026-07-27T13:45+00:00,0x8042d175fa3c31fc48b22accbad216564d8f3680,1095513.588194,6410117.356090999,Neonbruv
2026-07-27T13:45+00:00,0xc6a63ad5a788a576d4acc9911c50fef9fde49458,960753.2616193395,6175815.935565,filthybetz
2026-07-28T00:13+00:00,0x204f72f35326db932158cba6adff0b9a1da95e14,8899972.118240695,395575175.584552,swisstony
2026-07-28T00:13+00:00,0x09b428f7c2b469786286214aa5c90dd9015f7320,8052184.542897382,72132442.51951,DEEDDIT
2026-07-28T00:13+00:00,0x476e1322d1a412fa0325527b8c3bc5e707b1396d,3663920.5781502756,2420301.802414,asparagus2012
2026-07-28T00:13+00:00,0x2e25b222e2080c377fc1fb2b9f926315f0f4d49e,3638469.2679848503,20443506.051613003,Sparkling8899
2026-07-28T00:13+00:00,0xe549581668a5751c1972d3ad2d1991d900bd2d54,2835915.542910125,12617569.186532,Allezpapa
2026-07-28T00:13+00:00,0x83720820a8aa6c3f20ad71850e7a1a17d16c5223,2741189.4455881435,26739042.993322004,Jsram
2026-07-28T00:13+00:00,0x5b4ec9c06b284ee52c41a761974d836992880232,2613182.2473129234,16125055.136314,ramadamaramadam
2026-07-28T00:13+00:00,0x67542c3219b37fd1610aad290676ff91cdbfe3bc,2568675.661958316,43058532.807117,maz26
2026-07-28T00:13+00:00,0xf0318c32136c2db7fec88b84869aee6a1106c80c,2320472.079776354,81221022.166448,BreakTheBank
2026-07-28T00:13+00:00,0x2c335066fe58fe9237c3d3dc7b275c2a034a0563,2130215.3133274172,337082489.33763796,0x2c335066FE58fe9237c3d3Dc7b27
2026-07-28T00:13+00:00,0xfea31bc088000ff909be1dfd8d0e3f2c7ef2d227,2046060.10260724,15834611.119089998,ndb1
2026-07-28T00:13+00:00,0x095fbca2e0eaf0c9841005135427e1e0117190b2,2029201.1884442111,30801576.547095004,muchobliged
2026-07-28T00:13+00:00,0x7c1ee865a785de4c00ee90ed86a38489fb8bbab3,1886129.2414188785,21755079.041996,CandleHammerDrums
2026-07-28T00:13+00:00,0xd1c537b2a7cba8d365e111bffb9de7b205e2cbd0,1822552.7223731182,7586860.942172,weatherman12
2026-07-28T00:13+00:00,0xf5fabdcdc6eb6d9765a228824f16cca9c91f62df,1692746.9304200695,15142242.974790998,palegrit
2026-07-28T00:13+00:00,0x076daa87c4fe1a85402a9b6b8e0a866224388d4c,1664611.764130876,33775429.319701,
2026-07-28T00:13+00:00,0xc31d0a0d63d760d72a1236d16beaa6a71c854ebe,1551330.5951127352,3602509.5187029997,FootballFan98
2026-07-28T00:13+00:00,0xb61b2079b95f6b7476fd3203e0274ffb93308a06,1514615.0469502301,7639471.5056960005,hot2trot
2026-07-28T00:13+00:00,0x2005d16a84ceefa912d4e380cd32e7ff827875ea,1471935.1821739362,181669760.198184,RN1
2026-07-28T00:13+00:00,0xbb5fbe810633ab08d106b82db84418a0e2ca2e21,1468596.9371388117,3831489.9777549994,highnetworth
2026-07-28T00:13+00:00,0x65018f9fc473f6e920b8929a375d39c26a461220,1394350.9596679546,6093430.970153,cnyek
2026-07-28T00:13+00:00,0x714a685b5454ea4d52979563bbafa77b8168ab2f,1351419.7577210863,1136195.533432,pada
2026-07-28T00:13+00:00,0xe3f1fb88b9eabc743e2a2d947e2efdba5e99bd92,1347506.4261598708,6607915.188502001,yamal19
2026-07-28T00:13+00:00,0x3f6e93d1e2c2846a357276e29e7e9147e29c18d9,1283868.4612435757,7895182.503302,wco26
2026-07-28T00:13+00:00,0x3a6a2e7a7707c720219228eb8efa7398bc0e458e,1261084.8405477821,16737173.400125,thesingularityisnear
2026-07-28T00:13+00:00,0xc41d736bded9ed1accd6a44235039266219774fd,1210731.790345842,8099818.919394,0xC41D736bDed9ED1acCD6A4423503
2026-07-28T00:13+00:00,0x9468bb7e53c8a5f13cc283f2aed950ebf9865d4b,1145009.2770146786,10633824.039020002,myzbsq
2026-07-28T00:13+00:00,0x8042d175fa3c31fc48b22accbad216564d8f3680,1095513.588194,6410117.356090999,Neonbruv
2026-07-28T00:13+00:00,0x3dfb153c197d4c19d3b31c1ecd2c7b6860eeabaf,1012714.2541338147,62248175.572945006,0x3DFb153c197D4C19D3B31c1ecD2c
2026-07-28T00:13+00:00,0xc6a63ad5a788a576d4acc9911c50fef9fde49458,960751.1879443396,6175867.785564999,filthybetz
2026-07-28T13:03+00:00,0x204f72f35326db932158cba6adff0b9a1da95e14,8901533.36444438,395734493.544797,swisstony
2026-07-28T13:03+00:00,0x09b428f7c2b469786286214aa5c90dd9015f7320,8052184.542897382,72132442.51950999,DEEDDIT
2026-07-28T13:03+00:00,0x476e1322d1a412fa0325527b8c3bc5e707b1396d,3663920.5781502756,2420301.8024139996,asparagus2012
2026-07-28T13:03+00:00,0x2e25b222e2080c377fc1fb2b9f926315f0f4d49e,3638469.2679848503,20443506.051612996,Sparkling8899
2026-07-28T13:03+00:00,0xe549581668a5751c1972d3ad2d1991d900bd2d54,2835915.542910125,12617569.186532,Allezpapa
2026-07-28T13:03+00:00,0x83720820a8aa6c3f20ad71850e7a1a17d16c5223,2741189.4455881435,26739042.993322,Jsram
2026-07-28T13:03+00:00,0x5b4ec9c06b284ee52c41a761974d836992880232,2613182.2473129234,16125055.136314001,ramadamaramadam
2026-07-28T13:03+00:00,0x67542c3219b37fd1610aad290676ff91cdbfe3bc,2568675.661958316,43058532.80711701,maz26
2026-07-28T13:03+00:00,0xf0318c32136c2db7fec88b84869aee6a1106c80c,2320472.079776354,81221022.166448,BreakTheBank
2026-07-28T13:03+00:00,0x2c335066fe58fe9237c3d3dc7b275c2a034a0563,2074022.522081165,340296294.20102096,0x2c335066FE58fe9237c3d3Dc7b27
2026-07-28T13:03+00:00,0xfea31bc088000ff909be1dfd8d0e3f2c7ef2d227,2046612.9136622,15834974.662773,ndb1
2026-07-28T13:03+00:00,0x095fbca2e0eaf0c9841005135427e1e0117190b2,2029201.1884442111,30801576.547095,muchobliged
2026-07-28T13:03+00:00,0x7c1ee865a785de4c00ee90ed86a38489fb8bbab3,1886129.2414188785,21755079.041996,CandleHammerDrums
2026-07-28T13:03+00:00,0xd1c537b2a7cba8d365e111bffb9de7b205e2cbd0,1822552.7223731182,7586860.942172001,weatherman12
2026-07-28T13:03+00:00,0xf5fabdcdc6eb6d9765a228824f16cca9c91f62df,1692746.9304200695,15142242.974790998,palegrit
2026-07-28T13:03+00:00,0x076daa87c4fe1a85402a9b6b8e0a866224388d4c,1657920.8537314814,33910545.10950701,
2026-07-28T13:03+00:00,0xc31d0a0d63d760d72a1236d16beaa6a71c854ebe,1551330.5951127347,3602509.518702999,FootballFan98
2026-07-28T13:03+00:00,0xb61b2079b95f6b7476fd3203e0274ffb93308a06,1514615.0469502301,7639471.5056960005,hot2trot
2026-07-28T13:03+00:00,0xbb5fbe810633ab08d106b82db84418a0e2ca2e21,1511328.6072958116,3906675.1977550006,highnetworth
2026-07-28T13:03+00:00,0x2005d16a84ceefa912d4e380cd32e7ff827875ea,1402893.6341453982,183805570.58288604,RN1
2026-07-28T13:03+00:00,0x65018f9fc473f6e920b8929a375d39c26a461220,1394350.9596679546,6093430.970153,cnyek
2026-07-28T13:03+00:00,0x714a685b5454ea4d52979563bbafa77b8168ab2f,1379338.2244733935,1152582.463432,pada
2026-07-28T13:03+00:00,0xe3f1fb88b9eabc743e2a2d947e2efdba5e99bd92,1347506.4261598708,6607915.188502001,yamal19
2026-07-28T13:03+00:00,0x3f6e93d1e2c2846a357276e29e7e9147e29c18d9,1283868.4612435757,7895182.503302,wco26
2026-07-28T13:03+00:00,0x3a6a2e7a7707c720219228eb8efa7398bc0e458e,1261084.8405477821,16737173.400125,thesingularityisnear
2026-07-28T13:03+00:00,0xc41d736bded9ed1accd6a44235039266219774fd,1210731.790345842,8099818.919394,0xC41D736bDed9ED1acCD6A4423503
2026-07-28T13:03+00:00,0x9468bb7e53c8a5f13cc283f2aed950ebf9865d4b,1145009.2770146786,10633824.039020002,myzbsq
2026-07-28T13:03+00:00,0x8042d175fa3c31fc48b22accbad216564d8f3680,1095513.588194,6410117.356090999,Neonbruv
2026-07-28T13:03+00:00,0xc6a63ad5a788a576d4acc9911c50fef9fde49458,960751.1874143395,6175867.785564999,filthybetz
2026-07-28T13:03+00:00,0x75973c667cec880353450be3a6f17c5da67b4421,917892.9911941001,1595213.0983290002,0x75973C667CeC880353450BE3A6F1
2026-07-29T00:12+00:00,0x204f72f35326db932158cba6adff0b9a1da95e14,8913167.608340358,396740542.81006294,swisstony
2026-07-29T00:12+00:00,0x09b428f7c2b469786286214aa5c90dd9015f7320,8052184.542897382,72132442.51951,DEEDDIT
2026-07-29T00:12+00:00,0x476e1322d1a412fa0325527b8c3bc5e707b1396d,3663920.5781502756,2420301.8024139996,asparagus2012
2026-07-29T00:12+00:00,0x2e25b222e2080c377fc1fb2b9f926315f0f4d49e,3638469.2679848503,20443506.051613003,Sparkling8899
2026-07-29T00:12+00:00,0xe549581668a5751c1972d3ad2d1991d900bd2d54,2835915.542910125,12617569.186532,Allezpapa
2026-07-29T00:12+00:00,0x83720820a8aa6c3f20ad71850e7a1a17d16c5223,2741189.4455881435,26739042.993322,Jsram
2026-07-29T00:12+00:00,0x5b4ec9c06b284ee52c41a761974d836992880232,2613343.296957353,16157265.065200001,ramadamaramadam
2026-07-29T00:12+00:00,0x67542c3219b37fd1610aad290676ff91cdbfe3bc,2568675.661958316,43058532.807117,maz26
2026-07-29T00:12+00:00,0xf0318c32136c2db7fec88b84869aee6a1106c80c,2320479.6701263543,81222712.126448,BreakTheBank
2026-07-29T00:12+00:00,0x2c335066fe58fe9237c3d3dc7b275c2a034a0563,2313396.219603724,341977685.29368603,0x2c335066FE58fe9237c3d3Dc7b27
2026-07-29T00:12+00:00,0xfea31bc088000ff909be1dfd8d0e3f2c7ef2d227,2046483.7254477823,15836066.879934998,ndb1
2026-07-29T00:12+00:00,0x095fbca2e0eaf0c9841005135427e1e0117190b2,2029201.1884442111,30801576.54709501,muchobliged
2026-07-29T00:12+00:00,0x7c1ee865a785de4c00ee90ed86a38489fb8bbab3,1886129.2414188785,21755079.041996,CandleHammerDrums
2026-07-29T00:12+00:00,0xd1c537b2a7cba8d365e111bffb9de7b205e2cbd0,1822552.7223731182,7586860.942172002,weatherman12
2026-07-29T00:12+00:00,0xf5fabdcdc6eb6d9765a228824f16cca9c91f62df,1692746.9304200695,15142242.974791002,palegrit
2026-07-29T00:12+00:00,0x076daa87c4fe1a85402a9b6b8e0a866224388d4c,1689431.7972375827,34270490.27931601,
2026-07-29T00:12+00:00,0xc31d0a0d63d760d72a1236d16beaa6a71c854ebe,1551330.5951127347,3602509.5187029997,FootballFan98
2026-07-29T00:12+00:00,0xb61b2079b95f6b7476fd3203e0274ffb93308a06,1514615.0469502301,7639471.5056960005,hot2trot
2026-07-29T00:12+00:00,0xbb5fbe810633ab08d106b82db84418a0e2ca2e21,1505866.1474737972,3937881.407748,highnetworth
2026-07-29T00:12+00:00,0x2005d16a84ceefa912d4e380cd32e7ff827875ea,1483895.825993177,187928827.77218,RN1
2026-07-29T00:12+00:00,0x65018f9fc473f6e920b8929a375d39c26a461220,1394350.9596679546,6093430.970153,cnyek
2026-07-29T00:12+00:00,0x714a685b5454ea4d52979563bbafa77b8168ab2f,1367907.780631131,1226733.549138,pada
2026-07-29T00:12+00:00,0xe3f1fb88b9eabc743e2a2d947e2efdba5e99bd92,1347506.4261598708,6607915.188502001,yamal19
2026-07-29T00:12+00:00,0x3f6e93d1e2c2846a357276e29e7e9147e29c18d9,1283868.4612435757,7895182.5033019995,wco26
2026-07-29T00:12+00:00,0x3a6a2e7a7707c720219228eb8efa7398bc0e458e,1261084.8405477821,16737173.400125,thesingularityisnear
2026-07-29T00:12+00:00,0xc41d736bded9ed1accd6a44235039266219774fd,1210731.790345842,8099818.919394,0xC41D736bDed9ED1acCD6A4423503
2026-07-29T00:12+00:00,0x9468bb7e53c8a5f13cc283f2aed950ebf9865d4b,1145009.2770146786,10633824.03902,myzbsq
2026-07-29T00:12+00:00,0x8042d175fa3c31fc48b22accbad216564d8f3680,1095513.588194,6410117.356090999,Neonbruv
2026-07-29T00:12+00:00,0xc6a63ad5a788a576d4acc9911c50fef9fde49458,960751.1876293395,6175867.785565,filthybetz
2026-07-29T00:12+00:00,0x75973c667cec880353450be3a6f17c5da67b4421,917892.9911941001,1595213.0983290002,0x75973C667CeC880353450BE3A6F1
2026-07-29T13:11+00:00,0x204f72f35326db932158cba6adff0b9a1da95e14,8938681.772483118,397627430.70925003,swisstony
2026-07-29T13:11+00:00,0x09b428f7c2b469786286214aa5c90dd9015f7320,8052184.542897382,72132442.51950999,DEEDDIT
2026-07-29T13:11+00:00,0x476e1322d1a412fa0325527b8c3bc5e707b1396d,3663920.5781502756,2420301.802414,asparagus2012
2026-07-29T13:11+00:00,0x2e25b222e2080c377fc1fb2b9f926315f0f4d49e,3638469.2679848503,20443506.051613,Sparkling8899
2026-07-29T13:11+00:00,0xe549581668a5751c1972d3ad2d1991d900bd2d54,2835915.542910125,12617569.186532004,Allezpapa
2026-07-29T13:11+00:00,0x83720820a8aa6c3f20ad71850e7a1a17d16c5223,2741189.4455881435,26739042.993322,Jsram
2026-07-29T13:11+00:00,0x5b4ec9c06b284ee52c41a761974d836992880232,2585290.685725623,16176465.2552,ramadamaramadam
2026-07-29T13:11+00:00,0x67542c3219b37fd1610aad290676ff91cdbfe3bc,2568675.661958316,43058532.80711701,maz26
2026-07-29T13:11+00:00,0xf0318c32136c2db7fec88b84869aee6a1106c80c,2327594.1391414246,81239848.18285301,BreakTheBank
2026-07-29T13:11+00:00,0x2c335066fe58fe9237c3d3dc7b275c2a034a0563,2185241.4964854694,342986313.88336396,0x2c335066FE58fe9237c3d3Dc7b27
2026-07-29T13:11+00:00,0xfea31bc088000ff909be1dfd8d0e3f2c7ef2d227,2046896.7912758652,15836528.019934997,ndb1
2026-07-29T13:11+00:00,0x095fbca2e0eaf0c9841005135427e1e0117190b2,2029201.1884442111,30801576.547095004,muchobliged
2026-07-29T13:11+00:00,0x7c1ee865a785de4c00ee90ed86a38489fb8bbab3,1886129.2414188785,21755079.041996,CandleHammerDrums
2026-07-29T13:11+00:00,0xd1c537b2a7cba8d365e111bffb9de7b205e2cbd0,1822552.7223731182,7586860.942172001,weatherman12
2026-07-29T13:11+00:00,0x076daa87c4fe1a85402a9b6b8e0a866224388d4c,1700520.4561162626,34456627.23350501,
2026-07-29T13:11+00:00,0xf5fabdcdc6eb6d9765a228824f16cca9c91f62df,1692746.9304200695,15142242.974791002,palegrit
2026-07-29T13:11+00:00,0xc31d0a0d63d760d72a1236d16beaa6a71c854ebe,1552055.8816127346,3602509.5187029997,FootballFan98
2026-07-29T13:11+00:00,0x2005d16a84ceefa912d4e380cd32e7ff827875ea,1516629.32855982,191034260.47155997,RN1
2026-07-29T13:11+00:00,0xb61b2079b95f6b7476fd3203e0274ffb93308a06,1514615.0469502301,7639471.5056960005,hot2trot
2026-07-29T13:11+00:00,0xbb5fbe810633ab08d106b82db84418a0e2ca2e21,1505866.1474737972,3937881.4077479993,highnetworth
2026-07-29T13:11+00:00,0x65018f9fc473f6e920b8929a375d39c26a461220,1394350.9596679546,6093430.970153001,cnyek
2026-07-29T13:11+00:00,0x714a685b5454ea4d52979563bbafa77b8168ab2f,1363480.7127800346,1260746.1633070002,pada
2026-07-29T13:11+00:00,0xe3f1fb88b9eabc743e2a2d947e2efdba5e99bd92,1347506.4261598708,6607915.188502001,yamal19
2026-07-29T13:11+00:00,0x3f6e93d1e2c2846a357276e29e7e9147e29c18d9,1283868.4612435757,7895182.503301999,wco26
2026-07-29T13:11+00:00,0x3a6a2e7a7707c720219228eb8efa7398bc0e458e,1261084.8405477821,16737173.400125002,thesingularityisnear
2026-07-29T13:11+00:00,0xc41d736bded9ed1accd6a44235039266219774fd,1210731.790345842,8099818.919394,0xC41D736bDed9ED1acCD6A4423503
2026-07-29T13:11+00:00,0x8042d175fa3c31fc48b22accbad216564d8f3680,1095513.588194,6410117.356090999,Neonbruv
2026-07-29T13:11+00:00,0x9468bb7e53c8a5f13cc283f2aed950ebf9865d4b,1048898.302569121,11417747.492996002,myzbsq
2026-07-29T13:11+00:00,0xc6a63ad5a788a576d4acc9911c50fef9fde49458,960751.1876093394,6175867.785565,filthybetz
2026-07-29T13:11+00:00,0x75973c667cec880353450be3a6f17c5da67b4421,917892.9911941001,1595213.0983290002,0x75973C667CeC880353450BE3A6F1
2026-07-30T00:14+00:00,0x204f72f35326db932158cba6adff0b9a1da95e14,9002534.631432364,399596638.011796,swisstony
2026-07-30T00:14+00:00,0x09b428f7c2b469786286214aa5c90dd9015f7320,8052184.542897382,72132442.51950999,DEEDDIT
2026-07-30T00:14+00:00,0x476e1322d1a412fa0325527b8c3bc5e707b1396d,3663920.5781502756,2420301.8024139996,asparagus2012
2026-07-30T00:14+00:00,0x2e25b222e2080c377fc1fb2b9f926315f0f4d49e,3638469.2679848503,20443506.051613,Sparkling8899
2026-07-30T00:14+00:00,0xe549581668a5751c1972d3ad2d1991d900bd2d54,2835915.542910125,12617569.186532,Allezpapa
2026-07-30T00:14+00:00,0x83720820a8aa6c3f20ad71850e7a1a17d16c5223,2741556.8533715103,26739042.993322,Jsram
2026-07-30T00:14+00:00,0x67542c3219b37fd1610aad290676ff91cdbfe3bc,2568675.661958316,43058532.807117,maz26
2026-07-30T00:14+00:00,0x5b4ec9c06b284ee52c41a761974d836992880232,2545671.864925623,16259004.4652,ramadamaramadam
2026-07-30T00:14+00:00,0xf0318c32136c2db7fec88b84869aee6a1106c80c,2297523.2602258045,81302522.814512,BreakTheBank
2026-07-30T00:14+00:00,0x2c335066fe58fe9237c3d3dc7b275c2a034a0563,2238766.308449448,344434220.268429,0x2c335066FE58fe9237c3d3Dc7b27
2026-07-30T00:14+00:00,0xfea31bc088000ff909be1dfd8d0e3f2c7ef2d227,2047321.250613681,15836544.439935,ndb1
2026-07-30T00:14+00:00,0x095fbca2e0eaf0c9841005135427e1e0117190b2,2029201.1884442111,30801576.547095,muchobliged
2026-07-30T00:14+00:00,0x7c1ee865a785de4c00ee90ed86a38489fb8bbab3,1886131.7249388783,21757575.041996,CandleHammerDrums
2026-07-30T00:14+00:00,0xd1c537b2a7cba8d365e111bffb9de7b205e2cbd0,1822552.7223731182,7586860.942172001,weatherman12
2026-07-30T00:14+00:00,0x076daa87c4fe1a85402a9b6b8e0a866224388d4c,1702880.7122340542,34482146.682018004,
2026-07-30T00:14+00:00,0xf5fabdcdc6eb6d9765a228824f16cca9c91f62df,1692746.9304200695,15142242.974791,palegrit
2026-07-30T00:14+00:00,0xc31d0a0d63d760d72a1236d16beaa6a71c854ebe,1551766.948602735,3602509.5187029997,FootballFan98
2026-07-30T00:14+00:00,0xbb5fbe810633ab08d106b82db84418a0e2ca2e21,1528366.1343697973,4187881.2621549997,highnetworth
2026-07-30T00:14+00:00,0xb61b2079b95f6b7476fd3203e0274ffb93308a06,1514615.0469502301,7639471.5056960005,hot2trot
2026-07-30T00:14+00:00,0x2005d16a84ceefa912d4e380cd32e7ff827875ea,1511056.998416536,195294207.33954498,RN1
2026-07-30T00:14+00:00,0x65018f9fc473f6e920b8929a375d39c26a461220,1370860.0115206097,6129489.398332,cnyek
2026-07-30T00:14+00:00,0xe3f1fb88b9eabc743e2a2d947e2efdba5e99bd92,1347506.4261598708,6607915.188502001,yamal19
2026-07-30T00:14+00:00,0x3f6e93d1e2c2846a357276e29e7e9147e29c18d9,1283868.4612435757,7895182.503302,wco26
2026-07-30T00:14+00:00,0x714a685b5454ea4d52979563bbafa77b8168ab2f,1272583.794666661,1294306.138978,pada
2026-07-30T00:14+00:00,0x3a6a2e7a7707c720219228eb8efa7398bc0e458e,1261084.8405477821,16737173.400124999,thesingularityisnear
2026-07-30T00:14+00:00,0xc41d736bded9ed1accd6a44235039266219774fd,1210731.790345842,8099818.919394,0xC41D736bDed9ED1acCD6A4423503
2026-07-30T00:14+00:00,0x8042d175fa3c31fc48b22accbad216564d8f3680,1095513.588194,6410117.356090999,Neonbruv
2026-07-30T00:14+00:00,0x9468bb7e53c8a5f13cc283f2aed950ebf9865d4b,1048506.3408421328,11417747.492996,myzbsq
2026-07-30T00:14+00:00,0xc6a63ad5a788a576d4acc9911c50fef9fde49458,960751.1873193395,6175867.785564999,filthybetz
2026-07-30T00:14+00:00,0x75973c667cec880353450be3a6f17c5da67b4421,917892.9911941001,1595213.0983290002,0x75973C667CeC880353450BE3A6F1
2026-07-30T12:56+00:00,0x204f72f35326db932158cba6adff0b9a1da95e14,8983167.891624244,400589699.422803,swisstony
2026-07-30T12:56+00:00,0x09b428f7c2b469786286214aa5c90dd9015f7320,8052184.542897382,72132442.51951,DEEDDIT
2026-07-30T12:56+00:00,0x476e1322d1a412fa0325527b8c3bc5e707b1396d,3663920.5781502756,2420301.802414,asparagus2012
2026-07-30T12:56+00:00,0x2e25b222e2080c377fc1fb2b9f926315f0f4d49e,3638469.2679848503,20443506.051613,Sparkling8899
2026-07-30T12:56+00:00,0xe549581668a5751c1972d3ad2d1991d900bd2d54,2835915.542910125,12617569.186532,Allezpapa
2026-07-30T12:56+00:00,0x83720820a8aa6c3f20ad71850e7a1a17d16c5223,2744496.1156384465,26739042.993322,Jsram
2026-07-30T12:56+00:00,0x67542c3219b37fd1610aad290676ff91cdbfe3bc,2568675.661958317,43058532.80711701,maz26
2026-07-30T12:56+00:00,0x5b4ec9c06b284ee52c41a761974d836992880232,2533893.1057256227,16281655.925200004,ramadamaramadam
2026-07-30T12:56+00:00,0x2c335066fe58fe9237c3d3dc7b275c2a034a0563,2394381.8560856124,346624863.5552211,0x2c335066FE58fe9237c3d3Dc7b27
2026-07-30T12:56+00:00,0xf0318c32136c2db7fec88b84869aee6a1106c80c,2297522.6921043694,81303954.98163301,BreakTheBank
2026-07-30T12:56+00:00,0xfea31bc088000ff909be1dfd8d0e3f2c7ef2d227,2047689.412374572,15840681.889935,ndb1
2026-07-30T12:56+00:00,0x095fbca2e0eaf0c9841005135427e1e0117190b2,2029201.1884442111,30801576.54709501,muchobliged
2026-07-30T12:56+00:00,0x7c1ee865a785de4c00ee90ed86a38489fb8bbab3,1885464.1539708786,21767552.941778,CandleHammerDrums
2026-07-30T12:56+00:00,0xd1c537b2a7cba8d365e111bffb9de7b205e2cbd0,1822552.7223731182,7586860.942172001,weatherman12
2026-07-30T12:56+00:00,0x076daa87c4fe1a85402a9b6b8e0a866224388d4c,1712086.722834388,34482146.682018004,
2026-07-30T12:56+00:00,0xf5fabdcdc6eb6d9765a228824f16cca9c91f62df,1692746.9304200695,15142242.974791002,palegrit
2026-07-30T12:56+00:00,0xc31d0a0d63d760d72a1236d16beaa6a71c854ebe,1551775.981322735,3602509.5187029997,FootballFan98
2026-07-30T12:56+00:00,0xbb5fbe810633ab08d106b82db84418a0e2ca2e21,1528366.134369797,4187881.2621549997,highnetworth
2026-07-30T12:56+00:00,0x2005d16a84ceefa912d4e380cd32e7ff827875ea,1518441.393250843,196041868.93283203,RN1
2026-07-30T12:56+00:00,0xb61b2079b95f6b7476fd3203e0274ffb93308a06,1514615.04695023,7639471.5056960005,hot2trot
2026-07-30T12:56+00:00,0x65018f9fc473f6e920b8929a375d39c26a461220,1370860.0115206093,6129489.398331999,cnyek
2026-07-30T12:56+00:00,0xe3f1fb88b9eabc743e2a2d947e2efdba5e99bd92,1347506.4261598708,6607915.188502001,yamal19
2026-07-30T12:56+00:00,0x714a685b5454ea4d52979563bbafa77b8168ab2f,1293823.2105374995,1318128.3863010001,pada
2026-07-30T12:56+00:00,0x3f6e93d1e2c2846a357276e29e7e9147e29c18d9,1283868.4612435757,7895182.503302,wco26
2026-07-30T12:56+00:00,0x3a6a2e7a7707c720219228eb8efa7398bc0e458e,1261084.8405477821,16737173.400125002,thesingularityisnear
2026-07-30T12:56+00:00,0xc41d736bded9ed1accd6a44235039266219774fd,1210731.790345842,8099818.9193939995,0xC41D736bDed9ED1acCD6A4423503
2026-07-30T12:56+00:00,0x8042d175fa3c31fc48b22accbad216564d8f3680,1095513.588194,6410117.356090999,Neonbruv
2026-07-30T12:56+00:00,0x9468bb7e53c8a5f13cc283f2aed950ebf9865d4b,1048506.3408421329,11417747.492996002,myzbsq
2026-07-30T12:56+00:00,0xc6a63ad5a788a576d4acc9911c50fef9fde49458,960748.4392285834,6176047.08235,filthybetz
2026-07-30T12:56+00:00,0x75973c667cec880353450be3a6f17c5da67b4421,917892.9911941001,1595213.0983290002,0x75973C667CeC880353450BE3A6F1
2026-07-31T00:17+00:00,0x204f72f35326db932158cba6adff0b9a1da95e14,9030780.832225392,403761831.8008819,swisstony
2026-07-31T00:17+00:00,0x09b428f7c2b469786286214aa5c90dd9015f7320,8052184.542897382,72132442.51951,DEEDDIT
2026-07-31T00:17+00:00,0x476e1322d1a412fa0325527b8c3bc5e707b1396d,3663920.5781502756,2420301.802414,asparagus2012
2026-07-31T00:17+00:00,0x2e25b222e2080c377fc1fb2b9f926315f0f4d49e,3635884.2267315863,20456861.004344996,Sparkling8899
2026-07-31T00:17+00:00,0xe549581668a5751c1972d3ad2d1991d900bd2d54,2835915.542910125,12617569.186532,Allezpapa
2026-07-31T00:17+00:00,0x83720820a8aa6c3f20ad71850e7a1a17d16c5223,2744128.7078550793,26739042.993322,Jsram
2026-07-31T00:17+00:00,0x67542c3219b37fd1610aad290676ff91cdbfe3bc,2568675.661958316,43058532.80711701,maz26
2026-07-31T00:17+00:00,0x5b4ec9c06b284ee52c41a761974d836992880232,2533893.1057256227,16281655.9252,ramadamaramadam
2026-07-31T00:17+00:00,0x2c335066fe58fe9237c3d3dc7b275c2a034a0563,2503217.620837506,350727235.919937,0x2c335066FE58fe9237c3d3Dc7b27
2026-07-31T00:17+00:00,0xf0318c32136c2db7fec88b84869aee6a1106c80c,2297808.2599748205,81364743.92320901,BreakTheBank
2026-07-31T00:17+00:00,0xfea31bc088000ff909be1dfd8d0e3f2c7ef2d227,2048239.589525822,15844433.303955998,ndb1
2026-07-31T00:17+00:00,0x095fbca2e0eaf0c9841005135427e1e0117190b2,2029201.1884442111,30801576.547095,muchobliged
2026-07-31T00:17+00:00,0x7c1ee865a785de4c00ee90ed86a38489fb8bbab3,1884546.7014198788,21827358.621576,CandleHammerDrums
2026-07-31T00:17+00:00,0xd1c537b2a7cba8d365e111bffb9de7b205e2cbd0,1822552.7223731182,7586860.942172001,weatherman12
2026-07-31T00:17+00:00,0x076daa87c4fe1a85402a9b6b8e0a866224388d4c,1710850.112373859,34482146.682018004,
2026-07-31T00:17+00:00,0xf5fabdcdc6eb6d9765a228824f16cca9c91f62df,1692746.9304200695,15142242.974790998,palegrit
2026-07-31T00:17+00:00,0x2005d16a84ceefa912d4e380cd32e7ff827875ea,1629918.9000324174,200748634.923865,RN1
2026-07-31T00:17+00:00,0xc31d0a0d63d760d72a1236d16beaa6a71c854ebe,1551774.8597327347,3602509.5187029997,FootballFan98
2026-07-31T00:17+00:00,0xbb5fbe810633ab08d106b82db84418a0e2ca2e21,1528366.134369797,4187881.2621549997,highnetworth
2026-07-31T00:17+00:00,0xb61b2079b95f6b7476fd3203e0274ffb93308a06,1514615.0469502301,7639471.505696,hot2trot
2026-07-31T00:17+00:00,0x65018f9fc473f6e920b8929a375d39c26a461220,1370860.0115206093,6129489.398332001,cnyek
2026-07-31T00:17+00:00,0xe3f1fb88b9eabc743e2a2d947e2efdba5e99bd92,1347506.4261598708,6607915.188502001,yamal19
2026-07-31T00:17+00:00,0x3f6e93d1e2c2846a357276e29e7e9147e29c18d9,1283868.4612435757,7895182.503302001,wco26
2026-07-31T00:17+00:00,0x3a6a2e7a7707c720219228eb8efa7398bc0e458e,1261084.8405477821,16737173.400125002,thesingularityisnear
2026-07-31T00:17+00:00,0xc41d736bded9ed1accd6a44235039266219774fd,1204971.8554708294,8115818.916269001,0xC41D736bDed9ED1acCD6A4423503
2026-07-31T00:17+00:00,0x714a685b5454ea4d52979563bbafa77b8168ab2f,1196878.263145899,1332459.0558440003,pada
2026-07-31T00:17+00:00,0x8042d175fa3c31fc48b22accbad216564d8f3680,1095513.588194,6410117.356090999,Neonbruv
2026-07-31T00:17+00:00,0x9468bb7e53c8a5f13cc283f2aed950ebf9865d4b,1048506.3408421329,11417747.492996,myzbsq
2026-07-31T00:17+00:00,0xfe787d2da716d60e8acff57fb87eb13cd4d10319,975820.827179013,288372386.19032496,ferrariChampions2026
2026-07-31T00:17+00:00,0xc6a63ad5a788a576d4acc9911c50fef9fde49458,960747.6625241048,6176202.39235,filthybetz
2026-07-31T13:15+00:00,0x204f72f35326db932158cba6adff0b9a1da95e14,9130052.56623759,405174125.37827295,swisstony
2026-07-31T13:15+00:00,0x09b428f7c2b469786286214aa5c90dd9015f7320,8052184.542897382,72132442.51951,DEEDDIT
2026-07-31T13:15+00:00,0x476e1322d1a412fa0325527b8c3bc5e707b1396d,3663920.5781502756,2420301.802414,asparagus2012
2026-07-31T13:15+00:00,0x2e25b222e2080c377fc1fb2b9f926315f0f4d49e,3631865.163305781,20461728.937955998,Sparkling8899
2026-07-31T13:15+00:00,0xe549581668a5751c1972d3ad2d1991d900bd2d54,2835915.542910125,12617569.186532002,Allezpapa
2026-07-31T13:15+00:00,0x83720820a8aa6c3f20ad71850e7a1a17d16c5223,2744128.7078550793,26739042.993322,Jsram
2026-07-31T13:15+00:00,0x67542c3219b37fd1610aad290676ff91cdbfe3bc,2568675.661958316,43058532.807117,maz26
2026-07-31T13:15+00:00,0x2c335066fe58fe9237c3d3dc7b275c2a034a0563,2542431.6699721985,351854347.7441931,0x2c335066FE58fe9237c3d3Dc7b27
2026-07-31T13:15+00:00,0x5b4ec9c06b284ee52c41a761974d836992880232,2533893.1057256227,16281655.9252,ramadamaramadam
2026-07-31T13:15+00:00,0xf0318c32136c2db7fec88b84869aee6a1106c80c,2366853.1897475095,81551963.13941903,BreakTheBank
2026-07-31T13:15+00:00,0xfea31bc088000ff909be1dfd8d0e3f2c7ef2d227,2048195.33496843,15848965.577288,ndb1
2026-07-31T13:15+00:00,0x095fbca2e0eaf0c9841005135427e1e0117190b2,2029201.1884442111,30801576.547095,muchobliged
2026-07-31T13:15+00:00,0x7c1ee865a785de4c00ee90ed86a38489fb8bbab3,1886021.5514198788,21827358.621576,CandleHammerDrums
2026-07-31T13:15+00:00,0xd1c537b2a7cba8d365e111bffb9de7b205e2cbd0,1822552.7223731182,7586860.942172001,weatherman12
2026-07-31T13:15+00:00,0x076daa87c4fe1a85402a9b6b8e0a866224388d4c,1710872.7521975378,34482146.68201801,
2026-07-31T13:15+00:00,0xf5fabdcdc6eb6d9765a228824f16cca9c91f62df,1692746.9304200695,15142242.974790998,palegrit
2026-07-31T13:15+00:00,0x2005d16a84ceefa912d4e380cd32e7ff827875ea,1690251.0171039477,202903451.90104797,RN1
2026-07-31T13:15+00:00,0xc31d0a0d63d760d72a1236d16beaa6a71c854ebe,1551774.7997327351,3602509.5187029997,FootballFan98
2026-07-31T13:15+00:00,0xbb5fbe810633ab08d106b82db84418a0e2ca2e21,1528366.134369797,4187881.262154999,highnetworth
2026-07-31T13:15+00:00,0xb61b2079b95f6b7476fd3203e0274ffb93308a06,1514615.0469502301,7639471.505696001,hot2trot
2026-07-31T13:15+00:00,0x65018f9fc473f6e920b8929a375d39c26a461220,1370860.0115206093,6129489.398332001,cnyek
2026-07-31T13:15+00:00,0xe3f1fb88b9eabc743e2a2d947e2efdba5e99bd92,1347506.4261598708,6607915.188502001,yamal19
2026-07-31T13:15+00:00,0x3f6e93d1e2c2846a357276e29e7e9147e29c18d9,1283868.4612435757,7895182.503301999,wco26
2026-07-31T13:15+00:00,0x3a6a2e7a7707c720219228eb8efa7398bc0e458e,1261084.8405477821,16737173.400125002,thesingularityisnear
2026-07-31T13:15+00:00,0xc41d736bded9ed1accd6a44235039266219774fd,1204971.8554708296,8115818.916269001,0xC41D736bDed9ED1acCD6A4423503
2026-07-31T13:15+00:00,0x714a685b5454ea4d52979563bbafa77b8168ab2f,1174881.0030478297,1333796.465844,pada
2026-07-31T13:15+00:00,0x8042d175fa3c31fc48b22accbad216564d8f3680,1095513.588194,6410117.356090999,Neonbruv
2026-07-31T13:15+00:00,0x9468bb7e53c8a5f13cc283f2aed950ebf9865d4b,1048506.3408421329,11417747.492996,myzbsq
2026-07-31T13:15+00:00,0x6d20c35f65d9899b6d6b74f8466e824580f9a165,986651.5033939384,26396428.705503,Djdjdjekekek
2026-07-31T13:15+00:00,0xc6a63ad5a788a576d4acc9911c50fef9fde49458,960747.4970802742,6176210.428059999,filthybetz
2026-08-01T00:27+00:00,0x204f72f35326db932158cba6adff0b9a1da95e14,9197934.979523703,406844018.98918,swisstony
2026-08-01T00:27+00:00,0x09b428f7c2b469786286214aa5c90dd9015f7320,8052184.542897382,72132442.51951,DEEDDIT
2026-08-01T00:27+00:00,0x476e1322d1a412fa0325527b8c3bc5e707b1396d,3663920.5781502756,2420301.802414,asparagus2012
2026-08-01T00:27+00:00,0x2e25b222e2080c377fc1fb2b9f926315f0f4d49e,3637406.3817745657,20482012.672195,Sparkling8899
2026-08-01T00:27+00:00,0xe549581668a5751c1972d3ad2d1991d900bd2d54,2835915.542910125,12617569.186532002,Allezpapa
2026-08-01T00:27+00:00,0x83720820a8aa6c3f20ad71850e7a1a17d16c5223,2744128.7078550793,26739042.993322,Jsram
2026-08-01T00:27+00:00,0x2c335066fe58fe9237c3d3dc7b275c2a034a0563,2623204.169224471,354202015.545558,0x2c335066FE58fe9237c3d3Dc7b27
2026-08-01T00:27+00:00,0x67542c3219b37fd1610aad290676ff91cdbfe3bc,2568675.661958316,43058532.80711701,maz26
2026-08-01T00:27+00:00,0x5b4ec9c06b284ee52c41a761974d836992880232,2533893.1057256227,16281655.925200006,ramadamaramadam
2026-08-01T00:27+00:00,0xf0318c32136c2db7fec88b84869aee6a1106c80c,2408174.1633834187,81688417.35886599,BreakTheBank
2026-08-01T00:27+00:00,0xfea31bc088000ff909be1dfd8d0e3f2c7ef2d227,2048277.8525524784,15849197.797287993,ndb1
2026-08-01T00:27+00:00,0x095fbca2e0eaf0c9841005135427e1e0117190b2,2029201.1884442111,30801576.54709501,muchobliged
2026-08-01T00:27+00:00,0x7c1ee865a785de4c00ee90ed86a38489fb8bbab3,1886021.5514198788,21827358.621575996,CandleHammerDrums
2026-08-01T00:27+00:00,0x2005d16a84ceefa912d4e380cd32e7ff827875ea,1829753.2876201724,205838678.76675197,RN1
2026-08-01T00:27+00:00,0xd1c537b2a7cba8d365e111bffb9de7b205e2cbd0,1822552.7223731182,7586860.942172,weatherman12
2026-08-01T00:27+00:00,0x076daa87c4fe1a85402a9b6b8e0a866224388d4c,1711944.909845746,34482151.682018004,
2026-08-01T00:27+00:00,0xf5fabdcdc6eb6d9765a228824f16cca9c91f62df,1692746.9304200695,15142242.974791,palegrit
2026-08-01T00:27+00:00,0xc31d0a0d63d760d72a1236d16beaa6a71c854ebe,1551774.7997327351,3602509.5187029997,FootballFan98
2026-08-01T00:27+00:00,0xbb5fbe810633ab08d106b82db84418a0e2ca2e21,1528366.134369797,4187881.262154999,highnetworth
2026-08-01T00:27+00:00,0xb61b2079b95f6b7476fd3203e0274ffb93308a06,1514615.0469502301,7639471.505696,hot2trot
2026-08-01T00:27+00:00,0x65018f9fc473f6e920b8929a375d39c26a461220,1370860.0115206093,6129489.398332,cnyek
2026-08-01T00:27+00:00,0xe3f1fb88b9eabc743e2a2d947e2efdba5e99bd92,1347506.4261598708,6607915.188502001,yamal19
2026-08-01T00:27+00:00,0x3f6e93d1e2c2846a357276e29e7e9147e29c18d9,1283868.4612435757,7895182.503302001,wco26
2026-08-01T00:27+00:00,0x3a6a2e7a7707c720219228eb8efa7398bc0e458e,1261084.8405477821,16737173.400125002,thesingularityisnear
2026-08-01T00:27+00:00,0xc41d736bded9ed1accd6a44235039266219774fd,1204971.8554708296,8115818.916269001,0xC41D736bDed9ED1acCD6A4423503
2026-08-01T00:27+00:00,0x6d20c35f65d9899b6d6b74f8466e824580f9a165,1120270.5255439389,28712014.776528995,Djdjdjekekek
2026-08-01T00:27+00:00,0x8042d175fa3c31fc48b22accbad216564d8f3680,1095513.588194,6410117.356090999,Neonbruv
2026-08-01T00:27+00:00,0x9468bb7e53c8a5f13cc283f2aed950ebf9865d4b,1048506.3408421329,11417747.492996,myzbsq
2026-08-01T00:27+00:00,0xc6a63ad5a788a576d4acc9911c50fef9fde49458,960748.1265429498,6176210.428060001,filthybetz
2026-08-01T00:27+00:00,0x75973c667cec880353450be3a6f17c5da67b4421,917892.9911941001,1595213.0983290002,0x75973C667CeC880353450BE3A6F1
2026-08-01T12:15+00:00,0x3954e1c6b7bc5645d9d3425a6f4490889ef122d9,107042.4072555126,583052.7636910001,Spicer
2026-08-01T12:15+00:00,0x4ab9b54427ec4b7f3646b1a0ef1bed73bc708ebe,102266.86937,0.0,RWCS
2026-08-01T12:15+00:00,0x6c3aae17140c5e3cde62380daaa323e38575c459,100287.227136,0.0,AvrahamEisenberg - 10161
2026-08-01T12:15+00:00,0xa8cf2ed8751f4e58ad039e1b68a8b58b4395031f,85547.41699299996,0.0,
2026-08-01T12:15+00:00,0xe1000ddb5f5025849765e29d051dfff78f5d4d41,74525.03374979895,274092.084775,TopGleaguepick
2026-08-01T12:15+00:00,0x9703676286b93c2eca71ca96e8757104519a69c2,72575.7137906845,103444.60803,AnonymousUsername
2026-08-01T12:15+00:00,0x204f72f35326db932158cba6adff0b9a1da95e14,69896.70955500007,1846815.2310399993,swisstony
2026-08-01T12:15+00:00,0xe16d3f2a5807999b358affd9445c3a09e45e5e30,64027.912915058434,309484.999324,0xE16D3F2A5807999b358aFfD9445C
2026-08-01T12:15+00:00,0x84cfffc3f16dcc353094de30d4a45226eccd2f63,61977.14061363783,127710.5736,mooseborzoi
2026-08-01T12:15+00:00,0xdb859a551fcf56e49416160911476bea7307152f,53849.04456318365,27065.92699,AV23IUa
2026-08-01T12:15+00:00,0x6d20c35f65d9899b6d6b74f8466e824580f9a165,53838.96605015395,332915.29232300003,Djdjdjekekek
2026-08-01T12:15+00:00,0x9cb990f1862568a63d8601efeebe0304225c32f2,51375.83032259869,170069.938124,jtwyslljy
2026-08-01T12:15+00:00,0x3d8a89a20aa73fba0f30d080e8120de9f9555724,50763.76514150001,0.0,Poyo
2026-08-01T12:15+00:00,0x58d71d66722aa4c1e6ebde57071693667d2917e1,44226.294124189975,300330.403286,ninasuskevic
2026-08-01T12:15+00:00,0xf070207d315d47fd07870e464d3ded9151f5ac55,40473.36068570776,330238.8169510001,esportGG
2026-08-01T12:15+00:00,0x95f51617e900f7d4df2894d77a73c1b2b269779f,38573.79618310408,476898.97842600005,0x95F51617E900F7d4df2894D77A73
2026-08-01T12:15+00:00,0x7ecc7c5c99582a78e9cc00a5304406a2bad68f07,38060.675257805,0.0,LeatherPants
2026-08-01T12:15+00:00,0xfbf3d501e88815464642d0e913f15379c3eeb218,37858.89445991027,299915.613948,VPenguin
2026-08-01T12:15+00:00,0x917182c1eb3257b2e2e4959d48228af78bfe9e5f,36163.23126210002,125488.345,0x917182c1Eb3257B2E2e4959D4822
2026-08-01T12:15+00:00,0x1465b79bff7992bc703e1aafb3683b1089647072,35476.7595820172,0.0,JnStTrdrBnusFnd
2026-08-01T12:15+00:00,0x5f659bccbc353dbf7bcdffdee73bee60bb482036,34993.24023120431,518914.21447600005,0x5F659BcCBC353dBf7BcdffDEE73b
2026-08-01T12:15+00:00,0x0346afae2603313d2bbee96b628536c8cbe352a5,34798.97357891151,1077499.0724159998,GoalLineGhost
2026-08-01T12:15+00:00,0x1d1ade627d0bb0205758580b20d808573e720df6,33290.77499999938,0.0,Pwaddler
2026-08-01T12:15+00:00,0x5a218c7ad04135830a45c41aaed7294df7809318,32047.46984996346,84593.66537399999,balthazar
2026-08-01T12:15+00:00,0xc8075693f48668a264b9fa313b47f52712fcc12b,30029.97974233506,0.0,texaskid
2026-08-01T12:15+00:00,0xd202bf6d89dc6bab1b9f00ead175f75466348973,29995.041446202085,107054.445323,meoooow
2026-08-01T12:15+00:00,0x0d18e30e252008d83f51dae00d36873ddd9e24a6,29726.538636998604,0.0,MonsieurDimanche
2026-08-01T12:15+00:00,0x3f3aa7005f8006bfcc367d43a25cde25509fe8fd,29532.26536797674,65911.41636599999,us391
2026-08-01T12:15+00:00,0x6d3c5bd13984b2de47c3a88ddc455309aab3d294,29364.019738134426,370168.421481,VeryLucky888
2026-08-01T12:15+00:00,0x684baa57c338c2549aec0aa3f034f695d72a8409,29115.53142594613,33661.485228,monkeymashingkeyboard
2026-08-03T14:05+00:00,0x6d20c35f65d9899b6d6b74f8466e824580f9a165,556563.2697666495,5536440.268482999,Djdjdjekekek
2026-08-03T14:05+00:00,0x204f72f35326db932158cba6adff0b9a1da95e14,278068.58270603046,9226822.210129019,swisstony
2026-08-03T14:05+00:00,0xc2e7800b5af46e6093872b177b7a5e7f0563be51,262262.8538364445,994453.418576,beachboy4
2026-08-03T14:05+00:00,0x84cfffc3f16dcc353094de30d4a45226eccd2f63,254522.79222633477,1859703.94102,mooseborzoi
2026-08-03T14:05+00:00,0x43372356634781eea88d61bbdd7824cdce958882,248526.59786305059,224875.339377,Anjun
2026-08-03T14:05+00:00,0xe1000ddb5f5025849765e29d051dfff78f5d4d41,190050.70833399752,650331.744866,TeGeeLP
2026-08-03T14:05+00:00,0x2005d16a84ceefa912d4e380cd32e7ff827875ea,185757.05945329962,12190300.881235003,RN1
2026-08-03T14:05+00:00,0x3dfb153c197d4c19d3b31c1ecd2c7b6860eeabaf,174725.85921230208,4387889.2573150005,0x3DFb153c197D4C19D3B31c1ecD2c
2026-08-03T14:05+00:00,0x1d1ade627d0bb0205758580b20d808573e720df6,150228.59678786623,263461.98658299993,Pwaddler
2026-08-03T14:05+00:00,0x9f2fe025f84839ca81dd8e0338892605702d2ca8,142464.56502654782,918540.631265,surfandturf
2026-08-03T14:05+00:00,0xa71093cafc0c099b4ccab24c3cb8018d817923c4,133756.57951657148,1745503.1606390001,Talvez10
2026-08-03T14:05+00:00,0xc84f7e76ec28ef20e7773b7b4926bfb7378be0c5,122123.25527999667,391314.76732700004,BrightStars
2026-08-03T14:05+00:00,0xf201a19b43471261a3c1ba9247335d55270e527e,105502.66675408458,1980921.040873,0xF201A19b43471261A3c1Ba924733
2026-08-03T14:05+00:00,0x16bb9951a36fce71e2ef57890b786145e0ba8492,98283.16409899987,404347.75,SDTrading
2026-08-03T14:05+00:00,0xba3802d41ad55704b518564e8a13a8346da1fb57,90050.98938255003,1089993.054854,matenghehe
2026-08-03T14:05+00:00,0xc8075693f48668a264b9fa313b47f52712fcc12b,86728.53858119491,407626.006576,texaskid
2026-08-03T14:05+00:00,0xe291a588ece487f3323736c55c6144f6a99e748e,82918.93225238503,1333924.803325,patient12
2026-08-03T14:05+00:00,0x2dc13c6bda81b202281e796953a7323de675b33c,78431.37727299996,187110.42,xifutloong3
2026-08-03T14:05+00:00,0x7542fa229f63a7bd8a9ca4584638004a39317a20,78236.999717,131999.74181099999,olivermoon1
2026-08-03T14:05+00:00,0xb687f00464e33934f5d591f224e71c3559ecaee5,78108.24830574606,426812.584121,alwayslatetotheparty
2026-08-03T14:05+00:00,0x7e5e420a5cde8a322f3b5b93a12a164827f47315,77247.36903101066,672921.255576,StasPanda
2026-08-03T14:05+00:00,0xc65ca4755436f82d8eb461e65781584b8cadea39,77028.1152935093,321196.21005500003,greyoctober
2026-08-03T14:05+00:00,0x917182c1eb3257b2e2e4959d48228af78bfe9e5f,76821.45504689997,250976.685,0x917182c1Eb3257B2E2e4959D4822
2026-08-03T14:05+00:00,0x9cb990f1862568a63d8601efeebe0304225c32f2,76800.43533724526,718053.011534,jtwyslljy
2026-08-03T14:05+00:00,0x3954e1c6b7bc5645d9d3425a6f4490889ef122d9,76375.35271538148,743853.2727940001,Spicer
2026-08-03T14:05+00:00,0x0224bb9eb0a5c9fd261ac9123a72cbdd5748292a,74029.22549020473,543912.110219,zb8
2026-08-03T14:05+00:00,0x5268527977f700f9bf9b6d5cd843859e4e70135d,67362.57564578694,6931568.644319003,HomeRunHazard
2026-08-03T14:05+00:00,0xb0c85813a7a4428f1139ff91d3118a92c391fe7f,66785.57421886743,489527.841506,-..Derick.rose-
2026-08-03T14:05+00:00,0x58d71d66722aa4c1e6ebde57071693667d2917e1,66512.1671416793,628291.188602,ninasuskevic
2026-08-03T14:05+00:00,0x30c7ac0158499ddc6761047f7f69bcf7d036ac3b,65889.94313035434,539640.165741,skyman44
2026-08-04T00:38+00:00,0x6d20c35f65d9899b6d6b74f8466e824580f9a165,560852.3424444636,6085544.156428999,Djdjdjekekek
2026-08-04T00:38+00:00,0xe30e74595517de48f1fb19f4553dd3d9f1e96b87,479663.13427700003,1086604.353176,0xE30E74595517de48f1FB19f4553d
2026-08-04T00:38+00:00,0x204f72f35326db932158cba6adff0b9a1da95e14,316315.1314596161,10781904.943274021,swisstony
2026-08-04T00:38+00:00,0x84cfffc3f16dcc353094de30d4a45226eccd2f63,255823.2761509834,1916866.1302220002,mooseborzoi
2026-08-04T00:38+00:00,0x43372356634781eea88d61bbdd7824cdce958882,245420.61753553292,236965.995371,Anjun
2026-08-04T00:38+00:00,0xe1000ddb5f5025849765e29d051dfff78f5d4d41,174697.3520270157,719213.000281,TeGeeLP
2026-08-04T00:38+00:00,0x1d1ade627d0bb0205758580b20d808573e720df6,150655.32102961768,275207.117475,Pwaddler
2026-08-04T00:38+00:00,0xa71093cafc0c099b4ccab24c3cb8018d817923c4,143011.70532133128,1800213.194415,Talvez10
2026-08-04T00:38+00:00,0x9f2fe025f84839ca81dd8e0338892605702d2ca8,140173.94546428887,918540.631265,surfandturf
2026-08-04T00:38+00:00,0xc84f7e76ec28ef20e7773b7b4926bfb7378be0c5,124774.17541923933,522636.187861,BrightStars
2026-08-04T00:38+00:00,0x16bb9951a36fce71e2ef57890b786145e0ba8492,113219.54282399995,534768.52,SDTrading
2026-08-04T00:38+00:00,0x5268527977f700f9bf9b6d5cd843859e4e70135d,105756.80206660391,8165044.862173002,HomeRunHazard
2026-08-04T00:38+00:00,0x4ab9b54427ec4b7f3646b1a0ef1bed73bc708ebe,102266.86937000006,0.0,RWCS
2026-08-04T00:38+00:00,0x6c3aae17140c5e3cde62380daaa323e38575c459,100287.22713600044,0.0,AvrahamEisenberg - 10161
2026-08-04T00:38+00:00,0xba3802d41ad55704b518564e8a13a8346da1fb57,99351.83688767595,1183233.029706,matenghehe
2026-08-04T00:38+00:00,0xf201a19b43471261a3c1ba9247335d55270e527e,93993.72641145089,2181907.6884160005,0xF201A19b43471261A3c1Ba924733
2026-08-04T00:38+00:00,0x9cb990f1862568a63d8601efeebe0304225c32f2,93920.5009193971,833876.987742,jtwyslljy
2026-08-04T00:38+00:00,0x2005d16a84ceefa912d4e380cd32e7ff827875ea,90433.24881510471,15024867.626627002,RN1
2026-08-04T00:38+00:00,0xc8075693f48668a264b9fa313b47f52712fcc12b,86728.53858119491,407626.006576,texaskid
2026-08-04T00:38+00:00,0xa8cf2ed8751f4e58ad039e1b68a8b58b4395031f,85547.41699299996,0.0,
2026-08-04T00:38+00:00,0xe291a588ece487f3323736c55c6144f6a99e748e,82939.40489105394,1333924.8033249998,patient12
2026-08-04T00:38+00:00,0x79ae097215202b5d01f98e4479fb219102469a4a,81570.36114207127,1170197.140413,CORGI8
2026-08-04T00:38+00:00,0x1b20a00709dfe648afd26b326394b5e031f83ab0,80809.54699320381,2100230.62995,0x1b20a00709DfE648AFd26b326394
2026-08-04T00:38+00:00,0x21468ad63a833f5f9ea5c2835fb4e9dec57ad41b,80324.86748114557,1178117.3475880001,canoflanagan
2026-08-04T00:38+00:00,0x2dc13c6bda81b202281e796953a7323de675b33c,78431.37727299996,187110.42,xifutloong3
2026-08-04T00:38+00:00,0x7542fa229f63a7bd8a9ca4584638004a39317a20,78236.999717,131999.74181099999,olivermoon1
2026-08-04T00:38+00:00,0xb687f00464e33934f5d591f224e71c3559ecaee5,78120.46222080555,450443.959121,alwayslatetotheparty
2026-08-04T00:38+00:00,0x7e5e420a5cde8a322f3b5b93a12a164827f47315,77620.21520482228,674915.159313,StasPanda
2026-08-04T00:38+00:00,0xc65ca4755436f82d8eb461e65781584b8cadea39,77028.1152935093,321196.21005500003,greyoctober
2026-08-04T00:38+00:00,0x917182c1eb3257b2e2e4959d48228af78bfe9e5f,76821.45504689997,250976.685,0x917182c1Eb3257B2E2e4959D4822
2026-08-04T13:12+00:00,0x6d20c35f65d9899b6d6b74f8466e824580f9a165,646935.6418590324,6481067.5838669995,Djdjdjekekek
2026-08-04T13:12+00:00,0xe30e74595517de48f1fb19f4553dd3d9f1e96b87,479663.13427700003,1086604.353176,0xE30E74595517de48f1FB19f4553d
2026-08-04T13:12+00:00,0x204f72f35326db932158cba6adff0b9a1da95e14,332819.9549926296,11367893.212752016,swisstony
2026-08-04T13:12+00:00,0x1b20a00709dfe648afd26b326394b5e031f83ab0,282278.4081452,2109664.711319,0x1b20a00709DfE648AFd26b326394
2026-08-04T13:12+00:00,0x84cfffc3f16dcc353094de30d4a45226eccd2f63,248660.31991914829,1919274.0584540002,mooseborzoi
2026-08-04T13:12+00:00,0x43372356634781eea88d61bbdd7824cdce958882,245373.4944044125,237264.44255,Anjun
2026-08-04T13:12+00:00,0xc84f7e76ec28ef20e7773b7b4926bfb7378be0c5,178115.10699644813,645049.332931,BrightStars
2026-08-04T13:12+00:00,0xe1000ddb5f5025849765e29d051dfff78f5d4d41,174697.3520270157,719213.000281,TeGeeLP
2026-08-04T13:12+00:00,0xa71093cafc0c099b4ccab24c3cb8018d817923c4,155585.98887151643,1822021.805525,Talvez10
2026-08-04T13:12+00:00,0x2005d16a84ceefa912d4e380cd32e7ff827875ea,153718.77533208963,16801002.612448,RN1
2026-08-04T13:12+00:00,0x1d1ade627d0bb0205758580b20d808573e720df6,144000.13413118993,275207.117475,Pwaddler
2026-08-04T13:12+00:00,0x9f2fe025f84839ca81dd8e0338892605702d2ca8,142508.55039557867,918540.631265,surfandturf
2026-08-04T13:12+00:00,0xba3802d41ad55704b518564e8a13a8346da1fb57,126118.7320662706,1569735.980912,matenghehe
2026-08-04T13:12+00:00,0xe291a588ece487f3323736c55c6144f6a99e748e,120396.84888127095,1529278.0422799997,patient12
2026-08-04T13:12+00:00,0xbaa2bcb5439e985ce4ccf815b4700027d1b92c73,104562.95997828456,799837.6911350001,denizz
2026-08-04T13:12+00:00,0x5268527977f700f9bf9b6d5cd843859e4e70135d,104209.4863891271,9526335.304026,HomeRunHazard
2026-08-04T13:12+00:00,0xf201a19b43471261a3c1ba9247335d55270e527e,95555.35907707497,2199624.279882,0xF201A19b43471261A3c1Ba924733
2026-08-04T13:12+00:00,0x9cb990f1862568a63d8601efeebe0304225c32f2,89182.59616196222,909056.270663,jtwyslljy
2026-08-04T13:12+00:00,0xc8075693f48668a264b9fa313b47f52712fcc12b,85606.55088119497,407626.006576,texaskid
2026-08-04T13:12+00:00,0x79ae097215202b5d01f98e4479fb219102469a4a,80521.68291434139,1211092.519686,CORGI8
2026-08-04T13:12+00:00,0xb0c85813a7a4428f1139ff91d3118a92c391fe7f,79701.86155031853,647889.999033,-..Derick.rose-
2026-08-04T13:12+00:00,0x0224bb9eb0a5c9fd261ac9123a72cbdd5748292a,78712.14961583531,801976.95161,zb8
2026-08-04T13:12+00:00,0x2dc13c6bda81b202281e796953a7323de675b33c,78431.37727299996,187110.42,xifutloong3
2026-08-04T13:12+00:00,0x7542fa229f63a7bd8a9ca4584638004a39317a20,78236.999717,131999.74181099999,olivermoon1
2026-08-04T13:12+00:00,0xb687f00464e33934f5d591f224e71c3559ecaee5,78074.89468683826,532112.605038,alwayslatetotheparty
2026-08-04T13:12+00:00,0xc65ca4755436f82d8eb461e65781584b8cadea39,77032.99081016934,322171.313387,greyoctober
2026-08-04T13:12+00:00,0x448861155279dbf833d041b963e3ac854599e319,76822.25587840681,929388.2015479999,Flipadelphia
2026-08-04T13:12+00:00,0x917182c1eb3257b2e2e4959d48228af78bfe9e5f,76821.45504689997,250976.685,0x917182c1Eb3257B2E2e4959D4822
2026-08-04T13:12+00:00,0x7e5e420a5cde8a322f3b5b93a12a164827f47315,76786.59276558457,764450.2330189999,StasPanda
2026-08-04T13:12+00:00,0x3954e1c6b7bc5645d9d3425a6f4490889ef122d9,72931.1493438369,787450.4949530001,Spicer
2026-08-05T00:17+00:00,0x6d20c35f65d9899b6d6b74f8466e824580f9a165,678482.045708836,6822167.966650999,Djdjdjekekek
2026-08-05T00:17+00:00,0xe30e74595517de48f1fb19f4553dd3d9f1e96b87,484062.6101824006,1678249.8487920002,0xE30E74595517de48f1FB19f4553d
2026-08-05T00:17+00:00,0x204f72f35326db932158cba6adff0b9a1da95e14,314413.7985180281,13007346.706364017,swisstony
2026-08-05T00:17+00:00,0x1b20a00709dfe648afd26b326394b5e031f83ab0,285992.44754259754,2240289.543181,0x1b20a00709DfE648AFd26b326394
2026-08-05T00:17+00:00,0x84cfffc3f16dcc353094de30d4a45226eccd2f63,249048.66611167742,1920039.748454,mooseborzoi
2026-08-05T00:17+00:00,0x43372356634781eea88d61bbdd7824cdce958882,243804.98102829102,237644.19254999998,Anjun
2026-08-05T00:17+00:00,0xc84f7e76ec28ef20e7773b7b4926bfb7378be0c5,189428.37969080964,700446.823972,BrightStars
2026-08-05T00:17+00:00,0xe1000ddb5f5025849765e29d051dfff78f5d4d41,174730.6314334157,728648.8402810001,TeGeeLP
2026-08-05T00:17+00:00,0xa71093cafc0c099b4ccab24c3cb8018d817923c4,159322.3325337486,2158841.817847,Talvez10
2026-08-05T00:17+00:00,0x2a69660046d7acc4ab204d7cc5ba78b0776cd2f7,158115.62664718067,3149308.1531920005,UpTheBlues
2026-08-05T00:17+00:00,0x1d1ade627d0bb0205758580b20d808573e720df6,155002.14120542994,319210.344819,Pwaddler
2026-08-05T00:17+00:00,0x2005d16a84ceefa912d4e380cd32e7ff827875ea,150046.27730779,20370136.727803,RN1
2026-08-05T00:17+00:00,0x5268527977f700f9bf9b6d5cd843859e4e70135d,147325.0154394405,11996580.265350001,HomeRunHazard
2026-08-05T00:17+00:00,0x9f2fe025f84839ca81dd8e0338892605702d2ca8,143210.3032579476,918540.631265,surfandturf
2026-08-05T00:17+00:00,0xbaa2bcb5439e985ce4ccf815b4700027d1b92c73,139581.27357915576,995627.1282730001,denizz
2026-08-05T00:17+00:00,0xba3802d41ad55704b518564e8a13a8346da1fb57,126817.70514703999,1610347.5742410002,matenghehe
2026-08-05T00:17+00:00,0xe291a588ece487f3323736c55c6144f6a99e748e,120472.32915995315,1529278.0422799997,patient12
2026-08-05T00:17+00:00,0x7e5e420a5cde8a322f3b5b93a12a164827f47315,116262.19388150114,839875.4322289999,StasPanda
2026-08-05T00:17+00:00,0xf201a19b43471261a3c1ba9247335d55270e527e,103684.22292280191,2233884.089203,0xF201A19b43471261A3c1Ba924733
2026-08-05T00:17+00:00,0xc8075693f48668a264b9fa313b47f52712fcc12b,96584.98110122955,595183.9563160001,texaskid
2026-08-05T00:17+00:00,0x88c4919de76e526d55a32c1f8afb439dd1f1129a,92039.66079514421,288087.940031,QuietRiskisWrong
2026-08-05T00:17+00:00,0x13fa4ce1b8a27dd0b7a72db6205a50ee6ff0954c,91019.74907426522,583158.1784880001,betterfasterstronger
2026-08-05T00:17+00:00,0xb0c85813a7a4428f1139ff91d3118a92c391fe7f,90298.71873878085,721648.936278,-..-Debict.rose-
2026-08-05T00:17+00:00,0x29b52d98ac9ef9414b04164246c95bc63d74cc6c,81443.85514762907,979568.055716,0x29b52d98ac9ef9414b04164246c9
2026-08-05T00:17+00:00,0x0224bb9eb0a5c9fd261ac9123a72cbdd5748292a,80836.91476782171,846745.03911,zb8
2026-08-05T00:17+00:00,0x7542fa229f63a7bd8a9ca4584638004a39317a20,78236.999717,131999.74181099999,olivermoon1
2026-08-05T00:17+00:00,0xb687f00464e33934f5d591f224e71c3559ecaee5,78088.50366493422,562213.0463889999,alwayslatetotheparty
2026-08-05T00:17+00:00,0xc65ca4755436f82d8eb461e65781584b8cadea39,77411.53832051423,325674.109619,greyoctober
2026-08-05T00:17+00:00,0xd23f8c8aab13cfb2a35da40b67f8471faf9894a1,77302.46239229971,912188.6936630005,Corlys
2026-08-05T00:17+00:00,0x917182c1eb3257b2e2e4959d48228af78bfe9e5f,76821.45504689997,250976.685,0x917182c1Eb3257B2E2e4959D4822
2026-08-05T13:13+00:00,0x6d20c35f65d9899b6d6b74f8466e824580f9a165,775169.7496277471,8527979.576531999,Djdjdjekekek
2026-08-05T13:13+00:00,0x204f72f35326db932158cba6adff0b9a1da95e14,354885.9753785059,13762132.097920017,swisstony
2026-08-05T13:13+00:00,0x1b20a00709dfe648afd26b326394b5e031f83ab0,305329.13959513523,2253196.057872,0x1b20a00709DfE648AFd26b326394
2026-08-05T13:13+00:00,0x84cfffc3f16dcc353094de30d4a45226eccd2f63,249828.46380032366,1920430.1896140003,mooseborzoi
2026-08-05T13:13+00:00,0x2005d16a84ceefa912d4e380cd32e7ff827875ea,246049.95243528555,21729162.195286002,RN1
2026-08-05T13:13+00:00,0x43372356634781eea88d61bbdd7824cdce958882,243780.9613910856,237691.19255000004,Anjun
2026-08-05T13:13+00:00,0xe30e74595517de48f1fb19f4553dd3d9f1e96b87,222312.760830666,2238424.945698,0xE30E74595517de48f1FB19f4553d
2026-08-05T13:13+00:00,0x5268527977f700f9bf9b6d5cd843859e4e70135d,215111.9924515374,13722873.071612002,HomeRunHazard
2026-08-05T13:13+00:00,0xa71093cafc0c099b4ccab24c3cb8018d817923c4,209596.02016947162,2219927.581775,Talvez10
2026-08-05T13:13+00:00,0xc84f7e76ec28ef20e7773b7b4926bfb7378be0c5,205869.71911713353,701550.475356,BrightStars
2026-08-05T13:13+00:00,0xc8075693f48668a264b9fa313b47f52712fcc12b,196412.9017754148,707941.9062440001,texaskid
2026-08-05T13:13+00:00,0x13fa4ce1b8a27dd0b7a72db6205a50ee6ff0954c,188718.6732869099,993703.0991140002,betterfasterstronger
2026-08-05T13:13+00:00,0xe1000ddb5f5025849765e29d051dfff78f5d4d41,178347.16376641375,758247.994884,TeGeeLP
2026-08-05T13:13+00:00,0x16bb9951a36fce71e2ef57890b786145e0ba8492,166343.88221100008,762060.365231,SDTrading
2026-08-05T13:13+00:00,0x1d1ade627d0bb0205758580b20d808573e720df6,160666.48960735687,331409.78231499996,Pwaddler
2026-08-05T13:13+00:00,0xbaa2bcb5439e985ce4ccf815b4700027d1b92c73,158785.16546148673,1007351.9052360001,denizz
2026-08-05T13:13+00:00,0xba3802d41ad55704b518564e8a13a8346da1fb57,154310.1506410478,1986388.279564,matenghehe
2026-08-05T13:13+00:00,0x9f2fe025f84839ca81dd8e0338892605702d2ca8,144030.3066333845,918540.631265,surfandturf
2026-08-05T13:13+00:00,0xe291a588ece487f3323736c55c6144f6a99e748e,143788.04368296932,1604870.4864649998,patient12
2026-08-05T13:13+00:00,0xf201a19b43471261a3c1ba9247335d55270e527e,138339.51738886704,2368606.023049,0xF201A19b43471261A3c1Ba924733
2026-08-05T13:13+00:00,0x2a69660046d7acc4ab204d7cc5ba78b0776cd2f7,138307.4365061786,3709156.2808530005,UpTheBlues
2026-08-05T13:13+00:00,0x7e5e420a5cde8a322f3b5b93a12a164827f47315,126463.94144566088,969653.8179680001,StasPanda
2026-08-05T13:13+00:00,0xd23f8c8aab13cfb2a35da40b67f8471faf9894a1,116125.50799354665,1064469.5191700005,Corlys
2026-08-05T13:13+00:00,0xb0c85813a7a4428f1139ff91d3118a92c391fe7f,113888.44793739577,828001.0894579999,-..-wen.doken-
2026-08-05T13:13+00:00,0x6c3aae17140c5e3cde62380daaa323e38575c459,100287.22713600044,0.0,AvrahamEisenberg - 10161
2026-08-05T13:13+00:00,0x3413c803c3a6efc8d963afbce2dcee48d3738ff2,95242.47234226108,1340171.256166,Dota2winner
2026-08-05T13:13+00:00,0x0224bb9eb0a5c9fd261ac9123a72cbdd5748292a,94378.22908909238,1176801.454014,zb8
2026-08-05T13:13+00:00,0x88c4919de76e526d55a32c1f8afb439dd1f1129a,94047.37616324965,359201.93888800003,QuietRiskisWrong
2026-08-05T13:13+00:00,0xfbd8c9c22ca76b3662d0e53a4f79719fdc684027,86471.45409213184,496468.22487700003,0xfBd8C9C22cA76B3662d0e53A4f79
2026-08-05T13:13+00:00,0x8546a601f7c7cc3dae7141f20b0e09e42bbf35b8,86354.28540745603,815611.5106820001,HVAB
2026-08-06T00:28+00:00,0x6d20c35f65d9899b6d6b74f8466e824580f9a165,860633.2454565894,12105772.53155,Djdjdjekekek
2026-08-06T00:28+00:00,0x204f72f35326db932158cba6adff0b9a1da95e14,435751.04799318314,15360565.629948018,swisstony
2026-08-06T00:28+00:00,0x2005d16a84ceefa912d4e380cd32e7ff827875ea,375196.50719967764,25721871.457542,RN1
2026-08-06T00:28+00:00,0xe30e74595517de48f1fb19f4553dd3d9f1e96b87,356746.83190320025,3472425.776314,0xE30E74595517de48f1FB19f4553d
2026-08-06T00:28+00:00,0x5268527977f700f9bf9b6d5cd843859e4e70135d,310873.9063907035,16111434.751671001,HomeRunHazard
2026-08-06T00:28+00:00,0x1b20a00709dfe648afd26b326394b5e031f83ab0,305329.13959513523,2253196.057872,0x1b20a00709DfE648AFd26b326394
2026-08-06T00:28+00:00,0x84cfffc3f16dcc353094de30d4a45226eccd2f63,249827.73551513458,1929688.989614,mooseborzoi
2026-08-06T00:28+00:00,0x43372356634781eea88d61bbdd7824cdce958882,244166.82293003995,243377.558305,Anjun
2026-08-06T00:28+00:00,0x13fa4ce1b8a27dd0b7a72db6205a50ee6ff0954c,239693.87456420905,1130722.0628580002,betterfasterstronger
2026-08-06T00:28+00:00,0xe1000ddb5f5025849765e29d051dfff78f5d4d41,239156.4179424158,891422.9127250001,TeGeeLP
2026-08-06T00:28+00:00,0x224a89dbe0db0d6124b335edabd15b3f877da3d5,239132.3572997353,7357382.250834,wr0ngw4yb3tt0r
2026-08-06T00:28+00:00,0xa71093cafc0c099b4ccab24c3cb8018d817923c4,220665.3832848561,2706203.5944100004,Talvez10
2026-08-06T00:28+00:00,0xc8075693f48668a264b9fa313b47f52712fcc12b,211803.7570947148,903582.38322,texaskid
2026-08-06T00:28+00:00,0x2a69660046d7acc4ab204d7cc5ba78b0776cd2f7,189808.40417356885,5062269.114639,UpTheBlues
2026-08-06T00:28+00:00,0xc84f7e76ec28ef20e7773b7b4926bfb7378be0c5,181831.3955381033,761838.7073589999,BrightStars
2026-08-06T00:28+00:00,0xba3802d41ad55704b518564e8a13a8346da1fb57,167451.5321364493,2082164.6717730002,matenghehe
2026-08-06T00:28+00:00,0xbaa2bcb5439e985ce4ccf815b4700027d1b92c73,165237.27504859597,1163535.4193910002,denizz
2026-08-06T00:28+00:00,0x79ae097215202b5d01f98e4479fb219102469a4a,152408.10249249038,1897316.4395410002,CORGI8
2026-08-06T00:28+00:00,0x16bb9951a36fce71e2ef57890b786145e0ba8492,147693.85681099998,1021216.835231,SDTrading
2026-08-06T00:28+00:00,0xe291a588ece487f3323736c55c6144f6a99e748e,146968.3779178387,1679939.363827,patient12
2026-08-06T00:28+00:00,0x9f2fe025f84839ca81dd8e0338892605702d2ca8,145865.16474795603,918540.631265,surfandturf
2026-08-06T00:28+00:00,0x7e5e420a5cde8a322f3b5b93a12a164827f47315,141876.7708364831,1140410.6418370001,StasPanda
2026-08-06T00:28+00:00,0xf201a19b43471261a3c1ba9247335d55270e527e,140514.88816898776,2580153.0282900003,0xF201A19b43471261A3c1Ba924733
2026-08-06T00:28+00:00,0xb0c85813a7a4428f1139ff91d3118a92c391fe7f,125629.42245567808,917120.8230039999,-..-wen.doken-
2026-08-06T00:28+00:00,0xd23f8c8aab13cfb2a35da40b67f8471faf9894a1,119415.91548803776,1107732.7258060004,Corlys
2026-08-06T00:28+00:00,0x86279a7e9e5c178aae89b7cc13b287f741ed5382,109053.13320131096,1008032.3896590001,elizabeth.ethcome
2026-08-06T00:28+00:00,0x9cb990f1862568a63d8601efeebe0304225c32f2,106471.15652868185,1325177.614593,jtwyslljy
2026-08-06T00:28+00:00,0x7542fa229f63a7bd8a9ca4584638004a39317a20,104035.9496414744,323529.900713,olivermoon1
2026-08-06T00:28+00:00,0x88c4919de76e526d55a32c1f8afb439dd1f1129a,103129.95363025111,389878.871507,QuietRiskisWrong
2026-08-06T00:28+00:00,0x6c3aae17140c5e3cde62380daaa323e38575c459,100287.22713600044,0.0,AvrahamEisenberg - 10161
2026-08-06T13:04+00:00,0x6d20c35f65d9899b6d6b74f8466e824580f9a165,855454.8796580728,12201390.780812,Djdjdjekekek
2026-08-06T13:04+00:00,0x204f72f35326db932158cba6adff0b9a1da95e14,443649.95213583484,16199274.952970017,swisstony
2026-08-06T13:04+00:00,0xe30e74595517de48f1fb19f4553dd3d9f1e96b87,386323.00853288325,3513925.8422419997,0xE30E74595517de48f1FB19f4553d
2026-08-06T13:04+00:00,0x5268527977f700f9bf9b6d5cd843859e4e70135d,369888.0820268488,17809975.406389996,HomeRunHazard
2026-08-06T13:04+00:00,0x2005d16a84ceefa912d4e380cd32e7ff827875ea,363320.62171697407,27457154.533055004,RN1
2026-08-06T13:04+00:00,0x1b20a00709dfe648afd26b326394b5e031f83ab0,305329.1395951995,2253196.057872,0x1b20a00709DfE648AFd26b326394
2026-08-06T13:04+00:00,0x13fa4ce1b8a27dd0b7a72db6205a50ee6ff0954c,274092.6469038039,1234923.9959019998,betterfasterstronger
2026-08-06T13:04+00:00,0xe1000ddb5f5025849765e29d051dfff78f5d4d41,254904.0337766831,970442.0442530002,TeGeeLP
2026-08-06T13:04+00:00,0x84cfffc3f16dcc353094de30d4a45226eccd2f63,246619.9246302666,1952138.6216730003,mooseborzoi
2026-08-06T13:04+00:00,0x43372356634781eea88d61bbdd7824cdce958882,243731.12788879668,320455.162539,Anjun
2026-08-06T13:04+00:00,0xa71093cafc0c099b4ccab24c3cb8018d817923c4,233089.46796638332,2824603.0702270004,Talvez10
2026-08-06T13:04+00:00,0xc8075693f48668a264b9fa313b47f52712fcc12b,216471.90836109465,903582.38322,texaskid
2026-08-06T13:04+00:00,0xc84f7e76ec28ef20e7773b7b4926bfb7378be0c5,199215.1838703045,778547.2188309999,BrightStars
2026-08-06T13:04+00:00,0x7e5e420a5cde8a322f3b5b93a12a164827f47315,181343.96367258398,1140735.284588,StasPanda
2026-08-06T13:04+00:00,0xba3802d41ad55704b518564e8a13a8346da1fb57,176289.89784872902,2394264.633153,matenghehe
2026-08-06T13:04+00:00,0xe291a588ece487f3323736c55c6144f6a99e748e,176226.85442246878,1866014.8300839995,patient12
2026-08-06T13:04+00:00,0x2a69660046d7acc4ab204d7cc5ba78b0776cd2f7,173478.37240474287,5896543.8136760015,UpTheBlues
2026-08-06T13:04+00:00,0xdb859a551fcf56e49416160911476bea7307152f,170854.81117915895,2545196.1186810005,AV23IUa
2026-08-06T13:04+00:00,0x4bff30af91642dc7d2b19a8664378fe55c45fc26,167463.36776779685,491209.21542799997,Sassy-Bucket
2026-08-06T13:04+00:00,0xbaa2bcb5439e985ce4ccf815b4700027d1b92c73,162560.6836300037,1246680.5025120003,denizz
2026-08-06T13:04+00:00,0x79ae097215202b5d01f98e4479fb219102469a4a,152408.1024924908,1897316.439541,CORGI8
2026-08-06T13:04+00:00,0x7ad71d79a3bb90d0a87a06500fa0fe11663842aa,150354.7006590146,1165663.008928,theowalcott
2026-08-06T13:04+00:00,0x9f2fe025f84839ca81dd8e0338892605702d2ca8,145335.16270019585,918540.631265,surfandturf
2026-08-06T13:04+00:00,0x86279a7e9e5c178aae89b7cc13b287f741ed5382,145161.42471165935,1129254.161034,elizabeth.ethcome
2026-08-06T13:04+00:00,0xf201a19b43471261a3c1ba9247335d55270e527e,138963.46920151147,2677876.213171,0xF201A19b43471261A3c1Ba924733
2026-08-06T13:04+00:00,0x16bb9951a36fce71e2ef57890b786145e0ba8492,129133.45581100017,1021216.835231,SDTrading
2026-08-06T13:04+00:00,0xb0c85813a7a4428f1139ff91d3118a92c391fe7f,127738.1061932013,983359.217578,-..-josh.wen.kyc-
2026-08-06T13:04+00:00,0x5a218c7ad04135830a45c41aaed7294df7809318,117147.74663500252,870239.549113,balthazar
2026-08-06T13:04+00:00,0xd23f8c8aab13cfb2a35da40b67f8471faf9894a1,114297.5125716494,1112433.3602850004,Corlys
2026-08-06T13:04+00:00,0x9cb990f1862568a63d8601efeebe0304225c32f2,111210.43917868317,1333176.614593,jtwyslljy
2026-08-07T01:44+00:00,0x6d20c35f65d9899b6d6b74f8466e824580f9a165,746655.0044254069,13840543.525203,Djdjdjekekek
2026-08-07T01:44+00:00,0x204f72f35326db932158cba6adff0b9a1da95e14,494554.5745550208,18729498.774338022,swisstony
2026-08-07T01:44+00:00,0x2005d16a84ceefa912d4e380cd32e7ff827875ea,451414.7834383433,30978532.260961,RN1
2026-08-07T01:44+00:00,0xf0318c32136c2db7fec88b84869aee6a1106c80c,410255.40426404495,1673450.672972,BreakTheBank
2026-08-07T01:44+00:00,0xe30e74595517de48f1fb19f4553dd3d9f1e96b87,381155.5585328833,3563925.8422419997,0xE30E74595517de48f1FB19f4553d
2026-08-07T01:44+00:00,0x5268527977f700f9bf9b6d5cd843859e4e70135d,358360.0947572044,19792089.466895,HomeRunHazard
2026-08-07T01:44+00:00,0x13fa4ce1b8a27dd0b7a72db6205a50ee6ff0954c,323602.8903310784,1332470.0602869997,betterfasterstronger
2026-08-07T01:44+00:00,0xa71093cafc0c099b4ccab24c3cb8018d817923c4,321100.641523598,3005333.481889,Talvez10
2026-08-07T01:44+00:00,0x1b20a00709dfe648afd26b326394b5e031f83ab0,305329.1395951995,2253196.057872,0x1b20a00709DfE648AFd26b326394
2026-08-07T01:44+00:00,0xe1000ddb5f5025849765e29d051dfff78f5d4d41,269872.54408654576,996640.666817,TeGeeLP
2026-08-07T01:44+00:00,0x43372356634781eea88d61bbdd7824cdce958882,246366.31454168796,374010.01419400005,Anjun
2026-08-07T01:44+00:00,0x84cfffc3f16dcc353094de30d4a45226eccd2f63,245942.64757328288,1962084.29587,mooseborzoi
2026-08-07T01:44+00:00,0xfe787d2da716d60e8acff57fb87eb13cd4d10319,243745.75656513957,64175841.63093999,ferrariChampions2026
2026-08-07T01:44+00:00,0xc8075693f48668a264b9fa313b47f52712fcc12b,238966.46474480946,1128200.446864,texaskid
2026-08-07T01:44+00:00,0x2c335066fe58fe9237c3d3dc7b275c2a034a0563,210710.90733106533,28404443.314101003,0x2c335066FE58fe9237c3d3Dc7b27
2026-08-07T01:44+00:00,0x4bff30af91642dc7d2b19a8664378fe55c45fc26,205725.73625041172,1133372.2088910001,Sassy-Bucket
2026-08-07T01:44+00:00,0x2a69660046d7acc4ab204d7cc5ba78b0776cd2f7,199506.53381585947,7153639.755683,UpTheBlues
2026-08-07T01:44+00:00,0x7e5e420a5cde8a322f3b5b93a12a164827f47315,190688.32376979396,1302711.483012,StasPanda
2026-08-07T01:44+00:00,0xdb859a551fcf56e49416160911476bea7307152f,179600.21915113102,2814350.5791059993,AV23IUa
2026-08-07T01:44+00:00,0xf201a19b43471261a3c1ba9247335d55270e527e,159852.44673765398,2716313.008777,0xF201A19b43471261A3c1Ba924733
2026-08-07T01:44+00:00,0x224a89dbe0db0d6124b335edabd15b3f877da3d5,153029.46500746394,8443662.184966002,wr0ngw4yb3tt0r
2026-08-07T01:44+00:00,0x5a218c7ad04135830a45c41aaed7294df7809318,148663.6093766652,954156.13956,balthazar
2026-08-07T01:44+00:00,0x9f2fe025f84839ca81dd8e0338892605702d2ca8,148341.57585092896,918540.631265,surfandturf
2026-08-07T01:44+00:00,0x79ae097215202b5d01f98e4479fb219102469a4a,147304.72044465083,1908713.819541,CORGI8
2026-08-07T01:44+00:00,0x16bb9951a36fce71e2ef57890b786145e0ba8492,145315.9960223601,1349478.145231,SDTrading
2026-08-07T01:44+00:00,0xb0c85813a7a4428f1139ff91d3118a92c391fe7f,145128.44642703858,1137763.5318829997,-..-josh.wen.reply-
2026-08-07T01:44+00:00,0xc84f7e76ec28ef20e7773b7b4926bfb7378be0c5,142208.75482450193,1024026.7847529999,BrightStars
2026-08-07T01:44+00:00,0x7ad71d79a3bb90d0a87a06500fa0fe11663842aa,139845.63992184793,1215660.2054909999,theowalcott
2026-08-07T01:44+00:00,0x03805a13a0b3e058f55f6c6af95389d4f431073d,135707.9241454936,1017327.4861940001,donthackme
2026-08-07T01:44+00:00,0xbaa2bcb5439e985ce4ccf815b4700027d1b92c73,124256.07244566998,1249311.9140490002,denizz
2026-08-07T12:00+00:00,0x204f72f35326db932158cba6adff0b9a1da95e14,500883.932093285,19133409.318963014,swisstony
2026-08-07T12:00+00:00,0x6d20c35f65d9899b6d6b74f8466e824580f9a165,469950.78613712196,14468689.742411003,Djdjdjekekek
2026-08-07T12:00+00:00,0x2005d16a84ceefa912d4e380cd32e7ff827875ea,460430.68594760005,31883383.903746,RN1
2026-08-07T12:00+00:00,0x5268527977f700f9bf9b6d5cd843859e4e70135d,450447.04354870855,20539302.691859,HomeRunHazard
2026-08-07T12:00+00:00,0xe30e74595517de48f1fb19f4553dd3d9f1e96b87,397405.55853288324,3563925.8422419997,0xE30E74595517de48f1FB19f4553d
2026-08-07T12:00+00:00,0x2c335066fe58fe9237c3d3dc7b275c2a034a0563,377072.4134777012,28924946.235683,0x2c335066FE58fe9237c3d3Dc7b27
2026-08-07T12:00+00:00,0xfe787d2da716d60e8acff57fb87eb13cd4d10319,360479.7365601917,65435930.46527699,ferrariChampions2026
2026-08-07T12:00+00:00,0x13fa4ce1b8a27dd0b7a72db6205a50ee6ff0954c,351887.0669224697,1559377.357498,betterfasterstronger
2026-08-07T12:00+00:00,0xf0318c32136c2db7fec88b84869aee6a1106c80c,325483.1971755419,1674255.0557290001,BreakTheBank
2026-08-07T12:00+00:00,0xa71093cafc0c099b4ccab24c3cb8018d817923c4,318834.2223862426,3006245.191889,Talvez10
2026-08-07T12:00+00:00,0x1b20a00709dfe648afd26b326394b5e031f83ab0,305329.1395951995,2253196.057872,0x1b20a00709DfE648AFd26b326394
2026-08-07T12:00+00:00,0xe1000ddb5f5025849765e29d051dfff78f5d4d41,252919.89427589357,1158758.3159059999,TeGeeLP
2026-08-07T12:00+00:00,0xc8075693f48668a264b9fa313b47f52712fcc12b,249274.1448694547,1128200.446864,texaskid
2026-08-07T12:00+00:00,0x43372356634781eea88d61bbdd7824cdce958882,246240.30491041305,375310.864879,Anjun
2026-08-07T12:00+00:00,0x84cfffc3f16dcc353094de30d4a45226eccd2f63,242686.31010395847,2066986.565929,mooseborzoi
2026-08-07T12:00+00:00,0x2a69660046d7acc4ab204d7cc5ba78b0776cd2f7,199253.01936496102,7286927.872512001,UpTheBlues
2026-08-07T12:00+00:00,0x7e5e420a5cde8a322f3b5b93a12a164827f47315,196311.69103158027,1407369.7848110003,StasPanda
2026-08-07T12:00+00:00,0x5a218c7ad04135830a45c41aaed7294df7809318,159410.8467576938,1038105.4506750001,balthazar
2026-08-07T12:00+00:00,0xdb859a551fcf56e49416160911476bea7307152f,159375.4069770615,2950311.818437,AV23IUa
2026-08-07T12:00+00:00,0x16bb9951a36fce71e2ef57890b786145e0ba8492,155120.6581716002,1349478.145231,SDTrading
2026-08-07T12:00+00:00,0x9f2fe025f84839ca81dd8e0338892605702d2ca8,148272.64556170773,918540.631265,surfandturf
2026-08-07T12:00+00:00,0xb0c85813a7a4428f1139ff91d3118a92c391fe7f,148143.39726129986,1249637.091287,-..-2Ox.c0mbo-
2026-08-07T12:00+00:00,0x79ae097215202b5d01f98e4479fb219102469a4a,147304.72044465083,1908713.819541,CORGI8
2026-08-07T12:00+00:00,0xf201a19b43471261a3c1ba9247335d55270e527e,145582.81972463476,3312455.2458260003,0xF201A19b43471261A3c1Ba924733
2026-08-07T12:00+00:00,0xc84f7e76ec28ef20e7773b7b4926bfb7378be0c5,144199.93171954667,1035787.5170459999,BrightStars
2026-08-07T12:00+00:00,0x224a89dbe0db0d6124b335edabd15b3f877da3d5,142588.59582527913,8526910.891963001,wr0ngw4yb3tt0r
2026-08-07T12:00+00:00,0x03805a13a0b3e058f55f6c6af95389d4f431073d,137700.84553322388,1089908.234017,donthackme
2026-08-07T12:00+00:00,0x7ad71d79a3bb90d0a87a06500fa0fe11663842aa,130096.18659206296,1215660.2054909999,theowalcott
2026-08-07T12:00+00:00,0x0224bb9eb0a5c9fd261ac9123a72cbdd5748292a,123014.0061161436,1807791.8346959997,zb8
2026-08-07T12:00+00:00,0xbaa2bcb5439e985ce4ccf815b4700027d1b92c73,122468.65770852233,1250705.0340490001,denizz
2026-08-07T23:51+00:00,0x6d20c35f65d9899b6d6b74f8466e824580f9a165,921465.5308389906,17102283.070988,Djdjdjekekek
2026-08-07T23:51+00:00,0x2005d16a84ceefa912d4e380cd32e7ff827875ea,494865.58382377063,34566467.954297,RN1
2026-08-07T23:51+00:00,0xfe787d2da716d60e8acff57fb87eb13cd4d10319,478743.33994290006,69599706.980941,ferrariChampions2026
2026-08-07T23:51+00:00,0x5268527977f700f9bf9b6d5cd843859e4e70135d,478205.00541469455,21866914.965170003,HomeRunHazard
2026-08-07T23:51+00:00,0x204f72f35326db932158cba6adff0b9a1da95e14,464826.8196500242,21188609.561216023,swisstony
2026-08-07T23:51+00:00,0xe30e74595517de48f1fb19f4553dd3d9f1e96b87,397405.55853288324,3563925.8422419997,0xE30E74595517de48f1FB19f4553d
2026-08-07T23:51+00:00,0x13fa4ce1b8a27dd0b7a72db6205a50ee6ff0954c,367502.9021592421,1678182.3115879998,betterfasterstronger
2026-08-07T23:51+00:00,0xf0318c32136c2db7fec88b84869aee6a1106c80c,325531.2589750476,1674441.1057290002,BreakTheBank
2026-08-07T23:51+00:00,0xa71093cafc0c099b4ccab24c3cb8018d817923c4,320098.0184245596,3030891.309717,Talvez10
2026-08-07T23:51+00:00,0x1b20a00709dfe648afd26b326394b5e031f83ab0,305329.1395951995,2253196.057872,0x1b20a00709DfE648AFd26b326394
2026-08-07T23:51+00:00,0xe1000ddb5f5025849765e29d051dfff78f5d4d41,282814.1498988074,1201033.5531000001,TeGeeLP
2026-08-07T23:51+00:00,0xc8075693f48668a264b9fa313b47f52712fcc12b,249999.52437291967,1502793.435793,texaskid
2026-08-07T23:51+00:00,0x84cfffc3f16dcc353094de30d4a45226eccd2f63,243665.48827381327,2266056.968560001,mooseborzoi
2026-08-07T23:51+00:00,0xdb859a551fcf56e49416160911476bea7307152f,243113.7340195095,3393465.8126300005,AV23IUa
2026-08-07T23:51+00:00,0x43372356634781eea88d61bbdd7824cdce958882,238922.27866076742,493434.22488900006,Anjun
2026-08-07T23:51+00:00,0x2a69660046d7acc4ab204d7cc5ba78b0776cd2f7,223749.44289471884,8454355.944840003,UpTheBlues
2026-08-07T23:51+00:00,0x5a218c7ad04135830a45c41aaed7294df7809318,190614.46164995377,1100343.8196280003,balthazar
2026-08-07T23:51+00:00,0xb0c85813a7a4428f1139ff91d3118a92c391fe7f,159224.9238790908,1352722.2879399997,-..-2Ox.c0mbo-
2026-08-07T23:51+00:00,0xf201a19b43471261a3c1ba9247335d55270e527e,158739.3757125014,4253696.813225,0xF201A19b43471261A3c1Ba924733
2026-08-07T23:51+00:00,0x16bb9951a36fce71e2ef57890b786145e0ba8492,154002.17579407015,1558893.9352310002,SDTrading
2026-08-07T23:51+00:00,0x79ae097215202b5d01f98e4479fb219102469a4a,149404.72044465083,1922713.819541,CORGI8
2026-08-07T23:51+00:00,0x9f2fe025f84839ca81dd8e0338892605702d2ca8,148132.64495862887,918540.631265,surfandturf
2026-08-07T23:51+00:00,0x03805a13a0b3e058f55f6c6af95389d4f431073d,147675.70837225913,1157347.8185820002,donthackme
2026-08-07T23:51+00:00,0x1465b79bff7992bc703e1aafb3683b1089647072,143653.47956271388,100004.57001899999,JnStTrdrBnusFnd
2026-08-07T23:51+00:00,0x224a89dbe0db0d6124b335edabd15b3f877da3d5,142417.33313217293,8792024.323157001,wr0ngw4yb3tt0r
2026-08-07T23:51+00:00,0x9cb990f1862568a63d8601efeebe0304225c32f2,140980.25013013353,1600601.4093509999,jtwyslljy
2026-08-07T23:51+00:00,0x7e5e420a5cde8a322f3b5b93a12a164827f47315,140529.50931432005,1651219.669391,StasPanda
2026-08-07T23:51+00:00,0xc84f7e76ec28ef20e7773b7b4926bfb7378be0c5,135895.21227628877,1075133.330292,BrightStars
2026-08-07T23:51+00:00,0xdaef2be2a19ad331737d06545f85615b094554e9,130578.53909519063,810004.819586,PEYZ-BIGGEST-FAN
2026-08-07T23:51+00:00,0xc65ca4755436f82d8eb461e65781584b8cadea39,130453.44071537975,510927.16367599997,greyoctober
2026-08-08T11:47+00:00,0x6d20c35f65d9899b6d6b74f8466e824580f9a165,825144.3731267379,17424467.054238997,Djdjdjekekek
2026-08-08T11:47+00:00,0x5268527977f700f9bf9b6d5cd843859e4e70135d,594417.2560170626,23661097.444295,HomeRunHazard
2026-08-08T11:47+00:00,0xfe787d2da716d60e8acff57fb87eb13cd4d10319,519312.04276160034,72990039.29192199,ferrariChampions2026
2026-08-08T11:47+00:00,0x2005d16a84ceefa912d4e380cd32e7ff827875ea,497611.3213648362,36462915.076309994,RN1
2026-08-08T11:47+00:00,0x204f72f35326db932158cba6adff0b9a1da95e14,432850.33865632117,22677200.18324402,swisstony
2026-08-08T11:47+00:00,0xe30e74595517de48f1fb19f4553dd3d9f1e96b87,397405.55853288335,3563925.8422419997,0xE30E74595517de48f1FB19f4553d
2026-08-08T11:47+00:00,0xf0318c32136c2db7fec88b84869aee6a1106c80c,360223.48400646634,1719046.7647600002,BreakTheBank
2026-08-08T11:47+00:00,0x13fa4ce1b8a27dd0b7a72db6205a50ee6ff0954c,325348.7497978149,1733046.7881619998,betterfasterstronger
2026-08-08T11:47+00:00,0xa71093cafc0c099b4ccab24c3cb8018d817923c4,310960.0835114792,3031421.579447,Talvez10
2026-08-08T11:47+00:00,0x1b20a00709dfe648afd26b326394b5e031f83ab0,305329.1395951995,2253196.057872,0x1b20a00709DfE648AFd26b326394
2026-08-08T11:47+00:00,0x224a89dbe0db0d6124b335edabd15b3f877da3d5,296436.72473591845,8999411.458357,wr0ngw4yb3tt0r
2026-08-08T11:47+00:00,0xdb859a551fcf56e49416160911476bea7307152f,276374.48668683943,3411376.8563820003,AV23IUa
2026-08-08T11:47+00:00,0xe1000ddb5f5025849765e29d051dfff78f5d4d41,272640.01324688626,1230977.9843080002,TeGeeLP
2026-08-08T11:47+00:00,0xc8075693f48668a264b9fa313b47f52712fcc12b,243050.5774821949,1683686.780878,texaskid
2026-08-08T11:47+00:00,0x43372356634781eea88d61bbdd7824cdce958882,237215.9506916395,567815.2570050001,Anjun
2026-08-08T11:47+00:00,0x16bb9951a36fce71e2ef57890b786145e0ba8492,203684.89664359967,1595285.9552309997,SDTrading
2026-08-08T11:47+00:00,0x2a69660046d7acc4ab204d7cc5ba78b0776cd2f7,194538.19834822786,9374668.569182003,UpTheBlues
2026-08-08T11:47+00:00,0x43cab54b56aba79c29c1ba14b889e7de5532c219,176647.42863136966,516326.212178,Bulls94
2026-08-08T11:47+00:00,0x7e5e420a5cde8a322f3b5b93a12a164827f47315,169910.79030713387,1784308.7971279998,StasPanda
2026-08-08T11:47+00:00,0x79ae097215202b5d01f98e4479fb219102469a4a,149404.7204446508,1922713.8195409998,CORGI8
2026-08-08T11:47+00:00,0x9f2fe025f84839ca81dd8e0338892605702d2ca8,148097.3398806132,918540.631265,surfandturf
2026-08-08T11:47+00:00,0xbca08c1bc204a34f2fddbe47b438b9bd42ac9705,144122.81176953978,2837442.263580001,1winstreak1
2026-08-08T11:47+00:00,0xf201a19b43471261a3c1ba9247335d55270e527e,142937.66936470964,4550006.910775999,0xF201A19b43471261A3c1Ba924733
2026-08-08T11:47+00:00,0x1465b79bff7992bc703e1aafb3683b1089647072,138739.5163099697,100756.98082699999,JnStTrdrBnusFnd
2026-08-08T11:47+00:00,0x9cb990f1862568a63d8601efeebe0304225c32f2,134565.44850011906,1640941.267625,jtwyslljy
2026-08-08T11:47+00:00,0xa7590cd0d4a5620fe4651dc0e6569817e6b31119,133652.03186154607,1610081.596391,ThornyDevil
2026-08-08T11:47+00:00,0xc65ca4755436f82d8eb461e65781584b8cadea39,133526.7675343093,518931.787867,greyoctober
2026-08-08T11:47+00:00,0x3954e1c6b7bc5645d9d3425a6f4490889ef122d9,131911.49763981558,1064346.775922,Spicer
2026-08-08T11:47+00:00,0xc84f7e76ec28ef20e7773b7b4926bfb7378be0c5,131656.52693987044,1229045.0545340003,BrightStars
2026-08-08T11:47+00:00,0x84cfffc3f16dcc353094de30d4a45226eccd2f63,130189.44270372945,2301185.115225,mooseborzoi
2026-08-08T23:48+00:00,0x6d20c35f65d9899b6d6b74f8466e824580f9a165,1003932.0550804825,18326855.051419,Djdjdjekekek
2026-08-08T23:48+00:00,0xfe787d2da716d60e8acff57fb87eb13cd4d10319,554828.6147867701,78129862.16266999,ferrariChampions2026
2026-08-08T23:48+00:00,0x204f72f35326db932158cba6adff0b9a1da95e14,507718.5153611824,26511390.09619101,swisstony
2026-08-08T23:48+00:00,0x5268527977f700f9bf9b6d5cd843859e4e70135d,479996.266378094,25681444.998209,HomeRunHazard
2026-08-08T23:48+00:00,0x2005d16a84ceefa912d4e380cd32e7ff827875ea,429967.4173503512,39740860.320308,RN1
2026-08-08T23:48+00:00,0xe30e74595517de48f1fb19f4553dd3d9f1e96b87,397405.55853288335,3563925.8422419997,0xE30E74595517de48f1FB19f4553d
2026-08-08T23:48+00:00,0xf0318c32136c2db7fec88b84869aee6a1106c80c,366929.8445574064,1766424.1044200002,BreakTheBank
2026-08-08T23:48+00:00,0x13fa4ce1b8a27dd0b7a72db6205a50ee6ff0954c,334553.60647637805,1759538.794348,betterfasterstronger
2026-08-08T23:48+00:00,0xdb859a551fcf56e49416160911476bea7307152f,330696.747196646,3680313.290937,AV23IUa
2026-08-08T23:48+00:00,0xa71093cafc0c099b4ccab24c3cb8018d817923c4,310150.1362107077,3649272.6412170003,Talvez10
2026-08-08T23:48+00:00,0x1b20a00709dfe648afd26b326394b5e031f83ab0,305329.1395951995,2253196.057872,0x1b20a00709DfE648AFd26b326394
2026-08-08T23:48+00:00,0x16bb9951a36fce71e2ef57890b786145e0ba8492,300778.8513700797,1948390.4652309997,SDTrading
2026-08-08T23:48+00:00,0xe1000ddb5f5025849765e29d051dfff78f5d4d41,275675.6844375803,1292602.2413380002,TeGeeLP
2026-08-08T23:48+00:00,0x43372356634781eea88d61bbdd7824cdce958882,262611.3882644173,651694.075345,Anjun
2026-08-08T23:48+00:00,0xc8075693f48668a264b9fa313b47f52712fcc12b,256825.76736761557,2034277.8712340002,texaskid
2026-08-08T23:48+00:00,0x224a89dbe0db0d6124b335edabd15b3f877da3d5,237427.52660739468,9737822.622513002,wr0ngw4yb3tt0r
2026-08-08T23:48+00:00,0x2a69660046d7acc4ab204d7cc5ba78b0776cd2f7,228708.3591253127,10468262.757524004,UpTheBlues
2026-08-08T23:48+00:00,0x9cb990f1862568a63d8601efeebe0304225c32f2,215403.52805818745,1939173.258874,jtwyslljy
2026-08-08T23:48+00:00,0x67273092baf2e83c1ea6292e52981dbbbbb85b6d,204551.67139277598,1125283.441426,oneAce
2026-08-08T23:48+00:00,0x43cab54b56aba79c29c1ba14b889e7de5532c219,176827.42012078463,552324.510061,Bulls94
2026-08-08T23:48+00:00,0xf201a19b43471261a3c1ba9247335d55270e527e,167391.3351893975,5177581.037584,0xF201A19b43471261A3c1Ba924733
2026-08-08T23:48+00:00,0x7e5e420a5cde8a322f3b5b93a12a164827f47315,163880.01184365345,2091797.3288319998,StasPanda
2026-08-08T23:48+00:00,0x79ae097215202b5d01f98e4479fb219102469a4a,156132.81568319094,1950215.1257459999,CORGI8
2026-08-08T23:48+00:00,0x9f2fe025f84839ca81dd8e0338892605702d2ca8,153917.389622576,958810.631265,surfandturf
2026-08-08T23:48+00:00,0x6ac5bb06a9eb05641fd5e82640268b92f3ab4b6e,153116.75547519198,1738339.339925,Lakersfan111
2026-08-08T23:48+00:00,0xbca08c1bc204a34f2fddbe47b438b9bd42ac9705,149187.41936963482,2932490.3243000004,1winstreak1
2026-08-08T23:48+00:00,0x4bff30af91642dc7d2b19a8664378fe55c45fc26,143125.6662084423,2775439.8160129995,Sassy-Bucket
2026-08-08T23:48+00:00,0xd202bf6d89dc6bab1b9f00ead175f75466348973,143086.19434264174,1221713.1945930002,meoooow
2026-08-08T23:48+00:00,0xc65ca4755436f82d8eb461e65781584b8cadea39,137531.10197424956,518931.7878670001,greyoctober
2026-08-08T23:48+00:00,0x1465b79bff7992bc703e1aafb3683b1089647072,135736.14193782822,120220.61433899999,JnStTrdrBnusFnd
2026-08-09T11:48+00:00,0x6d20c35f65d9899b6d6b74f8466e824580f9a165,1062338.7948290112,18379107.574906997,Djdjdjekekek
2026-08-09T11:48+00:00,0xfe787d2da716d60e8acff57fb87eb13cd4d10319,531066.9518678974,81226895.995777,ferrariChampions2026
2026-08-09T11:48+00:00,0x204f72f35326db932158cba6adff0b9a1da95e14,517683.08219377324,27806710.43226602,swisstony
2026-08-09T11:48+00:00,0x2005d16a84ceefa912d4e380cd32e7ff827875ea,463663.1706270302,41095686.256593995,RN1
2026-08-09T11:48+00:00,0x5268527977f700f9bf9b6d5cd843859e4e70135d,432200.9026775805,27627529.106885,HomeRunHazard
2026-08-09T11:48+00:00,0x16bb9951a36fce71e2ef57890b786145e0ba8492,402825.7078885994,1984006.741187,SDTrading
2026-08-09T11:48+00:00,0xe30e74595517de48f1fb19f4553dd3d9f1e96b87,397405.55853288335,3563925.8422419997,0xE30E74595517de48f1FB19f4553d
2026-08-09T11:48+00:00,0xf0318c32136c2db7fec88b84869aee6a1106c80c,387061.8098037569,1794220.7015610002,BreakTheBank
2026-08-09T11:48+00:00,0xdb859a551fcf56e49416160911476bea7307152f,384962.34498482256,3811775.605819,AV23IUa
2026-08-09T11:48+00:00,0x13fa4ce1b8a27dd0b7a72db6205a50ee6ff0954c,345279.32916106214,1801544.716864,betterfasterstronger
2026-08-09T11:48+00:00,0x1b20a00709dfe648afd26b326394b5e031f83ab0,305329.1395951995,2253196.057872,0x1b20a00709DfE648AFd26b326394
2026-08-09T11:48+00:00,0x4bff30af91642dc7d2b19a8664378fe55c45fc26,303272.7149135256,3129630.460758,Sassy-Bucket
2026-08-09T11:48+00:00,0x224a89dbe0db0d6124b335edabd15b3f877da3d5,286854.0807920289,9982741.267344002,wr0ngw4yb3tt0r
2026-08-09T11:48+00:00,0xe1000ddb5f5025849765e29d051dfff78f5d4d41,264216.7508707505,1331655.916338,TeGeeLP
2026-08-09T11:48+00:00,0x43372356634781eea88d61bbdd7824cdce958882,260693.4146905489,705374.5928160002,Anjun
2026-08-09T11:48+00:00,0x2a69660046d7acc4ab204d7cc5ba78b0776cd2f7,225523.74674879733,11532390.469140003,UpTheBlues
2026-08-09T11:48+00:00,0x67273092baf2e83c1ea6292e52981dbbbbb85b6d,204372.15784567603,1126288.931426,oneAce
2026-08-09T11:48+00:00,0x684baa57c338c2549aec0aa3f034f695d72a8409,203400.68621496734,2086878.714961,monkeymashingkeyboard
2026-08-09T11:48+00:00,0x9cb990f1862568a63d8601efeebe0304225c32f2,202221.0228856014,1941173.2588739998,jtwyslljy
2026-08-09T11:48+00:00,0x9f2fe025f84839ca81dd8e0338892605702d2ca8,197244.8513462927,1151083.604592,surfandturf
2026-08-09T11:48+00:00,0x43cab54b56aba79c29c1ba14b889e7de5532c219,196892.51192136965,553237.993265,Bulls94
2026-08-09T11:48+00:00,0x7e5e420a5cde8a322f3b5b93a12a164827f47315,171223.55452839765,2177188.237717,StasPanda
2026-08-09T11:48+00:00,0xbca08c1bc204a34f2fddbe47b438b9bd42ac9705,155026.72749420314,3279990.823446,1winstreak1
2026-08-09T11:48+00:00,0x79ae097215202b5d01f98e4479fb219102469a4a,142302.08319415094,1994710.6641199999,CORGI8
2026-08-09T11:48+00:00,0xc65ca4755436f82d8eb461e65781584b8cadea39,139939.35300209158,596254.7226310001,greyoctober
2026-08-09T11:48+00:00,0x03805a13a0b3e058f55f6c6af95389d4f431073d,139016.12479419718,1349750.141992,donthackme
2026-08-09T11:48+00:00,0xd202bf6d89dc6bab1b9f00ead175f75466348973,131990.3954495116,1250174.177533,meoooow
2026-08-09T11:48+00:00,0xb0c85813a7a4428f1139ff91d3118a92c391fe7f,131734.5387921275,1649882.557542,javier.mileilionaire-
2026-08-09T11:48+00:00,0xfbd8c9c22ca76b3662d0e53a4f79719fdc684027,130516.45643571379,777071.950283,0xfBd8C9C22cA76B3662d0e53A4f79
2026-08-09T11:48+00:00,0x7ad71d79a3bb90d0a87a06500fa0fe11663842aa,130096.18659206296,1215660.2054909999,theowalcott
