ts,wallet,title,outcome,size,avgPrice,curPrice
2026-07-23T11:42+00:00,0x204f72f35326db932158cba6adff0b9a1da95e14,Hamburg European Open: Oleksandra Oliynykova vs Leyre Romero,Leyre Romero Gormaz,42461.339,0.2441,0.385
2026-07-23T11:42+00:00,0x204f72f35326db932158cba6adff0b9a1da95e14,Will Cruzeiro EC win on 2026-07-22?,Yes,6469.9952,0.8899,0.9995
2026-07-23T11:42+00:00,0x204f72f35326db932158cba6adff0b9a1da95e14,Segovia: Alejandro Moro Canas vs Ivan Marrero,Alejandro Moro Canas,6802.8231,0.8711,0.9
2026-07-23T11:42+00:00,0x204f72f35326db932158cba6adff0b9a1da95e14,Spread: EC Vitória (-2.5),Botafogo FR,4554.7806,0.9808,0.9895
2026-07-23T11:42+00:00,0x204f72f35326db932158cba6adff0b9a1da95e14,Spread: St. Louis Cardinals (-1.5),St. Louis Cardinals,9070.0256,0.3894,0.365
2026-07-23T11:42+00:00,0x204f72f35326db932158cba6adff0b9a1da95e14,Exact Score: Chicago Fire FC 0 - 2 Vancouver Whitecaps FC?,No,3761.8945,0.95,0.75
2026-07-23T11:42+00:00,0x204f72f35326db932158cba6adff0b9a1da95e14,Arizona Diamondbacks vs. St. Louis Cardinals: O/U 9.5,Under,3368.3495,0.5635,0.655
2026-07-23T11:42+00:00,0x204f72f35326db932158cba6adff0b9a1da95e14,Segovia: Yanki Erel vs Dominik Palan,Dominik Palan,3624.2706,0.6883,0.5649
2026-07-23T11:42+00:00,0x204f72f35326db932158cba6adff0b9a1da95e14,Tampere: Sascha Gueymard-Wayenburg vs Igor Ribeiro Marcondes,Sascha Gueymard-Wayenburg,3304.8391,0.6875,0.59
2026-07-23T11:42+00:00,0x204f72f35326db932158cba6adff0b9a1da95e14,Will Vancouver Whitecaps FC win on 2026-07-16?,Yes,6361.3527,0.3858,0.3
2026-07-23T11:42+00:00,0x204f72f35326db932158cba6adff0b9a1da95e14,Exact Score: Chicago Fire FC 1 - 2 Vancouver Whitecaps FC?,No,1982.2736,0.9087,0.8985
2026-07-23T11:42+00:00,0x204f72f35326db932158cba6adff0b9a1da95e14,Tampa Bay Rays vs. Toronto Blue Jays,Tampa Bay Rays,3583.1447,0.4322,0.495
2026-07-23T11:42+00:00,0x204f72f35326db932158cba6adff0b9a1da95e14,Estoril Open: Andrey Rublev vs Timofey Skatov,Andrey Rublev,1758.5125,0.88,0.915
2026-07-23T11:42+00:00,0x204f72f35326db932158cba6adff0b9a1da95e14,Atlanta Braves vs. Chicago White Sox: O/U 5.5,Over,1709.0,0.78,0.725
2026-07-23T11:42+00:00,0x204f72f35326db932158cba6adff0b9a1da95e14,Spread: Cleveland Guardians (-1.5),Cleveland Guardians,2855.0606,0.3426,0.425
2026-07-23T11:42+00:00,0x204f72f35326db932158cba6adff0b9a1da95e14,Hamburg European Open: Oleksandra Oliynykova vs Leyre Romero,Oleksandra Oliynykova,1790.7478,0.6496,0.615
2026-07-23T11:42+00:00,0x204f72f35326db932158cba6adff0b9a1da95e14,Exact Score: Chicago Fire FC 3 - 3 Vancouver Whitecaps FC?,No,961.581,0.9739,0.965
2026-07-23T11:42+00:00,0x204f72f35326db932158cba6adff0b9a1da95e14,Exact Score: Chicago Fire FC 3 - 2 Vancouver Whitecaps FC?,No,1228.8322,0.9583,0.75
2026-07-23T11:42+00:00,0x204f72f35326db932158cba6adff0b9a1da95e14,Tampere: Sascha Gueymard-Wayenburg vs Igor Ribeiro Marcondes,Igor Ribeiro Marcondes,2075.2487,0.3661,0.41
2026-07-23T11:42+00:00,0x204f72f35326db932158cba6adff0b9a1da95e14,Detroit Tigers vs. Cleveland Guardians: O/U 4.5,Over,970.0,0.81,0.836
2026-07-23T11:42+00:00,0x204f72f35326db932158cba6adff0b9a1da95e14,Spread: RSC Anderlecht (-1.5),Hammarby Fotboll,787.4732,0.9153,0.915
2026-07-23T11:42+00:00,0x204f72f35326db932158cba6adff0b9a1da95e14,Segovia: Yanki Erel vs Dominik Palan,Yanki Erel,1656.3153,0.1822,0.435
2026-07-23T11:42+00:00,0x204f72f35326db932158cba6adff0b9a1da95e14,Zug: Harold Mayot vs Mika Brunold,Mika Brunold,1474.0997,0.4528,0.445
2026-07-23T11:42+00:00,0x204f72f35326db932158cba6adff0b9a1da95e14,Livesport Prague Open: Maria Timofeeva vs Sara Bejlek,Sara Bejlek,1077.64,0.5928,0.5715
2026-07-23T11:42+00:00,0x204f72f35326db932158cba6adff0b9a1da95e14,KBO: Hanwha Eagles vs. LG Twins,LG Twins,777.1246,0.507,0.7805
2026-07-23T11:42+00:00,0x204f72f35326db932158cba6adff0b9a1da95e14,Livesport Prague Open: Nikola Bartunkova vs Lanlana Tararude,Lanlana Tararudee,13915.2636,0.5028,0.042
2026-07-23T11:42+00:00,0x204f72f35326db932158cba6adff0b9a1da95e14,Segovia: Alejandro Moro Canas vs Ivan Marrero,Ivan Marrero,5566.9414,0.2002,0.1
2026-07-23T11:42+00:00,0x204f72f35326db932158cba6adff0b9a1da95e14,Exact Score: Chicago Fire FC 0 - 0 Vancouver Whitecaps FC?,No,733.6003,0.9609,0.7544
2026-07-23T11:42+00:00,0x204f72f35326db932158cba6adff0b9a1da95e14,Chicago Fire FC vs. Vancouver Whitecaps FC: O/U 2.5,Under,905.9905,0.3399,0.58
2026-07-23T11:42+00:00,0x204f72f35326db932158cba6adff0b9a1da95e14,Exact Score: Chicago Fire FC 1 - 1 Vancouver Whitecaps FC?,No,656.25,0.88,0.795
2026-07-23T11:42+00:00,0x204f72f35326db932158cba6adff0b9a1da95e14,Exact Score: Chicago Fire FC 0 - 3 Vancouver Whitecaps FC?,No,648.7009,0.9699,0.7534
2026-07-23T11:42+00:00,0x204f72f35326db932158cba6adff0b9a1da95e14,Vasteraas SK vs. Orgryte IS: Both Teams to Score,Yes,828.9623,0.5699,0.585
2026-07-23T11:42+00:00,0x204f72f35326db932158cba6adff0b9a1da95e14,Exact Score: Chicago Fire FC 1 - 3 Vancouver Whitecaps FC?,No,645.7179,0.9467,0.7495
2026-07-23T11:42+00:00,0x204f72f35326db932158cba6adff0b9a1da95e14,Shanghai Haigang FC vs. Dalian Yingbo FC: O/U 1.5,Over,664.8192,0.8281,0.715
2026-07-23T11:42+00:00,0x204f72f35326db932158cba6adff0b9a1da95e14,Exact Score: Chicago Fire FC 2 - 2 Vancouver Whitecaps FC?,No,627.0,0.91,0.71
2026-07-23T11:42+00:00,0x204f72f35326db932158cba6adff0b9a1da95e14,Livesport Prague Open: Mai Hontama vs Lilli Tagger,Lilli Tagger,650.0,0.703,0.6845
2026-07-23T11:42+00:00,0x204f72f35326db932158cba6adff0b9a1da95e14,Spread: St. Louis Cardinals (-1.5),Arizona Diamondbacks,692.1059,0.6267,0.635
2026-07-23T11:42+00:00,0x204f72f35326db932158cba6adff0b9a1da95e14,KBO: KT Wiz vs. Samsung Lions,KT Wiz,717.9316,0.53,0.5985
2026-07-23T11:42+00:00,0x204f72f35326db932158cba6adff0b9a1da95e14,Toronto Blue Jays vs. Chicago Cubs: O/U 4.5,Over,510.0,0.7681,0.82
2026-07-23T11:42+00:00,0x204f72f35326db932158cba6adff0b9a1da95e14,Detroit Tigers vs. Cleveland Guardians: O/U 10.5,Under,565.0128,0.775,0.74
2026-07-23T11:42+00:00,0x204f72f35326db932158cba6adff0b9a1da95e14,Will Vancouver Whitecaps FC win on 2026-07-16?,No,528.1,0.5848,0.7
2026-07-23T11:42+00:00,0x204f72f35326db932158cba6adff0b9a1da95e14,Spread: CA San Lorenzo de Almagro (-2.5),CA Lanús,370.6389,0.977,0.98
2026-07-23T11:42+00:00,0x204f72f35326db932158cba6adff0b9a1da95e14,Shanghai Haigang FC vs. Dalian Yingbo FC: Dalian Yingbo FC O,Over,881.7223,0.7397,0.4
2026-07-23T11:42+00:00,0x204f72f35326db932158cba6adff0b9a1da95e14,Chicago Fire FC vs. Vancouver Whitecaps FC: O/U 2.5,Over,800.2572,0.6595,0.42
2026-07-23T11:42+00:00,0x204f72f35326db932158cba6adff0b9a1da95e14,ITF Amstetten: Julia Grabher vs Iva Primorac,Julia Grabher,327.0374,0.8468,0.9995
2026-07-23T11:42+00:00,0x204f72f35326db932158cba6adff0b9a1da95e14,KBO: NC Dinos vs. Kia Tigers,Kia Tigers,400.0,0.4841,0.7945
2026-07-23T11:42+00:00,0x204f72f35326db932158cba6adff0b9a1da95e14,Wuhan San Zhen FC vs. Henan FC: O/U 4.5,Under,423.6547,0.8399,0.75
2026-07-23T11:42+00:00,0x204f72f35326db932158cba6adff0b9a1da95e14,Chicago Fire FC vs. Vancouver Whitecaps FC: Both Teams to Sc,No,1030.0,0.32,0.305
2026-07-23T11:42+00:00,0x204f72f35326db932158cba6adff0b9a1da95e14,Vasteraas SK vs. Orgryte IS: Both Teams to Score,No,743.3144,0.4108,0.415
2026-07-23T11:42+00:00,0x204f72f35326db932158cba6adff0b9a1da95e14,Arizona Diamondbacks vs. St. Louis Cardinals: O/U 8.5,Under,530.2205,0.5181,0.56
2026-07-23T11:42+00:00,0x09b428f7c2b469786286214aa5c90dd9015f7320,Lionel Messi: 1+ goals,Yes,440000.0,0.5148,0.0
2026-07-23T11:42+00:00,0x09b428f7c2b469786286214aa5c90dd9015f7320,Will England win on 2026-07-11?,Yes,2251963.1237,0.5086,0.0
2026-07-23T11:42+00:00,0x476e1322d1a412fa0325527b8c3bc5e707b1396d,Will England win the 2026 FIFA World Cup?,Yes,23290.29,0.16,0.0
2026-07-23T11:42+00:00,0xe549581668a5751c1972d3ad2d1991d900bd2d54,Will Japan win on 2026-06-25?,Yes,346952.06,0.4796,0.0
2026-07-23T11:42+00:00,0xe549581668a5751c1972d3ad2d1991d900bd2d54,Will Canada vs. Morocco end in a draw?,Yes,299999.8432,0.28,0.0
2026-07-23T11:42+00:00,0xe549581668a5751c1972d3ad2d1991d900bd2d54,Will Brazil vs. Japan end in a draw?,Yes,196973.6765,0.25,0.0
2026-07-23T11:42+00:00,0xe549581668a5751c1972d3ad2d1991d900bd2d54,Will Croatia win the 2026 FIFA World Cup?,Yes,599999.6708,0.009,0.0
2026-07-23T11:42+00:00,0xe549581668a5751c1972d3ad2d1991d900bd2d54,Will France win the 2026 FIFA World Cup?,Yes,410677.9183,0.1756,0.0
2026-07-23T11:42+00:00,0xe549581668a5751c1972d3ad2d1991d900bd2d54,Côte d'Ivoire vs. Ecuador: O/U 1.5,Over,185680.7912,0.59,0.0
2026-07-23T11:42+00:00,0xe549581668a5751c1972d3ad2d1991d900bd2d54,France vs. Spain: Team to Advance,France,300000.0,0.5625,0.0
2026-07-23T11:42+00:00,0xe549581668a5751c1972d3ad2d1991d900bd2d54,Will England win the 2026 FIFA World Cup?,Yes,574999.6893,0.1116,0.0
2026-07-23T11:42+00:00,0xe549581668a5751c1972d3ad2d1991d900bd2d54,Will Uruguay win on 2026-06-21?,Yes,215880.88,0.6,0.0
2026-07-23T11:42+00:00,0xe549581668a5751c1972d3ad2d1991d900bd2d54,Will Mexico vs. Ecuador end in a draw?,Yes,318815.7426,0.33,0.0
2026-07-23T11:42+00:00,0xe549581668a5751c1972d3ad2d1991d900bd2d54,Norway vs. France: O/U 5.5,Over,299999.3491,0.55,0.0
2026-07-23T11:42+00:00,0xe549581668a5751c1972d3ad2d1991d900bd2d54,Will United States vs. Australia end in a draw?,Yes,228496.6717,0.22,0.0
2026-07-23T11:42+00:00,0xe549581668a5751c1972d3ad2d1991d900bd2d54,Will Argentina win the 2026 FIFA World Cup?,Yes,784524.42,0.0859,0.0
2026-07-23T11:42+00:00,0xe549581668a5751c1972d3ad2d1991d900bd2d54,Spread: France (-1.5),France,299999.3599,0.19,0.0
2026-07-23T11:42+00:00,0xe549581668a5751c1972d3ad2d1991d900bd2d54,Will Brazil vs. Norway end in a draw?,Yes,699998.7668,0.26,0.0
2026-07-23T11:42+00:00,0xe549581668a5751c1972d3ad2d1991d900bd2d54,Will France vs. Spain end in a draw?,Yes,750000.0,0.3,0.0
2026-07-23T11:42+00:00,0xe549581668a5751c1972d3ad2d1991d900bd2d54,Spread: Austria (-1.5),Jordan,71705.139,0.5339,0.0
2026-07-23T11:42+00:00,0xe549581668a5751c1972d3ad2d1991d900bd2d54,Will Belgium win on 2026-07-06?,No,599997.8364,0.65,0.0
2026-07-23T11:42+00:00,0xe549581668a5751c1972d3ad2d1991d900bd2d54,Will England vs. Argentina end in a draw?,Yes,337253.5394,0.3338,0.0
2026-07-23T11:42+00:00,0xe549581668a5751c1972d3ad2d1991d900bd2d54,Will Ghana win on 2026-06-17?,No,29328.2265,0.56,0.0
2026-07-23T11:42+00:00,0xe549581668a5751c1972d3ad2d1991d900bd2d54,Will France win on 2026-07-18?,Yes,500000.0,0.52,0.0
2026-07-23T11:42+00:00,0xe549581668a5751c1972d3ad2d1991d900bd2d54,Will Brazil win the 2026 FIFA World Cup?,Yes,949999.7724,0.0724,0.0
2026-07-23T11:42+00:00,0xe549581668a5751c1972d3ad2d1991d900bd2d54,Will Argentina vs. Egypt end in a draw?,Yes,187071.545,0.2,0.0
2026-07-23T11:42+00:00,0xe549581668a5751c1972d3ad2d1991d900bd2d54,Will Belgium win the 2026 FIFA World Cup?,Yes,1308815.4238,0.0123,0.0
2026-07-23T11:42+00:00,0xe549581668a5751c1972d3ad2d1991d900bd2d54,Will Sweden win on 2026-06-14?,No,433383.7403,0.49,0.0
2026-07-23T11:42+00:00,0xe549581668a5751c1972d3ad2d1991d900bd2d54,Will Senegal win the 2026 FIFA World Cup?,Yes,1499999.7348,0.007,0.0
2026-07-23T11:42+00:00,0xe549581668a5751c1972d3ad2d1991d900bd2d54,Will Switzerland vs. Bosnia and Herzegovina end in a draw?,Yes,49537.242,0.33,0.0
2026-07-23T11:42+00:00,0xe549581668a5751c1972d3ad2d1991d900bd2d54,Sweden vs. Tunisia: O/U 2.5,Under,165698.6461,0.56,0.0
2026-07-23T11:42+00:00,0xe549581668a5751c1972d3ad2d1991d900bd2d54,South Africa vs. Korea Republic: O/U 2.5,Over,499998.7305,0.4692,0.0
2026-07-23T11:42+00:00,0xe549581668a5751c1972d3ad2d1991d900bd2d54,Will Czechia win on 2026-06-18?,Yes,555199.5032,0.548,0.0
2026-07-23T11:42+00:00,0xe549581668a5751c1972d3ad2d1991d900bd2d54,Spread: Korea Republic (-1.5),Korea Republic,399998.8931,0.32,0.0
2026-07-23T11:42+00:00,0xe549581668a5751c1972d3ad2d1991d900bd2d54,Brazil vs. Morocco: O/U 3.5,Over,199999.8173,0.54,0.0
2026-07-23T11:42+00:00,0xe549581668a5751c1972d3ad2d1991d900bd2d54,England vs. DR Congo: O/U 2.5,Under,34986.79,0.5,0.0
2026-07-23T11:42+00:00,0xe549581668a5751c1972d3ad2d1991d900bd2d54,Belgium vs. IR Iran: O/U 2.5,Over,599999.9725,0.53,0.0
2026-07-23T11:42+00:00,0xe549581668a5751c1972d3ad2d1991d900bd2d54,Will Ecuador win the 2026 FIFA World Cup?,Yes,1199999.7263,0.008,0.0
2026-07-23T11:42+00:00,0xe549581668a5751c1972d3ad2d1991d900bd2d54,Spread: Spain (-1.5),Spain,149999.8399,0.4,0.0
2026-07-23T11:42+00:00,0xe549581668a5751c1972d3ad2d1991d900bd2d54,Japan vs. Sweden: O/U 2.5,Over,677.7882,0.49,0.0
2026-07-23T11:42+00:00,0xe549581668a5751c1972d3ad2d1991d900bd2d54,Will England win on 2026-07-01?,No,88960.2,0.23,0.0
2026-07-23T11:42+00:00,0xe549581668a5751c1972d3ad2d1991d900bd2d54,Will Mexico vs. England end in a draw?,Yes,69566.4782,0.3,0.0
2026-07-23T11:42+00:00,0xe549581668a5751c1972d3ad2d1991d900bd2d54,Spread: Spain (-2.5),Spain,20784.62,0.5,0.0
2026-07-23T11:42+00:00,0xe549581668a5751c1972d3ad2d1991d900bd2d54,Spread: Portugal (-1.5),Uzbekistan,299999.4266,0.42,0.0
2026-07-23T11:42+00:00,0xe549581668a5751c1972d3ad2d1991d900bd2d54,Spread: Portugal (-2.5),Uzbekistan,499999.2669,0.6099,0.0
2026-07-23T11:42+00:00,0xe549581668a5751c1972d3ad2d1991d900bd2d54,Will Japan win on 2026-06-21?,No,400000.0,0.31,0.0
2026-07-23T11:42+00:00,0xe549581668a5751c1972d3ad2d1991d900bd2d54,Belgium vs. Egypt: O/U 2.5,Over,90479.4486,0.61,0.0
2026-07-23T11:42+00:00,0xe549581668a5751c1972d3ad2d1991d900bd2d54,Will France vs. Morocco end in a draw?,Yes,6119.7883,0.24,0.0
2026-07-23T11:42+00:00,0xe549581668a5751c1972d3ad2d1991d900bd2d54,Spread: France (-1.5),France,23743.208,0.58,0.0
2026-07-23T11:42+00:00,0xe549581668a5751c1972d3ad2d1991d900bd2d54,Germany vs. Paraguay: O/U 2.5,Over,183809.6049,0.56,0.0
2026-07-23T11:42+00:00,0xe549581668a5751c1972d3ad2d1991d900bd2d54,Will Korea Republic vs. Czechia end in a draw?,Yes,103554.9575,0.31,0.0
2026-07-23T11:42+00:00,0xe549581668a5751c1972d3ad2d1991d900bd2d54,Portugal vs. Uzbekistan: O/U 3.5,Under,549999.036,0.6018,0.0
2026-07-23T11:42+00:00,0xe549581668a5751c1972d3ad2d1991d900bd2d54,Will Portugal vs. Croatia end in a draw?,Yes,199999.4147,0.27,0.0
2026-07-23T11:42+00:00,0x83720820a8aa6c3f20ad71850e7a1a17d16c5223,Will Marco Rubio win the 2028 Republican presidential nomina,Yes,367407.7833,0.2198,0.2795
2026-07-23T11:42+00:00,0x83720820a8aa6c3f20ad71850e7a1a17d16c5223,Spread: Arsenal FC (-1.5),Arsenal FC,4214.9,0.53,0.0
2026-07-23T11:42+00:00,0x83720820a8aa6c3f20ad71850e7a1a17d16c5223,Paris Saint-Germain FC vs. Chelsea FC: O/U 2.5,Under,29702.1228,0.4099,0.0
2026-07-23T11:42+00:00,0x83720820a8aa6c3f20ad71850e7a1a17d16c5223,Manchester United FC vs. Crystal Palace FC: O/U 2.5,Under,76000.0,0.44,0.0
2026-07-23T11:42+00:00,0x83720820a8aa6c3f20ad71850e7a1a17d16c5223,Burnley FC vs. Manchester City FC: O/U 3.5,Over,1977.429,0.52,0.0
2026-07-23T11:42+00:00,0x83720820a8aa6c3f20ad71850e7a1a17d16c5223,Will Argentina win on 2026-07-15?,No,176142.1088,0.6825,0.0
2026-07-23T11:42+00:00,0x83720820a8aa6c3f20ad71850e7a1a17d16c5223,Will France win the 2026 FIFA World Cup?,Yes,694546.168,0.2953,0.0
2026-07-23T11:42+00:00,0x83720820a8aa6c3f20ad71850e7a1a17d16c5223,Spread: France (-1.5),Senegal,124999.5868,0.61,0.0
2026-07-23T11:42+00:00,0x83720820a8aa6c3f20ad71850e7a1a17d16c5223,Will Newcastle United FC win on 2026-03-22?,Yes,23919.4651,0.58,0.0
2026-07-23T11:42+00:00,0x83720820a8aa6c3f20ad71850e7a1a17d16c5223,Newcastle United FC vs. Everton FC: O/U 2.5,Under,15000.0,0.45,0.0
2026-07-23T11:42+00:00,0x83720820a8aa6c3f20ad71850e7a1a17d16c5223,Germany vs. Paraguay: Team to Advance,Germany,327000.0,0.87,0.0
2026-07-23T11:42+00:00,0x83720820a8aa6c3f20ad71850e7a1a17d16c5223,Spread: Brazil (-2.5),Haiti,177998.7547,0.49,0.0
2026-07-23T11:42+00:00,0x83720820a8aa6c3f20ad71850e7a1a17d16c5223,Spread: Liverpool FC (-1.5),Galatasaray SK,51909.6236,0.41,0.0
2026-07-23T11:42+00:00,0x83720820a8aa6c3f20ad71850e7a1a17d16c5223,Will England win the 2026 FIFA World Cup?,Yes,3462118.7361,0.1188,0.0
2026-07-23T11:42+00:00,0x83720820a8aa6c3f20ad71850e7a1a17d16c5223,Brighton & Hove Albion FC vs. Chelsea FC: O/U 2.5,Under,70564.1069,0.4159,0.0
2026-07-23T11:42+00:00,0x83720820a8aa6c3f20ad71850e7a1a17d16c5223,US x Iran ceasefire by March 15?,Yes,10458.0052,0.2466,0.0
2026-07-23T11:42+00:00,0x83720820a8aa6c3f20ad71850e7a1a17d16c5223,Kamala Harris wins the popular vote?,Yes,295.8933,0.5914,0.0
2026-07-23T11:42+00:00,0x83720820a8aa6c3f20ad71850e7a1a17d16c5223,Will Brazil win the 2026 FIFA World Cup?,Yes,1697935.2489,0.0622,0.0
2026-07-23T11:42+00:00,0x83720820a8aa6c3f20ad71850e7a1a17d16c5223,Portugal vs. Spain: Both Teams to Score,Yes,754199.5629,0.4134,0.0
2026-07-23T11:42+00:00,0x83720820a8aa6c3f20ad71850e7a1a17d16c5223,Will Paris Saint-Germain FC win on 2026-03-11?,No,90099.9998,0.5499,0.0
2026-07-23T11:42+00:00,0x83720820a8aa6c3f20ad71850e7a1a17d16c5223,Will Belgium win the 2026 FIFA World Cup?,Yes,2643707.0277,0.0127,0.0
2026-07-23T11:42+00:00,0x83720820a8aa6c3f20ad71850e7a1a17d16c5223,Spread: Newcastle United FC (-1.5),Qarabağ Ağdam FK,75308.0703,0.5309,0.0
2026-07-23T11:42+00:00,0x83720820a8aa6c3f20ad71850e7a1a17d16c5223,Will Liverpool FC win on 2026-03-21?,Yes,4789.7671,0.44,0.0
2026-07-23T11:42+00:00,0x83720820a8aa6c3f20ad71850e7a1a17d16c5223,Will Manchester City FC win on 2026-04-04?,No,53353.1117,0.45,0.0
2026-07-23T11:42+00:00,0x83720820a8aa6c3f20ad71850e7a1a17d16c5223,Tottenham Hotspur FC vs. Club Atlético de Madrid: O/U 3.5,Under,58113.3856,0.65,0.0
2026-07-23T11:42+00:00,0x83720820a8aa6c3f20ad71850e7a1a17d16c5223,Will Ecuador win the 2026 FIFA World Cup?,Yes,4699294.4233,0.0059,0.0
2026-07-23T11:42+00:00,0x83720820a8aa6c3f20ad71850e7a1a17d16c5223,Paris Saint-Germain FC vs. Chelsea FC: O/U 3.5,Under,105691.1588,0.6143,0.0
2026-07-23T11:42+00:00,0x83720820a8aa6c3f20ad71850e7a1a17d16c5223,Spain vs. Argentina: Both Teams to Score,Yes,1029999.0249,0.3694,0.0
2026-07-23T11:42+00:00,0x83720820a8aa6c3f20ad71850e7a1a17d16c5223,US x Iran ceasefire by March 6?,Yes,18499.9895,0.08,0.0
2026-07-23T11:42+00:00,0x83720820a8aa6c3f20ad71850e7a1a17d16c5223,Will Portugal win the 2026 FIFA World Cup?,Yes,59701.4925,0.0669,0.0
2026-07-23T11:42+00:00,0x83720820a8aa6c3f20ad71850e7a1a17d16c5223,Spread: Germany (-3.5),Curaçao,94998.7199,0.51,0.0
2026-07-23T11:42+00:00,0x83720820a8aa6c3f20ad71850e7a1a17d16c5223,France vs. Morocco: Both Teams to Score,Yes,558653.091,0.2792,0.0
2026-07-23T11:42+00:00,0x83720820a8aa6c3f20ad71850e7a1a17d16c5223,FK Bodø/Glimt vs. FC Internazionale Milano: O/U 3.5,Under,55245.9016,0.6099,0.0
2026-07-23T11:42+00:00,0x83720820a8aa6c3f20ad71850e7a1a17d16c5223,Tottenham Hotspur FC vs. Club Atlético de Madrid: O/U 2.5,Under,34801.6475,0.42,0.0
2026-07-23T11:42+00:00,0x83720820a8aa6c3f20ad71850e7a1a17d16c5223,Will Netherlands win the 2026 FIFA World Cup?,Yes,500000.0,0.04,0.0
2026-07-23T11:42+00:00,0x83720820a8aa6c3f20ad71850e7a1a17d16c5223,US x Iran ceasefire by March 31?,Yes,482.0166,0.46,0.0
2026-07-23T11:42+00:00,0x83720820a8aa6c3f20ad71850e7a1a17d16c5223,Will Switzerland win the 2026 FIFA World Cup?,Yes,5990714.6879,0.0084,0.0
2026-07-23T11:42+00:00,0x83720820a8aa6c3f20ad71850e7a1a17d16c5223,Will Ivan Cepeda Castro win the 2026 Colombian presidential ,Yes,30570.5387,0.2168,0.0
2026-07-23T11:42+00:00,0x83720820a8aa6c3f20ad71850e7a1a17d16c5223,France vs. Senegal: O/U 2.5,Under,174999.9295,0.4957,0.0
2026-07-23T11:42+00:00,0x83720820a8aa6c3f20ad71850e7a1a17d16c5223,Will Switzerland win on 2026-06-13?,Yes,215085.8895,0.8233,0.0
2026-07-23T11:42+00:00,0x83720820a8aa6c3f20ad71850e7a1a17d16c5223,West Ham United FC vs. Everton FC: O/U 2.5,Under,8738.4794,0.48,0.0
2026-07-23T11:42+00:00,0x83720820a8aa6c3f20ad71850e7a1a17d16c5223,"UFC 329: Paddy Pimblett vs. Benoît Saint Denis (Lightweight,",Benoît Saint Denis,321363.6257,0.5531,0.0
2026-07-23T11:42+00:00,0x83720820a8aa6c3f20ad71850e7a1a17d16c5223,Will FC Barcelona win on 2026-03-18?,No,118999.8677,0.37,0.0
2026-07-23T11:42+00:00,0x83720820a8aa6c3f20ad71850e7a1a17d16c5223,Will Morocco win the 2026 FIFA World Cup?,Yes,808271.9766,0.0207,0.0
2026-07-23T11:42+00:00,0x83720820a8aa6c3f20ad71850e7a1a17d16c5223,Will Manchester City FC win on 2026-02-28?,No,61000.0,0.42,0.0
2026-07-23T11:42+00:00,0x83720820a8aa6c3f20ad71850e7a1a17d16c5223,Newcastle United FC vs. Manchester City FC: O/U 3.5,Under,14000.0,0.6485,0.0
2026-07-23T11:42+00:00,0x83720820a8aa6c3f20ad71850e7a1a17d16c5223,Wolverhampton Wanderers FC vs. Liverpool FC: O/U 3.5,Under,115999.5192,0.6697,0.0
2026-07-23T11:42+00:00,0x83720820a8aa6c3f20ad71850e7a1a17d16c5223,Newcastle United FC vs. Qarabağ Ağdam FK: O/U 4.5,Under,54465.5433,0.6571,0.0
2026-07-23T11:42+00:00,0x83720820a8aa6c3f20ad71850e7a1a17d16c5223,Will Germany win the 2026 FIFA World Cup?,Yes,312904.4063,0.0514,0.0
2026-07-23T11:42+00:00,0x83720820a8aa6c3f20ad71850e7a1a17d16c5223,Will AFC Bournemouth win on 2026-03-14?,Yes,94339.6226,0.5299,0.0
2026-07-23T11:42+00:00,0x5b4ec9c06b284ee52c41a761974d836992880232,San Diego Padres vs. Washington Nationals: O/U 7.5,Under,167809.13,0.49,0.0
2026-07-23T11:42+00:00,0x5b4ec9c06b284ee52c41a761974d836992880232,Will Brazil win on 2026-07-05?,Yes,126723.4091,0.5136,0.0
2026-07-23T11:42+00:00,0x5b4ec9c06b284ee52c41a761974d836992880232,Spread: Germany (-1.5),Germany,336022.2814,0.47,0.0
2026-07-23T11:42+00:00,0x5b4ec9c06b284ee52c41a761974d836992880232,Cavaliers vs. Knicks: O/U 215.5,Over,174136.555,0.49,0.0
2026-07-23T11:42+00:00,0x5b4ec9c06b284ee52c41a761974d836992880232,England vs. Argentina: O/U 2.5,Under,638543.0208,0.5972,0.0
2026-07-23T11:42+00:00,0x5b4ec9c06b284ee52c41a761974d836992880232,Will England win on 2026-07-05?,No,600000.0,0.61,0.0
2026-07-23T11:42+00:00,0x5b4ec9c06b284ee52c41a761974d836992880232,Miami Marlins vs. Washington Nationals: O/U 9.5,Under,99640.25,0.5699,0.0
2026-07-23T11:42+00:00,0x5b4ec9c06b284ee52c41a761974d836992880232,Will Netherlands win on 2026-06-20?,No,900000.0,0.42,0.0
2026-07-23T11:42+00:00,0x5b4ec9c06b284ee52c41a761974d836992880232,England vs. Argentina: O/U 1.5,Under,161466.6214,0.326,0.0
2026-07-23T11:42+00:00,0x5b4ec9c06b284ee52c41a761974d836992880232,Colorado Rockies vs. Philadelphia Phillies: O/U 7.5,Under,93871.2631,0.53,0.0
2026-07-23T11:42+00:00,0x5b4ec9c06b284ee52c41a761974d836992880232,Spread: Uruguay (-1.5),Uruguay,106309.3,0.43,0.0
2026-07-23T11:42+00:00,0x5b4ec9c06b284ee52c41a761974d836992880232,Philadelphia Phillies vs. New York Mets: O/U 8.5,Under,39618.86,0.519,0.0
2026-07-23T11:42+00:00,0x5b4ec9c06b284ee52c41a761974d836992880232,Colorado Rockies vs. Los Angeles Dodgers: O/U 9.5,Under,37780.67,0.48,0.0
2026-07-23T11:42+00:00,0x5b4ec9c06b284ee52c41a761974d836992880232,Detroit Tigers vs. Tampa Bay Rays: O/U 8.5,Under,93367.56,0.52,0.0
2026-07-23T11:42+00:00,0x5b4ec9c06b284ee52c41a761974d836992880232,Atlanta Braves vs. Los Angeles Dodgers: O/U 8.5,Under,63829.34,0.5,0.0
2026-07-23T11:42+00:00,0x5b4ec9c06b284ee52c41a761974d836992880232,Brazil vs. Japan: O/U 2.5,Under,403090.3257,0.58,0.0
2026-07-23T11:42+00:00,0x5b4ec9c06b284ee52c41a761974d836992880232,Kansas City Royals vs. Texas Rangers: O/U 7.5,Under,57573.11,0.47,0.0
2026-07-23T11:42+00:00,0x5b4ec9c06b284ee52c41a761974d836992880232,Thunder vs. Spurs,Thunder,599999.2166,0.42,0.0
2026-07-23T11:42+00:00,0x5b4ec9c06b284ee52c41a761974d836992880232,SC Freiburg vs. Aston Villa FC: O/U 2.5,Under,59999.9433,0.52,0.0
2026-07-23T11:42+00:00,0x5b4ec9c06b284ee52c41a761974d836992880232,San Francisco Giants vs. Seattle Mariners: O/U 7.5,Over,156250.0829,0.46,0.0
2026-07-23T11:42+00:00,0x5b4ec9c06b284ee52c41a761974d836992880232,Uzbekistan vs. Colombia: O/U 2.5,Under,610393.4799,0.5093,0.0
2026-07-23T11:42+00:00,0x5b4ec9c06b284ee52c41a761974d836992880232,Argentina vs. Egypt: O/U 2.5,Under,240967.8757,0.5216,0.0
2026-07-23T11:42+00:00,0x5b4ec9c06b284ee52c41a761974d836992880232,New York Mets vs. Seattle Mariners: O/U 7.5,Under,172672.34,0.5,0.0
2026-07-23T11:42+00:00,0x5b4ec9c06b284ee52c41a761974d836992880232,Will Austria win the 2026 FIFA World Cup?,Yes,2931638.36,0.005,0.0
2026-07-23T11:42+00:00,0x5b4ec9c06b284ee52c41a761974d836992880232,England vs. Argentina: Team to Advance,England,484419.9802,0.5355,0.0
2026-07-23T11:42+00:00,0x5b4ec9c06b284ee52c41a761974d836992880232,Chicago Cubs vs. Pittsburgh Pirates: O/U 7.5,Under,19332.79,0.49,0.0
2026-07-23T11:42+00:00,0x5b4ec9c06b284ee52c41a761974d836992880232,Chicago White Sox vs. Philadelphia Phillies: O/U 9.5,Under,23579.57,0.5551,0.0
2026-07-23T11:42+00:00,0x5b4ec9c06b284ee52c41a761974d836992880232,Will Canada win the 2026 FIFA World Cup?,Yes,2872898.22,0.003,0.0
2026-07-23T11:42+00:00,0x5b4ec9c06b284ee52c41a761974d836992880232,Will France win on 2026-07-09?,No,500.0,0.39,0.0
2026-07-23T11:42+00:00,0x5b4ec9c06b284ee52c41a761974d836992880232,Cincinnati Reds vs. Pittsburgh Pirates: O/U 7.5,Under,75896.31,0.45,0.0
2026-07-23T11:42+00:00,0xf0318c32136c2db7fec88b84869aee6a1106c80c,Switzerland vs. Colombia: O/U 2.5,Over,559736.0329,0.3999,0.0
2026-07-23T11:42+00:00,0xf0318c32136c2db7fec88b84869aee6a1106c80c,Ecuador vs. Germany: O/U 0.5,Under,19714.5324,0.05,0.0
2026-07-23T11:42+00:00,0xf0318c32136c2db7fec88b84869aee6a1106c80c,Tampa Bay Rays vs. Boston Red Sox,Tampa Bay Rays,41023.7407,0.48,0.0
2026-07-23T11:42+00:00,0xf0318c32136c2db7fec88b84869aee6a1106c80c,Will Senegal win on 2026-07-01?,Yes,1059496.2765,0.25,0.0
2026-07-23T11:42+00:00,0xf0318c32136c2db7fec88b84869aee6a1106c80c,Will Scotland win on 2026-06-19?,Yes,169173.5293,0.2867,0.0
2026-07-23T11:42+00:00,0xf0318c32136c2db7fec88b84869aee6a1106c80c,Will Canada vs. Morocco end in a draw?,Yes,174761.2781,0.28,0.0
2026-07-23T11:42+00:00,0xf0318c32136c2db7fec88b84869aee6a1106c80c,San Diego Padres vs. Atlanta Braves,San Diego Padres,72786.6014,0.46,0.0
2026-07-23T11:42+00:00,0xf0318c32136c2db7fec88b84869aee6a1106c80c,Spread: Thunder (-5.5),Spurs,249999.8425,0.46,0.0
2026-07-23T11:42+00:00,0xf0318c32136c2db7fec88b84869aee6a1106c80c,Will France win on 2026-06-16?,No,828798.2595,0.3296,0.0
2026-07-23T11:42+00:00,0xf0318c32136c2db7fec88b84869aee6a1106c80c,Will Brazil vs. Japan end in a draw?,Yes,2020266.8344,0.3333,0.0
2026-07-23T11:42+00:00,0xf0318c32136c2db7fec88b84869aee6a1106c80c,France vs. Spain: O/U 0.5,Under,129849.3764,0.0698,0.0
2026-07-23T11:42+00:00,0xf0318c32136c2db7fec88b84869aee6a1106c80c,Will United States win on 2026-06-12?,No,1161604.8888,0.53,0.0
2026-07-23T11:42+00:00,0xf0318c32136c2db7fec88b84869aee6a1106c80c,Tunisia vs. Netherlands: O/U 2.5,Under,70486.4951,0.3041,0.0
2026-07-23T11:42+00:00,0xf0318c32136c2db7fec88b84869aee6a1106c80c,Will Spain win on 2026-07-19?,Yes,1392932.3192,0.3398,0.0
2026-07-23T11:42+00:00,0xf0318c32136c2db7fec88b84869aee6a1106c80c,Iraq vs. Norway: O/U 7.5,Over,349837.0004,0.061,0.0
2026-07-23T11:42+00:00,0xf0318c32136c2db7fec88b84869aee6a1106c80c,Tunisia vs. Netherlands: O/U 0.5,Under,13947.4174,0.0287,0.0
2026-07-23T11:42+00:00,0xf0318c32136c2db7fec88b84869aee6a1106c80c,Will Heart of Midlothian FC win on 2026-07-21?,Yes,3507.5347,0.24,0.0
2026-07-23T11:42+00:00,0xf0318c32136c2db7fec88b84869aee6a1106c80c,Will Ghana win on 2026-07-03?,Yes,805544.4813,0.1,0.0
2026-07-23T11:42+00:00,0xf0318c32136c2db7fec88b84869aee6a1106c80c,Will KF Víkingur win on 2026-07-21?,No,26291.2471,0.61,0.0
2026-07-23T11:42+00:00,0xf0318c32136c2db7fec88b84869aee6a1106c80c,Will Morocco win on 2026-06-19?,No,819914.175,0.43,0.0
2026-07-23T11:42+00:00,0xf0318c32136c2db7fec88b84869aee6a1106c80c,Spread: Türkiye (-1.5),Türkiye,12418.3634,0.23,0.0
2026-07-23T11:42+00:00,0xf0318c32136c2db7fec88b84869aee6a1106c80c,Spread: Norway (-3.5),Norway,75415.7855,0.1894,0.0
2026-07-23T11:42+00:00,0xf0318c32136c2db7fec88b84869aee6a1106c80c,Milwaukee Brewers vs. Minnesota Twins,Minnesota Twins,95262.9778,0.4995,0.0
2026-07-23T11:42+00:00,0xf0318c32136c2db7fec88b84869aee6a1106c80c,Spain vs. Belgium: O/U 2.5,Under,624942.2094,0.4493,0.0
2026-07-23T11:42+00:00,0xf0318c32136c2db7fec88b84869aee6a1106c80c,Knicks vs. Raptors,Raptors,112855.7399,0.53,0.0
2026-07-23T11:42+00:00,0xf0318c32136c2db7fec88b84869aee6a1106c80c,Spread: Spurs (-7.5),Mavericks,40414.89,0.49,0.0
2026-07-23T11:42+00:00,0xf0318c32136c2db7fec88b84869aee6a1106c80c,Will IR Iran win on 2026-06-21?,Yes,97540.3856,0.11,0.0
2026-07-23T11:42+00:00,0xf0318c32136c2db7fec88b84869aee6a1106c80c,Spread: Raptors (-7.5),Bulls,209999.8905,0.51,0.0
2026-07-23T11:42+00:00,0xf0318c32136c2db7fec88b84869aee6a1106c80c,France vs. Spain: Spain O/U 0.5,Under,7682.5,0.25,0.0
2026-07-23T11:42+00:00,0xf0318c32136c2db7fec88b84869aee6a1106c80c,Spain vs. Saudi Arabia: O/U 3.5,Under,166234.3935,0.48,0.0
2026-07-23T11:42+00:00,0xf0318c32136c2db7fec88b84869aee6a1106c80c,Côte d'Ivoire vs. Norway: O/U 1.5,Under,108615.6857,0.2243,0.0
2026-07-23T11:42+00:00,0xf0318c32136c2db7fec88b84869aee6a1106c80c,Paraguay vs. France: O/U 3.5,Over,214217.556,0.33,0.0
2026-07-23T11:42+00:00,0xf0318c32136c2db7fec88b84869aee6a1106c80c,Will Scotland vs. Morocco end in a draw?,Yes,123801.3348,0.3333,0.0
2026-07-23T11:42+00:00,0xf0318c32136c2db7fec88b84869aee6a1106c80c,Germany vs. Paraguay: Team to Advance,Germany,20585.2456,0.86,0.0
2026-07-23T11:42+00:00,0xf0318c32136c2db7fec88b84869aee6a1106c80c,Will France win on 2026-06-30?,No,1532855.8342,0.2227,0.0
2026-07-23T11:42+00:00,0xf0318c32136c2db7fec88b84869aee6a1106c80c,Lakers vs. Mavericks,Mavericks,306418.6811,0.39,0.0
2026-07-23T11:42+00:00,0xf0318c32136c2db7fec88b84869aee6a1106c80c,Will Malta win Eurovision 2026?,Yes,221341.3594,0.0049,0.0
2026-07-23T11:42+00:00,0xf0318c32136c2db7fec88b84869aee6a1106c80c,Will Spain vs. Austria end in a draw?,Yes,111209.1578,0.1868,0.0
2026-07-23T11:42+00:00,0xf0318c32136c2db7fec88b84869aee6a1106c80c,Wimbledon ATP: Jannik Sinner vs Alexander Zverev,Alexander Zverev,141.69,0.39,0.0
2026-07-23T11:42+00:00,0xf0318c32136c2db7fec88b84869aee6a1106c80c,Will Bosnia and Herzegovina win on 2026-06-24?,No,230442.8064,0.3,0.0
2026-07-23T11:42+00:00,0xf0318c32136c2db7fec88b84869aee6a1106c80c,Spread: Raptors (-8.5),Bulls,39795.3033,0.55,0.0
2026-07-23T11:42+00:00,0xf0318c32136c2db7fec88b84869aee6a1106c80c,Exact Score: Any Other Score?,Yes,999998.9722,0.0588,0.0
2026-07-23T11:42+00:00,0xf0318c32136c2db7fec88b84869aee6a1106c80c,Will Paraguay win on 2026-06-29?,Yes,1241997.0067,0.3319,0.0
2026-07-23T11:42+00:00,0xf0318c32136c2db7fec88b84869aee6a1106c80c,Will Spain vs. Belgium end in a draw?,Yes,603711.6885,0.3215,0.0
2026-07-23T11:42+00:00,0xf0318c32136c2db7fec88b84869aee6a1106c80c,Colombia vs. DR Congo: O/U 1.5,Over,9300.93,0.6899,0.0
2026-07-23T11:42+00:00,0xf0318c32136c2db7fec88b84869aee6a1106c80c,Will Switzerland win on 2026-07-02?,No,1169262.195,0.51,0.0
2026-07-23T11:42+00:00,0xf0318c32136c2db7fec88b84869aee6a1106c80c,Spread: Norway (-1.5),Norway,134640.4083,0.2252,0.0
2026-07-23T11:42+00:00,0xf0318c32136c2db7fec88b84869aee6a1106c80c,Will England win the 2026 FIFA World Cup?,Yes,3041766.3525,0.1012,0.0
2026-07-23T11:42+00:00,0xf0318c32136c2db7fec88b84869aee6a1106c80c,Spread: Clippers (-9.5),Nets,45674.9283,0.4711,0.0
2026-07-23T11:42+00:00,0xf0318c32136c2db7fec88b84869aee6a1106c80c,Morocco vs. Haiti: O/U 3.5,Under,2777.0061,0.63,0.0
2026-07-23T11:42+00:00,0x2c335066fe58fe9237c3d3dc7b275c2a034a0563,"2026 Balance of Power: D Senate, D House",No,8004002.82,0.5,0.5649
2026-07-23T11:42+00:00,0x2c335066fe58fe9237c3d3dc7b275c2a034a0563,"2026 Balance of Power: D Senate, D House",Yes,8004002.82,0.5,0.435
2026-07-23T11:42+00:00,0x2c335066fe58fe9237c3d3dc7b275c2a034a0563,Will Trump be in the WC Champions Photo?,Yes,63459.5423,0.8967,0.9995
2026-07-23T11:42+00:00,0x2c335066fe58fe9237c3d3dc7b275c2a034a0563,Hamburg European Open: Oleksandra Oliynykova vs Leyre Romero,Leyre Romero Gormaz,53428.12,0.24,0.385
2026-07-23T11:42+00:00,0x2c335066fe58fe9237c3d3dc7b275c2a034a0563,"Will Bitcoin dip to $35,000 by December 31, 2026?",No,19995.73,0.85,0.905
2026-07-23T11:42+00:00,0x2c335066fe58fe9237c3d3dc7b275c2a034a0563,Boston Red Sox vs. New York Yankees,New York Yankees,27715.59,0.49,0.495
2026-07-23T11:42+00:00,0x2c335066fe58fe9237c3d3dc7b275c2a034a0563,"Will Bitcoin dip to $25,000 by December 31, 2026?",No,2971.13,0.92,0.955
2026-07-23T11:42+00:00,0x2c335066fe58fe9237c3d3dc7b275c2a034a0563,San Francisco Giants vs. Atlanta Braves,San Francisco Giants,90.204,0.51,0.455
2026-07-23T11:42+00:00,0x2c335066fe58fe9237c3d3dc7b275c2a034a0563,Spread: Thunder (-7.5),Thunder,9.8039,0.49,0.0
2026-07-23T11:42+00:00,0x2c335066fe58fe9237c3d3dc7b275c2a034a0563,Atlanta Dream vs. Toronto Tempo,Toronto Tempo,10588.3911,0.2093,0.0
2026-07-23T11:42+00:00,0x2c335066fe58fe9237c3d3dc7b275c2a034a0563,Wimbledon ATP: Roberto Bautista Agut vs Joao Fonseca,Roberto Bautista Agut,11480.57,0.01,0.0
2026-07-23T11:42+00:00,0x2c335066fe58fe9237c3d3dc7b275c2a034a0563,Milwaukee Brewers vs. Pittsburgh Pirates,Milwaukee Brewers,2526.0957,0.2818,0.0
2026-07-23T11:42+00:00,0x2c335066fe58fe9237c3d3dc7b275c2a034a0563,Exact Score: Türkiye 2 - 1 Paraguay?,Yes,668.44,0.14,0.0
2026-07-23T11:42+00:00,0x2c335066fe58fe9237c3d3dc7b275c2a034a0563,Roland Garros WTA: Diane Parry vs Amanda Anisimova,Amanda Anisimova,123.2436,0.78,0.0
2026-07-23T11:42+00:00,0x2c335066fe58fe9237c3d3dc7b275c2a034a0563,LoL: KT Rolster vs Dplus KIA (BO1) - KeSPA Cup Group Stage,Dplus KIA,5876.3371,0.3,0.0
2026-07-23T11:42+00:00,0x2c335066fe58fe9237c3d3dc7b275c2a034a0563,Tampa Bay Rays vs. Boston Red Sox,Tampa Bay Rays,7189.0,0.4601,0.0
2026-07-23T11:42+00:00,0x2c335066fe58fe9237c3d3dc7b275c2a034a0563,Spread: Spain (-1.5),Spain,199.8406,0.14,0.0
2026-07-23T11:42+00:00,0x2c335066fe58fe9237c3d3dc7b275c2a034a0563,"Mallorca Championships, Qualification: Abedallah Shelbayh vs",Abedallah Shelbayh,153.0,0.28,0.0
2026-07-23T11:42+00:00,0x2c335066fe58fe9237c3d3dc7b275c2a034a0563,Will Al Riyadh Saudi Club win on 2025-12-20?,Yes,5.7188,0.13,0.0
2026-07-23T11:42+00:00,0x2c335066fe58fe9237c3d3dc7b275c2a034a0563,Washington Nationals vs. Boston Red Sox,Boston Red Sox,4099.67,0.3594,0.0
2026-07-23T11:42+00:00,0x2c335066fe58fe9237c3d3dc7b275c2a034a0563,Las Vegas Aces vs. PortlandFire,PortlandFire,9504.43,0.22,0.0
2026-07-23T11:42+00:00,0x2c335066fe58fe9237c3d3dc7b275c2a034a0563,Iasi Open: Kaitlin Quevedo vs Gabriela Ruse,Gabriela Ruse,2481.98,0.6629,0.0
2026-07-23T11:42+00:00,0x2c335066fe58fe9237c3d3dc7b275c2a034a0563,Roland Garros ATP: Adolfo Vallejo vs Moise Kouame,Adolfo Vallejo,711.6644,0.55,0.0
2026-07-23T11:42+00:00,0x2c335066fe58fe9237c3d3dc7b275c2a034a0563,Spread: Spurs (-8.5),Thunder,6.8571,0.65,0.0
2026-07-23T11:42+00:00,0x2c335066fe58fe9237c3d3dc7b275c2a034a0563,Pozoblanco: Dominik Palan vs Izan Almazan Valiente,Dominik Palan,4298.7257,0.32,0.0
2026-07-23T11:42+00:00,0x2c335066fe58fe9237c3d3dc7b275c2a034a0563,Istanbul 2: Anastasia Gasanova vs Susan Bandecchi,Susan Bandecchi,4695.0232,0.26,0.0
2026-07-23T11:42+00:00,0x2c335066fe58fe9237c3d3dc7b275c2a034a0563,Canada vs. Morocco: O/U 0.5,Under,6793.72,0.09,0.0
2026-07-23T11:42+00:00,0x2c335066fe58fe9237c3d3dc7b275c2a034a0563,Toronto Blue Jays vs. San Diego Padres,San Diego Padres,1176.23,0.1668,0.0
2026-07-23T11:42+00:00,0x2c335066fe58fe9237c3d3dc7b275c2a034a0563,Nottingham 3: Patrick Brady vs Alastair Gray,Patrick Brady,817.8099,0.07,0.0
2026-07-23T11:42+00:00,0x2c335066fe58fe9237c3d3dc7b275c2a034a0563,Brazil vs. Japan: O/U 3.5,Over,21.73,0.26,0.0
2026-07-23T11:42+00:00,0x2c335066fe58fe9237c3d3dc7b275c2a034a0563,ITF Brisbane: Benjamin O'connell vs Jake Delaney,Benjamin Oconnell,500.0,0.41,0.0
2026-07-23T11:42+00:00,0x2c335066fe58fe9237c3d3dc7b275c2a034a0563,Valorant: 100 Thieves vs BBL Esports (BO3) - Esports World C,BBL Esports,14293.75,0.35,0.0
2026-07-23T11:42+00:00,0x2c335066fe58fe9237c3d3dc7b275c2a034a0563,Counter-Strike: NRG vs BIG - Map 2 Winner,BIG,21.75,0.59,0.0
2026-07-23T11:42+00:00,0x2c335066fe58fe9237c3d3dc7b275c2a034a0563,Major League Cricket: Mi New York vs Seattle Orcas,Seattle Orcas,12041.8175,0.59,0.0
2026-07-23T11:42+00:00,0x2c335066fe58fe9237c3d3dc7b275c2a034a0563,Bunschoten: Gilles Arnaud Bailly vs Filippo Romano,Gilles Arnaud Bailly,8932.7099,0.6903,0.0
2026-07-23T11:42+00:00,0x2c335066fe58fe9237c3d3dc7b275c2a034a0563,Wimbledon ATP: Jacob Fearnley vs Jaume Munar,Jacob Fearnley,9.0,0.17,0.0
2026-07-23T11:42+00:00,0x2c335066fe58fe9237c3d3dc7b275c2a034a0563,Will KFUM-Kameratene Oslo vs. Tromsø IL end in a draw?,No,5.0,0.38,0.0
2026-07-23T11:42+00:00,0x2c335066fe58fe9237c3d3dc7b275c2a034a0563,New York Liberty vs. Minnesota Lynx,New York Liberty,57.0,0.49,0.0
2026-07-23T11:42+00:00,0x2c335066fe58fe9237c3d3dc7b275c2a034a0563,Will Houston Dynamo vs. D.C. United SC end in a draw?,No,1317.78,0.75,0.0
2026-07-23T11:42+00:00,0x2c335066fe58fe9237c3d3dc7b275c2a034a0563,Wimbledon WTA: Jelena Ostapenko vs Harriet Dart,Harriet Dart,12488.18,0.0686,0.0
2026-07-23T11:42+00:00,0x2c335066fe58fe9237c3d3dc7b275c2a034a0563,Chicago White Sox vs. Minnesota Twins,Chicago White Sox,3.44,0.14,0.0
2026-07-23T11:42+00:00,0x2c335066fe58fe9237c3d3dc7b275c2a034a0563,Exact Score: Netherlands 1 - 1 Morocco?,No,7534.56,0.84,0.0
2026-07-23T11:42+00:00,0x2c335066fe58fe9237c3d3dc7b275c2a034a0563,Hamburg European Open: Luciano Darderi vs Yannick Hanfmann,Yannick Hanfmann,530.8501,0.3057,0.0
2026-07-23T11:42+00:00,0x2c335066fe58fe9237c3d3dc7b275c2a034a0563,"Swedish Open, Qualification: Martin Krumich vs Frederico Fer",Frederico Ferreira Silva,1204.5,0.46,0.0
2026-07-23T11:42+00:00,0x2c335066fe58fe9237c3d3dc7b275c2a034a0563,LoL: Team Secret Whales vs Top Esports - Game 3 Winner,Top Esports,14535.67,0.77,0.0
2026-07-23T11:42+00:00,0x2c335066fe58fe9237c3d3dc7b275c2a034a0563,Generali Open: Daniel Altmaier vs Raphael Collignon,Raphael Collignon,375.54,0.61,0.0
2026-07-23T11:42+00:00,0x2c335066fe58fe9237c3d3dc7b275c2a034a0563,Spread: Cleveland Guardians (-1.5),Cleveland Guardians,30.67,0.3,0.0
2026-07-23T11:42+00:00,0x2c335066fe58fe9237c3d3dc7b275c2a034a0563,Contrexeville: Jeline Vandromme vs Oksana Selekhmeteva,Oksana Selekhmeteva,5393.25,0.11,0.0
2026-07-23T11:42+00:00,0x2c335066fe58fe9237c3d3dc7b275c2a034a0563,Quito: Mwendwa Mbithi vs Matias Soto,Mwendwa Mbithi,13256.2472,0.612,0.0
2026-07-23T11:42+00:00,0x2c335066fe58fe9237c3d3dc7b275c2a034a0563,NBA Summer League: Houston Rockets vs. Brooklyn Nets,Brooklyn Nets,2959.59,0.25,0.0
2026-07-23T11:42+00:00,0xfea31bc088000ff909be1dfd8d0e3f2c7ef2d227,Will the Republican Party control the Senate after the 2026 ,Yes,1900000.0,0.5,0.555
2026-07-23T11:42+00:00,0xfea31bc088000ff909be1dfd8d0e3f2c7ef2d227,Will the Republican Party control the Senate after the 2026 ,No,1900000.0,0.5,0.445
2026-07-23T11:42+00:00,0xfea31bc088000ff909be1dfd8d0e3f2c7ef2d227,Will Manchester City win the 2026-27 English Premier League ,No,286437.7885,0.7,0.705
2026-07-23T11:42+00:00,0xfea31bc088000ff909be1dfd8d0e3f2c7ef2d227,Will Ousmane Dembélé win the 2026 Ballon d'Or?,No,88343.6124,0.9568,0.9845
2026-07-23T11:42+00:00,0xfea31bc088000ff909be1dfd8d0e3f2c7ef2d227,"Bitcoin all time high by December 31, 2026?",No,90068.559,0.8565,0.9425
2026-07-23T11:42+00:00,0xfea31bc088000ff909be1dfd8d0e3f2c7ef2d227,"Will Bitcoin hit $150k by December 31, 2026?",No,85633.8312,0.9038,0.9665
2026-07-23T11:42+00:00,0xfea31bc088000ff909be1dfd8d0e3f2c7ef2d227,"Will Bitcoin reach $160,000 by December 31, 2026?",No,43049.3752,0.9449,0.971
2026-07-23T11:42+00:00,0xfea31bc088000ff909be1dfd8d0e3f2c7ef2d227,"Bitcoin all time high by September 30, 2026?",No,35997.0451,0.9574,0.9855
2026-07-23T11:42+00:00,0xfea31bc088000ff909be1dfd8d0e3f2c7ef2d227,"Will Bitcoin reach $200,000 by December 31, 2026?",No,30876.6315,0.9656,0.9785
2026-07-23T11:42+00:00,0xfea31bc088000ff909be1dfd8d0e3f2c7ef2d227,"Will Bitcoin reach $190,000 by December 31, 2026?",No,30000.0038,0.9654,0.9765
2026-07-23T11:42+00:00,0xfea31bc088000ff909be1dfd8d0e3f2c7ef2d227,"Will Bitcoin reach $140,000 by December 31, 2026?",No,30000.0,0.961,0.9645
2026-07-23T11:42+00:00,0xfea31bc088000ff909be1dfd8d0e3f2c7ef2d227,"Will Bitcoin reach $180,000 by December 31, 2026?",No,25217.6196,0.9663,0.9775
2026-07-23T11:42+00:00,0xfea31bc088000ff909be1dfd8d0e3f2c7ef2d227,St. Louis Cardinals vs. Cincinnati Reds,St. Louis Cardinals,47199.0983,0.4212,0.415
2026-07-23T11:42+00:00,0xfea31bc088000ff909be1dfd8d0e3f2c7ef2d227,"Will Bitcoin reach $170,000 by December 31, 2026?",No,19959.6715,0.9519,0.979
2026-07-23T11:42+00:00,0xfea31bc088000ff909be1dfd8d0e3f2c7ef2d227,MLB: Aaron Judge or Juan Soto to draw more walks?,Soto,15190.17,0.2719,0.92
2026-07-23T11:42+00:00,0xfea31bc088000ff909be1dfd8d0e3f2c7ef2d227,"Will Bitcoin reach $250,000 by December 31, 2026?",No,11833.59,0.9803,0.9855
2026-07-23T11:42+00:00,0xfea31bc088000ff909be1dfd8d0e3f2c7ef2d227,Spread: St. Louis Cardinals (-1.5),Cincinnati Reds,13278.7409,0.5616,0.705
2026-07-23T11:42+00:00,0xfea31bc088000ff909be1dfd8d0e3f2c7ef2d227,Will Han Feng Win the 2026 WSOP Main Event?,No,4849.99,0.9345,0.93
2026-07-23T11:42+00:00,0xfea31bc088000ff909be1dfd8d0e3f2c7ef2d227,Tampa Bay Rays vs. New York Yankees,Tampa Bay Rays,5898.0756,0.4081,0.41
2026-07-23T11:42+00:00,0xfea31bc088000ff909be1dfd8d0e3f2c7ef2d227,Will Cleveland Guardians win the 2026 AL Central title?,Yes,3428.91,0.61,0.46
2026-07-23T11:42+00:00,0xfea31bc088000ff909be1dfd8d0e3f2c7ef2d227,Will Aaron Judge win the 2026 American League Hank Aaron Awa,No,1481.84,0.6516,0.9825
2026-07-23T11:42+00:00,0xfea31bc088000ff909be1dfd8d0e3f2c7ef2d227,Will Aaron Judge lead the MLB in RBIs for the 2026 regular s,No,1217.7171,0.79,0.993
2026-07-23T11:42+00:00,0xfea31bc088000ff909be1dfd8d0e3f2c7ef2d227,Will Shohei Ohtani win the 2026 National League MVP Award?,Yes,1540.05,0.6398,0.755
2026-07-23T11:42+00:00,0xfea31bc088000ff909be1dfd8d0e3f2c7ef2d227,Will Bryce Eldridge win the 2026 NL Rookie of the Year award,No,1000.0,0.978,0.9025
2026-07-23T11:42+00:00,0xfea31bc088000ff909be1dfd8d0e3f2c7ef2d227,"Will Bitcoin reach $150,000 by December 31, 2026?",No,689.59,0.95,0.967
2026-07-23T11:42+00:00,0xfea31bc088000ff909be1dfd8d0e3f2c7ef2d227,Will Matt Olson hit the most home runs during the 2026 MLB r,No,480.0,0.97,0.981
2026-07-23T11:42+00:00,0xfea31bc088000ff909be1dfd8d0e3f2c7ef2d227,MLB: Scorigami in 2026?,No,501.7027,0.85,0.893
2026-07-23T11:42+00:00,0xfea31bc088000ff909be1dfd8d0e3f2c7ef2d227,Will Taylor Ward lead the MLB in RBIs for the 2026 regular s,No,375.1455,0.9757,0.992
2026-07-23T11:42+00:00,0xfea31bc088000ff909be1dfd8d0e3f2c7ef2d227,KBO: LG Twins vs. NC Dinos,LG Twins,585.99,0.5,0.505
2026-07-23T11:42+00:00,0xfea31bc088000ff909be1dfd8d0e3f2c7ef2d227,Tampa Bay Rays vs. New York Yankees: O/U 7.5,Over,528.0689,0.4192,0.54
2026-07-23T11:42+00:00,0xfea31bc088000ff909be1dfd8d0e3f2c7ef2d227,KBO: Samsung Lions vs. Kia Tigers,Samsung Lions,413.8624,0.5006,0.515
2026-07-23T11:42+00:00,0xfea31bc088000ff909be1dfd8d0e3f2c7ef2d227,KBO: LG Twins vs. Samsung Lions,Samsung Lions,430.1081,0.4725,0.485
2026-07-23T11:42+00:00,0xfea31bc088000ff909be1dfd8d0e3f2c7ef2d227,Will Jacob Misiorowski win the 2026 NL Cy Young Award?,Yes,279.1867,0.1923,0.6115
2026-07-23T11:42+00:00,0xfea31bc088000ff909be1dfd8d0e3f2c7ef2d227,Will Europe Win the WSOP Main Event,Yes,987.92,0.1295,0.135
2026-07-23T11:42+00:00,0xfea31bc088000ff909be1dfd8d0e3f2c7ef2d227,KBO: Hanwha Eagles vs. Lotte Giants,Hanwha Eagles,194.4677,0.52,0.5225
2026-07-23T11:42+00:00,0xfea31bc088000ff909be1dfd8d0e3f2c7ef2d227,Will Sung-Jae Im win the 2026 Masters tournament?,Yes,182217.93,0.0098,0.0005
2026-07-23T11:42+00:00,0xfea31bc088000ff909be1dfd8d0e3f2c7ef2d227,Will Kevin McGonigle win the 2026 AL Rookie of the Year awar,No,384.85,0.6393,0.235
2026-07-23T11:42+00:00,0xfea31bc088000ff909be1dfd8d0e3f2c7ef2d227,Will Tampa Bay Rays win the 2026 AL East title?,Yes,200.0,0.3,0.4405
2026-07-23T11:42+00:00,0xfea31bc088000ff909be1dfd8d0e3f2c7ef2d227,Will New York Yankees win the 2026 AL East title?,Yes,200.0,0.56,0.425
2026-07-23T11:42+00:00,0xfea31bc088000ff909be1dfd8d0e3f2c7ef2d227,Will North America Win the WSOP Main Event,No,560.0,0.15,0.135
2026-07-23T11:42+00:00,0xfea31bc088000ff909be1dfd8d0e3f2c7ef2d227,Spread: New York Yankees (-1.5),New York Yankees,149.5548,0.3419,0.44
2026-07-23T11:42+00:00,0xfea31bc088000ff909be1dfd8d0e3f2c7ef2d227,KBO: KT Wiz vs. Lotte Giants,KT Wiz,107.83,0.5,0.505
2026-07-23T11:42+00:00,0xfea31bc088000ff909be1dfd8d0e3f2c7ef2d227,Will Tarik Skubal lead the MLB in ERA for the 2026 regular s,No,46.0,0.96,0.9715
2026-07-23T11:42+00:00,0xfea31bc088000ff909be1dfd8d0e3f2c7ef2d227,Will Matthew Stafford finish the 2026-27 NFL regular season ,Yes,229.97,0.11,0.115
2026-07-23T11:42+00:00,0xfea31bc088000ff909be1dfd8d0e3f2c7ef2d227,MLB: Perfect Game thrown in 2026 season?,Yes,189.09,0.0978,0.135
2026-07-23T11:42+00:00,0xfea31bc088000ff909be1dfd8d0e3f2c7ef2d227,Will the New York Knicks be the 2027 NBA Eastern Conference ,Yes,121.2702,0.19,0.2
2026-07-23T11:42+00:00,0xfea31bc088000ff909be1dfd8d0e3f2c7ef2d227,Will Atlanta Braves win the 2026 National League Championshi,Yes,138.75,0.09,0.115
2026-07-23T11:42+00:00,0xfea31bc088000ff909be1dfd8d0e3f2c7ef2d227,Will the season series between the Cardinals and Rams end in,Yes,40.0,0.3,0.32
2026-07-23T11:42+00:00,0xfea31bc088000ff909be1dfd8d0e3f2c7ef2d227,KBO: Hanwha Eagles vs. NC Dinos,Hanwha Eagles,26.42,0.0363,0.4295
2026-07-23T11:42+00:00,0xfea31bc088000ff909be1dfd8d0e3f2c7ef2d227,Will Green Bay Packers win the 2026 NFC North?,No,16.0,0.7,0.705
2026-07-23T11:42+00:00,0x095fbca2e0eaf0c9841005135427e1e0117190b2,Will Switzerland win on 2026-07-02?,No,12738.974,0.2925,0.0
2026-07-23T11:42+00:00,0x095fbca2e0eaf0c9841005135427e1e0117190b2,Will Mexico vs. Ecuador end in a draw?,Yes,296416.6712,0.3588,0.0
2026-07-23T11:42+00:00,0x095fbca2e0eaf0c9841005135427e1e0117190b2,Switzerland vs. Algeria: O/U 2.5,Over,248251.5888,0.4331,0.0
2026-07-23T11:42+00:00,0x095fbca2e0eaf0c9841005135427e1e0117190b2,Australia vs. Egypt: Team to Advance,Australia,373561.8776,0.4172,0.0
2026-07-23T11:42+00:00,0x095fbca2e0eaf0c9841005135427e1e0117190b2,Argentina vs. Egypt: O/U 2.5,Under,1205478.361,0.4672,0.0
2026-07-23T11:42+00:00,0x095fbca2e0eaf0c9841005135427e1e0117190b2,France vs. Morocco: O/U 2.5,Over,10298704.1946,0.4994,0.0
2026-07-23T11:42+00:00,0x7c1ee865a785de4c00ee90ed86a38489fb8bbab3,Will Senegal win on 2026-07-01?,Yes,255769.7674,0.23,0.0
2026-07-23T11:42+00:00,0x7c1ee865a785de4c00ee90ed86a38489fb8bbab3,Will Jordan win on 2026-06-17?,Yes,238171.6803,0.109,0.0
2026-07-23T11:42+00:00,0x7c1ee865a785de4c00ee90ed86a38489fb8bbab3,Spread: Spain (-1.5),Spain,399999.2811,0.27,0.0
2026-07-23T11:42+00:00,0x7c1ee865a785de4c00ee90ed86a38489fb8bbab3,Spread: England (-1.5),England,445000.0,0.4961,0.0
2026-07-23T11:42+00:00,0x7c1ee865a785de4c00ee90ed86a38489fb8bbab3,Will France win on 2026-06-16?,No,379998.5663,0.3826,0.0
2026-07-23T11:42+00:00,0x7c1ee865a785de4c00ee90ed86a38489fb8bbab3,Will Austria win on 2026-06-17?,No,100000.0,0.3,0.0
2026-07-23T11:42+00:00,0x7c1ee865a785de4c00ee90ed86a38489fb8bbab3,Spread: Colombia (-2.5),Colombia,159999.9024,0.17,0.0
2026-07-23T11:42+00:00,0x7c1ee865a785de4c00ee90ed86a38489fb8bbab3,Will Ghana win on 2026-07-03?,Yes,100000.0,0.11,0.0
2026-07-23T11:42+00:00,0x7c1ee865a785de4c00ee90ed86a38489fb8bbab3,Will Brazil win on 2026-07-05?,Yes,650000.0,0.55,0.0
2026-07-23T11:42+00:00,0x7c1ee865a785de4c00ee90ed86a38489fb8bbab3,Spain vs. Belgium: O/U 2.5,Under,289627.9563,0.4539,0.0
2026-07-23T11:42+00:00,0x7c1ee865a785de4c00ee90ed86a38489fb8bbab3,Mexico leading at halftime?,Yes,99999.203,0.25,0.0
2026-07-23T11:42+00:00,0x7c1ee865a785de4c00ee90ed86a38489fb8bbab3,Will IR Iran win on 2026-06-21?,Yes,219999.3079,0.12,0.0
2026-07-23T11:42+00:00,0x7c1ee865a785de4c00ee90ed86a38489fb8bbab3,Will France win the 2026 FIFA World Cup?,Yes,6.1728,0.1619,0.0
2026-07-23T11:42+00:00,0x7c1ee865a785de4c00ee90ed86a38489fb8bbab3,Spread: France (-1.5),Senegal,99999.2261,0.59,0.0
2026-07-23T11:42+00:00,0x7c1ee865a785de4c00ee90ed86a38489fb8bbab3,Will Saudi Arabia win on 2026-06-15?,Yes,804.1175,0.42,0.0
2026-07-23T11:42+00:00,0x7c1ee865a785de4c00ee90ed86a38489fb8bbab3,Will Egypt win on 2026-06-21?,No,140000.0,0.3857,0.0
2026-07-23T11:42+00:00,0x7c1ee865a785de4c00ee90ed86a38489fb8bbab3,France vs. Spain: Team to Advance,France,90000.0,0.5586,0.0
2026-07-23T11:42+00:00,0x7c1ee865a785de4c00ee90ed86a38489fb8bbab3,Colombia leading at halftime?,Yes,41994.28,0.47,0.0
2026-07-23T11:42+00:00,0x7c1ee865a785de4c00ee90ed86a38489fb8bbab3,Will Belgium win on 2026-07-10?,Yes,49999.9494,0.17,0.0
2026-07-23T11:42+00:00,0x7c1ee865a785de4c00ee90ed86a38489fb8bbab3,Will Saudi Arabia win on 2026-06-26?,Yes,200000.0,0.41,0.0
2026-07-23T11:42+00:00,0x7c1ee865a785de4c00ee90ed86a38489fb8bbab3,Will Uzbekistan win on 2026-06-27?,Yes,202739.4131,0.342,0.0
2026-07-23T11:42+00:00,0x7c1ee865a785de4c00ee90ed86a38489fb8bbab3,Will Argentina win the 2026 FIFA World Cup?,Yes,1019293.0834,0.411,0.0
2026-07-23T11:42+00:00,0x7c1ee865a785de4c00ee90ed86a38489fb8bbab3,Spread: France (-1.5),France,99999.843,0.1875,0.0
2026-07-23T11:42+00:00,0x7c1ee865a785de4c00ee90ed86a38489fb8bbab3,Panama vs. England: 1st Half O/U 1.5,Over,34619.9,0.5,0.0
2026-07-23T11:42+00:00,0x7c1ee865a785de4c00ee90ed86a38489fb8bbab3,Argentina leading at halftime?,No,17939.0315,0.61,0.0
2026-07-23T11:42+00:00,0x7c1ee865a785de4c00ee90ed86a38489fb8bbab3,Will Curaçao win on 2026-06-20?,Yes,100000.0,0.079,0.0
2026-07-23T11:42+00:00,0x7c1ee865a785de4c00ee90ed86a38489fb8bbab3,Belgium vs. Senegal: Team to Advance,Senegal,150000.0,0.4229,0.0
2026-07-23T11:42+00:00,0x7c1ee865a785de4c00ee90ed86a38489fb8bbab3,Will Argentina win on 2026-06-16?,No,90000.0,0.37,0.0
2026-07-23T11:42+00:00,0x7c1ee865a785de4c00ee90ed86a38489fb8bbab3,Will France win on 2026-07-14?,Yes,149999.908,0.4025,0.0
2026-07-23T11:42+00:00,0x7c1ee865a785de4c00ee90ed86a38489fb8bbab3,Croatia vs. Ghana: O/U 1.5,Under,119999.6977,0.33,0.0
2026-07-23T11:42+00:00,0x7c1ee865a785de4c00ee90ed86a38489fb8bbab3,Will Ghana win on 2026-06-17?,No,200000.0,0.61,0.0
2026-07-23T11:42+00:00,0x7c1ee865a785de4c00ee90ed86a38489fb8bbab3,Spread: Argentina (-1.5),Argentina,103486.3298,0.045,0.0
2026-07-23T11:42+00:00,0x7c1ee865a785de4c00ee90ed86a38489fb8bbab3,Mexico vs. England: Team to Advance,Mexico,679999.3576,0.4826,0.0
2026-07-23T11:42+00:00,0x7c1ee865a785de4c00ee90ed86a38489fb8bbab3,Will England win on 2026-07-05?,No,100000.0,0.63,0.0
2026-07-23T11:42+00:00,0x7c1ee865a785de4c00ee90ed86a38489fb8bbab3,England vs. Ghana: O/U 3.5,Over,134999.5357,0.41,0.0
2026-07-23T11:42+00:00,0x7c1ee865a785de4c00ee90ed86a38489fb8bbab3,Iraq vs. Norway: O/U 2.5,Under,299999.4831,0.4,0.0
2026-07-23T11:42+00:00,0x7c1ee865a785de4c00ee90ed86a38489fb8bbab3,Will Algeria win on 2026-06-22?,No,65000.0,0.35,0.0
2026-07-23T11:42+00:00,0x7c1ee865a785de4c00ee90ed86a38489fb8bbab3,Panama vs. England: O/U 3.5,Over,190799.2326,0.4721,0.0
2026-07-23T11:42+00:00,0x7c1ee865a785de4c00ee90ed86a38489fb8bbab3,Will New Zealand win on 2026-06-21?,Yes,125000.0,0.16,0.0
2026-07-23T11:42+00:00,0x7c1ee865a785de4c00ee90ed86a38489fb8bbab3,Spread: Brazil (-3.5),Brazil,99999.7592,0.31,0.0
2026-07-23T11:42+00:00,0x7c1ee865a785de4c00ee90ed86a38489fb8bbab3,Will Côte d'Ivoire win on 2026-06-20?,Yes,40000.0,0.14,0.0
2026-07-23T11:42+00:00,0x7c1ee865a785de4c00ee90ed86a38489fb8bbab3,Brazil leading at halftime?,Yes,169999.9966,0.4,0.0
2026-07-23T11:42+00:00,0x7c1ee865a785de4c00ee90ed86a38489fb8bbab3,Spread: Uruguay (-1.5),Uruguay,220000.0,0.4345,0.0
2026-07-23T11:42+00:00,0x7c1ee865a785de4c00ee90ed86a38489fb8bbab3,Spread: France (-2.5),Sweden,197064.5898,0.6835,0.0
2026-07-23T11:42+00:00,0x7c1ee865a785de4c00ee90ed86a38489fb8bbab3,Spread: Brazil (-1.5),Brazil,199999.8613,0.305,0.0
2026-07-23T11:42+00:00,0x7c1ee865a785de4c00ee90ed86a38489fb8bbab3,Colombia vs. Portugal: O/U 3.5,Over,70000.0,0.34,0.0
2026-07-23T11:42+00:00,0x7c1ee865a785de4c00ee90ed86a38489fb8bbab3,Brazil vs. Norway: 1st Half O/U 1.5,Over,37680.6657,0.33,0.0
2026-07-23T11:42+00:00,0x7c1ee865a785de4c00ee90ed86a38489fb8bbab3,Spain leading at halftime?,Yes,119999.1372,0.33,0.0
2026-07-23T11:42+00:00,0x7c1ee865a785de4c00ee90ed86a38489fb8bbab3,Czechia vs. Mexico: O/U 3.5,Over,85323.6847,0.24,0.0
2026-07-23T11:42+00:00,0x7c1ee865a785de4c00ee90ed86a38489fb8bbab3,Colombia vs. Portugal: O/U 2.5,Over,200000.0,0.56,0.0
2026-07-23T11:42+00:00,0xd1c537b2a7cba8d365e111bffb9de7b205e2cbd0,Will France win on 2026-06-16?,No,1999993.6728,0.34,0.0
2026-07-23T11:42+00:00,0xd1c537b2a7cba8d365e111bffb9de7b205e2cbd0,Spread: France (-1.5),Senegal,521578.215,0.6,0.0
2026-07-23T11:42+00:00,0xd1c537b2a7cba8d365e111bffb9de7b205e2cbd0,Will Sweden win on 2026-06-14?,No,955803.1774,0.49,0.0
2026-07-23T11:42+00:00,0xd1c537b2a7cba8d365e111bffb9de7b205e2cbd0,Will Germany vs. Curaçao end in a draw?,Yes,317194.4922,0.0404,0.0
2026-07-23T11:42+00:00,0xd1c537b2a7cba8d365e111bffb9de7b205e2cbd0,Will Brentford FC win on 2026-05-17?,Yes,106971.5222,0.5579,0.0
2026-07-23T11:42+00:00,0xd1c537b2a7cba8d365e111bffb9de7b205e2cbd0,Will Côte d'Ivoire vs. Ecuador end in a draw?,Yes,316557.26,0.3375,0.0
2026-07-23T11:42+00:00,0xd1c537b2a7cba8d365e111bffb9de7b205e2cbd0,Will Fulham FC win on 2026-05-17?,Yes,941664.4433,0.5146,0.0
2026-07-23T11:42+00:00,0xd1c537b2a7cba8d365e111bffb9de7b205e2cbd0,Will Australia be the Jury Winner in the Eurovision 2026 Gra,Yes,28.8571,0.3465,0.0
2026-07-23T11:42+00:00,0xd1c537b2a7cba8d365e111bffb9de7b205e2cbd0,Will Girona FC win on 2026-05-23?,Yes,273479.2804,0.5492,0.0
2026-07-23T11:42+00:00,0xd1c537b2a7cba8d365e111bffb9de7b205e2cbd0,Will England win on 2026-06-23?,Yes,2954437.3592,0.6128,0.0
2026-07-23T11:42+00:00,0xd1c537b2a7cba8d365e111bffb9de7b205e2cbd0,Spread: Norway (-2.5),Iraq,562393.96,0.6854,0.0
2026-07-23T11:42+00:00,0xd1c537b2a7cba8d365e111bffb9de7b205e2cbd0,Will FC Internazionale Milano win on 2026-05-24?,Yes,1146031.4861,0.4789,0.0
2026-07-23T11:42+00:00,0xd1c537b2a7cba8d365e111bffb9de7b205e2cbd0,Will Senegal win on 2026-06-16?,Yes,803076.1869,0.13,0.0
2026-07-23T11:42+00:00,0xd1c537b2a7cba8d365e111bffb9de7b205e2cbd0,Will Atalanta BC win on 2026-05-17?,Yes,229061.7427,0.56,0.0
2026-07-23T11:42+00:00,0xd1c537b2a7cba8d365e111bffb9de7b205e2cbd0,Will Chelsea FC win on 2026-05-19?,No,1825925.6994,0.5777,0.0
2026-07-23T11:42+00:00,0xd1c537b2a7cba8d365e111bffb9de7b205e2cbd0,United States vs. Belgium: O/U 2.5,Under,1042866.143,0.4441,0.0
2026-07-23T11:42+00:00,0xd1c537b2a7cba8d365e111bffb9de7b205e2cbd0,Will Greece win Eurovision 2026?,Yes,88.8888,0.1349,0.0
2026-07-23T11:42+00:00,0xd1c537b2a7cba8d365e111bffb9de7b205e2cbd0,United States vs. Belgium: O/U 3.5,Under,24452.7425,0.68,0.0
2026-07-23T11:42+00:00,0xd1c537b2a7cba8d365e111bffb9de7b205e2cbd0,Will Spain win on 2026-07-10?,No,974686.7561,0.4421,0.0
2026-07-23T11:42+00:00,0xd1c537b2a7cba8d365e111bffb9de7b205e2cbd0,Spread: Argentina (-1.5),Algeria,1009181.2962,0.6237,0.0
2026-07-23T13:54+00:00,0x204f72f35326db932158cba6adff0b9a1da95e14,Spread: EC Vitória (-2.5),Botafogo FR,4554.7806,0.9808,0.9815
2026-07-23T13:54+00:00,0x204f72f35326db932158cba6adff0b9a1da95e14,Spread: St. Louis Cardinals (-1.5),St. Louis Cardinals,9070.0256,0.3894,0.365
2026-07-23T13:54+00:00,0x204f72f35326db932158cba6adff0b9a1da95e14,Exact Score: Chicago Fire FC 0 - 2 Vancouver Whitecaps FC?,No,3761.8945,0.95,0.75
2026-07-23T13:54+00:00,0x204f72f35326db932158cba6adff0b9a1da95e14,Generali Open: Tomas Etcheverry vs Ignacio Buse,Tomas Etcheverry,4834.8687,0.689,0.545
2026-07-23T13:54+00:00,0x204f72f35326db932158cba6adff0b9a1da95e14,Arizona Diamondbacks vs. St. Louis Cardinals: O/U 9.5,Under,3651.6629,0.5717,0.675
2026-07-23T13:54+00:00,0x204f72f35326db932158cba6adff0b9a1da95e14,CA Huracán vs. CA Banfield: O/U 5.5,Under,2035.0,0.9719,0.976
2026-07-23T13:54+00:00,0x204f72f35326db932158cba6adff0b9a1da95e14,Will Vancouver Whitecaps FC win on 2026-07-16?,Yes,6361.3527,0.3858,0.3
2026-07-23T13:54+00:00,0x204f72f35326db932158cba6adff0b9a1da95e14,Tampa Bay Rays vs. Toronto Blue Jays,Tampa Bay Rays,3583.1447,0.4322,0.495
2026-07-23T13:54+00:00,0x204f72f35326db932158cba6adff0b9a1da95e14,Estoril Open: Jaime Faria vs Gonzalo Bueno,Jaime Faria,2034.3355,0.82,0.865
2026-07-23T13:54+00:00,0x204f72f35326db932158cba6adff0b9a1da95e14,Exact Score: Chicago Fire FC 1 - 2 Vancouver Whitecaps FC?,No,1982.2736,0.9087,0.855
2026-07-23T13:54+00:00,0x204f72f35326db932158cba6adff0b9a1da95e14,Estoril Open: Andrey Rublev vs Timofey Skatov,Andrey Rublev,1758.5125,0.88,0.905
2026-07-23T13:54+00:00,0x204f72f35326db932158cba6adff0b9a1da95e14,Spread: RSC Anderlecht (-1.5),Hammarby Fotboll,1493.5221,0.9173,0.915
2026-07-23T13:54+00:00,0x204f72f35326db932158cba6adff0b9a1da95e14,Tampere: Henri Squire vs Franco Roncadelli,Henri Squire,1380.079,0.9083,0.9865
2026-07-23T13:54+00:00,0x204f72f35326db932158cba6adff0b9a1da95e14,Livesport Prague Open: Lucie Havlickova vs Barbora Krejcikov,Barbora Krejcikova,1551.0,0.88,0.875
2026-07-23T13:54+00:00,0x204f72f35326db932158cba6adff0b9a1da95e14,Hamburg European Open (Doubles): Korpatsch/Akugue vs Kulamba,Kulambayeva/Semenistaja,2101.9457,0.7502,0.625
2026-07-23T13:54+00:00,0x204f72f35326db932158cba6adff0b9a1da95e14,Atlanta Braves vs. Chicago White Sox: O/U 5.5,Over,1709.0,0.78,0.725
2026-07-23T13:54+00:00,0x204f72f35326db932158cba6adff0b9a1da95e14,Spread: Cleveland Guardians (-1.5),Cleveland Guardians,2855.0606,0.3426,0.425
2026-07-23T13:54+00:00,0x204f72f35326db932158cba6adff0b9a1da95e14,Livesport Prague Open: Mai Hontama vs Lilli Tagger,Lilli Tagger,1202.961,0.6932,0.9475
2026-07-23T13:54+00:00,0x204f72f35326db932158cba6adff0b9a1da95e14,Generali Open: Tomas Etcheverry vs Ignacio Buse,Ignacio Buse,2322.603,0.3587,0.455
2026-07-23T13:54+00:00,0x204f72f35326db932158cba6adff0b9a1da95e14,Exact Score: Chicago Fire FC 3 - 3 Vancouver Whitecaps FC?,No,961.581,0.9739,0.965
2026-07-23T13:54+00:00,0x204f72f35326db932158cba6adff0b9a1da95e14,Exact Score: Chicago Fire FC 3 - 2 Vancouver Whitecaps FC?,No,1228.8322,0.9583,0.75
2026-07-23T13:54+00:00,0x204f72f35326db932158cba6adff0b9a1da95e14,Hamburg European Open: Paula Badosa vs Panna Udvardy,Panna Udvardy,2151.0,0.3849,0.405
2026-07-23T13:54+00:00,0x204f72f35326db932158cba6adff0b9a1da95e14,Detroit Tigers vs. Cleveland Guardians: O/U 4.5,Over,970.0,0.81,0.836
2026-07-23T13:54+00:00,0x204f72f35326db932158cba6adff0b9a1da95e14,Zug: Harold Mayot vs Mika Brunold,Mika Brunold,1474.0997,0.4528,0.445
2026-07-23T13:54+00:00,0x204f72f35326db932158cba6adff0b9a1da95e14,Livesport Prague Open: Maria Timofeeva vs Sara Bejlek,Sara Bejlek,1077.64,0.5928,0.581
2026-07-23T13:54+00:00,0x204f72f35326db932158cba6adff0b9a1da95e14,KBO: Hanwha Eagles vs. LG Twins,LG Twins,777.1246,0.507,0.7805
2026-07-23T13:54+00:00,0x204f72f35326db932158cba6adff0b9a1da95e14,Exact Score: Chicago Fire FC 0 - 0 Vancouver Whitecaps FC?,No,733.6003,0.9609,0.7544
2026-07-23T13:54+00:00,0x204f72f35326db932158cba6adff0b9a1da95e14,Chicago Fire FC vs. Vancouver Whitecaps FC: O/U 2.5,Under,905.9905,0.3399,0.58
2026-07-23T13:54+00:00,0x204f72f35326db932158cba6adff0b9a1da95e14,Exact Score: Chicago Fire FC 1 - 1 Vancouver Whitecaps FC?,No,656.25,0.88,0.795
2026-07-23T13:54+00:00,0x204f72f35326db932158cba6adff0b9a1da95e14,Exact Score: Chicago Fire FC 0 - 3 Vancouver Whitecaps FC?,No,648.7009,0.9699,0.7534
2026-07-23T13:54+00:00,0x204f72f35326db932158cba6adff0b9a1da95e14,Vasteraas SK vs. Orgryte IS: Both Teams to Score,Yes,828.9623,0.5699,0.585
2026-07-23T13:54+00:00,0x204f72f35326db932158cba6adff0b9a1da95e14,Exact Score: Chicago Fire FC 1 - 3 Vancouver Whitecaps FC?,No,645.7179,0.9467,0.7495
2026-07-23T13:54+00:00,0x204f72f35326db932158cba6adff0b9a1da95e14,Shanghai Haigang FC vs. Dalian Yingbo FC: O/U 1.5,Over,664.8192,0.8281,0.715
2026-07-23T13:54+00:00,0x204f72f35326db932158cba6adff0b9a1da95e14,Exact Score: Chicago Fire FC 2 - 2 Vancouver Whitecaps FC?,No,627.0,0.91,0.71
2026-07-23T13:54+00:00,0x204f72f35326db932158cba6adff0b9a1da95e14,Spread: St. Louis Cardinals (-1.5),Arizona Diamondbacks,692.1059,0.6267,0.635
2026-07-23T13:54+00:00,0x204f72f35326db932158cba6adff0b9a1da95e14,KBO: KT Wiz vs. Samsung Lions,KT Wiz,717.9316,0.53,0.5985
2026-07-23T13:54+00:00,0x204f72f35326db932158cba6adff0b9a1da95e14,Spread: Associação Chapecoense de Futebol (-2.5),Santos FC,433.959,0.9883,0.9895
2026-07-23T13:54+00:00,0x204f72f35326db932158cba6adff0b9a1da95e14,Toronto Blue Jays vs. Chicago Cubs: O/U 4.5,Over,510.0,0.7681,0.82
2026-07-23T13:54+00:00,0x204f72f35326db932158cba6adff0b9a1da95e14,Detroit Tigers vs. Cleveland Guardians: O/U 10.5,Under,565.0128,0.775,0.74
2026-07-23T13:54+00:00,0x204f72f35326db932158cba6adff0b9a1da95e14,Spread: Botafogo FR (-1.5),EC Vitória,581.7662,0.6899,0.6949
2026-07-23T13:54+00:00,0x204f72f35326db932158cba6adff0b9a1da95e14,Will Clube do Remo win on 2026-07-23?,No,450.0,0.87,0.875
2026-07-23T13:54+00:00,0x204f72f35326db932158cba6adff0b9a1da95e14,Will Vancouver Whitecaps FC win on 2026-07-16?,No,528.1,0.5848,0.7
2026-07-23T13:54+00:00,0x204f72f35326db932158cba6adff0b9a1da95e14,Spread: CA San Lorenzo de Almagro (-2.5),CA Lanús,370.6389,0.977,0.985
2026-07-23T13:54+00:00,0x204f72f35326db932158cba6adff0b9a1da95e14,Shanghai Haigang FC vs. Dalian Yingbo FC: Dalian Yingbo FC O,Over,881.7223,0.7397,0.4
2026-07-23T13:54+00:00,0x204f72f35326db932158cba6adff0b9a1da95e14,Chicago Fire FC vs. Vancouver Whitecaps FC: O/U 2.5,Over,800.2572,0.6595,0.42
2026-07-23T13:54+00:00,0x204f72f35326db932158cba6adff0b9a1da95e14,KBO: NC Dinos vs. Kia Tigers,Kia Tigers,400.0,0.4841,0.7945
2026-07-23T13:54+00:00,0x204f72f35326db932158cba6adff0b9a1da95e14,Wuhan San Zhen FC vs. Henan FC: O/U 4.5,Under,423.6547,0.8399,0.75
2026-07-23T13:54+00:00,0x204f72f35326db932158cba6adff0b9a1da95e14,Botafogo FR vs. EC Vitória: EC Vitória O/U 0.5,Over,501.2063,0.6299,0.63
2026-07-23T13:54+00:00,0x204f72f35326db932158cba6adff0b9a1da95e14,Arizona Diamondbacks vs. St. Louis Cardinals: O/U 8.5,Under,530.2205,0.5181,0.595
2026-07-23T13:54+00:00,0x204f72f35326db932158cba6adff0b9a1da95e14,Chicago Fire FC vs. Vancouver Whitecaps FC: Both Teams to Sc,No,1030.0,0.32,0.305
2026-07-23T13:54+00:00,0x09b428f7c2b469786286214aa5c90dd9015f7320,Lionel Messi: 1+ goals,Yes,440000.0,0.5148,0.0
2026-07-23T13:54+00:00,0x09b428f7c2b469786286214aa5c90dd9015f7320,Will England win on 2026-07-11?,Yes,2251963.1237,0.5086,0.0
2026-07-23T13:54+00:00,0x476e1322d1a412fa0325527b8c3bc5e707b1396d,Will England win the 2026 FIFA World Cup?,Yes,23290.29,0.16,0.0
2026-07-23T13:54+00:00,0xe549581668a5751c1972d3ad2d1991d900bd2d54,Will Japan win on 2026-06-25?,Yes,346952.06,0.4796,0.0
2026-07-23T13:54+00:00,0xe549581668a5751c1972d3ad2d1991d900bd2d54,Will Canada vs. Morocco end in a draw?,Yes,299999.8432,0.28,0.0
2026-07-23T13:54+00:00,0xe549581668a5751c1972d3ad2d1991d900bd2d54,Will Brazil vs. Japan end in a draw?,Yes,196973.6765,0.25,0.0
2026-07-23T13:54+00:00,0xe549581668a5751c1972d3ad2d1991d900bd2d54,Will Croatia win the 2026 FIFA World Cup?,Yes,599999.6708,0.009,0.0
2026-07-23T13:54+00:00,0xe549581668a5751c1972d3ad2d1991d900bd2d54,Will France win the 2026 FIFA World Cup?,Yes,410677.9183,0.1756,0.0
2026-07-23T13:54+00:00,0xe549581668a5751c1972d3ad2d1991d900bd2d54,Côte d'Ivoire vs. Ecuador: O/U 1.5,Over,185680.7912,0.59,0.0
2026-07-23T13:54+00:00,0xe549581668a5751c1972d3ad2d1991d900bd2d54,France vs. Spain: Team to Advance,France,300000.0,0.5625,0.0
2026-07-23T13:54+00:00,0xe549581668a5751c1972d3ad2d1991d900bd2d54,Will England win the 2026 FIFA World Cup?,Yes,574999.6893,0.1116,0.0
2026-07-23T13:54+00:00,0xe549581668a5751c1972d3ad2d1991d900bd2d54,Will Uruguay win on 2026-06-21?,Yes,215880.88,0.6,0.0
2026-07-23T13:54+00:00,0xe549581668a5751c1972d3ad2d1991d900bd2d54,Will Mexico vs. Ecuador end in a draw?,Yes,318815.7426,0.33,0.0
2026-07-23T13:54+00:00,0xe549581668a5751c1972d3ad2d1991d900bd2d54,Norway vs. France: O/U 5.5,Over,299999.3491,0.55,0.0
2026-07-23T13:54+00:00,0xe549581668a5751c1972d3ad2d1991d900bd2d54,Will United States vs. Australia end in a draw?,Yes,228496.6717,0.22,0.0
2026-07-23T13:54+00:00,0xe549581668a5751c1972d3ad2d1991d900bd2d54,Will Argentina win the 2026 FIFA World Cup?,Yes,784524.42,0.0859,0.0
2026-07-23T13:54+00:00,0xe549581668a5751c1972d3ad2d1991d900bd2d54,Spread: France (-1.5),France,299999.3599,0.19,0.0
2026-07-23T13:54+00:00,0xe549581668a5751c1972d3ad2d1991d900bd2d54,Will Brazil vs. Norway end in a draw?,Yes,699998.7668,0.26,0.0
2026-07-23T13:54+00:00,0xe549581668a5751c1972d3ad2d1991d900bd2d54,Will France vs. Spain end in a draw?,Yes,750000.0,0.3,0.0
2026-07-23T13:54+00:00,0xe549581668a5751c1972d3ad2d1991d900bd2d54,Spread: Austria (-1.5),Jordan,71705.139,0.5339,0.0
2026-07-23T13:54+00:00,0xe549581668a5751c1972d3ad2d1991d900bd2d54,Will Belgium win on 2026-07-06?,No,599997.8364,0.65,0.0
2026-07-23T13:54+00:00,0xe549581668a5751c1972d3ad2d1991d900bd2d54,Will England vs. Argentina end in a draw?,Yes,337253.5394,0.3338,0.0
2026-07-23T13:54+00:00,0xe549581668a5751c1972d3ad2d1991d900bd2d54,Will Ghana win on 2026-06-17?,No,29328.2265,0.56,0.0
2026-07-23T13:54+00:00,0xe549581668a5751c1972d3ad2d1991d900bd2d54,Will France win on 2026-07-18?,Yes,500000.0,0.52,0.0
2026-07-23T13:54+00:00,0xe549581668a5751c1972d3ad2d1991d900bd2d54,Will Brazil win the 2026 FIFA World Cup?,Yes,949999.7724,0.0724,0.0
2026-07-23T13:54+00:00,0xe549581668a5751c1972d3ad2d1991d900bd2d54,Will Argentina vs. Egypt end in a draw?,Yes,187071.545,0.2,0.0
2026-07-23T13:54+00:00,0xe549581668a5751c1972d3ad2d1991d900bd2d54,Will Belgium win the 2026 FIFA World Cup?,Yes,1308815.4238,0.0123,0.0
2026-07-23T13:54+00:00,0xe549581668a5751c1972d3ad2d1991d900bd2d54,Will Sweden win on 2026-06-14?,No,433383.7403,0.49,0.0
2026-07-23T13:54+00:00,0xe549581668a5751c1972d3ad2d1991d900bd2d54,Will Senegal win the 2026 FIFA World Cup?,Yes,1499999.7348,0.007,0.0
2026-07-23T13:54+00:00,0xe549581668a5751c1972d3ad2d1991d900bd2d54,Will Switzerland vs. Bosnia and Herzegovina end in a draw?,Yes,49537.242,0.33,0.0
2026-07-23T13:54+00:00,0xe549581668a5751c1972d3ad2d1991d900bd2d54,Sweden vs. Tunisia: O/U 2.5,Under,165698.6461,0.56,0.0
2026-07-23T13:54+00:00,0xe549581668a5751c1972d3ad2d1991d900bd2d54,South Africa vs. Korea Republic: O/U 2.5,Over,499998.7305,0.4692,0.0
2026-07-23T13:54+00:00,0xe549581668a5751c1972d3ad2d1991d900bd2d54,Will Czechia win on 2026-06-18?,Yes,555199.5032,0.548,0.0
2026-07-23T13:54+00:00,0xe549581668a5751c1972d3ad2d1991d900bd2d54,Spread: Korea Republic (-1.5),Korea Republic,399998.8931,0.32,0.0
2026-07-23T13:54+00:00,0xe549581668a5751c1972d3ad2d1991d900bd2d54,Brazil vs. Morocco: O/U 3.5,Over,199999.8173,0.54,0.0
2026-07-23T13:54+00:00,0xe549581668a5751c1972d3ad2d1991d900bd2d54,England vs. DR Congo: O/U 2.5,Under,34986.79,0.5,0.0
2026-07-23T13:54+00:00,0xe549581668a5751c1972d3ad2d1991d900bd2d54,Belgium vs. IR Iran: O/U 2.5,Over,599999.9725,0.53,0.0
2026-07-23T13:54+00:00,0xe549581668a5751c1972d3ad2d1991d900bd2d54,Will Ecuador win the 2026 FIFA World Cup?,Yes,1199999.7263,0.008,0.0
2026-07-23T13:54+00:00,0xe549581668a5751c1972d3ad2d1991d900bd2d54,Spread: Spain (-1.5),Spain,149999.8399,0.4,0.0
2026-07-23T13:54+00:00,0xe549581668a5751c1972d3ad2d1991d900bd2d54,Japan vs. Sweden: O/U 2.5,Over,677.7882,0.49,0.0
2026-07-23T13:54+00:00,0xe549581668a5751c1972d3ad2d1991d900bd2d54,Will England win on 2026-07-01?,No,88960.2,0.23,0.0
2026-07-23T13:54+00:00,0xe549581668a5751c1972d3ad2d1991d900bd2d54,Will Mexico vs. England end in a draw?,Yes,69566.4782,0.3,0.0
2026-07-23T13:54+00:00,0xe549581668a5751c1972d3ad2d1991d900bd2d54,Spread: Spain (-2.5),Spain,20784.62,0.5,0.0
2026-07-23T13:54+00:00,0xe549581668a5751c1972d3ad2d1991d900bd2d54,Spread: Portugal (-1.5),Uzbekistan,299999.4266,0.42,0.0
2026-07-23T13:54+00:00,0xe549581668a5751c1972d3ad2d1991d900bd2d54,Spread: Portugal (-2.5),Uzbekistan,499999.2669,0.6099,0.0
2026-07-23T13:54+00:00,0xe549581668a5751c1972d3ad2d1991d900bd2d54,Will Japan win on 2026-06-21?,No,400000.0,0.31,0.0
2026-07-23T13:54+00:00,0xe549581668a5751c1972d3ad2d1991d900bd2d54,Belgium vs. Egypt: O/U 2.5,Over,90479.4486,0.61,0.0
2026-07-23T13:54+00:00,0xe549581668a5751c1972d3ad2d1991d900bd2d54,Will France vs. Morocco end in a draw?,Yes,6119.7883,0.24,0.0
2026-07-23T13:54+00:00,0xe549581668a5751c1972d3ad2d1991d900bd2d54,Spread: France (-1.5),France,23743.208,0.58,0.0
2026-07-23T13:54+00:00,0xe549581668a5751c1972d3ad2d1991d900bd2d54,Germany vs. Paraguay: O/U 2.5,Over,183809.6049,0.56,0.0
2026-07-23T13:54+00:00,0xe549581668a5751c1972d3ad2d1991d900bd2d54,Will Korea Republic vs. Czechia end in a draw?,Yes,103554.9575,0.31,0.0
2026-07-23T13:54+00:00,0xe549581668a5751c1972d3ad2d1991d900bd2d54,Portugal vs. Uzbekistan: O/U 3.5,Under,549999.036,0.6018,0.0
2026-07-23T13:54+00:00,0xe549581668a5751c1972d3ad2d1991d900bd2d54,Will Portugal vs. Croatia end in a draw?,Yes,199999.4147,0.27,0.0
2026-07-23T13:54+00:00,0x83720820a8aa6c3f20ad71850e7a1a17d16c5223,Will Marco Rubio win the 2028 Republican presidential nomina,Yes,367407.7833,0.2198,0.2795
2026-07-23T13:54+00:00,0x83720820a8aa6c3f20ad71850e7a1a17d16c5223,Spread: Arsenal FC (-1.5),Arsenal FC,4214.9,0.53,0.0
2026-07-23T13:54+00:00,0x83720820a8aa6c3f20ad71850e7a1a17d16c5223,Paris Saint-Germain FC vs. Chelsea FC: O/U 2.5,Under,29702.1228,0.4099,0.0
2026-07-23T13:54+00:00,0x83720820a8aa6c3f20ad71850e7a1a17d16c5223,Manchester United FC vs. Crystal Palace FC: O/U 2.5,Under,76000.0,0.44,0.0
2026-07-23T13:54+00:00,0x83720820a8aa6c3f20ad71850e7a1a17d16c5223,Burnley FC vs. Manchester City FC: O/U 3.5,Over,1977.429,0.52,0.0
2026-07-23T13:54+00:00,0x83720820a8aa6c3f20ad71850e7a1a17d16c5223,Will Argentina win on 2026-07-15?,No,176142.1088,0.6825,0.0
2026-07-23T13:54+00:00,0x83720820a8aa6c3f20ad71850e7a1a17d16c5223,Will France win the 2026 FIFA World Cup?,Yes,694546.168,0.2953,0.0
2026-07-23T13:54+00:00,0x83720820a8aa6c3f20ad71850e7a1a17d16c5223,Spread: France (-1.5),Senegal,124999.5868,0.61,0.0
2026-07-23T13:54+00:00,0x83720820a8aa6c3f20ad71850e7a1a17d16c5223,Will Newcastle United FC win on 2026-03-22?,Yes,23919.4651,0.58,0.0
2026-07-23T13:54+00:00,0x83720820a8aa6c3f20ad71850e7a1a17d16c5223,Newcastle United FC vs. Everton FC: O/U 2.5,Under,15000.0,0.45,0.0
2026-07-23T13:54+00:00,0x83720820a8aa6c3f20ad71850e7a1a17d16c5223,Germany vs. Paraguay: Team to Advance,Germany,327000.0,0.87,0.0
2026-07-23T13:54+00:00,0x83720820a8aa6c3f20ad71850e7a1a17d16c5223,Spread: Brazil (-2.5),Haiti,177998.7547,0.49,0.0
2026-07-23T13:54+00:00,0x83720820a8aa6c3f20ad71850e7a1a17d16c5223,Spread: Liverpool FC (-1.5),Galatasaray SK,51909.6236,0.41,0.0
2026-07-23T13:54+00:00,0x83720820a8aa6c3f20ad71850e7a1a17d16c5223,Will England win the 2026 FIFA World Cup?,Yes,3462118.7361,0.1188,0.0
2026-07-23T13:54+00:00,0x83720820a8aa6c3f20ad71850e7a1a17d16c5223,Brighton & Hove Albion FC vs. Chelsea FC: O/U 2.5,Under,70564.1069,0.4159,0.0
2026-07-23T13:54+00:00,0x83720820a8aa6c3f20ad71850e7a1a17d16c5223,US x Iran ceasefire by March 15?,Yes,10458.0052,0.2466,0.0
2026-07-23T13:54+00:00,0x83720820a8aa6c3f20ad71850e7a1a17d16c5223,Kamala Harris wins the popular vote?,Yes,295.8933,0.5914,0.0
2026-07-23T13:54+00:00,0x83720820a8aa6c3f20ad71850e7a1a17d16c5223,Will Brazil win the 2026 FIFA World Cup?,Yes,1697935.2489,0.0622,0.0
2026-07-23T13:54+00:00,0x83720820a8aa6c3f20ad71850e7a1a17d16c5223,Portugal vs. Spain: Both Teams to Score,Yes,754199.5629,0.4134,0.0
2026-07-23T13:54+00:00,0x83720820a8aa6c3f20ad71850e7a1a17d16c5223,Will Paris Saint-Germain FC win on 2026-03-11?,No,90099.9998,0.5499,0.0
2026-07-23T13:54+00:00,0x83720820a8aa6c3f20ad71850e7a1a17d16c5223,Will Belgium win the 2026 FIFA World Cup?,Yes,2643707.0277,0.0127,0.0
2026-07-23T13:54+00:00,0x83720820a8aa6c3f20ad71850e7a1a17d16c5223,Spread: Newcastle United FC (-1.5),Qarabağ Ağdam FK,75308.0703,0.5309,0.0
2026-07-23T13:54+00:00,0x83720820a8aa6c3f20ad71850e7a1a17d16c5223,Will Liverpool FC win on 2026-03-21?,Yes,4789.7671,0.44,0.0
2026-07-23T13:54+00:00,0x83720820a8aa6c3f20ad71850e7a1a17d16c5223,Will Manchester City FC win on 2026-04-04?,No,53353.1117,0.45,0.0
2026-07-23T13:54+00:00,0x83720820a8aa6c3f20ad71850e7a1a17d16c5223,Tottenham Hotspur FC vs. Club Atlético de Madrid: O/U 3.5,Under,58113.3856,0.65,0.0
2026-07-23T13:54+00:00,0x83720820a8aa6c3f20ad71850e7a1a17d16c5223,Will Ecuador win the 2026 FIFA World Cup?,Yes,4699294.4233,0.0059,0.0
2026-07-23T13:54+00:00,0x83720820a8aa6c3f20ad71850e7a1a17d16c5223,Paris Saint-Germain FC vs. Chelsea FC: O/U 3.5,Under,105691.1588,0.6143,0.0
2026-07-23T13:54+00:00,0x83720820a8aa6c3f20ad71850e7a1a17d16c5223,Spain vs. Argentina: Both Teams to Score,Yes,1029999.0249,0.3694,0.0
2026-07-23T13:54+00:00,0x83720820a8aa6c3f20ad71850e7a1a17d16c5223,US x Iran ceasefire by March 6?,Yes,18499.9895,0.08,0.0
2026-07-23T13:54+00:00,0x83720820a8aa6c3f20ad71850e7a1a17d16c5223,Will Portugal win the 2026 FIFA World Cup?,Yes,59701.4925,0.0669,0.0
2026-07-23T13:54+00:00,0x83720820a8aa6c3f20ad71850e7a1a17d16c5223,Spread: Germany (-3.5),Curaçao,94998.7199,0.51,0.0
2026-07-23T13:54+00:00,0x83720820a8aa6c3f20ad71850e7a1a17d16c5223,France vs. Morocco: Both Teams to Score,Yes,558653.091,0.2792,0.0
2026-07-23T13:54+00:00,0x83720820a8aa6c3f20ad71850e7a1a17d16c5223,FK Bodø/Glimt vs. FC Internazionale Milano: O/U 3.5,Under,55245.9016,0.6099,0.0
2026-07-23T13:54+00:00,0x83720820a8aa6c3f20ad71850e7a1a17d16c5223,Tottenham Hotspur FC vs. Club Atlético de Madrid: O/U 2.5,Under,34801.6475,0.42,0.0
2026-07-23T13:54+00:00,0x83720820a8aa6c3f20ad71850e7a1a17d16c5223,Will Netherlands win the 2026 FIFA World Cup?,Yes,500000.0,0.04,0.0
2026-07-23T13:54+00:00,0x83720820a8aa6c3f20ad71850e7a1a17d16c5223,US x Iran ceasefire by March 31?,Yes,482.0166,0.46,0.0
2026-07-23T13:54+00:00,0x83720820a8aa6c3f20ad71850e7a1a17d16c5223,Will Switzerland win the 2026 FIFA World Cup?,Yes,5990714.6879,0.0084,0.0
2026-07-23T13:54+00:00,0x83720820a8aa6c3f20ad71850e7a1a17d16c5223,Will Ivan Cepeda Castro win the 2026 Colombian presidential ,Yes,30570.5387,0.2168,0.0
2026-07-23T13:54+00:00,0x83720820a8aa6c3f20ad71850e7a1a17d16c5223,France vs. Senegal: O/U 2.5,Under,174999.9295,0.4957,0.0
2026-07-23T13:54+00:00,0x83720820a8aa6c3f20ad71850e7a1a17d16c5223,Will Switzerland win on 2026-06-13?,Yes,215085.8895,0.8233,0.0
2026-07-23T13:54+00:00,0x83720820a8aa6c3f20ad71850e7a1a17d16c5223,West Ham United FC vs. Everton FC: O/U 2.5,Under,8738.4794,0.48,0.0
2026-07-23T13:54+00:00,0x83720820a8aa6c3f20ad71850e7a1a17d16c5223,"UFC 329: Paddy Pimblett vs. Benoît Saint Denis (Lightweight,",Benoît Saint Denis,321363.6257,0.5531,0.0
2026-07-23T13:54+00:00,0x83720820a8aa6c3f20ad71850e7a1a17d16c5223,Will FC Barcelona win on 2026-03-18?,No,118999.8677,0.37,0.0
2026-07-23T13:54+00:00,0x83720820a8aa6c3f20ad71850e7a1a17d16c5223,Will Morocco win the 2026 FIFA World Cup?,Yes,808271.9766,0.0207,0.0
2026-07-23T13:54+00:00,0x83720820a8aa6c3f20ad71850e7a1a17d16c5223,Will Manchester City FC win on 2026-02-28?,No,61000.0,0.42,0.0
2026-07-23T13:54+00:00,0x83720820a8aa6c3f20ad71850e7a1a17d16c5223,Newcastle United FC vs. Manchester City FC: O/U 3.5,Under,14000.0,0.6485,0.0
2026-07-23T13:54+00:00,0x83720820a8aa6c3f20ad71850e7a1a17d16c5223,Wolverhampton Wanderers FC vs. Liverpool FC: O/U 3.5,Under,115999.5192,0.6697,0.0
2026-07-23T13:54+00:00,0x83720820a8aa6c3f20ad71850e7a1a17d16c5223,Newcastle United FC vs. Qarabağ Ağdam FK: O/U 4.5,Under,54465.5433,0.6571,0.0
2026-07-23T13:54+00:00,0x83720820a8aa6c3f20ad71850e7a1a17d16c5223,Will Germany win the 2026 FIFA World Cup?,Yes,312904.4063,0.0514,0.0
2026-07-23T13:54+00:00,0x83720820a8aa6c3f20ad71850e7a1a17d16c5223,Will AFC Bournemouth win on 2026-03-14?,Yes,94339.6226,0.5299,0.0
2026-07-23T13:54+00:00,0x5b4ec9c06b284ee52c41a761974d836992880232,San Diego Padres vs. Washington Nationals: O/U 7.5,Under,167809.13,0.49,0.0
2026-07-23T13:54+00:00,0x5b4ec9c06b284ee52c41a761974d836992880232,Will Brazil win on 2026-07-05?,Yes,126723.4091,0.5136,0.0
2026-07-23T13:54+00:00,0x5b4ec9c06b284ee52c41a761974d836992880232,Spread: Germany (-1.5),Germany,336022.2814,0.47,0.0
2026-07-23T13:54+00:00,0x5b4ec9c06b284ee52c41a761974d836992880232,Cavaliers vs. Knicks: O/U 215.5,Over,174136.555,0.49,0.0
2026-07-23T13:54+00:00,0x5b4ec9c06b284ee52c41a761974d836992880232,England vs. Argentina: O/U 2.5,Under,638543.0208,0.5972,0.0
2026-07-23T13:54+00:00,0x5b4ec9c06b284ee52c41a761974d836992880232,Will England win on 2026-07-05?,No,600000.0,0.61,0.0
2026-07-23T13:54+00:00,0x5b4ec9c06b284ee52c41a761974d836992880232,Miami Marlins vs. Washington Nationals: O/U 9.5,Under,99640.25,0.5699,0.0
2026-07-23T13:54+00:00,0x5b4ec9c06b284ee52c41a761974d836992880232,Will Netherlands win on 2026-06-20?,No,900000.0,0.42,0.0
2026-07-23T13:54+00:00,0x5b4ec9c06b284ee52c41a761974d836992880232,England vs. Argentina: O/U 1.5,Under,161466.6214,0.326,0.0
2026-07-23T13:54+00:00,0x5b4ec9c06b284ee52c41a761974d836992880232,Colorado Rockies vs. Philadelphia Phillies: O/U 7.5,Under,93871.2631,0.53,0.0
2026-07-23T13:54+00:00,0x5b4ec9c06b284ee52c41a761974d836992880232,Spread: Uruguay (-1.5),Uruguay,106309.3,0.43,0.0
2026-07-23T13:54+00:00,0x5b4ec9c06b284ee52c41a761974d836992880232,Philadelphia Phillies vs. New York Mets: O/U 8.5,Under,39618.86,0.519,0.0
2026-07-23T13:54+00:00,0x5b4ec9c06b284ee52c41a761974d836992880232,Colorado Rockies vs. Los Angeles Dodgers: O/U 9.5,Under,37780.67,0.48,0.0
2026-07-23T13:54+00:00,0x5b4ec9c06b284ee52c41a761974d836992880232,Detroit Tigers vs. Tampa Bay Rays: O/U 8.5,Under,93367.56,0.52,0.0
2026-07-23T13:54+00:00,0x5b4ec9c06b284ee52c41a761974d836992880232,Atlanta Braves vs. Los Angeles Dodgers: O/U 8.5,Under,63829.34,0.5,0.0
2026-07-23T13:54+00:00,0x5b4ec9c06b284ee52c41a761974d836992880232,Brazil vs. Japan: O/U 2.5,Under,403090.3257,0.58,0.0
2026-07-23T13:54+00:00,0x5b4ec9c06b284ee52c41a761974d836992880232,Kansas City Royals vs. Texas Rangers: O/U 7.5,Under,57573.11,0.47,0.0
2026-07-23T13:54+00:00,0x5b4ec9c06b284ee52c41a761974d836992880232,Thunder vs. Spurs,Thunder,599999.2166,0.42,0.0
2026-07-23T13:54+00:00,0x5b4ec9c06b284ee52c41a761974d836992880232,SC Freiburg vs. Aston Villa FC: O/U 2.5,Under,59999.9433,0.52,0.0
2026-07-23T13:54+00:00,0x5b4ec9c06b284ee52c41a761974d836992880232,San Francisco Giants vs. Seattle Mariners: O/U 7.5,Over,156250.0829,0.46,0.0
2026-07-23T13:54+00:00,0x5b4ec9c06b284ee52c41a761974d836992880232,Uzbekistan vs. Colombia: O/U 2.5,Under,610393.4799,0.5093,0.0
2026-07-23T13:54+00:00,0x5b4ec9c06b284ee52c41a761974d836992880232,Argentina vs. Egypt: O/U 2.5,Under,240967.8757,0.5216,0.0
2026-07-23T13:54+00:00,0x5b4ec9c06b284ee52c41a761974d836992880232,New York Mets vs. Seattle Mariners: O/U 7.5,Under,172672.34,0.5,0.0
2026-07-23T13:54+00:00,0x5b4ec9c06b284ee52c41a761974d836992880232,Will Austria win the 2026 FIFA World Cup?,Yes,2931638.36,0.005,0.0
2026-07-23T13:54+00:00,0x5b4ec9c06b284ee52c41a761974d836992880232,England vs. Argentina: Team to Advance,England,484419.9802,0.5355,0.0
2026-07-23T13:54+00:00,0x5b4ec9c06b284ee52c41a761974d836992880232,Chicago Cubs vs. Pittsburgh Pirates: O/U 7.5,Under,19332.79,0.49,0.0
2026-07-23T13:54+00:00,0x5b4ec9c06b284ee52c41a761974d836992880232,Chicago White Sox vs. Philadelphia Phillies: O/U 9.5,Under,23579.57,0.5551,0.0
2026-07-23T13:54+00:00,0x5b4ec9c06b284ee52c41a761974d836992880232,Will Canada win the 2026 FIFA World Cup?,Yes,2872898.22,0.003,0.0
2026-07-23T13:54+00:00,0x5b4ec9c06b284ee52c41a761974d836992880232,Will France win on 2026-07-09?,No,500.0,0.39,0.0
2026-07-23T13:54+00:00,0x5b4ec9c06b284ee52c41a761974d836992880232,Cincinnati Reds vs. Pittsburgh Pirates: O/U 7.5,Under,75896.31,0.45,0.0
2026-07-23T13:54+00:00,0xf0318c32136c2db7fec88b84869aee6a1106c80c,Switzerland vs. Colombia: O/U 2.5,Over,559736.0329,0.3999,0.0
2026-07-23T13:54+00:00,0xf0318c32136c2db7fec88b84869aee6a1106c80c,Ecuador vs. Germany: O/U 0.5,Under,19714.5324,0.05,0.0
2026-07-23T13:54+00:00,0xf0318c32136c2db7fec88b84869aee6a1106c80c,Tampa Bay Rays vs. Boston Red Sox,Tampa Bay Rays,41023.7407,0.48,0.0
2026-07-23T13:54+00:00,0xf0318c32136c2db7fec88b84869aee6a1106c80c,Will Senegal win on 2026-07-01?,Yes,1059496.2765,0.25,0.0
2026-07-23T13:54+00:00,0xf0318c32136c2db7fec88b84869aee6a1106c80c,Will Scotland win on 2026-06-19?,Yes,169173.5293,0.2867,0.0
2026-07-23T13:54+00:00,0xf0318c32136c2db7fec88b84869aee6a1106c80c,Will Canada vs. Morocco end in a draw?,Yes,174761.2781,0.28,0.0
2026-07-23T13:54+00:00,0xf0318c32136c2db7fec88b84869aee6a1106c80c,San Diego Padres vs. Atlanta Braves,San Diego Padres,72786.6014,0.46,0.0
2026-07-23T13:54+00:00,0xf0318c32136c2db7fec88b84869aee6a1106c80c,Spread: Thunder (-5.5),Spurs,249999.8425,0.46,0.0
2026-07-23T13:54+00:00,0xf0318c32136c2db7fec88b84869aee6a1106c80c,Will France win on 2026-06-16?,No,828798.2595,0.3296,0.0
2026-07-23T13:54+00:00,0xf0318c32136c2db7fec88b84869aee6a1106c80c,Will Brazil vs. Japan end in a draw?,Yes,2020266.8344,0.3333,0.0
2026-07-23T13:54+00:00,0xf0318c32136c2db7fec88b84869aee6a1106c80c,France vs. Spain: O/U 0.5,Under,129849.3764,0.0698,0.0
2026-07-23T13:54+00:00,0xf0318c32136c2db7fec88b84869aee6a1106c80c,Will United States win on 2026-06-12?,No,1161604.8888,0.53,0.0
2026-07-23T13:54+00:00,0xf0318c32136c2db7fec88b84869aee6a1106c80c,Tunisia vs. Netherlands: O/U 2.5,Under,70486.4951,0.3041,0.0
2026-07-23T13:54+00:00,0xf0318c32136c2db7fec88b84869aee6a1106c80c,Will Spain win on 2026-07-19?,Yes,1392932.3192,0.3398,0.0
2026-07-23T13:54+00:00,0xf0318c32136c2db7fec88b84869aee6a1106c80c,Iraq vs. Norway: O/U 7.5,Over,349837.0004,0.061,0.0
2026-07-23T13:54+00:00,0xf0318c32136c2db7fec88b84869aee6a1106c80c,Tunisia vs. Netherlands: O/U 0.5,Under,13947.4174,0.0287,0.0
2026-07-23T13:54+00:00,0xf0318c32136c2db7fec88b84869aee6a1106c80c,Will Heart of Midlothian FC win on 2026-07-21?,Yes,3507.5347,0.24,0.0
2026-07-23T13:54+00:00,0xf0318c32136c2db7fec88b84869aee6a1106c80c,Will Ghana win on 2026-07-03?,Yes,805544.4813,0.1,0.0
2026-07-23T13:54+00:00,0xf0318c32136c2db7fec88b84869aee6a1106c80c,Will KF Víkingur win on 2026-07-21?,No,26291.2471,0.61,0.0
2026-07-23T13:54+00:00,0xf0318c32136c2db7fec88b84869aee6a1106c80c,Will Morocco win on 2026-06-19?,No,819914.175,0.43,0.0
2026-07-23T13:54+00:00,0xf0318c32136c2db7fec88b84869aee6a1106c80c,Spread: Türkiye (-1.5),Türkiye,12418.3634,0.23,0.0
2026-07-23T13:54+00:00,0xf0318c32136c2db7fec88b84869aee6a1106c80c,Spread: Norway (-3.5),Norway,75415.7855,0.1894,0.0
2026-07-23T13:54+00:00,0xf0318c32136c2db7fec88b84869aee6a1106c80c,Milwaukee Brewers vs. Minnesota Twins,Minnesota Twins,95262.9778,0.4995,0.0
2026-07-23T13:54+00:00,0xf0318c32136c2db7fec88b84869aee6a1106c80c,Spain vs. Belgium: O/U 2.5,Under,624942.2094,0.4493,0.0
2026-07-23T13:54+00:00,0xf0318c32136c2db7fec88b84869aee6a1106c80c,Knicks vs. Raptors,Raptors,112855.7399,0.53,0.0
2026-07-23T13:54+00:00,0xf0318c32136c2db7fec88b84869aee6a1106c80c,Spread: Spurs (-7.5),Mavericks,40414.89,0.49,0.0
2026-07-23T13:54+00:00,0xf0318c32136c2db7fec88b84869aee6a1106c80c,Will IR Iran win on 2026-06-21?,Yes,97540.3856,0.11,0.0
2026-07-23T13:54+00:00,0xf0318c32136c2db7fec88b84869aee6a1106c80c,Spread: Raptors (-7.5),Bulls,209999.8905,0.51,0.0
2026-07-23T13:54+00:00,0xf0318c32136c2db7fec88b84869aee6a1106c80c,France vs. Spain: Spain O/U 0.5,Under,7682.5,0.25,0.0
2026-07-23T13:54+00:00,0xf0318c32136c2db7fec88b84869aee6a1106c80c,Spain vs. Saudi Arabia: O/U 3.5,Under,166234.3935,0.48,0.0
2026-07-23T13:54+00:00,0xf0318c32136c2db7fec88b84869aee6a1106c80c,Côte d'Ivoire vs. Norway: O/U 1.5,Under,108615.6857,0.2243,0.0
2026-07-23T13:54+00:00,0xf0318c32136c2db7fec88b84869aee6a1106c80c,Paraguay vs. France: O/U 3.5,Over,214217.556,0.33,0.0
2026-07-23T13:54+00:00,0xf0318c32136c2db7fec88b84869aee6a1106c80c,Will Scotland vs. Morocco end in a draw?,Yes,123801.3348,0.3333,0.0
2026-07-23T13:54+00:00,0xf0318c32136c2db7fec88b84869aee6a1106c80c,Germany vs. Paraguay: Team to Advance,Germany,20585.2456,0.86,0.0
2026-07-23T13:54+00:00,0xf0318c32136c2db7fec88b84869aee6a1106c80c,Will France win on 2026-06-30?,No,1532855.8342,0.2227,0.0
2026-07-23T13:54+00:00,0xf0318c32136c2db7fec88b84869aee6a1106c80c,Lakers vs. Mavericks,Mavericks,306418.6811,0.39,0.0
2026-07-23T13:54+00:00,0xf0318c32136c2db7fec88b84869aee6a1106c80c,Will Malta win Eurovision 2026?,Yes,221341.3594,0.0049,0.0
2026-07-23T13:54+00:00,0xf0318c32136c2db7fec88b84869aee6a1106c80c,Will Spain vs. Austria end in a draw?,Yes,111209.1578,0.1868,0.0
2026-07-23T13:54+00:00,0xf0318c32136c2db7fec88b84869aee6a1106c80c,Wimbledon ATP: Jannik Sinner vs Alexander Zverev,Alexander Zverev,141.69,0.39,0.0
2026-07-23T13:54+00:00,0xf0318c32136c2db7fec88b84869aee6a1106c80c,Will Bosnia and Herzegovina win on 2026-06-24?,No,230442.8064,0.3,0.0
2026-07-23T13:54+00:00,0xf0318c32136c2db7fec88b84869aee6a1106c80c,Spread: Raptors (-8.5),Bulls,39795.3033,0.55,0.0
2026-07-23T13:54+00:00,0xf0318c32136c2db7fec88b84869aee6a1106c80c,Exact Score: Any Other Score?,Yes,999998.9722,0.0588,0.0
2026-07-23T13:54+00:00,0xf0318c32136c2db7fec88b84869aee6a1106c80c,Will Paraguay win on 2026-06-29?,Yes,1241997.0067,0.3319,0.0
2026-07-23T13:54+00:00,0xf0318c32136c2db7fec88b84869aee6a1106c80c,Will Spain vs. Belgium end in a draw?,Yes,603711.6885,0.3215,0.0
2026-07-23T13:54+00:00,0xf0318c32136c2db7fec88b84869aee6a1106c80c,Colombia vs. DR Congo: O/U 1.5,Over,9300.93,0.6899,0.0
2026-07-23T13:54+00:00,0xf0318c32136c2db7fec88b84869aee6a1106c80c,Will Switzerland win on 2026-07-02?,No,1169262.195,0.51,0.0
2026-07-23T13:54+00:00,0xf0318c32136c2db7fec88b84869aee6a1106c80c,Spread: Norway (-1.5),Norway,134640.4083,0.2252,0.0
2026-07-23T13:54+00:00,0xf0318c32136c2db7fec88b84869aee6a1106c80c,Will England win the 2026 FIFA World Cup?,Yes,3041766.3525,0.1012,0.0
2026-07-23T13:54+00:00,0xf0318c32136c2db7fec88b84869aee6a1106c80c,Spread: Clippers (-9.5),Nets,45674.9283,0.4711,0.0
2026-07-23T13:54+00:00,0xf0318c32136c2db7fec88b84869aee6a1106c80c,Morocco vs. Haiti: O/U 3.5,Under,2777.0061,0.63,0.0
2026-07-23T13:54+00:00,0x2c335066fe58fe9237c3d3dc7b275c2a034a0563,"2026 Balance of Power: D Senate, D House",No,8004002.82,0.5,0.5649
2026-07-23T13:54+00:00,0x2c335066fe58fe9237c3d3dc7b275c2a034a0563,"2026 Balance of Power: D Senate, D House",Yes,8004002.82,0.5,0.435
2026-07-23T13:54+00:00,0x2c335066fe58fe9237c3d3dc7b275c2a034a0563,Will Trump be in the WC Champions Photo?,Yes,63459.5423,0.8967,0.9995
2026-07-23T13:54+00:00,0x2c335066fe58fe9237c3d3dc7b275c2a034a0563,Hamburg European Open: Oleksandra Oliynykova vs Leyre Romero,Oleksandra Oliynykova,20000.0,0.75,0.9995
2026-07-23T13:54+00:00,0x2c335066fe58fe9237c3d3dc7b275c2a034a0563,"Will Bitcoin dip to $35,000 by December 31, 2026?",No,19995.73,0.85,0.905
2026-07-23T13:54+00:00,0x2c335066fe58fe9237c3d3dc7b275c2a034a0563,Boston Red Sox vs. New York Yankees,New York Yankees,27715.59,0.49,0.495
2026-07-23T13:54+00:00,0x2c335066fe58fe9237c3d3dc7b275c2a034a0563,"Will Bitcoin dip to $25,000 by December 31, 2026?",No,2971.13,0.92,0.955
2026-07-23T13:54+00:00,0x2c335066fe58fe9237c3d3dc7b275c2a034a0563,Generali Open: Tomas Etcheverry vs Ignacio Buse,Ignacio Buse,5930.41,0.49,0.455
2026-07-23T13:54+00:00,0x2c335066fe58fe9237c3d3dc7b275c2a034a0563,San Francisco Giants vs. Atlanta Braves,San Francisco Giants,90.204,0.51,0.455
2026-07-23T13:54+00:00,0x2c335066fe58fe9237c3d3dc7b275c2a034a0563,Hamburg European Open: Oleksandra Oliynykova vs Leyre Romero,Leyre Romero Gormaz,53428.12,0.24,0.0005
2026-07-23T13:54+00:00,0x2c335066fe58fe9237c3d3dc7b275c2a034a0563,Counter-Strike: Sinners vs FUT Esports - Map 1 Winner,FUT Esports,1099.0,0.72,0.0005
2026-07-23T13:54+00:00,0x2c335066fe58fe9237c3d3dc7b275c2a034a0563,Spread: Thunder (-7.5),Thunder,9.8039,0.49,0.0
2026-07-23T13:54+00:00,0x2c335066fe58fe9237c3d3dc7b275c2a034a0563,Atlanta Dream vs. Toronto Tempo,Toronto Tempo,10588.3911,0.2093,0.0
2026-07-23T13:54+00:00,0x2c335066fe58fe9237c3d3dc7b275c2a034a0563,Wimbledon ATP: Roberto Bautista Agut vs Joao Fonseca,Roberto Bautista Agut,11480.57,0.01,0.0
2026-07-23T13:54+00:00,0x2c335066fe58fe9237c3d3dc7b275c2a034a0563,Milwaukee Brewers vs. Pittsburgh Pirates,Milwaukee Brewers,2526.0957,0.2818,0.0
2026-07-23T13:54+00:00,0x2c335066fe58fe9237c3d3dc7b275c2a034a0563,Exact Score: Türkiye 2 - 1 Paraguay?,Yes,668.44,0.14,0.0
2026-07-23T13:54+00:00,0x2c335066fe58fe9237c3d3dc7b275c2a034a0563,Roland Garros WTA: Diane Parry vs Amanda Anisimova,Amanda Anisimova,123.2436,0.78,0.0
2026-07-23T13:54+00:00,0x2c335066fe58fe9237c3d3dc7b275c2a034a0563,LoL: KT Rolster vs Dplus KIA (BO1) - KeSPA Cup Group Stage,Dplus KIA,5876.3371,0.3,0.0
2026-07-23T13:54+00:00,0x2c335066fe58fe9237c3d3dc7b275c2a034a0563,Tampa Bay Rays vs. Boston Red Sox,Tampa Bay Rays,7189.0,0.4601,0.0
2026-07-23T13:54+00:00,0x2c335066fe58fe9237c3d3dc7b275c2a034a0563,Spread: Spain (-1.5),Spain,199.8406,0.14,0.0
2026-07-23T13:54+00:00,0x2c335066fe58fe9237c3d3dc7b275c2a034a0563,"Mallorca Championships, Qualification: Abedallah Shelbayh vs",Abedallah Shelbayh,153.0,0.28,0.0
2026-07-23T13:54+00:00,0x2c335066fe58fe9237c3d3dc7b275c2a034a0563,Will Al Riyadh Saudi Club win on 2025-12-20?,Yes,5.7188,0.13,0.0
2026-07-23T13:54+00:00,0x2c335066fe58fe9237c3d3dc7b275c2a034a0563,Washington Nationals vs. Boston Red Sox,Boston Red Sox,4099.67,0.3594,0.0
2026-07-23T13:54+00:00,0x2c335066fe58fe9237c3d3dc7b275c2a034a0563,Las Vegas Aces vs. PortlandFire,PortlandFire,9504.43,0.22,0.0
2026-07-23T13:54+00:00,0x2c335066fe58fe9237c3d3dc7b275c2a034a0563,Iasi Open: Kaitlin Quevedo vs Gabriela Ruse,Gabriela Ruse,2481.98,0.6629,0.0
2026-07-23T13:54+00:00,0x2c335066fe58fe9237c3d3dc7b275c2a034a0563,Roland Garros ATP: Adolfo Vallejo vs Moise Kouame,Adolfo Vallejo,711.6644,0.55,0.0
2026-07-23T13:54+00:00,0x2c335066fe58fe9237c3d3dc7b275c2a034a0563,Spread: Spurs (-8.5),Thunder,6.8571,0.65,0.0
2026-07-23T13:54+00:00,0x2c335066fe58fe9237c3d3dc7b275c2a034a0563,Pozoblanco: Dominik Palan vs Izan Almazan Valiente,Dominik Palan,4298.7257,0.32,0.0
2026-07-23T13:54+00:00,0x2c335066fe58fe9237c3d3dc7b275c2a034a0563,Istanbul 2: Anastasia Gasanova vs Susan Bandecchi,Susan Bandecchi,4695.0232,0.26,0.0
2026-07-23T13:54+00:00,0x2c335066fe58fe9237c3d3dc7b275c2a034a0563,Canada vs. Morocco: O/U 0.5,Under,6793.72,0.09,0.0
2026-07-23T13:54+00:00,0x2c335066fe58fe9237c3d3dc7b275c2a034a0563,Toronto Blue Jays vs. San Diego Padres,San Diego Padres,1176.23,0.1668,0.0
2026-07-23T13:54+00:00,0x2c335066fe58fe9237c3d3dc7b275c2a034a0563,Nottingham 3: Patrick Brady vs Alastair Gray,Patrick Brady,817.8099,0.07,0.0
2026-07-23T13:54+00:00,0x2c335066fe58fe9237c3d3dc7b275c2a034a0563,Brazil vs. Japan: O/U 3.5,Over,21.73,0.26,0.0
2026-07-23T13:54+00:00,0x2c335066fe58fe9237c3d3dc7b275c2a034a0563,ITF Brisbane: Benjamin O'connell vs Jake Delaney,Benjamin Oconnell,500.0,0.41,0.0
2026-07-23T13:54+00:00,0x2c335066fe58fe9237c3d3dc7b275c2a034a0563,Valorant: 100 Thieves vs BBL Esports (BO3) - Esports World C,BBL Esports,14293.75,0.35,0.0
2026-07-23T13:54+00:00,0x2c335066fe58fe9237c3d3dc7b275c2a034a0563,Counter-Strike: NRG vs BIG - Map 2 Winner,BIG,21.75,0.59,0.0
2026-07-23T13:54+00:00,0x2c335066fe58fe9237c3d3dc7b275c2a034a0563,Major League Cricket: Mi New York vs Seattle Orcas,Seattle Orcas,12041.8175,0.59,0.0
2026-07-23T13:54+00:00,0x2c335066fe58fe9237c3d3dc7b275c2a034a0563,Bunschoten: Gilles Arnaud Bailly vs Filippo Romano,Gilles Arnaud Bailly,8932.7099,0.6903,0.0
2026-07-23T13:54+00:00,0x2c335066fe58fe9237c3d3dc7b275c2a034a0563,Wimbledon ATP: Jacob Fearnley vs Jaume Munar,Jacob Fearnley,9.0,0.17,0.0
2026-07-23T13:54+00:00,0x2c335066fe58fe9237c3d3dc7b275c2a034a0563,Will KFUM-Kameratene Oslo vs. Tromsø IL end in a draw?,No,5.0,0.38,0.0
2026-07-23T13:54+00:00,0x2c335066fe58fe9237c3d3dc7b275c2a034a0563,New York Liberty vs. Minnesota Lynx,New York Liberty,57.0,0.49,0.0
2026-07-23T13:54+00:00,0x2c335066fe58fe9237c3d3dc7b275c2a034a0563,Will Houston Dynamo vs. D.C. United SC end in a draw?,No,1317.78,0.75,0.0
2026-07-23T13:54+00:00,0x2c335066fe58fe9237c3d3dc7b275c2a034a0563,Wimbledon WTA: Jelena Ostapenko vs Harriet Dart,Harriet Dart,12488.18,0.0686,0.0
2026-07-23T13:54+00:00,0x2c335066fe58fe9237c3d3dc7b275c2a034a0563,Chicago White Sox vs. Minnesota Twins,Chicago White Sox,3.44,0.14,0.0
2026-07-23T13:54+00:00,0x2c335066fe58fe9237c3d3dc7b275c2a034a0563,Exact Score: Netherlands 1 - 1 Morocco?,No,7534.56,0.84,0.0
2026-07-23T13:54+00:00,0x2c335066fe58fe9237c3d3dc7b275c2a034a0563,Hamburg European Open: Luciano Darderi vs Yannick Hanfmann,Yannick Hanfmann,530.8501,0.3057,0.0
2026-07-23T13:54+00:00,0x2c335066fe58fe9237c3d3dc7b275c2a034a0563,"Swedish Open, Qualification: Martin Krumich vs Frederico Fer",Frederico Ferreira Silva,1204.5,0.46,0.0
2026-07-23T13:54+00:00,0x2c335066fe58fe9237c3d3dc7b275c2a034a0563,LoL: Team Secret Whales vs Top Esports - Game 3 Winner,Top Esports,14535.67,0.77,0.0
2026-07-23T13:54+00:00,0x2c335066fe58fe9237c3d3dc7b275c2a034a0563,Generali Open: Daniel Altmaier vs Raphael Collignon,Raphael Collignon,375.54,0.61,0.0
2026-07-23T13:54+00:00,0x2c335066fe58fe9237c3d3dc7b275c2a034a0563,Spread: Cleveland Guardians (-1.5),Cleveland Guardians,30.67,0.3,0.0
2026-07-23T13:54+00:00,0xfea31bc088000ff909be1dfd8d0e3f2c7ef2d227,Will the Republican Party control the Senate after the 2026 ,Yes,1900000.0,0.5,0.555
2026-07-23T13:54+00:00,0xfea31bc088000ff909be1dfd8d0e3f2c7ef2d227,Will the Republican Party control the Senate after the 2026 ,No,1900000.0,0.5,0.445
2026-07-23T13:54+00:00,0xfea31bc088000ff909be1dfd8d0e3f2c7ef2d227,Will Manchester City win the 2026-27 English Premier League ,No,286437.7885,0.7,0.705
2026-07-23T13:54+00:00,0xfea31bc088000ff909be1dfd8d0e3f2c7ef2d227,Will Ousmane Dembélé win the 2026 Ballon d'Or?,No,88343.6124,0.9568,0.985
2026-07-23T13:54+00:00,0xfea31bc088000ff909be1dfd8d0e3f2c7ef2d227,"Bitcoin all time high by December 31, 2026?",No,90068.559,0.8565,0.943
2026-07-23T13:54+00:00,0xfea31bc088000ff909be1dfd8d0e3f2c7ef2d227,"Will Bitcoin hit $150k by December 31, 2026?",No,85633.8312,0.9038,0.9665
2026-07-23T13:54+00:00,0xfea31bc088000ff909be1dfd8d0e3f2c7ef2d227,"Will Bitcoin reach $160,000 by December 31, 2026?",No,43049.3752,0.9449,0.969
2026-07-23T13:54+00:00,0xfea31bc088000ff909be1dfd8d0e3f2c7ef2d227,"Bitcoin all time high by September 30, 2026?",No,35997.0451,0.9574,0.9855
2026-07-23T13:54+00:00,0xfea31bc088000ff909be1dfd8d0e3f2c7ef2d227,"Will Bitcoin reach $200,000 by December 31, 2026?",No,30876.6315,0.9656,0.9785
2026-07-23T13:54+00:00,0xfea31bc088000ff909be1dfd8d0e3f2c7ef2d227,"Will Bitcoin reach $190,000 by December 31, 2026?",No,30000.0038,0.9654,0.9765
2026-07-23T13:54+00:00,0xfea31bc088000ff909be1dfd8d0e3f2c7ef2d227,"Will Bitcoin reach $140,000 by December 31, 2026?",No,30000.0,0.961,0.964
2026-07-23T13:54+00:00,0xfea31bc088000ff909be1dfd8d0e3f2c7ef2d227,"Will Bitcoin reach $180,000 by December 31, 2026?",No,25217.6196,0.9663,0.9775
2026-07-23T13:54+00:00,0xfea31bc088000ff909be1dfd8d0e3f2c7ef2d227,St. Louis Cardinals vs. Cincinnati Reds,St. Louis Cardinals,47199.0983,0.4212,0.415
2026-07-23T13:54+00:00,0xfea31bc088000ff909be1dfd8d0e3f2c7ef2d227,"Will Bitcoin reach $170,000 by December 31, 2026?",No,19959.6715,0.9519,0.979
2026-07-23T13:54+00:00,0xfea31bc088000ff909be1dfd8d0e3f2c7ef2d227,MLB: Aaron Judge or Juan Soto to draw more walks?,Soto,14621.17,0.2719,0.92
2026-07-23T13:54+00:00,0xfea31bc088000ff909be1dfd8d0e3f2c7ef2d227,"Will Bitcoin reach $250,000 by December 31, 2026?",No,11833.59,0.9803,0.9855
2026-07-23T13:54+00:00,0xfea31bc088000ff909be1dfd8d0e3f2c7ef2d227,Spread: St. Louis Cardinals (-1.5),Cincinnati Reds,13278.7409,0.5616,0.705
2026-07-23T13:54+00:00,0xfea31bc088000ff909be1dfd8d0e3f2c7ef2d227,Will Han Feng Win the 2026 WSOP Main Event?,No,4849.99,0.9345,0.93
2026-07-23T13:54+00:00,0xfea31bc088000ff909be1dfd8d0e3f2c7ef2d227,Tampa Bay Rays vs. New York Yankees,Tampa Bay Rays,5898.0756,0.4081,0.405
2026-07-23T13:54+00:00,0xfea31bc088000ff909be1dfd8d0e3f2c7ef2d227,Will Cleveland Guardians win the 2026 AL Central title?,Yes,3428.91,0.61,0.47
2026-07-23T13:54+00:00,0xfea31bc088000ff909be1dfd8d0e3f2c7ef2d227,Will Aaron Judge win the 2026 American League Hank Aaron Awa,No,1481.84,0.6516,0.9835
2026-07-23T13:54+00:00,0xfea31bc088000ff909be1dfd8d0e3f2c7ef2d227,Will Aaron Judge lead the MLB in RBIs for the 2026 regular s,No,1217.7171,0.79,0.9925
2026-07-23T13:54+00:00,0xfea31bc088000ff909be1dfd8d0e3f2c7ef2d227,Will Shohei Ohtani win the 2026 National League MVP Award?,Yes,1540.05,0.6398,0.755
2026-07-23T13:54+00:00,0xfea31bc088000ff909be1dfd8d0e3f2c7ef2d227,Will Bryce Eldridge win the 2026 NL Rookie of the Year award,No,1000.0,0.978,0.9025
2026-07-23T13:54+00:00,0xfea31bc088000ff909be1dfd8d0e3f2c7ef2d227,"Will Bitcoin reach $150,000 by December 31, 2026?",No,689.59,0.95,0.969
2026-07-23T13:54+00:00,0xfea31bc088000ff909be1dfd8d0e3f2c7ef2d227,Will Matt Olson hit the most home runs during the 2026 MLB r,No,480.0,0.97,0.981
2026-07-23T13:54+00:00,0xfea31bc088000ff909be1dfd8d0e3f2c7ef2d227,MLB: Scorigami in 2026?,No,501.7027,0.85,0.893
2026-07-23T13:54+00:00,0xfea31bc088000ff909be1dfd8d0e3f2c7ef2d227,Will Taylor Ward lead the MLB in RBIs for the 2026 regular s,No,375.1455,0.9757,0.992
2026-07-23T13:54+00:00,0xfea31bc088000ff909be1dfd8d0e3f2c7ef2d227,KBO: LG Twins vs. NC Dinos,LG Twins,585.99,0.5,0.505
2026-07-23T13:54+00:00,0xfea31bc088000ff909be1dfd8d0e3f2c7ef2d227,Tampa Bay Rays vs. New York Yankees: O/U 7.5,Over,528.0689,0.4192,0.54
2026-07-23T13:54+00:00,0xfea31bc088000ff909be1dfd8d0e3f2c7ef2d227,KBO: Samsung Lions vs. Kia Tigers,Samsung Lions,413.8624,0.5006,0.515
2026-07-23T13:54+00:00,0xfea31bc088000ff909be1dfd8d0e3f2c7ef2d227,KBO: LG Twins vs. Samsung Lions,Samsung Lions,430.1081,0.4725,0.485
2026-07-23T13:54+00:00,0xfea31bc088000ff909be1dfd8d0e3f2c7ef2d227,Will Jacob Misiorowski win the 2026 NL Cy Young Award?,Yes,279.1867,0.1923,0.6105
2026-07-23T13:54+00:00,0xfea31bc088000ff909be1dfd8d0e3f2c7ef2d227,Will Europe Win the WSOP Main Event,Yes,987.92,0.1295,0.135
2026-07-23T13:54+00:00,0xfea31bc088000ff909be1dfd8d0e3f2c7ef2d227,Will the Bills win the season series against the Dolphins du,Yes,215.6862,0.49,0.51
2026-07-23T13:54+00:00,0xfea31bc088000ff909be1dfd8d0e3f2c7ef2d227,KBO: Hanwha Eagles vs. Lotte Giants,Hanwha Eagles,194.4677,0.52,0.5225
2026-07-23T13:54+00:00,0xfea31bc088000ff909be1dfd8d0e3f2c7ef2d227,Will Sung-Jae Im win the 2026 Masters tournament?,Yes,182217.93,0.0098,0.0005
2026-07-23T13:54+00:00,0xfea31bc088000ff909be1dfd8d0e3f2c7ef2d227,Will Kevin McGonigle win the 2026 AL Rookie of the Year awar,No,384.85,0.6393,0.235
2026-07-23T13:54+00:00,0xfea31bc088000ff909be1dfd8d0e3f2c7ef2d227,Will Tampa Bay Rays win the 2026 AL East title?,Yes,200.0,0.3,0.4405
2026-07-23T13:54+00:00,0xfea31bc088000ff909be1dfd8d0e3f2c7ef2d227,Will New York Yankees win the 2026 AL East title?,Yes,200.0,0.56,0.425
2026-07-23T13:54+00:00,0xfea31bc088000ff909be1dfd8d0e3f2c7ef2d227,Will North America Win the WSOP Main Event,No,560.0,0.15,0.135
2026-07-23T13:54+00:00,0xfea31bc088000ff909be1dfd8d0e3f2c7ef2d227,Spread: New York Yankees (-1.5),New York Yankees,149.5548,0.3419,0.44
2026-07-23T13:54+00:00,0xfea31bc088000ff909be1dfd8d0e3f2c7ef2d227,KBO: KT Wiz vs. Lotte Giants,KT Wiz,107.83,0.5,0.505
2026-07-23T13:54+00:00,0xfea31bc088000ff909be1dfd8d0e3f2c7ef2d227,Will Tarik Skubal lead the MLB in ERA for the 2026 regular s,No,46.0,0.96,0.9715
2026-07-23T13:54+00:00,0xfea31bc088000ff909be1dfd8d0e3f2c7ef2d227,Will Matthew Stafford finish the 2026-27 NFL regular season ,Yes,229.97,0.11,0.115
2026-07-23T13:54+00:00,0xfea31bc088000ff909be1dfd8d0e3f2c7ef2d227,MLB: Perfect Game thrown in 2026 season?,Yes,189.09,0.0978,0.135
2026-07-23T13:54+00:00,0xfea31bc088000ff909be1dfd8d0e3f2c7ef2d227,Will the New York Knicks be the 2027 NBA Eastern Conference ,Yes,121.2702,0.19,0.195
2026-07-23T13:54+00:00,0xfea31bc088000ff909be1dfd8d0e3f2c7ef2d227,Will Atlanta Braves win the 2026 National League Championshi,Yes,138.75,0.09,0.115
2026-07-23T13:54+00:00,0xfea31bc088000ff909be1dfd8d0e3f2c7ef2d227,Will the season series between the Cardinals and Rams end in,Yes,40.0,0.3,0.32
2026-07-23T13:54+00:00,0xfea31bc088000ff909be1dfd8d0e3f2c7ef2d227,KBO: Hanwha Eagles vs. NC Dinos,Hanwha Eagles,26.42,0.0363,0.4295
2026-07-23T13:54+00:00,0x095fbca2e0eaf0c9841005135427e1e0117190b2,Will Switzerland win on 2026-07-02?,No,12738.974,0.2925,0.0
2026-07-23T13:54+00:00,0x095fbca2e0eaf0c9841005135427e1e0117190b2,Will Mexico vs. Ecuador end in a draw?,Yes,296416.6712,0.3588,0.0
2026-07-23T13:54+00:00,0x095fbca2e0eaf0c9841005135427e1e0117190b2,Switzerland vs. Algeria: O/U 2.5,Over,248251.5888,0.4331,0.0
2026-07-23T13:54+00:00,0x095fbca2e0eaf0c9841005135427e1e0117190b2,Australia vs. Egypt: Team to Advance,Australia,373561.8776,0.4172,0.0
2026-07-23T13:54+00:00,0x095fbca2e0eaf0c9841005135427e1e0117190b2,Argentina vs. Egypt: O/U 2.5,Under,1205478.361,0.4672,0.0
2026-07-23T13:54+00:00,0x095fbca2e0eaf0c9841005135427e1e0117190b2,France vs. Morocco: O/U 2.5,Over,10298704.1946,0.4994,0.0
2026-07-23T13:54+00:00,0x7c1ee865a785de4c00ee90ed86a38489fb8bbab3,Will Senegal win on 2026-07-01?,Yes,255769.7674,0.23,0.0
2026-07-23T13:54+00:00,0x7c1ee865a785de4c00ee90ed86a38489fb8bbab3,Will Jordan win on 2026-06-17?,Yes,238171.6803,0.109,0.0
2026-07-23T13:54+00:00,0x7c1ee865a785de4c00ee90ed86a38489fb8bbab3,Spread: Spain (-1.5),Spain,399999.2811,0.27,0.0
2026-07-23T13:54+00:00,0x7c1ee865a785de4c00ee90ed86a38489fb8bbab3,Spread: England (-1.5),England,445000.0,0.4961,0.0
2026-07-23T13:54+00:00,0x7c1ee865a785de4c00ee90ed86a38489fb8bbab3,Will France win on 2026-06-16?,No,379998.5663,0.3826,0.0
2026-07-23T13:54+00:00,0x7c1ee865a785de4c00ee90ed86a38489fb8bbab3,Will Austria win on 2026-06-17?,No,100000.0,0.3,0.0
2026-07-23T13:54+00:00,0x7c1ee865a785de4c00ee90ed86a38489fb8bbab3,Spread: Colombia (-2.5),Colombia,159999.9024,0.17,0.0
2026-07-23T13:54+00:00,0x7c1ee865a785de4c00ee90ed86a38489fb8bbab3,Will Ghana win on 2026-07-03?,Yes,100000.0,0.11,0.0
2026-07-23T13:54+00:00,0x7c1ee865a785de4c00ee90ed86a38489fb8bbab3,Will Brazil win on 2026-07-05?,Yes,650000.0,0.55,0.0
2026-07-23T13:54+00:00,0x7c1ee865a785de4c00ee90ed86a38489fb8bbab3,Spain vs. Belgium: O/U 2.5,Under,289627.9563,0.4539,0.0
2026-07-23T13:54+00:00,0x7c1ee865a785de4c00ee90ed86a38489fb8bbab3,Mexico leading at halftime?,Yes,99999.203,0.25,0.0
2026-07-23T13:54+00:00,0x7c1ee865a785de4c00ee90ed86a38489fb8bbab3,Will IR Iran win on 2026-06-21?,Yes,219999.3079,0.12,0.0
2026-07-23T13:54+00:00,0x7c1ee865a785de4c00ee90ed86a38489fb8bbab3,Will France win the 2026 FIFA World Cup?,Yes,6.1728,0.1619,0.0
2026-07-23T13:54+00:00,0x7c1ee865a785de4c00ee90ed86a38489fb8bbab3,Spread: France (-1.5),Senegal,99999.2261,0.59,0.0
2026-07-23T13:54+00:00,0x7c1ee865a785de4c00ee90ed86a38489fb8bbab3,Will Saudi Arabia win on 2026-06-15?,Yes,804.1175,0.42,0.0
2026-07-23T13:54+00:00,0x7c1ee865a785de4c00ee90ed86a38489fb8bbab3,Will Egypt win on 2026-06-21?,No,140000.0,0.3857,0.0
2026-07-23T13:54+00:00,0x7c1ee865a785de4c00ee90ed86a38489fb8bbab3,France vs. Spain: Team to Advance,France,90000.0,0.5586,0.0
2026-07-23T13:54+00:00,0x7c1ee865a785de4c00ee90ed86a38489fb8bbab3,Colombia leading at halftime?,Yes,41994.28,0.47,0.0
2026-07-23T13:54+00:00,0x7c1ee865a785de4c00ee90ed86a38489fb8bbab3,Will Belgium win on 2026-07-10?,Yes,49999.9494,0.17,0.0
2026-07-23T13:54+00:00,0x7c1ee865a785de4c00ee90ed86a38489fb8bbab3,Will Saudi Arabia win on 2026-06-26?,Yes,200000.0,0.41,0.0
2026-07-23T13:54+00:00,0x7c1ee865a785de4c00ee90ed86a38489fb8bbab3,Will Uzbekistan win on 2026-06-27?,Yes,202739.4131,0.342,0.0
2026-07-23T13:54+00:00,0x7c1ee865a785de4c00ee90ed86a38489fb8bbab3,Will Argentina win the 2026 FIFA World Cup?,Yes,1019293.0834,0.411,0.0
2026-07-23T13:54+00:00,0x7c1ee865a785de4c00ee90ed86a38489fb8bbab3,Spread: France (-1.5),France,99999.843,0.1875,0.0
2026-07-23T13:54+00:00,0x7c1ee865a785de4c00ee90ed86a38489fb8bbab3,Panama vs. England: 1st Half O/U 1.5,Over,34619.9,0.5,0.0
2026-07-23T13:54+00:00,0x7c1ee865a785de4c00ee90ed86a38489fb8bbab3,Argentina leading at halftime?,No,17939.0315,0.61,0.0
2026-07-23T13:54+00:00,0x7c1ee865a785de4c00ee90ed86a38489fb8bbab3,Will Curaçao win on 2026-06-20?,Yes,100000.0,0.079,0.0
2026-07-23T13:54+00:00,0x7c1ee865a785de4c00ee90ed86a38489fb8bbab3,Belgium vs. Senegal: Team to Advance,Senegal,150000.0,0.4229,0.0
2026-07-23T13:54+00:00,0x7c1ee865a785de4c00ee90ed86a38489fb8bbab3,Will Argentina win on 2026-06-16?,No,90000.0,0.37,0.0
2026-07-23T13:54+00:00,0x7c1ee865a785de4c00ee90ed86a38489fb8bbab3,Will France win on 2026-07-14?,Yes,149999.908,0.4025,0.0
2026-07-23T13:54+00:00,0x7c1ee865a785de4c00ee90ed86a38489fb8bbab3,Croatia vs. Ghana: O/U 1.5,Under,119999.6977,0.33,0.0
2026-07-23T13:54+00:00,0x7c1ee865a785de4c00ee90ed86a38489fb8bbab3,Will Ghana win on 2026-06-17?,No,200000.0,0.61,0.0
2026-07-23T13:54+00:00,0x7c1ee865a785de4c00ee90ed86a38489fb8bbab3,Spread: Argentina (-1.5),Argentina,103486.3298,0.045,0.0
2026-07-23T13:54+00:00,0x7c1ee865a785de4c00ee90ed86a38489fb8bbab3,Mexico vs. England: Team to Advance,Mexico,679999.3576,0.4826,0.0
2026-07-23T13:54+00:00,0x7c1ee865a785de4c00ee90ed86a38489fb8bbab3,Will England win on 2026-07-05?,No,100000.0,0.63,0.0
2026-07-23T13:54+00:00,0x7c1ee865a785de4c00ee90ed86a38489fb8bbab3,England vs. Ghana: O/U 3.5,Over,134999.5357,0.41,0.0
2026-07-23T13:54+00:00,0x7c1ee865a785de4c00ee90ed86a38489fb8bbab3,Iraq vs. Norway: O/U 2.5,Under,299999.4831,0.4,0.0
2026-07-23T13:54+00:00,0x7c1ee865a785de4c00ee90ed86a38489fb8bbab3,Will Algeria win on 2026-06-22?,No,65000.0,0.35,0.0
2026-07-23T13:54+00:00,0x7c1ee865a785de4c00ee90ed86a38489fb8bbab3,Panama vs. England: O/U 3.5,Over,190799.2326,0.4721,0.0
2026-07-23T13:54+00:00,0x7c1ee865a785de4c00ee90ed86a38489fb8bbab3,Will New Zealand win on 2026-06-21?,Yes,125000.0,0.16,0.0
2026-07-23T13:54+00:00,0x7c1ee865a785de4c00ee90ed86a38489fb8bbab3,Spread: Brazil (-3.5),Brazil,99999.7592,0.31,0.0
2026-07-23T13:54+00:00,0x7c1ee865a785de4c00ee90ed86a38489fb8bbab3,Will Côte d'Ivoire win on 2026-06-20?,Yes,40000.0,0.14,0.0
2026-07-23T13:54+00:00,0x7c1ee865a785de4c00ee90ed86a38489fb8bbab3,Brazil leading at halftime?,Yes,169999.9966,0.4,0.0
2026-07-23T13:54+00:00,0x7c1ee865a785de4c00ee90ed86a38489fb8bbab3,Spread: Uruguay (-1.5),Uruguay,220000.0,0.4345,0.0
2026-07-23T13:54+00:00,0x7c1ee865a785de4c00ee90ed86a38489fb8bbab3,Spread: France (-2.5),Sweden,197064.5898,0.6835,0.0
2026-07-23T13:54+00:00,0x7c1ee865a785de4c00ee90ed86a38489fb8bbab3,Spread: Brazil (-1.5),Brazil,199999.8613,0.305,0.0
2026-07-23T13:54+00:00,0x7c1ee865a785de4c00ee90ed86a38489fb8bbab3,Colombia vs. Portugal: O/U 3.5,Over,70000.0,0.34,0.0
2026-07-23T13:54+00:00,0x7c1ee865a785de4c00ee90ed86a38489fb8bbab3,Brazil vs. Norway: 1st Half O/U 1.5,Over,37680.6657,0.33,0.0
2026-07-23T13:54+00:00,0x7c1ee865a785de4c00ee90ed86a38489fb8bbab3,Spain leading at halftime?,Yes,119999.1372,0.33,0.0
2026-07-23T13:54+00:00,0x7c1ee865a785de4c00ee90ed86a38489fb8bbab3,Czechia vs. Mexico: O/U 3.5,Over,85323.6847,0.24,0.0
2026-07-23T13:54+00:00,0x7c1ee865a785de4c00ee90ed86a38489fb8bbab3,Colombia vs. Portugal: O/U 2.5,Over,200000.0,0.56,0.0
2026-07-23T13:54+00:00,0xd1c537b2a7cba8d365e111bffb9de7b205e2cbd0,Will France win on 2026-06-16?,No,1999993.6728,0.34,0.0
2026-07-23T13:54+00:00,0xd1c537b2a7cba8d365e111bffb9de7b205e2cbd0,Spread: France (-1.5),Senegal,521578.215,0.6,0.0
2026-07-23T13:54+00:00,0xd1c537b2a7cba8d365e111bffb9de7b205e2cbd0,Will Sweden win on 2026-06-14?,No,955803.1774,0.49,0.0
2026-07-23T13:54+00:00,0xd1c537b2a7cba8d365e111bffb9de7b205e2cbd0,Will Germany vs. Curaçao end in a draw?,Yes,317194.4922,0.0404,0.0
2026-07-23T13:54+00:00,0xd1c537b2a7cba8d365e111bffb9de7b205e2cbd0,Will Brentford FC win on 2026-05-17?,Yes,106971.5222,0.5579,0.0
2026-07-23T13:54+00:00,0xd1c537b2a7cba8d365e111bffb9de7b205e2cbd0,Will Côte d'Ivoire vs. Ecuador end in a draw?,Yes,316557.26,0.3375,0.0
2026-07-23T13:54+00:00,0xd1c537b2a7cba8d365e111bffb9de7b205e2cbd0,Will Fulham FC win on 2026-05-17?,Yes,941664.4433,0.5146,0.0
2026-07-23T13:54+00:00,0xd1c537b2a7cba8d365e111bffb9de7b205e2cbd0,Will Australia be the Jury Winner in the Eurovision 2026 Gra,Yes,28.8571,0.3465,0.0
2026-07-23T13:54+00:00,0xd1c537b2a7cba8d365e111bffb9de7b205e2cbd0,Will Girona FC win on 2026-05-23?,Yes,273479.2804,0.5492,0.0
2026-07-23T13:54+00:00,0xd1c537b2a7cba8d365e111bffb9de7b205e2cbd0,Will England win on 2026-06-23?,Yes,2954437.3592,0.6128,0.0
2026-07-23T13:54+00:00,0xd1c537b2a7cba8d365e111bffb9de7b205e2cbd0,Spread: Norway (-2.5),Iraq,562393.96,0.6854,0.0
2026-07-23T13:54+00:00,0xd1c537b2a7cba8d365e111bffb9de7b205e2cbd0,Will FC Internazionale Milano win on 2026-05-24?,Yes,1146031.4861,0.4789,0.0
2026-07-23T13:54+00:00,0xd1c537b2a7cba8d365e111bffb9de7b205e2cbd0,Will Senegal win on 2026-06-16?,Yes,803076.1869,0.13,0.0
2026-07-23T13:54+00:00,0xd1c537b2a7cba8d365e111bffb9de7b205e2cbd0,Will Atalanta BC win on 2026-05-17?,Yes,229061.7427,0.56,0.0
2026-07-23T13:54+00:00,0xd1c537b2a7cba8d365e111bffb9de7b205e2cbd0,Will Chelsea FC win on 2026-05-19?,No,1825925.6994,0.5777,0.0
2026-07-23T13:54+00:00,0xd1c537b2a7cba8d365e111bffb9de7b205e2cbd0,United States vs. Belgium: O/U 2.5,Under,1042866.143,0.4441,0.0
2026-07-23T13:54+00:00,0xd1c537b2a7cba8d365e111bffb9de7b205e2cbd0,Will Greece win Eurovision 2026?,Yes,88.8888,0.1349,0.0
2026-07-23T13:54+00:00,0xd1c537b2a7cba8d365e111bffb9de7b205e2cbd0,United States vs. Belgium: O/U 3.5,Under,24452.7425,0.68,0.0
2026-07-23T13:54+00:00,0xd1c537b2a7cba8d365e111bffb9de7b205e2cbd0,Will Spain win on 2026-07-10?,No,974686.7561,0.4421,0.0
2026-07-23T13:54+00:00,0xd1c537b2a7cba8d365e111bffb9de7b205e2cbd0,Spread: Argentina (-1.5),Algeria,1009181.2962,0.6237,0.0
2026-07-23T18:07+00:00,0x204f72f35326db932158cba6adff0b9a1da95e14,Livesport Prague Open: Lucie Havlickova vs Barbora Krejcikov,Barbora Krejcikova,47765.6245,0.9332,0.9995
2026-07-23T18:07+00:00,0x204f72f35326db932158cba6adff0b9a1da95e14,Qarabağ Ağdam FK vs. PFK CSKA Sofia: O/U 0.5,Under,27800.7504,0.245,0.9995
2026-07-23T18:07+00:00,0x204f72f35326db932158cba6adff0b9a1da95e14,Will Valletta FC win on 2026-07-23?,No,14482.1073,0.8685,0.984
2026-07-23T18:07+00:00,0x204f72f35326db932158cba6adff0b9a1da95e14,Will Qarabağ Ağdam FK win on 2026-07-23?,No,12432.1853,0.5581,0.9995
2026-07-23T18:07+00:00,0x204f72f35326db932158cba6adff0b9a1da95e14,Will Qarabağ Ağdam FK vs. PFK CSKA Sofia end in a draw?,Yes,11812.3117,0.421,0.9995
2026-07-23T18:07+00:00,0x204f72f35326db932158cba6adff0b9a1da95e14,Estoril Open: Pedro Martinez vs Luciano Darderi,Luciano Darderi,10653.7177,0.8242,0.9645
2026-07-23T18:07+00:00,0x204f72f35326db932158cba6adff0b9a1da95e14,Will Zirə FK win on 2026-07-23?,No,7112.1667,0.5879,0.9995
2026-07-23T18:07+00:00,0x204f72f35326db932158cba6adff0b9a1da95e14,Qarabağ Ağdam FK vs. PFK CSKA Sofia: O/U 2.5,Under,6394.401,0.5935,0.9995
2026-07-23T18:07+00:00,0x204f72f35326db932158cba6adff0b9a1da95e14,Qarabağ Ağdam FK vs. PFK CSKA Sofia: O/U 1.5,Under,5355.8405,0.496,0.9995
2026-07-23T18:07+00:00,0x204f72f35326db932158cba6adff0b9a1da95e14,Palermo: Alevtina Ibragimova vs Alice Rame,Alevtina Ibragimova,4849.8343,0.9518,0.9995
2026-07-23T18:07+00:00,0x204f72f35326db932158cba6adff0b9a1da95e14,Spread: EC Vitória (-2.5),Botafogo FR,4554.7806,0.9808,0.983
2026-07-23T18:07+00:00,0x204f72f35326db932158cba6adff0b9a1da95e14,Will FC Hradec Králové win on 2026-07-23?,No,4706.7961,0.8906,0.895
2026-07-23T18:07+00:00,0x204f72f35326db932158cba6adff0b9a1da95e14,Hammarby Fotboll vs. RSC Anderlecht: O/U 2.5,Under,8132.7067,0.4673,0.515
2026-07-23T18:07+00:00,0x204f72f35326db932158cba6adff0b9a1da95e14,Spread: Qarabağ Ağdam FK (-1.5),PFK CSKA Sofia,4183.9301,0.7498,0.9995
2026-07-23T18:07+00:00,0x204f72f35326db932158cba6adff0b9a1da95e14,Will RKS Raków Częstochowa win on 2026-07-23?,Yes,4574.767,0.7177,0.88
2026-07-23T18:07+00:00,0x204f72f35326db932158cba6adff0b9a1da95e14,Will PFK CSKA Sofia win on 2026-07-23?,No,3768.0111,0.8831,0.9995
2026-07-23T18:07+00:00,0x204f72f35326db932158cba6adff0b9a1da95e14,Will Hibernian FC win on 2026-07-23?,No,3718.2404,0.6964,0.9995
2026-07-23T18:07+00:00,0x204f72f35326db932158cba6adff0b9a1da95e14,Tromsø IL vs. FC Hradec Králové: O/U 1.5,Under,6493.5572,0.3566,0.545
2026-07-23T18:07+00:00,0x204f72f35326db932158cba6adff0b9a1da95e14,Will SK Brann win on 2026-07-23?,Yes,4161.1735,0.6376,0.795
2026-07-23T18:07+00:00,0x204f72f35326db932158cba6adff0b9a1da95e14,Spread: St. Louis Cardinals (-1.5),St. Louis Cardinals,9086.5399,0.3894,0.355
2026-07-23T18:07+00:00,0x204f72f35326db932158cba6adff0b9a1da95e14,Qarabağ Ağdam FK vs. PFK CSKA Sofia: PFK CSKA Sofia O/U 2.5,Under,3045.3527,0.9493,0.995
2026-07-23T18:07+00:00,0x204f72f35326db932158cba6adff0b9a1da95e14,Will FC CFR 1907 Cluj win on 2026-07-23?,No,2937.4085,0.7519,0.9995
2026-07-23T18:07+00:00,0x204f72f35326db932158cba6adff0b9a1da95e14,Hammarby Fotboll vs. RSC Anderlecht: O/U 4.5,Under,3057.9277,0.8249,0.935
2026-07-23T18:07+00:00,0x204f72f35326db932158cba6adff0b9a1da95e14,Will Helsingin JK win on 2026-07-23?,Yes,2790.9218,0.7974,0.9995
2026-07-23T18:07+00:00,0x204f72f35326db932158cba6adff0b9a1da95e14,Arizona Diamondbacks vs. St. Louis Cardinals: O/U 9.5,Under,3951.6629,0.5799,0.6949
2026-07-23T18:07+00:00,0x204f72f35326db932158cba6adff0b9a1da95e14,Exact Score: Chicago Fire FC 0 - 2 Vancouver Whitecaps FC?,No,3761.8945,0.95,0.7155
2026-07-23T18:07+00:00,0x204f72f35326db932158cba6adff0b9a1da95e14,Hammarby Fotboll vs. RSC Anderlecht: O/U 3.5,Under,3305.4157,0.5825,0.805
2026-07-23T18:07+00:00,0x204f72f35326db932158cba6adff0b9a1da95e14,Palermo: Mina Hodzic vs Noemi Basiletti,Mina Hodzic,2556.3418,0.7411,0.9995
2026-07-23T18:07+00:00,0x204f72f35326db932158cba6adff0b9a1da95e14,Will SK Dila Gori win on 2026-07-23?,No,2539.9898,0.9967,0.9995
2026-07-23T18:07+00:00,0x204f72f35326db932158cba6adff0b9a1da95e14,Will AEK Lárnakas win on 2026-07-23?,No,2529.2345,0.63,0.99
2026-07-23T18:07+00:00,0x204f72f35326db932158cba6adff0b9a1da95e14,Will FC Malisheva vs. Hibernian FC end in a draw?,No,2179.1041,0.7703,0.9995
2026-07-23T18:07+00:00,0x204f72f35326db932158cba6adff0b9a1da95e14,Tromsø IL vs. FC Hradec Králové: O/U 3.5,Under,2264.8312,0.788,0.935
2026-07-23T18:07+00:00,0x204f72f35326db932158cba6adff0b9a1da95e14,Spread: San Diego Padres (-1.5),Atlanta Braves,2165.9875,0.7743,0.97
2026-07-23T18:07+00:00,0x204f72f35326db932158cba6adff0b9a1da95e14,Will PAOK win on 2026-07-23?,Yes,3109.0881,0.3537,0.665
2026-07-23T18:07+00:00,0x204f72f35326db932158cba6adff0b9a1da95e14,Tromsø IL vs. FC Hradec Králové: O/U 2.5,Under,2567.2166,0.5814,0.805
2026-07-23T18:07+00:00,0x204f72f35326db932158cba6adff0b9a1da95e14,Will FC Sion win on 2026-07-23?,Yes,3198.3555,0.5331,0.645
2026-07-23T18:07+00:00,0x204f72f35326db932158cba6adff0b9a1da95e14,Will Vancouver Whitecaps FC win on 2026-07-16?,Yes,6361.3527,0.3858,0.315
2026-07-23T18:07+00:00,0x204f72f35326db932158cba6adff0b9a1da95e14,CA Huracán vs. CA Banfield: O/U 5.5,Under,2035.0,0.9719,0.982
2026-07-23T18:07+00:00,0x204f72f35326db932158cba6adff0b9a1da95e14,Will ÍF Vestri win on 2026-07-23?,No,1981.5486,0.98,0.995
2026-07-23T18:07+00:00,0x204f72f35326db932158cba6adff0b9a1da95e14,FK Dynamo Kyiv vs. PAOK: 1st Half O/U 1.5,Over,1973.9264,0.9901,0.995
2026-07-23T18:07+00:00,0x204f72f35326db932158cba6adff0b9a1da95e14,Will RSC Anderlecht win on 2026-07-23?,Yes,4062.9641,0.4506,0.465
2026-07-23T18:07+00:00,0x204f72f35326db932158cba6adff0b9a1da95e14,Spread: RSC Anderlecht (-1.5),Hammarby Fotboll,2235.3354,0.8998,0.845
2026-07-23T18:07+00:00,0x204f72f35326db932158cba6adff0b9a1da95e14,Will Alashkert FA vs. FC CFR 1907 Cluj end in a draw?,Yes,1878.3545,0.4971,0.9995
2026-07-23T18:07+00:00,0x204f72f35326db932158cba6adff0b9a1da95e14,Spread: Tromsø IL (-1.5),FC Hradec Králové,2461.2478,0.6736,0.755
2026-07-23T18:07+00:00,0x204f72f35326db932158cba6adff0b9a1da95e14,Tampa Bay Rays vs. Toronto Blue Jays,Tampa Bay Rays,3583.1447,0.4322,0.515
2026-07-23T18:07+00:00,0x204f72f35326db932158cba6adff0b9a1da95e14,Will Alashkert FA win on 2026-07-23?,No,1814.4684,0.6805,0.9995
2026-07-23T18:07+00:00,0x204f72f35326db932158cba6adff0b9a1da95e14,Will FK Austria Wien win on 2026-07-23?,Yes,1788.8466,0.7038,0.9995
2026-07-23T18:07+00:00,0x204f72f35326db932158cba6adff0b9a1da95e14,Qarabağ Ağdam FK vs. PFK CSKA Sofia: O/U 3.5,Under,1739.2653,0.7888,0.9995
2026-07-23T18:07+00:00,0x204f72f35326db932158cba6adff0b9a1da95e14,Will Tromsø IL win on 2026-07-23?,No,3950.4202,0.3745,0.425
2026-07-23T18:07+00:00,0x204f72f35326db932158cba6adff0b9a1da95e14,Exact Score: Chicago Fire FC 1 - 2 Vancouver Whitecaps FC?,No,1982.2736,0.9087,0.84
2026-07-23T18:07+00:00,0x09b428f7c2b469786286214aa5c90dd9015f7320,Lionel Messi: 1+ goals,Yes,440000.0,0.5148,0.0
2026-07-23T18:07+00:00,0x09b428f7c2b469786286214aa5c90dd9015f7320,Will England win on 2026-07-11?,Yes,2251963.1237,0.5086,0.0
2026-07-23T18:07+00:00,0x476e1322d1a412fa0325527b8c3bc5e707b1396d,Will England win the 2026 FIFA World Cup?,Yes,23290.29,0.16,0.0
2026-07-23T18:07+00:00,0xe549581668a5751c1972d3ad2d1991d900bd2d54,Will Japan win on 2026-06-25?,Yes,346952.06,0.4796,0.0
2026-07-23T18:07+00:00,0xe549581668a5751c1972d3ad2d1991d900bd2d54,Will Canada vs. Morocco end in a draw?,Yes,299999.8432,0.28,0.0
2026-07-23T18:07+00:00,0xe549581668a5751c1972d3ad2d1991d900bd2d54,Will Brazil vs. Japan end in a draw?,Yes,196973.6765,0.25,0.0
2026-07-23T18:07+00:00,0xe549581668a5751c1972d3ad2d1991d900bd2d54,Will Croatia win the 2026 FIFA World Cup?,Yes,599999.6708,0.009,0.0
2026-07-23T18:07+00:00,0xe549581668a5751c1972d3ad2d1991d900bd2d54,Will France win the 2026 FIFA World Cup?,Yes,410677.9183,0.1756,0.0
2026-07-23T18:07+00:00,0xe549581668a5751c1972d3ad2d1991d900bd2d54,Côte d'Ivoire vs. Ecuador: O/U 1.5,Over,185680.7912,0.59,0.0
2026-07-23T18:07+00:00,0xe549581668a5751c1972d3ad2d1991d900bd2d54,France vs. Spain: Team to Advance,France,300000.0,0.5625,0.0
2026-07-23T18:07+00:00,0xe549581668a5751c1972d3ad2d1991d900bd2d54,Will England win the 2026 FIFA World Cup?,Yes,574999.6893,0.1116,0.0
2026-07-23T18:07+00:00,0xe549581668a5751c1972d3ad2d1991d900bd2d54,Will Uruguay win on 2026-06-21?,Yes,215880.88,0.6,0.0
2026-07-23T18:07+00:00,0xe549581668a5751c1972d3ad2d1991d900bd2d54,Will Mexico vs. Ecuador end in a draw?,Yes,318815.7426,0.33,0.0
2026-07-23T18:07+00:00,0xe549581668a5751c1972d3ad2d1991d900bd2d54,Norway vs. France: O/U 5.5,Over,299999.3491,0.55,0.0
2026-07-23T18:07+00:00,0xe549581668a5751c1972d3ad2d1991d900bd2d54,Will United States vs. Australia end in a draw?,Yes,228496.6717,0.22,0.0
2026-07-23T18:07+00:00,0xe549581668a5751c1972d3ad2d1991d900bd2d54,Will Argentina win the 2026 FIFA World Cup?,Yes,784524.42,0.0859,0.0
2026-07-23T18:07+00:00,0xe549581668a5751c1972d3ad2d1991d900bd2d54,Spread: France (-1.5),France,299999.3599,0.19,0.0
2026-07-23T18:07+00:00,0xe549581668a5751c1972d3ad2d1991d900bd2d54,Will Brazil vs. Norway end in a draw?,Yes,699998.7668,0.26,0.0
2026-07-23T18:07+00:00,0xe549581668a5751c1972d3ad2d1991d900bd2d54,Will France vs. Spain end in a draw?,Yes,750000.0,0.3,0.0
2026-07-23T18:07+00:00,0xe549581668a5751c1972d3ad2d1991d900bd2d54,Spread: Austria (-1.5),Jordan,71705.139,0.5339,0.0
2026-07-23T18:07+00:00,0xe549581668a5751c1972d3ad2d1991d900bd2d54,Will Belgium win on 2026-07-06?,No,599997.8364,0.65,0.0
2026-07-23T18:07+00:00,0xe549581668a5751c1972d3ad2d1991d900bd2d54,Will England vs. Argentina end in a draw?,Yes,337253.5394,0.3338,0.0
2026-07-23T18:07+00:00,0xe549581668a5751c1972d3ad2d1991d900bd2d54,Will Ghana win on 2026-06-17?,No,29328.2265,0.56,0.0
2026-07-23T18:07+00:00,0xe549581668a5751c1972d3ad2d1991d900bd2d54,Will France win on 2026-07-18?,Yes,500000.0,0.52,0.0
2026-07-23T18:07+00:00,0xe549581668a5751c1972d3ad2d1991d900bd2d54,Will Brazil win the 2026 FIFA World Cup?,Yes,949999.7724,0.0724,0.0
2026-07-23T18:07+00:00,0xe549581668a5751c1972d3ad2d1991d900bd2d54,Will Argentina vs. Egypt end in a draw?,Yes,187071.545,0.2,0.0
2026-07-23T18:07+00:00,0xe549581668a5751c1972d3ad2d1991d900bd2d54,Will Belgium win the 2026 FIFA World Cup?,Yes,1308815.4238,0.0123,0.0
2026-07-23T18:07+00:00,0xe549581668a5751c1972d3ad2d1991d900bd2d54,Will Sweden win on 2026-06-14?,No,433383.7403,0.49,0.0
2026-07-23T18:07+00:00,0xe549581668a5751c1972d3ad2d1991d900bd2d54,Will Senegal win the 2026 FIFA World Cup?,Yes,1499999.7348,0.007,0.0
2026-07-23T18:07+00:00,0xe549581668a5751c1972d3ad2d1991d900bd2d54,Will Switzerland vs. Bosnia and Herzegovina end in a draw?,Yes,49537.242,0.33,0.0
2026-07-23T18:07+00:00,0xe549581668a5751c1972d3ad2d1991d900bd2d54,Sweden vs. Tunisia: O/U 2.5,Under,165698.6461,0.56,0.0
2026-07-23T18:07+00:00,0xe549581668a5751c1972d3ad2d1991d900bd2d54,South Africa vs. Korea Republic: O/U 2.5,Over,499998.7305,0.4692,0.0
2026-07-23T18:07+00:00,0xe549581668a5751c1972d3ad2d1991d900bd2d54,Will Czechia win on 2026-06-18?,Yes,555199.5032,0.548,0.0
2026-07-23T18:07+00:00,0xe549581668a5751c1972d3ad2d1991d900bd2d54,Spread: Korea Republic (-1.5),Korea Republic,399998.8931,0.32,0.0
2026-07-23T18:07+00:00,0xe549581668a5751c1972d3ad2d1991d900bd2d54,Brazil vs. Morocco: O/U 3.5,Over,199999.8173,0.54,0.0
2026-07-23T18:07+00:00,0xe549581668a5751c1972d3ad2d1991d900bd2d54,England vs. DR Congo: O/U 2.5,Under,34986.79,0.5,0.0
2026-07-23T18:07+00:00,0xe549581668a5751c1972d3ad2d1991d900bd2d54,Belgium vs. IR Iran: O/U 2.5,Over,599999.9725,0.53,0.0
2026-07-23T18:07+00:00,0xe549581668a5751c1972d3ad2d1991d900bd2d54,Will Ecuador win the 2026 FIFA World Cup?,Yes,1199999.7263,0.008,0.0
2026-07-23T18:07+00:00,0xe549581668a5751c1972d3ad2d1991d900bd2d54,Spread: Spain (-1.5),Spain,149999.8399,0.4,0.0
2026-07-23T18:07+00:00,0xe549581668a5751c1972d3ad2d1991d900bd2d54,Japan vs. Sweden: O/U 2.5,Over,677.7882,0.49,0.0
2026-07-23T18:07+00:00,0xe549581668a5751c1972d3ad2d1991d900bd2d54,Will England win on 2026-07-01?,No,88960.2,0.23,0.0
2026-07-23T18:07+00:00,0xe549581668a5751c1972d3ad2d1991d900bd2d54,Will Mexico vs. England end in a draw?,Yes,69566.4782,0.3,0.0
2026-07-23T18:07+00:00,0xe549581668a5751c1972d3ad2d1991d900bd2d54,Spread: Spain (-2.5),Spain,20784.62,0.5,0.0
2026-07-23T18:07+00:00,0xe549581668a5751c1972d3ad2d1991d900bd2d54,Spread: Portugal (-1.5),Uzbekistan,299999.4266,0.42,0.0
2026-07-23T18:07+00:00,0xe549581668a5751c1972d3ad2d1991d900bd2d54,Spread: Portugal (-2.5),Uzbekistan,499999.2669,0.6099,0.0
2026-07-23T18:07+00:00,0xe549581668a5751c1972d3ad2d1991d900bd2d54,Will Japan win on 2026-06-21?,No,400000.0,0.31,0.0
2026-07-23T18:07+00:00,0xe549581668a5751c1972d3ad2d1991d900bd2d54,Belgium vs. Egypt: O/U 2.5,Over,90479.4486,0.61,0.0
2026-07-23T18:07+00:00,0xe549581668a5751c1972d3ad2d1991d900bd2d54,Will France vs. Morocco end in a draw?,Yes,6119.7883,0.24,0.0
2026-07-23T18:07+00:00,0xe549581668a5751c1972d3ad2d1991d900bd2d54,Spread: France (-1.5),France,23743.208,0.58,0.0
2026-07-23T18:07+00:00,0xe549581668a5751c1972d3ad2d1991d900bd2d54,Germany vs. Paraguay: O/U 2.5,Over,183809.6049,0.56,0.0
2026-07-23T18:07+00:00,0xe549581668a5751c1972d3ad2d1991d900bd2d54,Will Korea Republic vs. Czechia end in a draw?,Yes,103554.9575,0.31,0.0
2026-07-23T18:07+00:00,0xe549581668a5751c1972d3ad2d1991d900bd2d54,Portugal vs. Uzbekistan: O/U 3.5,Under,549999.036,0.6018,0.0
2026-07-23T18:07+00:00,0xe549581668a5751c1972d3ad2d1991d900bd2d54,Will Portugal vs. Croatia end in a draw?,Yes,199999.4147,0.27,0.0
2026-07-23T18:07+00:00,0x83720820a8aa6c3f20ad71850e7a1a17d16c5223,Will Marco Rubio win the 2028 Republican presidential nomina,Yes,367407.7833,0.2198,0.2795
2026-07-23T18:07+00:00,0x83720820a8aa6c3f20ad71850e7a1a17d16c5223,Spread: Arsenal FC (-1.5),Arsenal FC,4214.9,0.53,0.0
2026-07-23T18:07+00:00,0x83720820a8aa6c3f20ad71850e7a1a17d16c5223,Paris Saint-Germain FC vs. Chelsea FC: O/U 2.5,Under,29702.1228,0.4099,0.0
2026-07-23T18:07+00:00,0x83720820a8aa6c3f20ad71850e7a1a17d16c5223,Manchester United FC vs. Crystal Palace FC: O/U 2.5,Under,76000.0,0.44,0.0
2026-07-23T18:07+00:00,0x83720820a8aa6c3f20ad71850e7a1a17d16c5223,Burnley FC vs. Manchester City FC: O/U 3.5,Over,1977.429,0.52,0.0
2026-07-23T18:07+00:00,0x83720820a8aa6c3f20ad71850e7a1a17d16c5223,Will Argentina win on 2026-07-15?,No,176142.1088,0.6825,0.0
2026-07-23T18:07+00:00,0x83720820a8aa6c3f20ad71850e7a1a17d16c5223,Will France win the 2026 FIFA World Cup?,Yes,694546.168,0.2953,0.0
2026-07-23T18:07+00:00,0x83720820a8aa6c3f20ad71850e7a1a17d16c5223,Spread: France (-1.5),Senegal,124999.5868,0.61,0.0
2026-07-23T18:07+00:00,0x83720820a8aa6c3f20ad71850e7a1a17d16c5223,Will Newcastle United FC win on 2026-03-22?,Yes,23919.4651,0.58,0.0
2026-07-23T18:07+00:00,0x83720820a8aa6c3f20ad71850e7a1a17d16c5223,Newcastle United FC vs. Everton FC: O/U 2.5,Under,15000.0,0.45,0.0
2026-07-23T18:07+00:00,0x83720820a8aa6c3f20ad71850e7a1a17d16c5223,Germany vs. Paraguay: Team to Advance,Germany,327000.0,0.87,0.0
2026-07-23T18:07+00:00,0x83720820a8aa6c3f20ad71850e7a1a17d16c5223,Spread: Brazil (-2.5),Haiti,177998.7547,0.49,0.0
2026-07-23T18:07+00:00,0x83720820a8aa6c3f20ad71850e7a1a17d16c5223,Spread: Liverpool FC (-1.5),Galatasaray SK,51909.6236,0.41,0.0
2026-07-23T18:07+00:00,0x83720820a8aa6c3f20ad71850e7a1a17d16c5223,Will England win the 2026 FIFA World Cup?,Yes,3462118.7361,0.1188,0.0
2026-07-23T18:07+00:00,0x83720820a8aa6c3f20ad71850e7a1a17d16c5223,Brighton & Hove Albion FC vs. Chelsea FC: O/U 2.5,Under,70564.1069,0.4159,0.0
2026-07-23T18:07+00:00,0x83720820a8aa6c3f20ad71850e7a1a17d16c5223,US x Iran ceasefire by March 15?,Yes,10458.0052,0.2466,0.0
2026-07-23T18:07+00:00,0x83720820a8aa6c3f20ad71850e7a1a17d16c5223,Kamala Harris wins the popular vote?,Yes,295.8933,0.5914,0.0
2026-07-23T18:07+00:00,0x83720820a8aa6c3f20ad71850e7a1a17d16c5223,Will Brazil win the 2026 FIFA World Cup?,Yes,1697935.2489,0.0622,0.0
2026-07-23T18:07+00:00,0x83720820a8aa6c3f20ad71850e7a1a17d16c5223,Portugal vs. Spain: Both Teams to Score,Yes,754199.5629,0.4134,0.0
2026-07-23T18:07+00:00,0x83720820a8aa6c3f20ad71850e7a1a17d16c5223,Will Paris Saint-Germain FC win on 2026-03-11?,No,90099.9998,0.5499,0.0
2026-07-23T18:07+00:00,0x83720820a8aa6c3f20ad71850e7a1a17d16c5223,Will Belgium win the 2026 FIFA World Cup?,Yes,2643707.0277,0.0127,0.0
2026-07-23T18:07+00:00,0x83720820a8aa6c3f20ad71850e7a1a17d16c5223,Spread: Newcastle United FC (-1.5),Qarabağ Ağdam FK,75308.0703,0.5309,0.0
2026-07-23T18:07+00:00,0x83720820a8aa6c3f20ad71850e7a1a17d16c5223,Will Liverpool FC win on 2026-03-21?,Yes,4789.7671,0.44,0.0
2026-07-23T18:07+00:00,0x83720820a8aa6c3f20ad71850e7a1a17d16c5223,Will Manchester City FC win on 2026-04-04?,No,53353.1117,0.45,0.0
2026-07-23T18:07+00:00,0x83720820a8aa6c3f20ad71850e7a1a17d16c5223,Tottenham Hotspur FC vs. Club Atlético de Madrid: O/U 3.5,Under,58113.3856,0.65,0.0
2026-07-23T18:07+00:00,0x83720820a8aa6c3f20ad71850e7a1a17d16c5223,Will Ecuador win the 2026 FIFA World Cup?,Yes,4699294.4233,0.0059,0.0
2026-07-23T18:07+00:00,0x83720820a8aa6c3f20ad71850e7a1a17d16c5223,Paris Saint-Germain FC vs. Chelsea FC: O/U 3.5,Under,105691.1588,0.6143,0.0
2026-07-23T18:07+00:00,0x83720820a8aa6c3f20ad71850e7a1a17d16c5223,Spain vs. Argentina: Both Teams to Score,Yes,1029999.0249,0.3694,0.0
2026-07-23T18:07+00:00,0x83720820a8aa6c3f20ad71850e7a1a17d16c5223,US x Iran ceasefire by March 6?,Yes,18499.9895,0.08,0.0
2026-07-23T18:07+00:00,0x83720820a8aa6c3f20ad71850e7a1a17d16c5223,Will Portugal win the 2026 FIFA World Cup?,Yes,59701.4925,0.0669,0.0
2026-07-23T18:07+00:00,0x83720820a8aa6c3f20ad71850e7a1a17d16c5223,Spread: Germany (-3.5),Curaçao,94998.7199,0.51,0.0
2026-07-23T18:07+00:00,0x83720820a8aa6c3f20ad71850e7a1a17d16c5223,France vs. Morocco: Both Teams to Score,Yes,558653.091,0.2792,0.0
2026-07-23T18:07+00:00,0x83720820a8aa6c3f20ad71850e7a1a17d16c5223,FK Bodø/Glimt vs. FC Internazionale Milano: O/U 3.5,Under,55245.9016,0.6099,0.0
2026-07-23T18:07+00:00,0x83720820a8aa6c3f20ad71850e7a1a17d16c5223,Tottenham Hotspur FC vs. Club Atlético de Madrid: O/U 2.5,Under,34801.6475,0.42,0.0
2026-07-23T18:07+00:00,0x83720820a8aa6c3f20ad71850e7a1a17d16c5223,Will Netherlands win the 2026 FIFA World Cup?,Yes,500000.0,0.04,0.0
2026-07-23T18:07+00:00,0x83720820a8aa6c3f20ad71850e7a1a17d16c5223,US x Iran ceasefire by March 31?,Yes,482.0166,0.46,0.0
2026-07-23T18:07+00:00,0x83720820a8aa6c3f20ad71850e7a1a17d16c5223,Will Switzerland win the 2026 FIFA World Cup?,Yes,5990714.6879,0.0084,0.0
2026-07-23T18:07+00:00,0x83720820a8aa6c3f20ad71850e7a1a17d16c5223,Will Ivan Cepeda Castro win the 2026 Colombian presidential ,Yes,30570.5387,0.2168,0.0
2026-07-23T18:07+00:00,0x83720820a8aa6c3f20ad71850e7a1a17d16c5223,France vs. Senegal: O/U 2.5,Under,174999.9295,0.4957,0.0
2026-07-23T18:07+00:00,0x83720820a8aa6c3f20ad71850e7a1a17d16c5223,Will Switzerland win on 2026-06-13?,Yes,215085.8895,0.8233,0.0
2026-07-23T18:07+00:00,0x83720820a8aa6c3f20ad71850e7a1a17d16c5223,West Ham United FC vs. Everton FC: O/U 2.5,Under,8738.4794,0.48,0.0
2026-07-23T18:07+00:00,0x83720820a8aa6c3f20ad71850e7a1a17d16c5223,"UFC 329: Paddy Pimblett vs. Benoît Saint Denis (Lightweight,",Benoît Saint Denis,321363.6257,0.5531,0.0
2026-07-23T18:07+00:00,0x83720820a8aa6c3f20ad71850e7a1a17d16c5223,Will FC Barcelona win on 2026-03-18?,No,118999.8677,0.37,0.0
2026-07-23T18:07+00:00,0x83720820a8aa6c3f20ad71850e7a1a17d16c5223,Will Morocco win the 2026 FIFA World Cup?,Yes,808271.9766,0.0207,0.0
2026-07-23T18:07+00:00,0x83720820a8aa6c3f20ad71850e7a1a17d16c5223,Will Manchester City FC win on 2026-02-28?,No,61000.0,0.42,0.0
2026-07-23T18:07+00:00,0x83720820a8aa6c3f20ad71850e7a1a17d16c5223,Newcastle United FC vs. Manchester City FC: O/U 3.5,Under,14000.0,0.6485,0.0
2026-07-23T18:07+00:00,0x83720820a8aa6c3f20ad71850e7a1a17d16c5223,Wolverhampton Wanderers FC vs. Liverpool FC: O/U 3.5,Under,115999.5192,0.6697,0.0
2026-07-23T18:07+00:00,0x83720820a8aa6c3f20ad71850e7a1a17d16c5223,Newcastle United FC vs. Qarabağ Ağdam FK: O/U 4.5,Under,54465.5433,0.6571,0.0
2026-07-23T18:07+00:00,0x83720820a8aa6c3f20ad71850e7a1a17d16c5223,Will Germany win the 2026 FIFA World Cup?,Yes,312904.4063,0.0514,0.0
2026-07-23T18:07+00:00,0x83720820a8aa6c3f20ad71850e7a1a17d16c5223,Will AFC Bournemouth win on 2026-03-14?,Yes,94339.6226,0.5299,0.0
2026-07-23T18:07+00:00,0x5b4ec9c06b284ee52c41a761974d836992880232,San Diego Padres vs. Washington Nationals: O/U 7.5,Under,167809.13,0.49,0.0
2026-07-23T18:07+00:00,0x5b4ec9c06b284ee52c41a761974d836992880232,Will Brazil win on 2026-07-05?,Yes,126723.4091,0.5136,0.0
2026-07-23T18:07+00:00,0x5b4ec9c06b284ee52c41a761974d836992880232,Spread: Germany (-1.5),Germany,336022.2814,0.47,0.0
2026-07-23T18:07+00:00,0x5b4ec9c06b284ee52c41a761974d836992880232,Cavaliers vs. Knicks: O/U 215.5,Over,174136.555,0.49,0.0
2026-07-23T18:07+00:00,0x5b4ec9c06b284ee52c41a761974d836992880232,England vs. Argentina: O/U 2.5,Under,638543.0208,0.5972,0.0
2026-07-23T18:07+00:00,0x5b4ec9c06b284ee52c41a761974d836992880232,Will England win on 2026-07-05?,No,600000.0,0.61,0.0
2026-07-23T18:07+00:00,0x5b4ec9c06b284ee52c41a761974d836992880232,Miami Marlins vs. Washington Nationals: O/U 9.5,Under,99640.25,0.5699,0.0
2026-07-23T18:07+00:00,0x5b4ec9c06b284ee52c41a761974d836992880232,Will Netherlands win on 2026-06-20?,No,900000.0,0.42,0.0
2026-07-23T18:07+00:00,0x5b4ec9c06b284ee52c41a761974d836992880232,England vs. Argentina: O/U 1.5,Under,161466.6214,0.326,0.0
2026-07-23T18:07+00:00,0x5b4ec9c06b284ee52c41a761974d836992880232,Colorado Rockies vs. Philadelphia Phillies: O/U 7.5,Under,93871.2631,0.53,0.0
2026-07-23T18:07+00:00,0x5b4ec9c06b284ee52c41a761974d836992880232,Spread: Uruguay (-1.5),Uruguay,106309.3,0.43,0.0
2026-07-23T18:07+00:00,0x5b4ec9c06b284ee52c41a761974d836992880232,Philadelphia Phillies vs. New York Mets: O/U 8.5,Under,39618.86,0.519,0.0
2026-07-23T18:07+00:00,0x5b4ec9c06b284ee52c41a761974d836992880232,Colorado Rockies vs. Los Angeles Dodgers: O/U 9.5,Under,37780.67,0.48,0.0
2026-07-23T18:07+00:00,0x5b4ec9c06b284ee52c41a761974d836992880232,Detroit Tigers vs. Tampa Bay Rays: O/U 8.5,Under,93367.56,0.52,0.0
2026-07-23T18:07+00:00,0x5b4ec9c06b284ee52c41a761974d836992880232,Atlanta Braves vs. Los Angeles Dodgers: O/U 8.5,Under,63829.34,0.5,0.0
2026-07-23T18:07+00:00,0x5b4ec9c06b284ee52c41a761974d836992880232,Brazil vs. Japan: O/U 2.5,Under,403090.3257,0.58,0.0
2026-07-23T18:07+00:00,0x5b4ec9c06b284ee52c41a761974d836992880232,Kansas City Royals vs. Texas Rangers: O/U 7.5,Under,57573.11,0.47,0.0
2026-07-23T18:07+00:00,0x5b4ec9c06b284ee52c41a761974d836992880232,Thunder vs. Spurs,Thunder,599999.2166,0.42,0.0
2026-07-23T18:07+00:00,0x5b4ec9c06b284ee52c41a761974d836992880232,SC Freiburg vs. Aston Villa FC: O/U 2.5,Under,59999.9433,0.52,0.0
2026-07-23T18:07+00:00,0x5b4ec9c06b284ee52c41a761974d836992880232,San Francisco Giants vs. Seattle Mariners: O/U 7.5,Over,156250.0829,0.46,0.0
2026-07-23T18:07+00:00,0x5b4ec9c06b284ee52c41a761974d836992880232,Uzbekistan vs. Colombia: O/U 2.5,Under,610393.4799,0.5093,0.0
2026-07-23T18:07+00:00,0x5b4ec9c06b284ee52c41a761974d836992880232,Argentina vs. Egypt: O/U 2.5,Under,240967.8757,0.5216,0.0
2026-07-23T18:07+00:00,0x5b4ec9c06b284ee52c41a761974d836992880232,New York Mets vs. Seattle Mariners: O/U 7.5,Under,172672.34,0.5,0.0
2026-07-23T18:07+00:00,0x5b4ec9c06b284ee52c41a761974d836992880232,Will Austria win the 2026 FIFA World Cup?,Yes,2931638.36,0.005,0.0
2026-07-23T18:07+00:00,0x5b4ec9c06b284ee52c41a761974d836992880232,England vs. Argentina: Team to Advance,England,484419.9802,0.5355,0.0
2026-07-23T18:07+00:00,0x5b4ec9c06b284ee52c41a761974d836992880232,Chicago Cubs vs. Pittsburgh Pirates: O/U 7.5,Under,19332.79,0.49,0.0
2026-07-23T18:07+00:00,0x5b4ec9c06b284ee52c41a761974d836992880232,Chicago White Sox vs. Philadelphia Phillies: O/U 9.5,Under,23579.57,0.5551,0.0
2026-07-23T18:07+00:00,0x5b4ec9c06b284ee52c41a761974d836992880232,Will Canada win the 2026 FIFA World Cup?,Yes,2872898.22,0.003,0.0
2026-07-23T18:07+00:00,0x5b4ec9c06b284ee52c41a761974d836992880232,Will France win on 2026-07-09?,No,500.0,0.39,0.0
2026-07-23T18:07+00:00,0x5b4ec9c06b284ee52c41a761974d836992880232,Cincinnati Reds vs. Pittsburgh Pirates: O/U 7.5,Under,75896.31,0.45,0.0
2026-07-23T18:07+00:00,0xf0318c32136c2db7fec88b84869aee6a1106c80c,Switzerland vs. Colombia: O/U 2.5,Over,559736.0329,0.3999,0.0
2026-07-23T18:07+00:00,0xf0318c32136c2db7fec88b84869aee6a1106c80c,Ecuador vs. Germany: O/U 0.5,Under,19714.5324,0.05,0.0
2026-07-23T18:07+00:00,0xf0318c32136c2db7fec88b84869aee6a1106c80c,Tampa Bay Rays vs. Boston Red Sox,Tampa Bay Rays,41023.7407,0.48,0.0
2026-07-23T18:07+00:00,0xf0318c32136c2db7fec88b84869aee6a1106c80c,Will Senegal win on 2026-07-01?,Yes,1059496.2765,0.25,0.0
2026-07-23T18:07+00:00,0xf0318c32136c2db7fec88b84869aee6a1106c80c,Will Scotland win on 2026-06-19?,Yes,169173.5293,0.2867,0.0
2026-07-23T18:07+00:00,0xf0318c32136c2db7fec88b84869aee6a1106c80c,Will Canada vs. Morocco end in a draw?,Yes,174761.2781,0.28,0.0
2026-07-23T18:07+00:00,0xf0318c32136c2db7fec88b84869aee6a1106c80c,San Diego Padres vs. Atlanta Braves,San Diego Padres,72786.6014,0.46,0.0
2026-07-23T18:07+00:00,0xf0318c32136c2db7fec88b84869aee6a1106c80c,Spread: Thunder (-5.5),Spurs,249999.8425,0.46,0.0
2026-07-23T18:07+00:00,0xf0318c32136c2db7fec88b84869aee6a1106c80c,Will France win on 2026-06-16?,No,828798.2595,0.3296,0.0
2026-07-23T18:07+00:00,0xf0318c32136c2db7fec88b84869aee6a1106c80c,Will Brazil vs. Japan end in a draw?,Yes,2020266.8344,0.3333,0.0
2026-07-23T18:07+00:00,0xf0318c32136c2db7fec88b84869aee6a1106c80c,France vs. Spain: O/U 0.5,Under,129849.3764,0.0698,0.0
2026-07-23T18:07+00:00,0xf0318c32136c2db7fec88b84869aee6a1106c80c,Will United States win on 2026-06-12?,No,1161604.8888,0.53,0.0
2026-07-23T18:07+00:00,0xf0318c32136c2db7fec88b84869aee6a1106c80c,Tunisia vs. Netherlands: O/U 2.5,Under,70486.4951,0.3041,0.0
2026-07-23T18:07+00:00,0xf0318c32136c2db7fec88b84869aee6a1106c80c,Will Spain win on 2026-07-19?,Yes,1392932.3192,0.3398,0.0
2026-07-23T18:07+00:00,0xf0318c32136c2db7fec88b84869aee6a1106c80c,Iraq vs. Norway: O/U 7.5,Over,349837.0004,0.061,0.0
2026-07-23T18:07+00:00,0xf0318c32136c2db7fec88b84869aee6a1106c80c,Tunisia vs. Netherlands: O/U 0.5,Under,13947.4174,0.0287,0.0
2026-07-23T18:07+00:00,0xf0318c32136c2db7fec88b84869aee6a1106c80c,Will Heart of Midlothian FC win on 2026-07-21?,Yes,3507.5347,0.24,0.0
2026-07-23T18:07+00:00,0xf0318c32136c2db7fec88b84869aee6a1106c80c,Will Ghana win on 2026-07-03?,Yes,805544.4813,0.1,0.0
2026-07-23T18:07+00:00,0xf0318c32136c2db7fec88b84869aee6a1106c80c,Will KF Víkingur win on 2026-07-21?,No,26291.2471,0.61,0.0
2026-07-23T18:07+00:00,0xf0318c32136c2db7fec88b84869aee6a1106c80c,Will Morocco win on 2026-06-19?,No,819914.175,0.43,0.0
2026-07-23T18:07+00:00,0xf0318c32136c2db7fec88b84869aee6a1106c80c,Spread: Türkiye (-1.5),Türkiye,12418.3634,0.23,0.0
2026-07-23T18:07+00:00,0xf0318c32136c2db7fec88b84869aee6a1106c80c,Spread: Norway (-3.5),Norway,75415.7855,0.1894,0.0
2026-07-23T18:07+00:00,0xf0318c32136c2db7fec88b84869aee6a1106c80c,Milwaukee Brewers vs. Minnesota Twins,Minnesota Twins,95262.9778,0.4995,0.0
2026-07-23T18:07+00:00,0xf0318c32136c2db7fec88b84869aee6a1106c80c,Spain vs. Belgium: O/U 2.5,Under,624942.2094,0.4493,0.0
2026-07-23T18:07+00:00,0xf0318c32136c2db7fec88b84869aee6a1106c80c,Knicks vs. Raptors,Raptors,112855.7399,0.53,0.0
2026-07-23T18:07+00:00,0xf0318c32136c2db7fec88b84869aee6a1106c80c,Spread: Spurs (-7.5),Mavericks,40414.89,0.49,0.0
2026-07-23T18:07+00:00,0xf0318c32136c2db7fec88b84869aee6a1106c80c,Will IR Iran win on 2026-06-21?,Yes,97540.3856,0.11,0.0
2026-07-23T18:07+00:00,0xf0318c32136c2db7fec88b84869aee6a1106c80c,Spread: Raptors (-7.5),Bulls,209999.8905,0.51,0.0
2026-07-23T18:07+00:00,0xf0318c32136c2db7fec88b84869aee6a1106c80c,France vs. Spain: Spain O/U 0.5,Under,7682.5,0.25,0.0
2026-07-23T18:07+00:00,0xf0318c32136c2db7fec88b84869aee6a1106c80c,Spain vs. Saudi Arabia: O/U 3.5,Under,166234.3935,0.48,0.0
2026-07-23T18:07+00:00,0xf0318c32136c2db7fec88b84869aee6a1106c80c,Côte d'Ivoire vs. Norway: O/U 1.5,Under,108615.6857,0.2243,0.0
2026-07-23T18:07+00:00,0xf0318c32136c2db7fec88b84869aee6a1106c80c,Paraguay vs. France: O/U 3.5,Over,214217.556,0.33,0.0
2026-07-23T18:07+00:00,0xf0318c32136c2db7fec88b84869aee6a1106c80c,Will Scotland vs. Morocco end in a draw?,Yes,123801.3348,0.3333,0.0
2026-07-23T18:07+00:00,0xf0318c32136c2db7fec88b84869aee6a1106c80c,Germany vs. Paraguay: Team to Advance,Germany,20585.2456,0.86,0.0
2026-07-23T18:07+00:00,0xf0318c32136c2db7fec88b84869aee6a1106c80c,Will France win on 2026-06-30?,No,1532855.8342,0.2227,0.0
2026-07-23T18:07+00:00,0xf0318c32136c2db7fec88b84869aee6a1106c80c,Lakers vs. Mavericks,Mavericks,306418.6811,0.39,0.0
2026-07-23T18:07+00:00,0xf0318c32136c2db7fec88b84869aee6a1106c80c,Will Malta win Eurovision 2026?,Yes,221341.3594,0.0049,0.0
2026-07-23T18:07+00:00,0xf0318c32136c2db7fec88b84869aee6a1106c80c,Will Spain vs. Austria end in a draw?,Yes,111209.1578,0.1868,0.0
2026-07-23T18:07+00:00,0xf0318c32136c2db7fec88b84869aee6a1106c80c,Wimbledon ATP: Jannik Sinner vs Alexander Zverev,Alexander Zverev,141.69,0.39,0.0
2026-07-23T18:07+00:00,0xf0318c32136c2db7fec88b84869aee6a1106c80c,Will Bosnia and Herzegovina win on 2026-06-24?,No,230442.8064,0.3,0.0
2026-07-23T18:07+00:00,0xf0318c32136c2db7fec88b84869aee6a1106c80c,Spread: Raptors (-8.5),Bulls,39795.3033,0.55,0.0
2026-07-23T18:07+00:00,0xf0318c32136c2db7fec88b84869aee6a1106c80c,Exact Score: Any Other Score?,Yes,999998.9722,0.0588,0.0
2026-07-23T18:07+00:00,0xf0318c32136c2db7fec88b84869aee6a1106c80c,Will Paraguay win on 2026-06-29?,Yes,1241997.0067,0.3319,0.0
2026-07-23T18:07+00:00,0xf0318c32136c2db7fec88b84869aee6a1106c80c,Will Spain vs. Belgium end in a draw?,Yes,603711.6885,0.3215,0.0
2026-07-23T18:07+00:00,0xf0318c32136c2db7fec88b84869aee6a1106c80c,Colombia vs. DR Congo: O/U 1.5,Over,9300.93,0.6899,0.0
2026-07-23T18:07+00:00,0xf0318c32136c2db7fec88b84869aee6a1106c80c,Will Switzerland win on 2026-07-02?,No,1169262.195,0.51,0.0
2026-07-23T18:07+00:00,0xf0318c32136c2db7fec88b84869aee6a1106c80c,Spread: Norway (-1.5),Norway,134640.4083,0.2252,0.0
2026-07-23T18:07+00:00,0xf0318c32136c2db7fec88b84869aee6a1106c80c,Will England win the 2026 FIFA World Cup?,Yes,3041766.3525,0.1012,0.0
2026-07-23T18:07+00:00,0xf0318c32136c2db7fec88b84869aee6a1106c80c,Spread: Clippers (-9.5),Nets,45674.9283,0.4711,0.0
2026-07-23T18:07+00:00,0xf0318c32136c2db7fec88b84869aee6a1106c80c,Morocco vs. Haiti: O/U 3.5,Under,2777.0061,0.63,0.0
2026-07-23T18:07+00:00,0x2c335066fe58fe9237c3d3dc7b275c2a034a0563,"2026 Balance of Power: D Senate, D House",No,8004002.82,0.5,0.5649
2026-07-23T18:07+00:00,0x2c335066fe58fe9237c3d3dc7b275c2a034a0563,"2026 Balance of Power: D Senate, D House",Yes,8004002.82,0.5,0.435
2026-07-23T18:07+00:00,0x2c335066fe58fe9237c3d3dc7b275c2a034a0563,Counter-Strike: Heroic vs FOKUS (BO3) - StarLadder StarSerie,Heroic,83755.0,0.6,0.915
2026-07-23T18:07+00:00,0x2c335066fe58fe9237c3d3dc7b275c2a034a0563,Will Trump be in the WC Champions Photo?,Yes,63459.5423,0.8967,0.9995
2026-07-23T18:07+00:00,0x2c335066fe58fe9237c3d3dc7b275c2a034a0563,Livesport Prague Open: Lucie Havlickova vs Barbora Krejcikov,Barbora Krejcikova,60000.0,0.82,0.9995
2026-07-23T18:07+00:00,0x2c335066fe58fe9237c3d3dc7b275c2a034a0563,Hamburg European Open: Elina Avanesyan vs Yulia Putintseva,Elina Avanesyan,48262.8718,0.4959,0.9995
2026-07-23T18:07+00:00,0x2c335066fe58fe9237c3d3dc7b275c2a034a0563,Bloomfield Hills: Roger Pascual vs Andres Martin,Roger Pascual,48753.2789,0.41,0.535
2026-07-23T18:07+00:00,0x2c335066fe58fe9237c3d3dc7b275c2a034a0563,"Will Bitcoin dip to $35,000 by December 31, 2026?",No,19995.73,0.85,0.915
2026-07-23T18:07+00:00,0x2c335066fe58fe9237c3d3dc7b275c2a034a0563,Map Handicap: TS (-1.5) vs OG (+1.5),OG,44678.6727,0.28,0.34
2026-07-23T18:07+00:00,0x2c335066fe58fe9237c3d3dc7b275c2a034a0563,Boston Red Sox vs. New York Yankees,New York Yankees,27715.59,0.49,0.495
2026-07-23T18:07+00:00,0x2c335066fe58fe9237c3d3dc7b275c2a034a0563,"Will Bitcoin dip to $25,000 by December 31, 2026?",No,2971.13,0.92,0.964
2026-07-23T18:07+00:00,0x2c335066fe58fe9237c3d3dc7b275c2a034a0563,San Diego Padres vs. Atlanta Braves,Atlanta Braves,61.71,0.71,0.915
2026-07-23T18:07+00:00,0x2c335066fe58fe9237c3d3dc7b275c2a034a0563,San Francisco Giants vs. Atlanta Braves,San Francisco Giants,90.204,0.51,0.455
2026-07-23T18:07+00:00,0x2c335066fe58fe9237c3d3dc7b275c2a034a0563,Palermo: Mina Hodzic vs Noemi Basiletti,Noemi Basiletti,45452.6934,0.4747,0.0005
2026-07-23T18:07+00:00,0x2c335066fe58fe9237c3d3dc7b275c2a034a0563,Minnesota Twins vs. Cleveland Guardians,Cleveland Guardians,32.74,0.58,0.645
2026-07-23T18:07+00:00,0x2c335066fe58fe9237c3d3dc7b275c2a034a0563,Hamburg European Open: Elina Avanesyan vs Yulia Putintseva,Yulia Putintseva,35975.4919,0.5312,0.0005
2026-07-23T18:07+00:00,0x2c335066fe58fe9237c3d3dc7b275c2a034a0563,Qarabağ Ağdam FK vs. PFK CSKA Sofia: PFK CSKA Sofia O/U 0.5,Under,3.19,0.52,0.9945
2026-07-23T18:07+00:00,0x2c335066fe58fe9237c3d3dc7b275c2a034a0563,Spread: Thunder (-7.5),Thunder,9.8039,0.49,0.0
2026-07-23T18:07+00:00,0x2c335066fe58fe9237c3d3dc7b275c2a034a0563,Atlanta Dream vs. Toronto Tempo,Toronto Tempo,10588.3911,0.2093,0.0
2026-07-23T18:07+00:00,0x2c335066fe58fe9237c3d3dc7b275c2a034a0563,Wimbledon ATP: Roberto Bautista Agut vs Joao Fonseca,Roberto Bautista Agut,11480.57,0.01,0.0
2026-07-23T18:07+00:00,0x2c335066fe58fe9237c3d3dc7b275c2a034a0563,Milwaukee Brewers vs. Pittsburgh Pirates,Milwaukee Brewers,2526.0957,0.2818,0.0
2026-07-23T18:07+00:00,0x2c335066fe58fe9237c3d3dc7b275c2a034a0563,Exact Score: Türkiye 2 - 1 Paraguay?,Yes,668.44,0.14,0.0
2026-07-23T18:07+00:00,0x2c335066fe58fe9237c3d3dc7b275c2a034a0563,Roland Garros WTA: Diane Parry vs Amanda Anisimova,Amanda Anisimova,123.2436,0.78,0.0
2026-07-23T18:07+00:00,0x2c335066fe58fe9237c3d3dc7b275c2a034a0563,LoL: KT Rolster vs Dplus KIA (BO1) - KeSPA Cup Group Stage,Dplus KIA,5876.3371,0.3,0.0
2026-07-23T18:07+00:00,0x2c335066fe58fe9237c3d3dc7b275c2a034a0563,Tampa Bay Rays vs. Boston Red Sox,Tampa Bay Rays,7189.0,0.4601,0.0
2026-07-23T18:07+00:00,0x2c335066fe58fe9237c3d3dc7b275c2a034a0563,Spread: Spain (-1.5),Spain,199.8406,0.14,0.0
2026-07-23T18:07+00:00,0x2c335066fe58fe9237c3d3dc7b275c2a034a0563,"Mallorca Championships, Qualification: Abedallah Shelbayh vs",Abedallah Shelbayh,153.0,0.28,0.0
2026-07-23T18:07+00:00,0x2c335066fe58fe9237c3d3dc7b275c2a034a0563,Will Al Riyadh Saudi Club win on 2025-12-20?,Yes,5.7188,0.13,0.0
2026-07-23T18:07+00:00,0x2c335066fe58fe9237c3d3dc7b275c2a034a0563,Washington Nationals vs. Boston Red Sox,Boston Red Sox,4099.67,0.3594,0.0
2026-07-23T18:07+00:00,0x2c335066fe58fe9237c3d3dc7b275c2a034a0563,Las Vegas Aces vs. PortlandFire,PortlandFire,9504.43,0.22,0.0
2026-07-23T18:07+00:00,0x2c335066fe58fe9237c3d3dc7b275c2a034a0563,Iasi Open: Kaitlin Quevedo vs Gabriela Ruse,Gabriela Ruse,2481.98,0.6629,0.0
2026-07-23T18:07+00:00,0x2c335066fe58fe9237c3d3dc7b275c2a034a0563,Roland Garros ATP: Adolfo Vallejo vs Moise Kouame,Adolfo Vallejo,711.6644,0.55,0.0
2026-07-23T18:07+00:00,0x2c335066fe58fe9237c3d3dc7b275c2a034a0563,Spread: Spurs (-8.5),Thunder,6.8571,0.65,0.0
2026-07-23T18:07+00:00,0x2c335066fe58fe9237c3d3dc7b275c2a034a0563,Pozoblanco: Dominik Palan vs Izan Almazan Valiente,Dominik Palan,4298.7257,0.32,0.0
2026-07-23T18:07+00:00,0x2c335066fe58fe9237c3d3dc7b275c2a034a0563,Istanbul 2: Anastasia Gasanova vs Susan Bandecchi,Susan Bandecchi,4695.0232,0.26,0.0
2026-07-23T18:07+00:00,0x2c335066fe58fe9237c3d3dc7b275c2a034a0563,Canada vs. Morocco: O/U 0.5,Under,6793.72,0.09,0.0
2026-07-23T18:07+00:00,0x2c335066fe58fe9237c3d3dc7b275c2a034a0563,Toronto Blue Jays vs. San Diego Padres,San Diego Padres,1176.23,0.1668,0.0
2026-07-23T18:07+00:00,0x2c335066fe58fe9237c3d3dc7b275c2a034a0563,Nottingham 3: Patrick Brady vs Alastair Gray,Patrick Brady,817.8099,0.07,0.0
2026-07-23T18:07+00:00,0x2c335066fe58fe9237c3d3dc7b275c2a034a0563,Generali Open: Tomas Etcheverry vs Ignacio Buse,Ignacio Buse,17783.025,0.3233,0.0
2026-07-23T18:07+00:00,0x2c335066fe58fe9237c3d3dc7b275c2a034a0563,Brazil vs. Japan: O/U 3.5,Over,21.73,0.26,0.0
2026-07-23T18:07+00:00,0x2c335066fe58fe9237c3d3dc7b275c2a034a0563,ITF Brisbane: Benjamin O'connell vs Jake Delaney,Benjamin Oconnell,500.0,0.41,0.0
2026-07-23T18:07+00:00,0x2c335066fe58fe9237c3d3dc7b275c2a034a0563,Valorant: 100 Thieves vs BBL Esports (BO3) - Esports World C,BBL Esports,14293.75,0.35,0.0
2026-07-23T18:07+00:00,0x2c335066fe58fe9237c3d3dc7b275c2a034a0563,Counter-Strike: NRG vs BIG - Map 2 Winner,BIG,21.75,0.59,0.0
2026-07-23T18:07+00:00,0x2c335066fe58fe9237c3d3dc7b275c2a034a0563,Major League Cricket: Mi New York vs Seattle Orcas,Seattle Orcas,12041.8175,0.59,0.0
2026-07-23T18:07+00:00,0x2c335066fe58fe9237c3d3dc7b275c2a034a0563,Bunschoten: Gilles Arnaud Bailly vs Filippo Romano,Gilles Arnaud Bailly,8932.7099,0.6903,0.0
2026-07-23T18:07+00:00,0x2c335066fe58fe9237c3d3dc7b275c2a034a0563,Wimbledon ATP: Jacob Fearnley vs Jaume Munar,Jacob Fearnley,9.0,0.17,0.0
2026-07-23T18:07+00:00,0x2c335066fe58fe9237c3d3dc7b275c2a034a0563,Will KFUM-Kameratene Oslo vs. Tromsø IL end in a draw?,No,5.0,0.38,0.0
2026-07-23T18:07+00:00,0x2c335066fe58fe9237c3d3dc7b275c2a034a0563,New York Liberty vs. Minnesota Lynx,New York Liberty,57.0,0.49,0.0
2026-07-23T18:07+00:00,0x2c335066fe58fe9237c3d3dc7b275c2a034a0563,Will Houston Dynamo vs. D.C. United SC end in a draw?,No,1317.78,0.75,0.0
2026-07-23T18:07+00:00,0x2c335066fe58fe9237c3d3dc7b275c2a034a0563,Wimbledon WTA: Jelena Ostapenko vs Harriet Dart,Harriet Dart,12488.18,0.0686,0.0
2026-07-23T18:07+00:00,0xfea31bc088000ff909be1dfd8d0e3f2c7ef2d227,Will the Republican Party control the Senate after the 2026 ,Yes,1900000.0,0.5,0.555
2026-07-23T18:07+00:00,0xfea31bc088000ff909be1dfd8d0e3f2c7ef2d227,Will the Republican Party control the Senate after the 2026 ,No,1900000.0,0.5,0.445
2026-07-23T18:07+00:00,0xfea31bc088000ff909be1dfd8d0e3f2c7ef2d227,Will Manchester City win the 2026-27 English Premier League ,No,286437.7885,0.7,0.705
2026-07-23T18:07+00:00,0xfea31bc088000ff909be1dfd8d0e3f2c7ef2d227,Will Ousmane Dembélé win the 2026 Ballon d'Or?,No,88343.6124,0.9568,0.9845
2026-07-23T18:07+00:00,0xfea31bc088000ff909be1dfd8d0e3f2c7ef2d227,"Bitcoin all time high by December 31, 2026?",No,90068.559,0.8565,0.943
2026-07-23T18:07+00:00,0xfea31bc088000ff909be1dfd8d0e3f2c7ef2d227,"Will Bitcoin hit $150k by December 31, 2026?",No,85633.8312,0.9038,0.9665
2026-07-23T18:07+00:00,0xfea31bc088000ff909be1dfd8d0e3f2c7ef2d227,"Will Bitcoin reach $160,000 by December 31, 2026?",No,43049.3752,0.9449,0.971
2026-07-23T18:07+00:00,0xfea31bc088000ff909be1dfd8d0e3f2c7ef2d227,"Bitcoin all time high by September 30, 2026?",No,35997.0451,0.9574,0.9855
2026-07-23T18:07+00:00,0xfea31bc088000ff909be1dfd8d0e3f2c7ef2d227,"Will Bitcoin reach $200,000 by December 31, 2026?",No,30876.6315,0.9656,0.978
2026-07-23T18:07+00:00,0xfea31bc088000ff909be1dfd8d0e3f2c7ef2d227,"Will Bitcoin reach $190,000 by December 31, 2026?",No,30000.0038,0.9654,0.976
2026-07-23T18:07+00:00,0xfea31bc088000ff909be1dfd8d0e3f2c7ef2d227,"Will Bitcoin reach $140,000 by December 31, 2026?",No,30000.0,0.961,0.9665
2026-07-23T18:07+00:00,0xfea31bc088000ff909be1dfd8d0e3f2c7ef2d227,"Will Bitcoin reach $180,000 by December 31, 2026?",No,25217.6196,0.9663,0.9775
2026-07-23T18:07+00:00,0xfea31bc088000ff909be1dfd8d0e3f2c7ef2d227,St. Louis Cardinals vs. Cincinnati Reds,St. Louis Cardinals,47199.0983,0.4212,0.415
2026-07-23T18:07+00:00,0xfea31bc088000ff909be1dfd8d0e3f2c7ef2d227,"Will Bitcoin reach $170,000 by December 31, 2026?",No,19959.6715,0.9519,0.9765
2026-07-23T18:07+00:00,0xfea31bc088000ff909be1dfd8d0e3f2c7ef2d227,MLB: Aaron Judge or Juan Soto to draw more walks?,Soto,14620.23,0.2719,0.92
2026-07-23T18:07+00:00,0xfea31bc088000ff909be1dfd8d0e3f2c7ef2d227,"Will Bitcoin reach $250,000 by December 31, 2026?",No,11833.59,0.9803,0.9855
2026-07-23T18:07+00:00,0xfea31bc088000ff909be1dfd8d0e3f2c7ef2d227,Spread: St. Louis Cardinals (-1.5),Cincinnati Reds,13278.7409,0.5616,0.705
2026-07-23T18:07+00:00,0xfea31bc088000ff909be1dfd8d0e3f2c7ef2d227,Will Han Feng Win the 2026 WSOP Main Event?,No,4849.99,0.9345,0.93
2026-07-23T18:07+00:00,0xfea31bc088000ff909be1dfd8d0e3f2c7ef2d227,Tampa Bay Rays vs. New York Yankees,Tampa Bay Rays,5898.0756,0.4081,0.405
2026-07-23T18:07+00:00,0xfea31bc088000ff909be1dfd8d0e3f2c7ef2d227,Will Cleveland Guardians win the 2026 AL Central title?,Yes,3428.91,0.61,0.475
2026-07-23T18:07+00:00,0xfea31bc088000ff909be1dfd8d0e3f2c7ef2d227,Will Aaron Judge win the 2026 American League Hank Aaron Awa,No,1481.84,0.6516,0.9835
2026-07-23T18:07+00:00,0xfea31bc088000ff909be1dfd8d0e3f2c7ef2d227,Will Aaron Judge lead the MLB in RBIs for the 2026 regular s,No,1217.7171,0.79,0.9925
2026-07-23T18:07+00:00,0xfea31bc088000ff909be1dfd8d0e3f2c7ef2d227,Will Shohei Ohtani win the 2026 National League MVP Award?,Yes,1540.05,0.6398,0.755
2026-07-23T18:07+00:00,0xfea31bc088000ff909be1dfd8d0e3f2c7ef2d227,Will Bryce Eldridge win the 2026 NL Rookie of the Year award,No,1000.0,0.978,0.903
2026-07-23T18:07+00:00,0xfea31bc088000ff909be1dfd8d0e3f2c7ef2d227,"Will Bitcoin reach $150,000 by December 31, 2026?",No,689.59,0.95,0.9695
2026-07-23T18:07+00:00,0xfea31bc088000ff909be1dfd8d0e3f2c7ef2d227,Will Matt Olson hit the most home runs during the 2026 MLB r,No,480.0,0.97,0.982
2026-07-23T18:07+00:00,0xfea31bc088000ff909be1dfd8d0e3f2c7ef2d227,MLB: Scorigami in 2026?,No,501.7027,0.85,0.8905
2026-07-23T18:07+00:00,0xfea31bc088000ff909be1dfd8d0e3f2c7ef2d227,Will Taylor Ward lead the MLB in RBIs for the 2026 regular s,No,375.1455,0.9757,0.992
2026-07-23T18:07+00:00,0xfea31bc088000ff909be1dfd8d0e3f2c7ef2d227,KBO: LG Twins vs. NC Dinos,LG Twins,585.99,0.5,0.505
2026-07-23T18:07+00:00,0xfea31bc088000ff909be1dfd8d0e3f2c7ef2d227,Tampa Bay Rays vs. New York Yankees: O/U 7.5,Over,528.0689,0.4192,0.54
2026-07-23T18:07+00:00,0xfea31bc088000ff909be1dfd8d0e3f2c7ef2d227,KBO: Samsung Lions vs. Kia Tigers,Samsung Lions,413.8624,0.5006,0.515
2026-07-23T18:07+00:00,0xfea31bc088000ff909be1dfd8d0e3f2c7ef2d227,KBO: LG Twins vs. Samsung Lions,Samsung Lions,430.1081,0.4725,0.485
2026-07-23T18:07+00:00,0xfea31bc088000ff909be1dfd8d0e3f2c7ef2d227,Will Jacob Misiorowski win the 2026 NL Cy Young Award?,Yes,279.1867,0.1923,0.6115
2026-07-23T18:07+00:00,0xfea31bc088000ff909be1dfd8d0e3f2c7ef2d227,Will Europe Win the WSOP Main Event,Yes,987.92,0.1295,0.135
2026-07-23T18:07+00:00,0xfea31bc088000ff909be1dfd8d0e3f2c7ef2d227,Will the Bills win the season series against the Dolphins du,Yes,215.6862,0.49,0.535
2026-07-23T18:07+00:00,0xfea31bc088000ff909be1dfd8d0e3f2c7ef2d227,KBO: Hanwha Eagles vs. Lotte Giants,Hanwha Eagles,194.4677,0.52,0.5225
2026-07-23T18:07+00:00,0xfea31bc088000ff909be1dfd8d0e3f2c7ef2d227,Will Sung-Jae Im win the 2026 Masters tournament?,Yes,182217.93,0.0098,0.0005
2026-07-23T18:07+00:00,0xfea31bc088000ff909be1dfd8d0e3f2c7ef2d227,Will Kevin McGonigle win the 2026 AL Rookie of the Year awar,No,384.85,0.6393,0.235
2026-07-23T18:07+00:00,0xfea31bc088000ff909be1dfd8d0e3f2c7ef2d227,Will Tampa Bay Rays win the 2026 AL East title?,Yes,200.0,0.3,0.4405
2026-07-23T18:07+00:00,0xfea31bc088000ff909be1dfd8d0e3f2c7ef2d227,Will New York Yankees win the 2026 AL East title?,Yes,200.0,0.56,0.425
2026-07-23T18:07+00:00,0xfea31bc088000ff909be1dfd8d0e3f2c7ef2d227,Will North America Win the WSOP Main Event,No,560.0,0.15,0.135
2026-07-23T18:07+00:00,0xfea31bc088000ff909be1dfd8d0e3f2c7ef2d227,Spread: New York Yankees (-1.5),New York Yankees,149.5548,0.3419,0.44
2026-07-23T18:07+00:00,0xfea31bc088000ff909be1dfd8d0e3f2c7ef2d227,KBO: KT Wiz vs. Lotte Giants,KT Wiz,107.83,0.5,0.505
2026-07-23T18:07+00:00,0xfea31bc088000ff909be1dfd8d0e3f2c7ef2d227,Will Tarik Skubal lead the MLB in ERA for the 2026 regular s,No,46.0,0.96,0.9715
2026-07-23T18:07+00:00,0xfea31bc088000ff909be1dfd8d0e3f2c7ef2d227,Will Matthew Stafford finish the 2026-27 NFL regular season ,Yes,229.97,0.11,0.115
2026-07-23T18:07+00:00,0xfea31bc088000ff909be1dfd8d0e3f2c7ef2d227,MLB: Perfect Game thrown in 2026 season?,Yes,189.09,0.0978,0.135
2026-07-23T18:07+00:00,0xfea31bc088000ff909be1dfd8d0e3f2c7ef2d227,Will the New York Knicks be the 2027 NBA Eastern Conference ,Yes,121.2702,0.19,0.195
2026-07-23T18:07+00:00,0xfea31bc088000ff909be1dfd8d0e3f2c7ef2d227,Will Atlanta Braves win the 2026 National League Championshi,Yes,138.75,0.09,0.115
2026-07-23T18:07+00:00,0xfea31bc088000ff909be1dfd8d0e3f2c7ef2d227,Will the season series between the Cardinals and Rams end in,Yes,40.0,0.3,0.32
2026-07-23T18:07+00:00,0xfea31bc088000ff909be1dfd8d0e3f2c7ef2d227,KBO: Hanwha Eagles vs. NC Dinos,Hanwha Eagles,26.42,0.0363,0.4295
2026-07-23T18:07+00:00,0x095fbca2e0eaf0c9841005135427e1e0117190b2,Will Switzerland win on 2026-07-02?,No,12738.974,0.2925,0.0
2026-07-23T18:07+00:00,0x095fbca2e0eaf0c9841005135427e1e0117190b2,Will Mexico vs. Ecuador end in a draw?,Yes,296416.6712,0.3588,0.0
2026-07-23T18:07+00:00,0x095fbca2e0eaf0c9841005135427e1e0117190b2,Switzerland vs. Algeria: O/U 2.5,Over,248251.5888,0.4331,0.0
2026-07-23T18:07+00:00,0x095fbca2e0eaf0c9841005135427e1e0117190b2,Australia vs. Egypt: Team to Advance,Australia,373561.8776,0.4172,0.0
2026-07-23T18:07+00:00,0x095fbca2e0eaf0c9841005135427e1e0117190b2,Argentina vs. Egypt: O/U 2.5,Under,1205478.361,0.4672,0.0
2026-07-23T18:07+00:00,0x095fbca2e0eaf0c9841005135427e1e0117190b2,France vs. Morocco: O/U 2.5,Over,10298704.1946,0.4994,0.0
2026-07-23T18:07+00:00,0x7c1ee865a785de4c00ee90ed86a38489fb8bbab3,Will Senegal win on 2026-07-01?,Yes,255769.7674,0.23,0.0
2026-07-23T18:07+00:00,0x7c1ee865a785de4c00ee90ed86a38489fb8bbab3,Will Jordan win on 2026-06-17?,Yes,238171.6803,0.109,0.0
2026-07-23T18:07+00:00,0x7c1ee865a785de4c00ee90ed86a38489fb8bbab3,Spread: Spain (-1.5),Spain,399999.2811,0.27,0.0
2026-07-23T18:07+00:00,0x7c1ee865a785de4c00ee90ed86a38489fb8bbab3,Spread: England (-1.5),England,445000.0,0.4961,0.0
2026-07-23T18:07+00:00,0x7c1ee865a785de4c00ee90ed86a38489fb8bbab3,Will France win on 2026-06-16?,No,379998.5663,0.3826,0.0
2026-07-23T18:07+00:00,0x7c1ee865a785de4c00ee90ed86a38489fb8bbab3,Will Austria win on 2026-06-17?,No,100000.0,0.3,0.0
2026-07-23T18:07+00:00,0x7c1ee865a785de4c00ee90ed86a38489fb8bbab3,Spread: Colombia (-2.5),Colombia,159999.9024,0.17,0.0
2026-07-23T18:07+00:00,0x7c1ee865a785de4c00ee90ed86a38489fb8bbab3,Will Ghana win on 2026-07-03?,Yes,100000.0,0.11,0.0
2026-07-23T18:07+00:00,0x7c1ee865a785de4c00ee90ed86a38489fb8bbab3,Will Brazil win on 2026-07-05?,Yes,650000.0,0.55,0.0
2026-07-23T18:07+00:00,0x7c1ee865a785de4c00ee90ed86a38489fb8bbab3,Spain vs. Belgium: O/U 2.5,Under,289627.9563,0.4539,0.0
2026-07-23T18:07+00:00,0x7c1ee865a785de4c00ee90ed86a38489fb8bbab3,Mexico leading at halftime?,Yes,99999.203,0.25,0.0
2026-07-23T18:07+00:00,0x7c1ee865a785de4c00ee90ed86a38489fb8bbab3,Will IR Iran win on 2026-06-21?,Yes,219999.3079,0.12,0.0
2026-07-23T18:07+00:00,0x7c1ee865a785de4c00ee90ed86a38489fb8bbab3,Will France win the 2026 FIFA World Cup?,Yes,6.1728,0.1619,0.0
2026-07-23T18:07+00:00,0x7c1ee865a785de4c00ee90ed86a38489fb8bbab3,Spread: France (-1.5),Senegal,99999.2261,0.59,0.0
2026-07-23T18:07+00:00,0x7c1ee865a785de4c00ee90ed86a38489fb8bbab3,Will Saudi Arabia win on 2026-06-15?,Yes,804.1175,0.42,0.0
2026-07-23T18:07+00:00,0x7c1ee865a785de4c00ee90ed86a38489fb8bbab3,Will Egypt win on 2026-06-21?,No,140000.0,0.3857,0.0
2026-07-23T18:07+00:00,0x7c1ee865a785de4c00ee90ed86a38489fb8bbab3,France vs. Spain: Team to Advance,France,90000.0,0.5586,0.0
2026-07-23T18:07+00:00,0x7c1ee865a785de4c00ee90ed86a38489fb8bbab3,Colombia leading at halftime?,Yes,41994.28,0.47,0.0
2026-07-23T18:07+00:00,0x7c1ee865a785de4c00ee90ed86a38489fb8bbab3,Will Belgium win on 2026-07-10?,Yes,49999.9494,0.17,0.0
2026-07-23T18:07+00:00,0x7c1ee865a785de4c00ee90ed86a38489fb8bbab3,Will Saudi Arabia win on 2026-06-26?,Yes,200000.0,0.41,0.0
2026-07-23T18:07+00:00,0x7c1ee865a785de4c00ee90ed86a38489fb8bbab3,Will Uzbekistan win on 2026-06-27?,Yes,202739.4131,0.342,0.0
2026-07-23T18:07+00:00,0x7c1ee865a785de4c00ee90ed86a38489fb8bbab3,Will Argentina win the 2026 FIFA World Cup?,Yes,1019293.0834,0.411,0.0
2026-07-23T18:07+00:00,0x7c1ee865a785de4c00ee90ed86a38489fb8bbab3,Spread: France (-1.5),France,99999.843,0.1875,0.0
2026-07-23T18:07+00:00,0x7c1ee865a785de4c00ee90ed86a38489fb8bbab3,Panama vs. England: 1st Half O/U 1.5,Over,34619.9,0.5,0.0
2026-07-23T18:07+00:00,0x7c1ee865a785de4c00ee90ed86a38489fb8bbab3,Argentina leading at halftime?,No,17939.0315,0.61,0.0
2026-07-23T18:07+00:00,0x7c1ee865a785de4c00ee90ed86a38489fb8bbab3,Will Curaçao win on 2026-06-20?,Yes,100000.0,0.079,0.0
2026-07-23T18:07+00:00,0x7c1ee865a785de4c00ee90ed86a38489fb8bbab3,Belgium vs. Senegal: Team to Advance,Senegal,150000.0,0.4229,0.0
2026-07-23T18:07+00:00,0x7c1ee865a785de4c00ee90ed86a38489fb8bbab3,Will Argentina win on 2026-06-16?,No,90000.0,0.37,0.0
2026-07-23T18:07+00:00,0x7c1ee865a785de4c00ee90ed86a38489fb8bbab3,Will France win on 2026-07-14?,Yes,149999.908,0.4025,0.0
2026-07-23T18:07+00:00,0x7c1ee865a785de4c00ee90ed86a38489fb8bbab3,Croatia vs. Ghana: O/U 1.5,Under,119999.6977,0.33,0.0
2026-07-23T18:07+00:00,0x7c1ee865a785de4c00ee90ed86a38489fb8bbab3,Will Ghana win on 2026-06-17?,No,200000.0,0.61,0.0
2026-07-23T18:07+00:00,0x7c1ee865a785de4c00ee90ed86a38489fb8bbab3,Spread: Argentina (-1.5),Argentina,103486.3298,0.045,0.0
2026-07-23T18:07+00:00,0x7c1ee865a785de4c00ee90ed86a38489fb8bbab3,Mexico vs. England: Team to Advance,Mexico,679999.3576,0.4826,0.0
2026-07-23T18:07+00:00,0x7c1ee865a785de4c00ee90ed86a38489fb8bbab3,Will England win on 2026-07-05?,No,100000.0,0.63,0.0
2026-07-23T18:07+00:00,0x7c1ee865a785de4c00ee90ed86a38489fb8bbab3,England vs. Ghana: O/U 3.5,Over,134999.5357,0.41,0.0
2026-07-23T18:07+00:00,0x7c1ee865a785de4c00ee90ed86a38489fb8bbab3,Iraq vs. Norway: O/U 2.5,Under,299999.4831,0.4,0.0
2026-07-23T18:07+00:00,0x7c1ee865a785de4c00ee90ed86a38489fb8bbab3,Will Algeria win on 2026-06-22?,No,65000.0,0.35,0.0
2026-07-23T18:07+00:00,0x7c1ee865a785de4c00ee90ed86a38489fb8bbab3,Panama vs. England: O/U 3.5,Over,190799.2326,0.4721,0.0
2026-07-23T18:07+00:00,0x7c1ee865a785de4c00ee90ed86a38489fb8bbab3,Will New Zealand win on 2026-06-21?,Yes,125000.0,0.16,0.0
2026-07-23T18:07+00:00,0x7c1ee865a785de4c00ee90ed86a38489fb8bbab3,Spread: Brazil (-3.5),Brazil,99999.7592,0.31,0.0
2026-07-23T18:07+00:00,0x7c1ee865a785de4c00ee90ed86a38489fb8bbab3,Will Côte d'Ivoire win on 2026-06-20?,Yes,40000.0,0.14,0.0
2026-07-23T18:07+00:00,0x7c1ee865a785de4c00ee90ed86a38489fb8bbab3,Brazil leading at halftime?,Yes,169999.9966,0.4,0.0
2026-07-23T18:07+00:00,0x7c1ee865a785de4c00ee90ed86a38489fb8bbab3,Spread: Uruguay (-1.5),Uruguay,220000.0,0.4345,0.0
2026-07-23T18:07+00:00,0x7c1ee865a785de4c00ee90ed86a38489fb8bbab3,Spread: France (-2.5),Sweden,197064.5898,0.6835,0.0
2026-07-23T18:07+00:00,0x7c1ee865a785de4c00ee90ed86a38489fb8bbab3,Spread: Brazil (-1.5),Brazil,199999.8613,0.305,0.0
2026-07-23T18:07+00:00,0x7c1ee865a785de4c00ee90ed86a38489fb8bbab3,Colombia vs. Portugal: O/U 3.5,Over,70000.0,0.34,0.0
2026-07-23T18:07+00:00,0x7c1ee865a785de4c00ee90ed86a38489fb8bbab3,Brazil vs. Norway: 1st Half O/U 1.5,Over,37680.6657,0.33,0.0
2026-07-23T18:07+00:00,0x7c1ee865a785de4c00ee90ed86a38489fb8bbab3,Spain leading at halftime?,Yes,119999.1372,0.33,0.0
2026-07-23T18:07+00:00,0x7c1ee865a785de4c00ee90ed86a38489fb8bbab3,Czechia vs. Mexico: O/U 3.5,Over,85323.6847,0.24,0.0
2026-07-23T18:07+00:00,0x7c1ee865a785de4c00ee90ed86a38489fb8bbab3,Colombia vs. Portugal: O/U 2.5,Over,200000.0,0.56,0.0
2026-07-23T18:07+00:00,0xd1c537b2a7cba8d365e111bffb9de7b205e2cbd0,Will France win on 2026-06-16?,No,1999993.6728,0.34,0.0
2026-07-23T18:07+00:00,0xd1c537b2a7cba8d365e111bffb9de7b205e2cbd0,Spread: France (-1.5),Senegal,521578.215,0.6,0.0
2026-07-23T18:07+00:00,0xd1c537b2a7cba8d365e111bffb9de7b205e2cbd0,Will Sweden win on 2026-06-14?,No,955803.1774,0.49,0.0
2026-07-23T18:07+00:00,0xd1c537b2a7cba8d365e111bffb9de7b205e2cbd0,Will Germany vs. Curaçao end in a draw?,Yes,317194.4922,0.0404,0.0
2026-07-23T18:07+00:00,0xd1c537b2a7cba8d365e111bffb9de7b205e2cbd0,Will Brentford FC win on 2026-05-17?,Yes,106971.5222,0.5579,0.0
2026-07-23T18:07+00:00,0xd1c537b2a7cba8d365e111bffb9de7b205e2cbd0,Will Côte d'Ivoire vs. Ecuador end in a draw?,Yes,316557.26,0.3375,0.0
2026-07-23T18:07+00:00,0xd1c537b2a7cba8d365e111bffb9de7b205e2cbd0,Will Fulham FC win on 2026-05-17?,Yes,941664.4433,0.5146,0.0
2026-07-23T18:07+00:00,0xd1c537b2a7cba8d365e111bffb9de7b205e2cbd0,Will Australia be the Jury Winner in the Eurovision 2026 Gra,Yes,28.8571,0.3465,0.0
2026-07-23T18:07+00:00,0xd1c537b2a7cba8d365e111bffb9de7b205e2cbd0,Will Girona FC win on 2026-05-23?,Yes,273479.2804,0.5492,0.0
2026-07-23T18:07+00:00,0xd1c537b2a7cba8d365e111bffb9de7b205e2cbd0,Will England win on 2026-06-23?,Yes,2954437.3592,0.6128,0.0
2026-07-23T18:07+00:00,0xd1c537b2a7cba8d365e111bffb9de7b205e2cbd0,Spread: Norway (-2.5),Iraq,562393.96,0.6854,0.0
2026-07-23T18:07+00:00,0xd1c537b2a7cba8d365e111bffb9de7b205e2cbd0,Will FC Internazionale Milano win on 2026-05-24?,Yes,1146031.4861,0.4789,0.0
2026-07-23T18:07+00:00,0xd1c537b2a7cba8d365e111bffb9de7b205e2cbd0,Will Senegal win on 2026-06-16?,Yes,803076.1869,0.13,0.0
2026-07-23T18:07+00:00,0xd1c537b2a7cba8d365e111bffb9de7b205e2cbd0,Will Atalanta BC win on 2026-05-17?,Yes,229061.7427,0.56,0.0
2026-07-23T18:07+00:00,0xd1c537b2a7cba8d365e111bffb9de7b205e2cbd0,Will Chelsea FC win on 2026-05-19?,No,1825925.6994,0.5777,0.0
2026-07-23T18:07+00:00,0xd1c537b2a7cba8d365e111bffb9de7b205e2cbd0,United States vs. Belgium: O/U 2.5,Under,1042866.143,0.4441,0.0
2026-07-23T18:07+00:00,0xd1c537b2a7cba8d365e111bffb9de7b205e2cbd0,Will Greece win Eurovision 2026?,Yes,88.8888,0.1349,0.0
2026-07-23T18:07+00:00,0xd1c537b2a7cba8d365e111bffb9de7b205e2cbd0,United States vs. Belgium: O/U 3.5,Under,24452.7425,0.68,0.0
2026-07-23T18:07+00:00,0xd1c537b2a7cba8d365e111bffb9de7b205e2cbd0,Will Spain win on 2026-07-10?,No,974686.7561,0.4421,0.0
2026-07-23T18:07+00:00,0xd1c537b2a7cba8d365e111bffb9de7b205e2cbd0,Spread: Argentina (-1.5),Algeria,1009181.2962,0.6237,0.0
2026-07-23T18:07+00:00,0x076daa87c4fe1a85402a9b6b8e0a866224388d4c,Will FC Flora win on 2026-07-23?,Yes,65167.3555,0.4313,0.9995
2026-07-23T18:07+00:00,0x076daa87c4fe1a85402a9b6b8e0a866224388d4c,Spread: Zirə FK (-1.5),Paide Linnameeskond,58360.8903,0.5779,0.9995
2026-07-23T18:07+00:00,0x076daa87c4fe1a85402a9b6b8e0a866224388d4c,Will SK Dinamo Tbilisi win on 2026-07-23?,Yes,36016.1533,0.4563,0.9895
2026-07-23T18:07+00:00,0x076daa87c4fe1a85402a9b6b8e0a866224388d4c,Will Tromsø IL win on 2026-07-23?,Yes,24816.6656,0.5987,0.575
2026-07-23T18:07+00:00,0x076daa87c4fe1a85402a9b6b8e0a866224388d4c,Will FC CFR 1907 Cluj win on 2026-07-23?,No,13067.2564,0.557,0.9995
2026-07-23T18:07+00:00,0x076daa87c4fe1a85402a9b6b8e0a866224388d4c,Will Noah FA win on 2026-07-23?,No,13767.4342,0.4601,0.835
2026-07-23T18:07+00:00,0x076daa87c4fe1a85402a9b6b8e0a866224388d4c,Will FC Koper win on 2026-07-23?,No,18533.0447,0.5934,0.605
2026-07-23T18:07+00:00,0x076daa87c4fe1a85402a9b6b8e0a866224388d4c,Will Houston Dash win on 2026-07-24?,Yes,15743.6963,0.3119,0.355
2026-07-23T18:07+00:00,0x076daa87c4fe1a85402a9b6b8e0a866224388d4c,Will Hammarby Fotboll win on 2026-07-23?,Yes,23819.3927,0.4318,0.225
2026-07-23T18:07+00:00,0x076daa87c4fe1a85402a9b6b8e0a866224388d4c,RKS Raków Częstochowa vs. Valletta FC: O/U 3.5,Over,9079.2277,0.4508,0.425
2026-07-23T18:07+00:00,0x076daa87c4fe1a85402a9b6b8e0a866224388d4c,Spread: FK Rīgas Futbola Skola (-2.5),FK Rīgas Futbola Skola,3256.9899,0.6474,0.9695
2026-07-23T18:07+00:00,0x076daa87c4fe1a85402a9b6b8e0a866224388d4c,Will Kansas City Current win on 2026-07-25?,Yes,7486.9127,0.3794,0.405
2026-07-23T18:07+00:00,0x076daa87c4fe1a85402a9b6b8e0a866224388d4c,Will FK Austria Wien win on 2026-07-23?,Yes,2871.5277,0.6789,0.9995
2026-07-23T18:07+00:00,0x076daa87c4fe1a85402a9b6b8e0a866224388d4c,Hammarby Fotboll vs. RSC Anderlecht: O/U 2.5,Under,5463.1116,0.4924,0.515
2026-07-23T18:07+00:00,0x076daa87c4fe1a85402a9b6b8e0a866224388d4c,Will Orlando Pride win on 2026-07-24?,Yes,3866.3576,0.6076,0.65
2026-07-23T18:07+00:00,0x076daa87c4fe1a85402a9b6b8e0a866224388d4c,FK Dynamo Kyiv vs. PAOK: O/U 4.5,Under,4104.8708,0.5092,0.535
2026-07-23T18:07+00:00,0x076daa87c4fe1a85402a9b6b8e0a866224388d4c,Will FCSB win on 2026-07-23?,Yes,3754.3302,0.7396,0.525
2026-07-23T18:07+00:00,0x076daa87c4fe1a85402a9b6b8e0a866224388d4c,Will NK Bravo win on 2026-07-23?,No,3306.8021,0.528,0.5649
2026-07-23T18:07+00:00,0x076daa87c4fe1a85402a9b6b8e0a866224388d4c,Will AEK Lárnakas win on 2026-07-23?,No,1576.0971,0.5363,0.99
2026-07-23T18:07+00:00,0x076daa87c4fe1a85402a9b6b8e0a866224388d4c,Hamburg European Open: Elina Avanesyan vs Yulia Putintseva,Elina Avanesyan,1339.8178,0.4424,0.9995
2026-07-23T18:07+00:00,0x076daa87c4fe1a85402a9b6b8e0a866224388d4c,Will Shelbourne FC win on 2026-07-23?,Yes,1923.7837,0.6195,0.675
2026-07-23T18:07+00:00,0x076daa87c4fe1a85402a9b6b8e0a866224388d4c,FC Sheriff Tiraspol vs. MH Maccabi Tel Aviv: O/U 2.5,Over,1509.1007,0.4036,0.8149
2026-07-23T18:07+00:00,0x076daa87c4fe1a85402a9b6b8e0a866224388d4c,Will ÍF Vestri win on 2026-07-23?,No,1203.75,0.9769,0.995
2026-07-23T18:07+00:00,0x076daa87c4fe1a85402a9b6b8e0a866224388d4c,Will Alashkert FA win on 2026-07-23?,No,1141.3026,0.7599,0.9995
2026-07-23T18:07+00:00,0x076daa87c4fe1a85402a9b6b8e0a866224388d4c,América FC vs. Goiás EC: O/U 2.5,Under,1671.0563,0.5269,0.68
2026-07-23T18:07+00:00,0x076daa87c4fe1a85402a9b6b8e0a866224388d4c,CF Montréal vs. Inter Miami CF: O/U 3.5,Over,2256.0652,0.4599,0.465
2026-07-23T18:07+00:00,0x076daa87c4fe1a85402a9b6b8e0a866224388d4c,Will CS Huancayo win on 2026-07-25?,Yes,1683.5087,0.5664,0.585
2026-07-23T18:07+00:00,0x076daa87c4fe1a85402a9b6b8e0a866224388d4c,Yunnan Yukun FC vs. Shenzhen Xinpengcheng FC: O/U 5.5,Under,1126.0689,0.8699,0.855
2026-07-23T18:07+00:00,0x076daa87c4fe1a85402a9b6b8e0a866224388d4c,Spread: SK Rapid Wien (-2.5),FC Santa Coloma,1074.1029,0.68,0.87
2026-07-23T18:07+00:00,0x076daa87c4fe1a85402a9b6b8e0a866224388d4c,Winnipeg: August Holmgren vs Liam Draxl,August Holmgren,1900.322,0.4901,0.455
2026-07-23T18:07+00:00,0x076daa87c4fe1a85402a9b6b8e0a866224388d4c,Winnipeg: August Holmgren vs Liam Draxl,Liam Draxl,1584.008,0.521,0.545
2026-07-23T18:07+00:00,0x076daa87c4fe1a85402a9b6b8e0a866224388d4c,Counter-Strike: Heroic vs FOKUS (BO3) - StarLadder StarSerie,Heroic,922.1897,0.6496,0.915
2026-07-23T18:07+00:00,0x076daa87c4fe1a85402a9b6b8e0a866224388d4c,Will Club Alianza Atlético win on 2026-07-24?,Yes,1521.3725,0.5099,0.545
2026-07-23T18:07+00:00,0x076daa87c4fe1a85402a9b6b8e0a866224388d4c,Will FC Sion win on 2026-07-23?,Yes,1178.6557,0.4699,0.645
2026-07-23T18:07+00:00,0x076daa87c4fe1a85402a9b6b8e0a866224388d4c,Will Valletta FC win on 2026-07-23?,No,681.0572,0.7948,0.984
2026-07-23T18:07+00:00,0x076daa87c4fe1a85402a9b6b8e0a866224388d4c,Valorant: Eternal Fire vs Team Heretics (BO3) - VCT EMEA Gro,Team Heretics,662.9236,0.5605,0.9995
2026-07-23T18:07+00:00,0x076daa87c4fe1a85402a9b6b8e0a866224388d4c,Will Ilves Tampere win on 2026-07-23?,No,1034.4385,0.5699,0.615
2026-07-23T18:07+00:00,0x076daa87c4fe1a85402a9b6b8e0a866224388d4c,FK Vojvodina Novi Sad vs. AFC Ajax: O/U 3.5,Over,1142.1428,0.0,0.555
2026-07-23T18:07+00:00,0x076daa87c4fe1a85402a9b6b8e0a866224388d4c,Will FK Partizan Beograd win on 2026-07-23?,Yes,717.6048,0.7594,0.875
2026-07-23T18:07+00:00,0x076daa87c4fe1a85402a9b6b8e0a866224388d4c,Will Zirə FK win on 2026-07-23?,No,603.4242,0.2799,0.9995
2026-07-23T18:07+00:00,0x076daa87c4fe1a85402a9b6b8e0a866224388d4c,Will CS Cienciano win on 2026-07-25?,No,1006.8046,0.5405,0.595
2026-07-23T18:07+00:00,0x076daa87c4fe1a85402a9b6b8e0a866224388d4c,DSV TGI Gold Leoben vs. ASK Voitsberg: O/U 4.5,Over,901.7265,0.4895,0.645
2026-07-23T18:07+00:00,0x076daa87c4fe1a85402a9b6b8e0a866224388d4c,Spread: FC DAC 1904 Dunajská Streda (-1.5),FK Velež Mostar,842.1205,0.5542,0.685
2026-07-23T18:07+00:00,0x076daa87c4fe1a85402a9b6b8e0a866224388d4c,Will Clube do Remo win on 2026-07-23?,Yes,4576.2307,0.1299,0.125
2026-07-23T18:07+00:00,0x076daa87c4fe1a85402a9b6b8e0a866224388d4c,Qarabağ Ağdam FK vs. PFK CSKA Sofia: O/U 2.5,Under,527.0935,0.4711,0.9995
2026-07-23T18:07+00:00,0x076daa87c4fe1a85402a9b6b8e0a866224388d4c,Will FK BATE Barysaŭ win on 2026-07-23?,No,540.0843,0.9299,0.935
2026-07-23T18:07+00:00,0x076daa87c4fe1a85402a9b6b8e0a866224388d4c,Will NSÍ Runavík win on 2026-07-23?,Yes,1452.02,0.31,0.3449
2026-07-23T18:07+00:00,0x076daa87c4fe1a85402a9b6b8e0a866224388d4c,Will FC Malisheva win on 2026-07-23?,Yes,487.4946,0.3447,0.9995
2026-07-23T18:07+00:00,0x076daa87c4fe1a85402a9b6b8e0a866224388d4c,Will Shanghai Shenhua FC vs. Beijing Guoan FC end in a draw?,No,586.5714,0.7699,0.825
2026-07-23T18:07+00:00,0x076daa87c4fe1a85402a9b6b8e0a866224388d4c,Bloomfield Hills: J.J. Wolf vs Coleman Wong,J.J. Wolf,1179.9302,0.4299,0.405
2026-07-24T04:07+00:00,0x204f72f35326db932158cba6adff0b9a1da95e14,CS Herediano vs. Puntarenas FC: O/U 4.5,Under,26242.2308,0.9184,0.9995
2026-07-24T04:07+00:00,0x204f72f35326db932158cba6adff0b9a1da95e14,CS Herediano vs. Puntarenas FC: O/U 2.5,Under,7988.1039,0.5269,0.9995
2026-07-24T04:07+00:00,0x204f72f35326db932158cba6adff0b9a1da95e14,CS Herediano vs. Puntarenas FC: O/U 3.5,Under,7965.8913,0.8274,0.9995
2026-07-24T04:07+00:00,0x204f72f35326db932158cba6adff0b9a1da95e14,Will CA Boca Juniors vs. O'Higgins FC end in a draw?,No,6373.321,0.8122,0.9995
2026-07-24T04:07+00:00,0x204f72f35326db932158cba6adff0b9a1da95e14,Will CS Herediano win on 2026-07-23?,No,5879.4218,0.5137,0.9995
2026-07-24T04:07+00:00,0x204f72f35326db932158cba6adff0b9a1da95e14,CA Boca Juniors vs. O'Higgins FC: O/U 3.5,Under,5843.9517,0.9195,0.9995
2026-07-24T04:07+00:00,0x204f72f35326db932158cba6adff0b9a1da95e14,Will CA Boca Juniors win on 2026-07-23?,Yes,5334.932,0.904,0.9995
2026-07-24T04:07+00:00,0x204f72f35326db932158cba6adff0b9a1da95e14,Will Botafogo FC win on 2026-07-23?,Yes,4930.9073,0.8296,0.9995
2026-07-24T04:07+00:00,0x204f72f35326db932158cba6adff0b9a1da95e14,Will AA Argentinos Juniors win on 2026-07-23?,Yes,3849.4917,0.3484,0.9995
2026-07-24T04:07+00:00,0x204f72f35326db932158cba6adff0b9a1da95e14,Spread: CA Boca Juniors (-2.5),OHiggins FC,3442.5832,0.9421,0.9995
2026-07-24T04:07+00:00,0x204f72f35326db932158cba6adff0b9a1da95e14,Will Puntarenas FC win on 2026-07-23?,No,3404.3906,0.8262,0.9995
2026-07-24T04:07+00:00,0x204f72f35326db932158cba6adff0b9a1da95e14,CA Boca Juniors vs. O'Higgins FC: O/U 2.5,Under,3023.0418,0.5985,0.9995
2026-07-24T04:07+00:00,0x204f72f35326db932158cba6adff0b9a1da95e14,CA Boca Juniors vs. O'Higgins FC: O/U 1.5,Under,2961.2954,0.4252,0.9995
2026-07-24T04:07+00:00,0x204f72f35326db932158cba6adff0b9a1da95e14,Will CS Herediano vs. Puntarenas FC end in a draw?,Yes,2874.3914,0.3946,0.9995
2026-07-24T04:07+00:00,0x204f72f35326db932158cba6adff0b9a1da95e14,Exact Score: Chicago Fire FC 0 - 2 Vancouver Whitecaps FC?,No,3761.8945,0.95,0.7495
2026-07-24T04:07+00:00,0x204f72f35326db932158cba6adff0b9a1da95e14,Will Independiente Santa Fe win on 2026-07-23?,Yes,2473.1117,0.8627,0.9995
2026-07-24T04:07+00:00,0x204f72f35326db932158cba6adff0b9a1da95e14,CA Boca Juniors vs. O'Higgins FC: 1st Half O/U 1.5,Under,2399.7376,0.7938,0.9995
2026-07-24T04:07+00:00,0x204f72f35326db932158cba6adff0b9a1da95e14,Will AC Goianiense win on 2026-07-23?,Yes,2255.531,0.8029,0.9995
2026-07-24T04:07+00:00,0x204f72f35326db932158cba6adff0b9a1da95e14,CA Huracán vs. CA Banfield: O/U 5.5,Under,2035.0,0.9719,0.9895
2026-07-24T04:07+00:00,0x204f72f35326db932158cba6adff0b9a1da95e14,Will Vancouver Whitecaps FC win on 2026-07-16?,Yes,6361.3527,0.3858,0.3
2026-07-24T04:07+00:00,0x204f72f35326db932158cba6adff0b9a1da95e14,CA Boca Juniors vs. O'Higgins FC: O/U 4.5,Under,1694.4511,0.9634,0.9995
2026-07-24T04:07+00:00,0x204f72f35326db932158cba6adff0b9a1da95e14,Exact Score: Chicago Fire FC 1 - 2 Vancouver Whitecaps FC?,No,1982.2736,0.9087,0.84
2026-07-24T04:07+00:00,0x204f72f35326db932158cba6adff0b9a1da95e14,Independiente Santa Fe vs. Caracas FC: 1st Half O/U 1.5,Under,1657.4266,0.75,0.9995
2026-07-24T04:07+00:00,0x204f72f35326db932158cba6adff0b9a1da95e14,Spread: O'Higgins FC (-1.5),CA Boca Juniors,1508.117,0.9901,0.9995
2026-07-24T04:07+00:00,0x204f72f35326db932158cba6adff0b9a1da95e14,Will O'Higgins FC win on 2026-07-23?,No,1280.8867,0.9345,0.9995
2026-07-24T04:07+00:00,0x204f72f35326db932158cba6adff0b9a1da95e14,Will Botafogo FC vs. EC Juventude end in a draw?,No,1274.4594,0.9441,0.9995
2026-07-24T04:07+00:00,0x204f72f35326db932158cba6adff0b9a1da95e14,Atlanta Braves vs. Chicago White Sox: O/U 5.5,Over,1709.0,0.78,0.725
2026-07-24T04:07+00:00,0x204f72f35326db932158cba6adff0b9a1da95e14,Spread: Cleveland Guardians (-1.5),Cleveland Guardians,2855.0606,0.3426,0.425
2026-07-24T04:07+00:00,0x204f72f35326db932158cba6adff0b9a1da95e14,Spread: Caracas FC (-2.5),Independiente Santa Fe,1153.2277,0.9895,0.9995
2026-07-24T04:07+00:00,0x204f72f35326db932158cba6adff0b9a1da95e14,Spread: O'Higgins FC (-2.5),CA Boca Juniors,1099.8878,0.99,0.9995
2026-07-24T04:07+00:00,0x204f72f35326db932158cba6adff0b9a1da95e14,Independiente Santa Fe vs. Caracas FC: O/U 2.5,Under,987.7168,0.7001,0.9995
2026-07-24T04:07+00:00,0x204f72f35326db932158cba6adff0b9a1da95e14,Will Cuiabá EC vs. AC Goianiense end in a draw?,No,953.7104,0.8073,0.9995
2026-07-24T04:07+00:00,0x204f72f35326db932158cba6adff0b9a1da95e14,Exact Score: Chicago Fire FC 3 - 2 Vancouver Whitecaps FC?,No,1228.8322,0.9583,0.754
2026-07-24T04:07+00:00,0x204f72f35326db932158cba6adff0b9a1da95e14,Will EC Juventude win on 2026-07-23?,No,901.7765,0.8096,0.9995
2026-07-24T04:07+00:00,0x204f72f35326db932158cba6adff0b9a1da95e14,Independiente Santa Fe vs. Caracas FC: Both Teams to Score,No,899.8643,0.7641,0.9995
2026-07-24T04:07+00:00,0x204f72f35326db932158cba6adff0b9a1da95e14,CS Herediano vs. Puntarenas FC: Draw at halftime?,Yes,883.2279,0.4853,0.9995
2026-07-24T04:07+00:00,0x204f72f35326db932158cba6adff0b9a1da95e14,CS Herediano leading at halftime?,No,847.617,0.7188,0.9995
2026-07-24T04:07+00:00,0x204f72f35326db932158cba6adff0b9a1da95e14,Detroit Tigers vs. Cleveland Guardians: O/U 4.5,Over,970.0,0.81,0.836
2026-07-24T04:07+00:00,0x204f72f35326db932158cba6adff0b9a1da95e14,Independiente Santa Fe vs. Caracas FC: O/U 1.5,Over,777.0274,0.5809,0.9995
2026-07-24T04:07+00:00,0x204f72f35326db932158cba6adff0b9a1da95e14,Spread: CA Boca Juniors (-1.5),OHiggins FC,741.6625,0.5988,0.9995
2026-07-24T04:07+00:00,0x204f72f35326db932158cba6adff0b9a1da95e14,Spread: Caracas FC (-1.5),Independiente Santa Fe,741.1998,0.9905,0.9995
2026-07-24T04:07+00:00,0x204f72f35326db932158cba6adff0b9a1da95e14,Exact Score: Chicago Fire FC 3 - 3 Vancouver Whitecaps FC?,No,961.581,0.9739,0.75
2026-07-24T04:07+00:00,0x204f72f35326db932158cba6adff0b9a1da95e14,CS Herediano vs. Puntarenas FC: CS Herediano O/U 2.5,Under,679.7415,0.8064,0.995
2026-07-24T04:07+00:00,0x204f72f35326db932158cba6adff0b9a1da95e14,CA Boca Juniors vs. O'Higgins FC: Both Teams to Score,No,632.3559,0.7192,0.9995
2026-07-24T04:07+00:00,0x204f72f35326db932158cba6adff0b9a1da95e14,KBO: Hanwha Eagles vs. LG Twins,LG Twins,777.1246,0.507,0.7795
2026-07-24T04:07+00:00,0x204f72f35326db932158cba6adff0b9a1da95e14,CS Herediano vs. Puntarenas FC: O/U 1.5,Over,603.6616,0.6945,0.9995
2026-07-24T04:07+00:00,0x204f72f35326db932158cba6adff0b9a1da95e14,Vasteraas SK vs. Orgryte IS: Both Teams to Score,Yes,1015.9423,0.5736,0.59
2026-07-24T04:07+00:00,0x204f72f35326db932158cba6adff0b9a1da95e14,CS Herediano vs. Puntarenas FC: CS Herediano O/U 1.5,Under,580.0254,0.4802,0.9945
2026-07-24T04:07+00:00,0x204f72f35326db932158cba6adff0b9a1da95e14,Will Cuiabá EC win on 2026-07-23?,No,573.7271,0.7552,0.9995
2026-07-24T04:07+00:00,0x204f72f35326db932158cba6adff0b9a1da95e14,Exact Score: Chicago Fire FC 0 - 0 Vancouver Whitecaps FC?,No,733.6003,0.9609,0.7544
2026-07-24T04:07+00:00,0x09b428f7c2b469786286214aa5c90dd9015f7320,Lionel Messi: 1+ goals,Yes,440000.0,0.5148,0.0
2026-07-24T04:07+00:00,0x09b428f7c2b469786286214aa5c90dd9015f7320,Will England win on 2026-07-11?,Yes,2251963.1237,0.5086,0.0
2026-07-24T04:07+00:00,0x476e1322d1a412fa0325527b8c3bc5e707b1396d,Will England win the 2026 FIFA World Cup?,Yes,23290.29,0.16,0.0
2026-07-24T04:07+00:00,0xe549581668a5751c1972d3ad2d1991d900bd2d54,Will Japan win on 2026-06-25?,Yes,346952.06,0.4796,0.0
2026-07-24T04:07+00:00,0xe549581668a5751c1972d3ad2d1991d900bd2d54,Will Canada vs. Morocco end in a draw?,Yes,299999.8432,0.28,0.0
2026-07-24T04:07+00:00,0xe549581668a5751c1972d3ad2d1991d900bd2d54,Will Brazil vs. Japan end in a draw?,Yes,196973.6765,0.25,0.0
2026-07-24T04:07+00:00,0xe549581668a5751c1972d3ad2d1991d900bd2d54,Will Croatia win the 2026 FIFA World Cup?,Yes,599999.6708,0.009,0.0
2026-07-24T04:07+00:00,0xe549581668a5751c1972d3ad2d1991d900bd2d54,Will France win the 2026 FIFA World Cup?,Yes,410677.9183,0.1756,0.0
2026-07-24T04:07+00:00,0xe549581668a5751c1972d3ad2d1991d900bd2d54,Côte d'Ivoire vs. Ecuador: O/U 1.5,Over,185680.7912,0.59,0.0
2026-07-24T04:07+00:00,0xe549581668a5751c1972d3ad2d1991d900bd2d54,France vs. Spain: Team to Advance,France,300000.0,0.5625,0.0
2026-07-24T04:07+00:00,0xe549581668a5751c1972d3ad2d1991d900bd2d54,Will England win the 2026 FIFA World Cup?,Yes,574999.6893,0.1116,0.0
2026-07-24T04:07+00:00,0xe549581668a5751c1972d3ad2d1991d900bd2d54,Will Uruguay win on 2026-06-21?,Yes,215880.88,0.6,0.0
2026-07-24T04:07+00:00,0xe549581668a5751c1972d3ad2d1991d900bd2d54,Will Mexico vs. Ecuador end in a draw?,Yes,318815.7426,0.33,0.0
2026-07-24T04:07+00:00,0xe549581668a5751c1972d3ad2d1991d900bd2d54,Norway vs. France: O/U 5.5,Over,299999.3491,0.55,0.0
2026-07-24T04:07+00:00,0xe549581668a5751c1972d3ad2d1991d900bd2d54,Will United States vs. Australia end in a draw?,Yes,228496.6717,0.22,0.0
2026-07-24T04:07+00:00,0xe549581668a5751c1972d3ad2d1991d900bd2d54,Will Argentina win the 2026 FIFA World Cup?,Yes,784524.42,0.0859,0.0
2026-07-24T04:07+00:00,0xe549581668a5751c1972d3ad2d1991d900bd2d54,Spread: France (-1.5),France,299999.3599,0.19,0.0
2026-07-24T04:07+00:00,0xe549581668a5751c1972d3ad2d1991d900bd2d54,Will Brazil vs. Norway end in a draw?,Yes,699998.7668,0.26,0.0
2026-07-24T04:07+00:00,0xe549581668a5751c1972d3ad2d1991d900bd2d54,Will France vs. Spain end in a draw?,Yes,750000.0,0.3,0.0
2026-07-24T04:07+00:00,0xe549581668a5751c1972d3ad2d1991d900bd2d54,Spread: Austria (-1.5),Jordan,71705.139,0.5339,0.0
2026-07-24T04:07+00:00,0xe549581668a5751c1972d3ad2d1991d900bd2d54,Will Belgium win on 2026-07-06?,No,599997.8364,0.65,0.0
2026-07-24T04:07+00:00,0xe549581668a5751c1972d3ad2d1991d900bd2d54,Will England vs. Argentina end in a draw?,Yes,337253.5394,0.3338,0.0
2026-07-24T04:07+00:00,0xe549581668a5751c1972d3ad2d1991d900bd2d54,Will Ghana win on 2026-06-17?,No,29328.2265,0.56,0.0
2026-07-24T04:07+00:00,0xe549581668a5751c1972d3ad2d1991d900bd2d54,Will France win on 2026-07-18?,Yes,500000.0,0.52,0.0
2026-07-24T04:07+00:00,0xe549581668a5751c1972d3ad2d1991d900bd2d54,Will Brazil win the 2026 FIFA World Cup?,Yes,949999.7724,0.0724,0.0
2026-07-24T04:07+00:00,0xe549581668a5751c1972d3ad2d1991d900bd2d54,Will Argentina vs. Egypt end in a draw?,Yes,187071.545,0.2,0.0
2026-07-24T04:07+00:00,0xe549581668a5751c1972d3ad2d1991d900bd2d54,Will Belgium win the 2026 FIFA World Cup?,Yes,1308815.4238,0.0123,0.0
2026-07-24T04:07+00:00,0xe549581668a5751c1972d3ad2d1991d900bd2d54,Will Sweden win on 2026-06-14?,No,433383.7403,0.49,0.0
2026-07-24T04:07+00:00,0xe549581668a5751c1972d3ad2d1991d900bd2d54,Will Senegal win the 2026 FIFA World Cup?,Yes,1499999.7348,0.007,0.0
2026-07-24T04:07+00:00,0xe549581668a5751c1972d3ad2d1991d900bd2d54,Will Switzerland vs. Bosnia and Herzegovina end in a draw?,Yes,49537.242,0.33,0.0
2026-07-24T04:07+00:00,0xe549581668a5751c1972d3ad2d1991d900bd2d54,Sweden vs. Tunisia: O/U 2.5,Under,165698.6461,0.56,0.0
2026-07-24T04:07+00:00,0xe549581668a5751c1972d3ad2d1991d900bd2d54,South Africa vs. Korea Republic: O/U 2.5,Over,499998.7305,0.4692,0.0
2026-07-24T04:07+00:00,0xe549581668a5751c1972d3ad2d1991d900bd2d54,Will Czechia win on 2026-06-18?,Yes,555199.5032,0.548,0.0
2026-07-24T04:07+00:00,0xe549581668a5751c1972d3ad2d1991d900bd2d54,Spread: Korea Republic (-1.5),Korea Republic,399998.8931,0.32,0.0
2026-07-24T04:07+00:00,0xe549581668a5751c1972d3ad2d1991d900bd2d54,Brazil vs. Morocco: O/U 3.5,Over,199999.8173,0.54,0.0
2026-07-24T04:07+00:00,0xe549581668a5751c1972d3ad2d1991d900bd2d54,England vs. DR Congo: O/U 2.5,Under,34986.79,0.5,0.0
2026-07-24T04:07+00:00,0xe549581668a5751c1972d3ad2d1991d900bd2d54,Belgium vs. IR Iran: O/U 2.5,Over,599999.9725,0.53,0.0
2026-07-24T04:07+00:00,0xe549581668a5751c1972d3ad2d1991d900bd2d54,Will Ecuador win the 2026 FIFA World Cup?,Yes,1199999.7263,0.008,0.0
2026-07-24T04:07+00:00,0xe549581668a5751c1972d3ad2d1991d900bd2d54,Spread: Spain (-1.5),Spain,149999.8399,0.4,0.0
2026-07-24T04:07+00:00,0xe549581668a5751c1972d3ad2d1991d900bd2d54,Japan vs. Sweden: O/U 2.5,Over,677.7882,0.49,0.0
2026-07-24T04:07+00:00,0xe549581668a5751c1972d3ad2d1991d900bd2d54,Will England win on 2026-07-01?,No,88960.2,0.23,0.0
2026-07-24T04:07+00:00,0xe549581668a5751c1972d3ad2d1991d900bd2d54,Will Mexico vs. England end in a draw?,Yes,69566.4782,0.3,0.0
2026-07-24T04:07+00:00,0xe549581668a5751c1972d3ad2d1991d900bd2d54,Spread: Spain (-2.5),Spain,20784.62,0.5,0.0
2026-07-24T04:07+00:00,0xe549581668a5751c1972d3ad2d1991d900bd2d54,Spread: Portugal (-1.5),Uzbekistan,299999.4266,0.42,0.0
2026-07-24T04:07+00:00,0xe549581668a5751c1972d3ad2d1991d900bd2d54,Spread: Portugal (-2.5),Uzbekistan,499999.2669,0.6099,0.0
2026-07-24T04:07+00:00,0xe549581668a5751c1972d3ad2d1991d900bd2d54,Will Japan win on 2026-06-21?,No,400000.0,0.31,0.0
2026-07-24T04:07+00:00,0xe549581668a5751c1972d3ad2d1991d900bd2d54,Belgium vs. Egypt: O/U 2.5,Over,90479.4486,0.61,0.0
2026-07-24T04:07+00:00,0xe549581668a5751c1972d3ad2d1991d900bd2d54,Will France vs. Morocco end in a draw?,Yes,6119.7883,0.24,0.0
2026-07-24T04:07+00:00,0xe549581668a5751c1972d3ad2d1991d900bd2d54,Spread: France (-1.5),France,23743.208,0.58,0.0
2026-07-24T04:07+00:00,0xe549581668a5751c1972d3ad2d1991d900bd2d54,Germany vs. Paraguay: O/U 2.5,Over,183809.6049,0.56,0.0
2026-07-24T04:07+00:00,0xe549581668a5751c1972d3ad2d1991d900bd2d54,Will Korea Republic vs. Czechia end in a draw?,Yes,103554.9575,0.31,0.0
2026-07-24T04:07+00:00,0xe549581668a5751c1972d3ad2d1991d900bd2d54,Portugal vs. Uzbekistan: O/U 3.5,Under,549999.036,0.6018,0.0
2026-07-24T04:07+00:00,0xe549581668a5751c1972d3ad2d1991d900bd2d54,Will Portugal vs. Croatia end in a draw?,Yes,199999.4147,0.27,0.0
2026-07-24T04:07+00:00,0x83720820a8aa6c3f20ad71850e7a1a17d16c5223,Will Marco Rubio win the 2028 Republican presidential nomina,Yes,367407.7833,0.2198,0.2805
2026-07-24T04:07+00:00,0x83720820a8aa6c3f20ad71850e7a1a17d16c5223,Spread: Arsenal FC (-1.5),Arsenal FC,4214.9,0.53,0.0
2026-07-24T04:07+00:00,0x83720820a8aa6c3f20ad71850e7a1a17d16c5223,Paris Saint-Germain FC vs. Chelsea FC: O/U 2.5,Under,29702.1228,0.4099,0.0
2026-07-24T04:07+00:00,0x83720820a8aa6c3f20ad71850e7a1a17d16c5223,Manchester United FC vs. Crystal Palace FC: O/U 2.5,Under,76000.0,0.44,0.0
2026-07-24T04:07+00:00,0x83720820a8aa6c3f20ad71850e7a1a17d16c5223,Burnley FC vs. Manchester City FC: O/U 3.5,Over,1977.429,0.52,0.0
2026-07-24T04:07+00:00,0x83720820a8aa6c3f20ad71850e7a1a17d16c5223,Will Argentina win on 2026-07-15?,No,176142.1088,0.6825,0.0
2026-07-24T04:07+00:00,0x83720820a8aa6c3f20ad71850e7a1a17d16c5223,Will France win the 2026 FIFA World Cup?,Yes,694546.168,0.2953,0.0
2026-07-24T04:07+00:00,0x83720820a8aa6c3f20ad71850e7a1a17d16c5223,Spread: France (-1.5),Senegal,124999.5868,0.61,0.0
2026-07-24T04:07+00:00,0x83720820a8aa6c3f20ad71850e7a1a17d16c5223,Will Newcastle United FC win on 2026-03-22?,Yes,23919.4651,0.58,0.0
2026-07-24T04:07+00:00,0x83720820a8aa6c3f20ad71850e7a1a17d16c5223,Newcastle United FC vs. Everton FC: O/U 2.5,Under,15000.0,0.45,0.0
2026-07-24T04:07+00:00,0x83720820a8aa6c3f20ad71850e7a1a17d16c5223,Germany vs. Paraguay: Team to Advance,Germany,327000.0,0.87,0.0
2026-07-24T04:07+00:00,0x83720820a8aa6c3f20ad71850e7a1a17d16c5223,Spread: Brazil (-2.5),Haiti,177998.7547,0.49,0.0
2026-07-24T04:07+00:00,0x83720820a8aa6c3f20ad71850e7a1a17d16c5223,Spread: Liverpool FC (-1.5),Galatasaray SK,51909.6236,0.41,0.0
2026-07-24T04:07+00:00,0x83720820a8aa6c3f20ad71850e7a1a17d16c5223,Will England win the 2026 FIFA World Cup?,Yes,3462118.7361,0.1188,0.0
2026-07-24T04:07+00:00,0x83720820a8aa6c3f20ad71850e7a1a17d16c5223,Brighton & Hove Albion FC vs. Chelsea FC: O/U 2.5,Under,70564.1069,0.4159,0.0
2026-07-24T04:07+00:00,0x83720820a8aa6c3f20ad71850e7a1a17d16c5223,US x Iran ceasefire by March 15?,Yes,10458.0052,0.2466,0.0
2026-07-24T04:07+00:00,0x83720820a8aa6c3f20ad71850e7a1a17d16c5223,Kamala Harris wins the popular vote?,Yes,295.8933,0.5914,0.0
2026-07-24T04:07+00:00,0x83720820a8aa6c3f20ad71850e7a1a17d16c5223,Will Brazil win the 2026 FIFA World Cup?,Yes,1697935.2489,0.0622,0.0
2026-07-24T04:07+00:00,0x83720820a8aa6c3f20ad71850e7a1a17d16c5223,Portugal vs. Spain: Both Teams to Score,Yes,754199.5629,0.4134,0.0
2026-07-24T04:07+00:00,0x83720820a8aa6c3f20ad71850e7a1a17d16c5223,Will Paris Saint-Germain FC win on 2026-03-11?,No,90099.9998,0.5499,0.0
2026-07-24T04:07+00:00,0x83720820a8aa6c3f20ad71850e7a1a17d16c5223,Will Belgium win the 2026 FIFA World Cup?,Yes,2643707.0277,0.0127,0.0
2026-07-24T04:07+00:00,0x83720820a8aa6c3f20ad71850e7a1a17d16c5223,Spread: Newcastle United FC (-1.5),Qarabağ Ağdam FK,75308.0703,0.5309,0.0
2026-07-24T04:07+00:00,0x83720820a8aa6c3f20ad71850e7a1a17d16c5223,Will Liverpool FC win on 2026-03-21?,Yes,4789.7671,0.44,0.0
2026-07-24T04:07+00:00,0x83720820a8aa6c3f20ad71850e7a1a17d16c5223,Will Manchester City FC win on 2026-04-04?,No,53353.1117,0.45,0.0
2026-07-24T04:07+00:00,0x83720820a8aa6c3f20ad71850e7a1a17d16c5223,Tottenham Hotspur FC vs. Club Atlético de Madrid: O/U 3.5,Under,58113.3856,0.65,0.0
2026-07-24T04:07+00:00,0x83720820a8aa6c3f20ad71850e7a1a17d16c5223,Will Ecuador win the 2026 FIFA World Cup?,Yes,4699294.4233,0.0059,0.0
2026-07-24T04:07+00:00,0x83720820a8aa6c3f20ad71850e7a1a17d16c5223,Paris Saint-Germain FC vs. Chelsea FC: O/U 3.5,Under,105691.1588,0.6143,0.0
2026-07-24T04:07+00:00,0x83720820a8aa6c3f20ad71850e7a1a17d16c5223,Spain vs. Argentina: Both Teams to Score,Yes,1029999.0249,0.3694,0.0
2026-07-24T04:07+00:00,0x83720820a8aa6c3f20ad71850e7a1a17d16c5223,US x Iran ceasefire by March 6?,Yes,18499.9895,0.08,0.0
2026-07-24T04:07+00:00,0x83720820a8aa6c3f20ad71850e7a1a17d16c5223,Will Portugal win the 2026 FIFA World Cup?,Yes,59701.4925,0.0669,0.0
2026-07-24T04:07+00:00,0x83720820a8aa6c3f20ad71850e7a1a17d16c5223,Spread: Germany (-3.5),Curaçao,94998.7199,0.51,0.0
2026-07-24T04:07+00:00,0x83720820a8aa6c3f20ad71850e7a1a17d16c5223,France vs. Morocco: Both Teams to Score,Yes,558653.091,0.2792,0.0
2026-07-24T04:07+00:00,0x83720820a8aa6c3f20ad71850e7a1a17d16c5223,FK Bodø/Glimt vs. FC Internazionale Milano: O/U 3.5,Under,55245.9016,0.6099,0.0
2026-07-24T04:07+00:00,0x83720820a8aa6c3f20ad71850e7a1a17d16c5223,Tottenham Hotspur FC vs. Club Atlético de Madrid: O/U 2.5,Under,34801.6475,0.42,0.0
2026-07-24T04:07+00:00,0x83720820a8aa6c3f20ad71850e7a1a17d16c5223,Will Netherlands win the 2026 FIFA World Cup?,Yes,500000.0,0.04,0.0
2026-07-24T04:07+00:00,0x83720820a8aa6c3f20ad71850e7a1a17d16c5223,US x Iran ceasefire by March 31?,Yes,482.0166,0.46,0.0
2026-07-24T04:07+00:00,0x83720820a8aa6c3f20ad71850e7a1a17d16c5223,Will Switzerland win the 2026 FIFA World Cup?,Yes,5990714.6879,0.0084,0.0
2026-07-24T04:07+00:00,0x83720820a8aa6c3f20ad71850e7a1a17d16c5223,Will Ivan Cepeda Castro win the 2026 Colombian presidential ,Yes,30570.5387,0.2168,0.0
2026-07-24T04:07+00:00,0x83720820a8aa6c3f20ad71850e7a1a17d16c5223,France vs. Senegal: O/U 2.5,Under,174999.9295,0.4957,0.0
2026-07-24T04:07+00:00,0x83720820a8aa6c3f20ad71850e7a1a17d16c5223,Will Switzerland win on 2026-06-13?,Yes,215085.8895,0.8233,0.0
2026-07-24T04:07+00:00,0x83720820a8aa6c3f20ad71850e7a1a17d16c5223,West Ham United FC vs. Everton FC: O/U 2.5,Under,8738.4794,0.48,0.0
2026-07-24T04:07+00:00,0x83720820a8aa6c3f20ad71850e7a1a17d16c5223,"UFC 329: Paddy Pimblett vs. Benoît Saint Denis (Lightweight,",Benoît Saint Denis,321363.6257,0.5531,0.0
2026-07-24T04:07+00:00,0x83720820a8aa6c3f20ad71850e7a1a17d16c5223,Will FC Barcelona win on 2026-03-18?,No,118999.8677,0.37,0.0
2026-07-24T04:07+00:00,0x83720820a8aa6c3f20ad71850e7a1a17d16c5223,Will Morocco win the 2026 FIFA World Cup?,Yes,808271.9766,0.0207,0.0
2026-07-24T04:07+00:00,0x83720820a8aa6c3f20ad71850e7a1a17d16c5223,Will Manchester City FC win on 2026-02-28?,No,61000.0,0.42,0.0
2026-07-24T04:07+00:00,0x83720820a8aa6c3f20ad71850e7a1a17d16c5223,Newcastle United FC vs. Manchester City FC: O/U 3.5,Under,14000.0,0.6485,0.0
2026-07-24T04:07+00:00,0x83720820a8aa6c3f20ad71850e7a1a17d16c5223,Wolverhampton Wanderers FC vs. Liverpool FC: O/U 3.5,Under,115999.5192,0.6697,0.0
2026-07-24T04:07+00:00,0x83720820a8aa6c3f20ad71850e7a1a17d16c5223,Newcastle United FC vs. Qarabağ Ağdam FK: O/U 4.5,Under,54465.5433,0.6571,0.0
2026-07-24T04:07+00:00,0x83720820a8aa6c3f20ad71850e7a1a17d16c5223,Will Germany win the 2026 FIFA World Cup?,Yes,312904.4063,0.0514,0.0
2026-07-24T04:07+00:00,0x83720820a8aa6c3f20ad71850e7a1a17d16c5223,Will AFC Bournemouth win on 2026-03-14?,Yes,94339.6226,0.5299,0.0
2026-07-24T04:07+00:00,0x5b4ec9c06b284ee52c41a761974d836992880232,San Diego Padres vs. Washington Nationals: O/U 7.5,Under,167809.13,0.49,0.0
2026-07-24T04:07+00:00,0x5b4ec9c06b284ee52c41a761974d836992880232,Will Brazil win on 2026-07-05?,Yes,126723.4091,0.5136,0.0
2026-07-24T04:07+00:00,0x5b4ec9c06b284ee52c41a761974d836992880232,Spread: Germany (-1.5),Germany,336022.2814,0.47,0.0
2026-07-24T04:07+00:00,0x5b4ec9c06b284ee52c41a761974d836992880232,Cavaliers vs. Knicks: O/U 215.5,Over,174136.555,0.49,0.0
2026-07-24T04:07+00:00,0x5b4ec9c06b284ee52c41a761974d836992880232,England vs. Argentina: O/U 2.5,Under,638543.0208,0.5972,0.0
2026-07-24T04:07+00:00,0x5b4ec9c06b284ee52c41a761974d836992880232,Will England win on 2026-07-05?,No,600000.0,0.61,0.0
2026-07-24T04:07+00:00,0x5b4ec9c06b284ee52c41a761974d836992880232,Miami Marlins vs. Washington Nationals: O/U 9.5,Under,99640.25,0.5699,0.0
2026-07-24T04:07+00:00,0x5b4ec9c06b284ee52c41a761974d836992880232,Will Netherlands win on 2026-06-20?,No,900000.0,0.42,0.0
2026-07-24T04:07+00:00,0x5b4ec9c06b284ee52c41a761974d836992880232,England vs. Argentina: O/U 1.5,Under,161466.6214,0.326,0.0
2026-07-24T04:07+00:00,0x5b4ec9c06b284ee52c41a761974d836992880232,Colorado Rockies vs. Philadelphia Phillies: O/U 7.5,Under,93871.2631,0.53,0.0
2026-07-24T04:07+00:00,0x5b4ec9c06b284ee52c41a761974d836992880232,Spread: Uruguay (-1.5),Uruguay,106309.3,0.43,0.0
2026-07-24T04:07+00:00,0x5b4ec9c06b284ee52c41a761974d836992880232,Philadelphia Phillies vs. New York Mets: O/U 8.5,Under,39618.86,0.519,0.0
2026-07-24T04:07+00:00,0x5b4ec9c06b284ee52c41a761974d836992880232,Colorado Rockies vs. Los Angeles Dodgers: O/U 9.5,Under,37780.67,0.48,0.0
2026-07-24T04:07+00:00,0x5b4ec9c06b284ee52c41a761974d836992880232,Detroit Tigers vs. Tampa Bay Rays: O/U 8.5,Under,93367.56,0.52,0.0
2026-07-24T04:07+00:00,0x5b4ec9c06b284ee52c41a761974d836992880232,Atlanta Braves vs. Los Angeles Dodgers: O/U 8.5,Under,63829.34,0.5,0.0
2026-07-24T04:07+00:00,0x5b4ec9c06b284ee52c41a761974d836992880232,Brazil vs. Japan: O/U 2.5,Under,403090.3257,0.58,0.0
2026-07-24T04:07+00:00,0x5b4ec9c06b284ee52c41a761974d836992880232,Kansas City Royals vs. Texas Rangers: O/U 7.5,Under,57573.11,0.47,0.0
2026-07-24T04:07+00:00,0x5b4ec9c06b284ee52c41a761974d836992880232,Thunder vs. Spurs,Thunder,599999.2166,0.42,0.0
2026-07-24T04:07+00:00,0x5b4ec9c06b284ee52c41a761974d836992880232,SC Freiburg vs. Aston Villa FC: O/U 2.5,Under,59999.9433,0.52,0.0
2026-07-24T04:07+00:00,0x5b4ec9c06b284ee52c41a761974d836992880232,San Francisco Giants vs. Seattle Mariners: O/U 7.5,Over,156250.0829,0.46,0.0
2026-07-24T04:07+00:00,0x5b4ec9c06b284ee52c41a761974d836992880232,Uzbekistan vs. Colombia: O/U 2.5,Under,610393.4799,0.5093,0.0
2026-07-24T04:07+00:00,0x5b4ec9c06b284ee52c41a761974d836992880232,Argentina vs. Egypt: O/U 2.5,Under,240967.8757,0.5216,0.0
2026-07-24T04:07+00:00,0x5b4ec9c06b284ee52c41a761974d836992880232,New York Mets vs. Seattle Mariners: O/U 7.5,Under,172672.34,0.5,0.0
2026-07-24T04:07+00:00,0x5b4ec9c06b284ee52c41a761974d836992880232,Will Austria win the 2026 FIFA World Cup?,Yes,2931638.36,0.005,0.0
2026-07-24T04:07+00:00,0x5b4ec9c06b284ee52c41a761974d836992880232,England vs. Argentina: Team to Advance,England,484419.9802,0.5355,0.0
2026-07-24T04:07+00:00,0x5b4ec9c06b284ee52c41a761974d836992880232,Chicago Cubs vs. Pittsburgh Pirates: O/U 7.5,Under,19332.79,0.49,0.0
2026-07-24T04:07+00:00,0x5b4ec9c06b284ee52c41a761974d836992880232,Chicago White Sox vs. Philadelphia Phillies: O/U 9.5,Under,23579.57,0.5551,0.0
2026-07-24T04:07+00:00,0x5b4ec9c06b284ee52c41a761974d836992880232,Will Canada win the 2026 FIFA World Cup?,Yes,2872898.22,0.003,0.0
2026-07-24T04:07+00:00,0x5b4ec9c06b284ee52c41a761974d836992880232,Will France win on 2026-07-09?,No,500.0,0.39,0.0
2026-07-24T04:07+00:00,0x5b4ec9c06b284ee52c41a761974d836992880232,Cincinnati Reds vs. Pittsburgh Pirates: O/U 7.5,Under,75896.31,0.45,0.0
2026-07-24T04:07+00:00,0xf0318c32136c2db7fec88b84869aee6a1106c80c,Switzerland vs. Colombia: O/U 2.5,Over,559736.0329,0.3999,0.0
2026-07-24T04:07+00:00,0xf0318c32136c2db7fec88b84869aee6a1106c80c,Ecuador vs. Germany: O/U 0.5,Under,19714.5324,0.05,0.0
2026-07-24T04:07+00:00,0xf0318c32136c2db7fec88b84869aee6a1106c80c,Tampa Bay Rays vs. Boston Red Sox,Tampa Bay Rays,41023.7407,0.48,0.0
2026-07-24T04:07+00:00,0xf0318c32136c2db7fec88b84869aee6a1106c80c,Will Senegal win on 2026-07-01?,Yes,1059496.2765,0.25,0.0
2026-07-24T04:07+00:00,0xf0318c32136c2db7fec88b84869aee6a1106c80c,Will Scotland win on 2026-06-19?,Yes,169173.5293,0.2867,0.0
2026-07-24T04:07+00:00,0xf0318c32136c2db7fec88b84869aee6a1106c80c,Will Canada vs. Morocco end in a draw?,Yes,174761.2781,0.28,0.0
2026-07-24T04:07+00:00,0xf0318c32136c2db7fec88b84869aee6a1106c80c,San Diego Padres vs. Atlanta Braves,San Diego Padres,72786.6014,0.46,0.0
2026-07-24T04:07+00:00,0xf0318c32136c2db7fec88b84869aee6a1106c80c,Spread: Thunder (-5.5),Spurs,249999.8425,0.46,0.0
2026-07-24T04:07+00:00,0xf0318c32136c2db7fec88b84869aee6a1106c80c,Will France win on 2026-06-16?,No,828798.2595,0.3296,0.0
2026-07-24T04:07+00:00,0xf0318c32136c2db7fec88b84869aee6a1106c80c,Will Brazil vs. Japan end in a draw?,Yes,2020266.8344,0.3333,0.0
2026-07-24T04:07+00:00,0xf0318c32136c2db7fec88b84869aee6a1106c80c,France vs. Spain: O/U 0.5,Under,129849.3764,0.0698,0.0
2026-07-24T04:07+00:00,0xf0318c32136c2db7fec88b84869aee6a1106c80c,Will United States win on 2026-06-12?,No,1161604.8888,0.53,0.0
2026-07-24T04:07+00:00,0xf0318c32136c2db7fec88b84869aee6a1106c80c,Tunisia vs. Netherlands: O/U 2.5,Under,70486.4951,0.3041,0.0
2026-07-24T04:07+00:00,0xf0318c32136c2db7fec88b84869aee6a1106c80c,Will Spain win on 2026-07-19?,Yes,1392932.3192,0.3398,0.0
2026-07-24T04:07+00:00,0xf0318c32136c2db7fec88b84869aee6a1106c80c,Iraq vs. Norway: O/U 7.5,Over,349837.0004,0.061,0.0
2026-07-24T04:07+00:00,0xf0318c32136c2db7fec88b84869aee6a1106c80c,Tunisia vs. Netherlands: O/U 0.5,Under,13947.4174,0.0287,0.0
2026-07-24T04:07+00:00,0xf0318c32136c2db7fec88b84869aee6a1106c80c,Will Heart of Midlothian FC win on 2026-07-21?,Yes,3507.5347,0.24,0.0
2026-07-24T04:07+00:00,0xf0318c32136c2db7fec88b84869aee6a1106c80c,Will Ghana win on 2026-07-03?,Yes,805544.4813,0.1,0.0
2026-07-24T04:07+00:00,0xf0318c32136c2db7fec88b84869aee6a1106c80c,Will KF Víkingur win on 2026-07-21?,No,26291.2471,0.61,0.0
2026-07-24T04:07+00:00,0xf0318c32136c2db7fec88b84869aee6a1106c80c,Will Morocco win on 2026-06-19?,No,819914.175,0.43,0.0
2026-07-24T04:07+00:00,0xf0318c32136c2db7fec88b84869aee6a1106c80c,Spread: Türkiye (-1.5),Türkiye,12418.3634,0.23,0.0
2026-07-24T04:07+00:00,0xf0318c32136c2db7fec88b84869aee6a1106c80c,Spread: Norway (-3.5),Norway,75415.7855,0.1894,0.0
2026-07-24T04:07+00:00,0xf0318c32136c2db7fec88b84869aee6a1106c80c,Milwaukee Brewers vs. Minnesota Twins,Minnesota Twins,95262.9778,0.4995,0.0
2026-07-24T04:07+00:00,0xf0318c32136c2db7fec88b84869aee6a1106c80c,Spain vs. Belgium: O/U 2.5,Under,624942.2094,0.4493,0.0
2026-07-24T04:07+00:00,0xf0318c32136c2db7fec88b84869aee6a1106c80c,Knicks vs. Raptors,Raptors,112855.7399,0.53,0.0
2026-07-24T04:07+00:00,0xf0318c32136c2db7fec88b84869aee6a1106c80c,Spread: Spurs (-7.5),Mavericks,40414.89,0.49,0.0
2026-07-24T04:07+00:00,0xf0318c32136c2db7fec88b84869aee6a1106c80c,Will IR Iran win on 2026-06-21?,Yes,97540.3856,0.11,0.0
2026-07-24T04:07+00:00,0xf0318c32136c2db7fec88b84869aee6a1106c80c,Spread: Raptors (-7.5),Bulls,209999.8905,0.51,0.0
2026-07-24T04:07+00:00,0xf0318c32136c2db7fec88b84869aee6a1106c80c,France vs. Spain: Spain O/U 0.5,Under,7682.5,0.25,0.0
2026-07-24T04:07+00:00,0xf0318c32136c2db7fec88b84869aee6a1106c80c,Spain vs. Saudi Arabia: O/U 3.5,Under,166234.3935,0.48,0.0
2026-07-24T04:07+00:00,0xf0318c32136c2db7fec88b84869aee6a1106c80c,Côte d'Ivoire vs. Norway: O/U 1.5,Under,108615.6857,0.2243,0.0
2026-07-24T04:07+00:00,0xf0318c32136c2db7fec88b84869aee6a1106c80c,Paraguay vs. France: O/U 3.5,Over,214217.556,0.33,0.0
2026-07-24T04:07+00:00,0xf0318c32136c2db7fec88b84869aee6a1106c80c,Will Scotland vs. Morocco end in a draw?,Yes,123801.3348,0.3333,0.0
2026-07-24T04:07+00:00,0xf0318c32136c2db7fec88b84869aee6a1106c80c,Germany vs. Paraguay: Team to Advance,Germany,20585.2456,0.86,0.0
2026-07-24T04:07+00:00,0xf0318c32136c2db7fec88b84869aee6a1106c80c,Will France win on 2026-06-30?,No,1532855.8342,0.2227,0.0
2026-07-24T04:07+00:00,0xf0318c32136c2db7fec88b84869aee6a1106c80c,Lakers vs. Mavericks,Mavericks,306418.6811,0.39,0.0
2026-07-24T04:07+00:00,0xf0318c32136c2db7fec88b84869aee6a1106c80c,Will Malta win Eurovision 2026?,Yes,221341.3594,0.0049,0.0
2026-07-24T04:07+00:00,0xf0318c32136c2db7fec88b84869aee6a1106c80c,Will Spain vs. Austria end in a draw?,Yes,111209.1578,0.1868,0.0
2026-07-24T04:07+00:00,0xf0318c32136c2db7fec88b84869aee6a1106c80c,Wimbledon ATP: Jannik Sinner vs Alexander Zverev,Alexander Zverev,141.69,0.39,0.0
2026-07-24T04:07+00:00,0xf0318c32136c2db7fec88b84869aee6a1106c80c,Will Bosnia and Herzegovina win on 2026-06-24?,No,230442.8064,0.3,0.0
2026-07-24T04:07+00:00,0xf0318c32136c2db7fec88b84869aee6a1106c80c,Spread: Raptors (-8.5),Bulls,39795.3033,0.55,0.0
2026-07-24T04:07+00:00,0xf0318c32136c2db7fec88b84869aee6a1106c80c,Exact Score: Any Other Score?,Yes,999998.9722,0.0588,0.0
2026-07-24T04:07+00:00,0xf0318c32136c2db7fec88b84869aee6a1106c80c,Will Paraguay win on 2026-06-29?,Yes,1241997.0067,0.3319,0.0
2026-07-24T04:07+00:00,0xf0318c32136c2db7fec88b84869aee6a1106c80c,Will Spain vs. Belgium end in a draw?,Yes,603711.6885,0.3215,0.0
2026-07-24T04:07+00:00,0xf0318c32136c2db7fec88b84869aee6a1106c80c,Colombia vs. DR Congo: O/U 1.5,Over,9300.93,0.6899,0.0
2026-07-24T04:07+00:00,0xf0318c32136c2db7fec88b84869aee6a1106c80c,Will Switzerland win on 2026-07-02?,No,1169262.195,0.51,0.0
2026-07-24T04:07+00:00,0xf0318c32136c2db7fec88b84869aee6a1106c80c,Spread: Norway (-1.5),Norway,134640.4083,0.2252,0.0
2026-07-24T04:07+00:00,0xf0318c32136c2db7fec88b84869aee6a1106c80c,Will England win the 2026 FIFA World Cup?,Yes,3041766.3525,0.1012,0.0
2026-07-24T04:07+00:00,0xf0318c32136c2db7fec88b84869aee6a1106c80c,Spread: Clippers (-9.5),Nets,45674.9283,0.4711,0.0
2026-07-24T04:07+00:00,0xf0318c32136c2db7fec88b84869aee6a1106c80c,Morocco vs. Haiti: O/U 3.5,Under,2777.0061,0.63,0.0
2026-07-24T04:07+00:00,0x2c335066fe58fe9237c3d3dc7b275c2a034a0563,"2026 Balance of Power: D Senate, D House",No,8004002.82,0.5,0.5649
2026-07-24T04:07+00:00,0x2c335066fe58fe9237c3d3dc7b275c2a034a0563,"2026 Balance of Power: D Senate, D House",Yes,8004002.82,0.5,0.435
2026-07-24T04:07+00:00,0x2c335066fe58fe9237c3d3dc7b275c2a034a0563,"Will Bitcoin dip to $35,000 by December 31, 2026?",No,19995.73,0.85,0.895
2026-07-24T04:07+00:00,0x2c335066fe58fe9237c3d3dc7b275c2a034a0563,ITF Brisbane: Chase Ferguson vs Duje Markovina,Duje Markovina,16564.6844,0.3322,0.9995
2026-07-24T04:07+00:00,0x2c335066fe58fe9237c3d3dc7b275c2a034a0563,Boston Red Sox vs. New York Yankees,New York Yankees,27715.59,0.49,0.495
2026-07-24T04:07+00:00,0x2c335066fe58fe9237c3d3dc7b275c2a034a0563,"Will Bitcoin dip to $25,000 by December 31, 2026?",No,2971.13,0.92,0.964
2026-07-24T04:07+00:00,0x2c335066fe58fe9237c3d3dc7b275c2a034a0563,San Francisco Giants vs. Atlanta Braves,San Francisco Giants,90.204,0.51,0.44
2026-07-24T04:07+00:00,0x2c335066fe58fe9237c3d3dc7b275c2a034a0563,ITF Brisbane: Chase Ferguson vs Duje Markovina,Chase Ferguson,569.7139,0.08,0.0005
2026-07-24T04:07+00:00,0x2c335066fe58fe9237c3d3dc7b275c2a034a0563,Spread: Thunder (-7.5),Thunder,9.8039,0.49,0.0
2026-07-24T04:07+00:00,0x2c335066fe58fe9237c3d3dc7b275c2a034a0563,Atlanta Dream vs. Toronto Tempo,Toronto Tempo,10588.3911,0.2093,0.0
2026-07-24T04:07+00:00,0x2c335066fe58fe9237c3d3dc7b275c2a034a0563,Wimbledon ATP: Roberto Bautista Agut vs Joao Fonseca,Roberto Bautista Agut,11480.57,0.01,0.0
2026-07-24T04:07+00:00,0x2c335066fe58fe9237c3d3dc7b275c2a034a0563,Milwaukee Brewers vs. Pittsburgh Pirates,Milwaukee Brewers,2526.0957,0.2818,0.0
2026-07-24T04:07+00:00,0x2c335066fe58fe9237c3d3dc7b275c2a034a0563,Exact Score: Türkiye 2 - 1 Paraguay?,Yes,668.44,0.14,0.0
2026-07-24T04:07+00:00,0x2c335066fe58fe9237c3d3dc7b275c2a034a0563,Roland Garros WTA: Diane Parry vs Amanda Anisimova,Amanda Anisimova,123.2436,0.78,0.0
2026-07-24T04:07+00:00,0x2c335066fe58fe9237c3d3dc7b275c2a034a0563,LoL: KT Rolster vs Dplus KIA (BO1) - KeSPA Cup Group Stage,Dplus KIA,5876.3371,0.3,0.0
2026-07-24T04:07+00:00,0x2c335066fe58fe9237c3d3dc7b275c2a034a0563,Tampa Bay Rays vs. Boston Red Sox,Tampa Bay Rays,7189.0,0.4601,0.0
2026-07-24T04:07+00:00,0x2c335066fe58fe9237c3d3dc7b275c2a034a0563,Spread: Spain (-1.5),Spain,199.8406,0.14,0.0
2026-07-24T04:07+00:00,0x2c335066fe58fe9237c3d3dc7b275c2a034a0563,"Mallorca Championships, Qualification: Abedallah Shelbayh vs",Abedallah Shelbayh,153.0,0.28,0.0
2026-07-24T04:07+00:00,0x2c335066fe58fe9237c3d3dc7b275c2a034a0563,Will Al Riyadh Saudi Club win on 2025-12-20?,Yes,5.7188,0.13,0.0
2026-07-24T04:07+00:00,0x2c335066fe58fe9237c3d3dc7b275c2a034a0563,Washington Nationals vs. Boston Red Sox,Boston Red Sox,4099.67,0.3594,0.0
2026-07-24T04:07+00:00,0x2c335066fe58fe9237c3d3dc7b275c2a034a0563,Las Vegas Aces vs. PortlandFire,PortlandFire,9504.43,0.22,0.0
2026-07-24T04:07+00:00,0x2c335066fe58fe9237c3d3dc7b275c2a034a0563,Iasi Open: Kaitlin Quevedo vs Gabriela Ruse,Gabriela Ruse,2481.98,0.6629,0.0
2026-07-24T04:07+00:00,0x2c335066fe58fe9237c3d3dc7b275c2a034a0563,Roland Garros ATP: Adolfo Vallejo vs Moise Kouame,Adolfo Vallejo,711.6644,0.55,0.0
2026-07-24T04:07+00:00,0x2c335066fe58fe9237c3d3dc7b275c2a034a0563,Spread: Spurs (-8.5),Thunder,6.8571,0.65,0.0
2026-07-24T04:07+00:00,0x2c335066fe58fe9237c3d3dc7b275c2a034a0563,Pozoblanco: Dominik Palan vs Izan Almazan Valiente,Dominik Palan,4298.7257,0.32,0.0
2026-07-24T04:07+00:00,0x2c335066fe58fe9237c3d3dc7b275c2a034a0563,Palermo: Mina Hodzic vs Noemi Basiletti,Noemi Basiletti,45452.6934,0.4747,0.0
2026-07-24T04:07+00:00,0x2c335066fe58fe9237c3d3dc7b275c2a034a0563,Istanbul 2: Anastasia Gasanova vs Susan Bandecchi,Susan Bandecchi,4695.0232,0.26,0.0
2026-07-24T04:07+00:00,0x2c335066fe58fe9237c3d3dc7b275c2a034a0563,Canada vs. Morocco: O/U 0.5,Under,6793.72,0.09,0.0
2026-07-24T04:07+00:00,0x2c335066fe58fe9237c3d3dc7b275c2a034a0563,Spread: Kansas City Royals (-1.5),Kansas City Royals,11266.51,0.2093,0.0
2026-07-24T04:07+00:00,0x2c335066fe58fe9237c3d3dc7b275c2a034a0563,Toronto Blue Jays vs. San Diego Padres,San Diego Padres,1176.23,0.1668,0.0
2026-07-24T04:07+00:00,0x2c335066fe58fe9237c3d3dc7b275c2a034a0563,Nottingham 3: Patrick Brady vs Alastair Gray,Patrick Brady,817.8099,0.07,0.0
2026-07-24T04:07+00:00,0x2c335066fe58fe9237c3d3dc7b275c2a034a0563,Generali Open: Tomas Etcheverry vs Ignacio Buse,Ignacio Buse,17783.025,0.3233,0.0
2026-07-24T04:07+00:00,0x2c335066fe58fe9237c3d3dc7b275c2a034a0563,Brazil vs. Japan: O/U 3.5,Over,21.73,0.26,0.0
2026-07-24T04:07+00:00,0x2c335066fe58fe9237c3d3dc7b275c2a034a0563,ITF Brisbane: Benjamin O'connell vs Jake Delaney,Benjamin Oconnell,500.0,0.41,0.0
2026-07-24T04:07+00:00,0x2c335066fe58fe9237c3d3dc7b275c2a034a0563,Valorant: 100 Thieves vs BBL Esports (BO3) - Esports World C,BBL Esports,14293.75,0.35,0.0
2026-07-24T04:07+00:00,0x2c335066fe58fe9237c3d3dc7b275c2a034a0563,Counter-Strike: NRG vs BIG - Map 2 Winner,BIG,21.75,0.59,0.0
2026-07-24T04:07+00:00,0x2c335066fe58fe9237c3d3dc7b275c2a034a0563,Major League Cricket: Mi New York vs Seattle Orcas,Seattle Orcas,12041.8175,0.59,0.0
2026-07-24T04:07+00:00,0x2c335066fe58fe9237c3d3dc7b275c2a034a0563,Bunschoten: Gilles Arnaud Bailly vs Filippo Romano,Gilles Arnaud Bailly,8932.7099,0.6903,0.0
2026-07-24T04:07+00:00,0x2c335066fe58fe9237c3d3dc7b275c2a034a0563,Wimbledon ATP: Jacob Fearnley vs Jaume Munar,Jacob Fearnley,9.0,0.17,0.0
2026-07-24T04:07+00:00,0x2c335066fe58fe9237c3d3dc7b275c2a034a0563,Will KFUM-Kameratene Oslo vs. Tromsø IL end in a draw?,No,5.0,0.38,0.0
2026-07-24T04:07+00:00,0x2c335066fe58fe9237c3d3dc7b275c2a034a0563,New York Liberty vs. Minnesota Lynx,New York Liberty,57.0,0.49,0.0
2026-07-24T04:07+00:00,0x2c335066fe58fe9237c3d3dc7b275c2a034a0563,Will Houston Dynamo vs. D.C. United SC end in a draw?,No,1317.78,0.75,0.0
2026-07-24T04:07+00:00,0x2c335066fe58fe9237c3d3dc7b275c2a034a0563,Wimbledon WTA: Jelena Ostapenko vs Harriet Dart,Harriet Dart,12488.18,0.0686,0.0
2026-07-24T04:07+00:00,0x2c335066fe58fe9237c3d3dc7b275c2a034a0563,Chicago White Sox vs. Minnesota Twins,Chicago White Sox,3.44,0.14,0.0
2026-07-24T04:07+00:00,0x2c335066fe58fe9237c3d3dc7b275c2a034a0563,Exact Score: Netherlands 1 - 1 Morocco?,No,7534.56,0.84,0.0
2026-07-24T04:07+00:00,0x2c335066fe58fe9237c3d3dc7b275c2a034a0563,Hamburg European Open: Luciano Darderi vs Yannick Hanfmann,Yannick Hanfmann,530.8501,0.3057,0.0
2026-07-24T04:07+00:00,0x2c335066fe58fe9237c3d3dc7b275c2a034a0563,"Swedish Open, Qualification: Martin Krumich vs Frederico Fer",Frederico Ferreira Silva,1204.5,0.46,0.0
2026-07-24T04:07+00:00,0x2c335066fe58fe9237c3d3dc7b275c2a034a0563,LoL: Team Secret Whales vs Top Esports - Game 3 Winner,Top Esports,14535.67,0.77,0.0
2026-07-24T04:07+00:00,0x2c335066fe58fe9237c3d3dc7b275c2a034a0563,Generali Open: Daniel Altmaier vs Raphael Collignon,Raphael Collignon,375.54,0.61,0.0
2026-07-24T04:07+00:00,0x2c335066fe58fe9237c3d3dc7b275c2a034a0563,Spread: Cleveland Guardians (-1.5),Cleveland Guardians,30.67,0.3,0.0
2026-07-24T04:07+00:00,0xfea31bc088000ff909be1dfd8d0e3f2c7ef2d227,Will the Republican Party control the Senate after the 2026 ,Yes,1900000.0,0.5,0.555
2026-07-24T04:07+00:00,0xfea31bc088000ff909be1dfd8d0e3f2c7ef2d227,Will the Republican Party control the Senate after the 2026 ,No,1900000.0,0.5,0.445
2026-07-24T04:07+00:00,0xfea31bc088000ff909be1dfd8d0e3f2c7ef2d227,Will Manchester City win the 2026-27 English Premier League ,No,286437.7885,0.7,0.705
2026-07-24T04:07+00:00,0xfea31bc088000ff909be1dfd8d0e3f2c7ef2d227,Will Ousmane Dembélé win the 2026 Ballon d'Or?,No,88343.6124,0.9568,0.9845
2026-07-24T04:07+00:00,0xfea31bc088000ff909be1dfd8d0e3f2c7ef2d227,"Bitcoin all time high by December 31, 2026?",No,90068.559,0.8565,0.9425
2026-07-24T04:07+00:00,0xfea31bc088000ff909be1dfd8d0e3f2c7ef2d227,"Will Bitcoin hit $150k by December 31, 2026?",No,85633.8312,0.9038,0.9655
2026-07-24T04:07+00:00,0xfea31bc088000ff909be1dfd8d0e3f2c7ef2d227,"Will Bitcoin reach $160,000 by December 31, 2026?",No,43049.3752,0.9449,0.97
2026-07-24T04:07+00:00,0xfea31bc088000ff909be1dfd8d0e3f2c7ef2d227,"Bitcoin all time high by September 30, 2026?",No,35997.0451,0.9574,0.9855
2026-07-24T04:07+00:00,0xfea31bc088000ff909be1dfd8d0e3f2c7ef2d227,"Will Bitcoin reach $200,000 by December 31, 2026?",No,30876.6315,0.9656,0.9775
2026-07-24T04:07+00:00,0xfea31bc088000ff909be1dfd8d0e3f2c7ef2d227,"Will Bitcoin reach $190,000 by December 31, 2026?",No,30000.0038,0.9654,0.976
2026-07-24T04:07+00:00,0xfea31bc088000ff909be1dfd8d0e3f2c7ef2d227,"Will Bitcoin reach $140,000 by December 31, 2026?",No,30000.0,0.961,0.9665
2026-07-24T04:07+00:00,0xfea31bc088000ff909be1dfd8d0e3f2c7ef2d227,"Will Bitcoin reach $180,000 by December 31, 2026?",No,25217.6196,0.9663,0.978
2026-07-24T04:07+00:00,0xfea31bc088000ff909be1dfd8d0e3f2c7ef2d227,St. Louis Cardinals vs. Cincinnati Reds,St. Louis Cardinals,47199.0983,0.4212,0.415
2026-07-24T04:07+00:00,0xfea31bc088000ff909be1dfd8d0e3f2c7ef2d227,"Will Bitcoin reach $170,000 by December 31, 2026?",No,19959.6715,0.9519,0.9765
2026-07-24T04:07+00:00,0xfea31bc088000ff909be1dfd8d0e3f2c7ef2d227,MLB: Aaron Judge or Juan Soto to draw more walks?,Soto,14620.23,0.2719,0.925
2026-07-24T04:07+00:00,0xfea31bc088000ff909be1dfd8d0e3f2c7ef2d227,"Will Bitcoin reach $250,000 by December 31, 2026?",No,11833.59,0.9803,0.9855
2026-07-24T04:07+00:00,0xfea31bc088000ff909be1dfd8d0e3f2c7ef2d227,Spread: St. Louis Cardinals (-1.5),Cincinnati Reds,13278.7409,0.5616,0.705
2026-07-24T04:07+00:00,0xfea31bc088000ff909be1dfd8d0e3f2c7ef2d227,Will Han Feng Win the 2026 WSOP Main Event?,No,4849.99,0.9345,0.93
2026-07-24T04:07+00:00,0xfea31bc088000ff909be1dfd8d0e3f2c7ef2d227,Tampa Bay Rays vs. New York Yankees,Tampa Bay Rays,5898.0756,0.4081,0.405
2026-07-24T04:07+00:00,0xfea31bc088000ff909be1dfd8d0e3f2c7ef2d227,Will Cleveland Guardians win the 2026 AL Central title?,Yes,3428.91,0.61,0.455
2026-07-24T04:07+00:00,0xfea31bc088000ff909be1dfd8d0e3f2c7ef2d227,Will Aaron Judge win the 2026 American League Hank Aaron Awa,No,1481.84,0.6516,0.984
2026-07-24T04:07+00:00,0xfea31bc088000ff909be1dfd8d0e3f2c7ef2d227,Will Aaron Judge lead the MLB in RBIs for the 2026 regular s,No,1217.7171,0.79,0.993
2026-07-24T04:07+00:00,0xfea31bc088000ff909be1dfd8d0e3f2c7ef2d227,Will Shohei Ohtani win the 2026 National League MVP Award?,Yes,1540.05,0.6398,0.755
2026-07-24T04:07+00:00,0xfea31bc088000ff909be1dfd8d0e3f2c7ef2d227,Will Bryce Eldridge win the 2026 NL Rookie of the Year award,No,1000.0,0.978,0.975
2026-07-24T04:07+00:00,0xfea31bc088000ff909be1dfd8d0e3f2c7ef2d227,"Will Bitcoin reach $150,000 by December 31, 2026?",No,689.59,0.95,0.9695
2026-07-24T04:07+00:00,0xfea31bc088000ff909be1dfd8d0e3f2c7ef2d227,Will Matt Olson hit the most home runs during the 2026 MLB r,No,480.0,0.97,0.982
2026-07-24T04:07+00:00,0xfea31bc088000ff909be1dfd8d0e3f2c7ef2d227,MLB: Scorigami in 2026?,No,501.7027,0.85,0.8875
2026-07-24T04:07+00:00,0xfea31bc088000ff909be1dfd8d0e3f2c7ef2d227,Will Taylor Ward lead the MLB in RBIs for the 2026 regular s,No,375.1455,0.9757,0.992
2026-07-24T04:07+00:00,0xfea31bc088000ff909be1dfd8d0e3f2c7ef2d227,KBO: LG Twins vs. NC Dinos,LG Twins,585.99,0.5,0.505
2026-07-24T04:07+00:00,0xfea31bc088000ff909be1dfd8d0e3f2c7ef2d227,Tampa Bay Rays vs. New York Yankees: O/U 7.5,Over,528.0689,0.4192,0.54
2026-07-24T04:07+00:00,0xfea31bc088000ff909be1dfd8d0e3f2c7ef2d227,KBO: Samsung Lions vs. Kia Tigers,Samsung Lions,413.8624,0.5006,0.515
2026-07-24T04:07+00:00,0xfea31bc088000ff909be1dfd8d0e3f2c7ef2d227,KBO: LG Twins vs. Samsung Lions,Samsung Lions,430.1081,0.4725,0.485
2026-07-24T04:07+00:00,0xfea31bc088000ff909be1dfd8d0e3f2c7ef2d227,Will Jacob Misiorowski win the 2026 NL Cy Young Award?,Yes,279.1867,0.1923,0.6245
2026-07-24T04:07+00:00,0xfea31bc088000ff909be1dfd8d0e3f2c7ef2d227,Will Europe Win the WSOP Main Event,Yes,987.92,0.1295,0.135
2026-07-24T04:07+00:00,0xfea31bc088000ff909be1dfd8d0e3f2c7ef2d227,Will the Bills win the season series against the Dolphins du,Yes,215.6862,0.49,0.545
2026-07-24T04:07+00:00,0xfea31bc088000ff909be1dfd8d0e3f2c7ef2d227,KBO: Hanwha Eagles vs. Lotte Giants,Hanwha Eagles,194.4677,0.52,0.5225
2026-07-24T04:07+00:00,0xfea31bc088000ff909be1dfd8d0e3f2c7ef2d227,Will Kevin McGonigle win the 2026 AL Rookie of the Year awar,No,384.85,0.6393,0.245
2026-07-24T04:07+00:00,0xfea31bc088000ff909be1dfd8d0e3f2c7ef2d227,Will Sung-Jae Im win the 2026 Masters tournament?,Yes,182217.93,0.0098,0.0005
2026-07-24T04:07+00:00,0xfea31bc088000ff909be1dfd8d0e3f2c7ef2d227,Will Tampa Bay Rays win the 2026 AL East title?,Yes,200.0,0.3,0.4405
2026-07-24T04:07+00:00,0xfea31bc088000ff909be1dfd8d0e3f2c7ef2d227,Will New York Yankees win the 2026 AL East title?,Yes,200.0,0.56,0.44
2026-07-24T04:07+00:00,0xfea31bc088000ff909be1dfd8d0e3f2c7ef2d227,Will North America Win the WSOP Main Event,No,560.0,0.15,0.135
2026-07-24T04:07+00:00,0xfea31bc088000ff909be1dfd8d0e3f2c7ef2d227,Spread: New York Yankees (-1.5),New York Yankees,149.5548,0.3419,0.44
2026-07-24T04:07+00:00,0xfea31bc088000ff909be1dfd8d0e3f2c7ef2d227,KBO: KT Wiz vs. Lotte Giants,KT Wiz,107.83,0.5,0.505
2026-07-24T04:07+00:00,0xfea31bc088000ff909be1dfd8d0e3f2c7ef2d227,Will Tarik Skubal lead the MLB in ERA for the 2026 regular s,No,46.0,0.96,0.9715
2026-07-24T04:07+00:00,0xfea31bc088000ff909be1dfd8d0e3f2c7ef2d227,MLB: Perfect Game thrown in 2026 season?,Yes,189.09,0.0978,0.14
2026-07-24T04:07+00:00,0xfea31bc088000ff909be1dfd8d0e3f2c7ef2d227,Will Matthew Stafford finish the 2026-27 NFL regular season ,Yes,229.97,0.11,0.115
2026-07-24T04:07+00:00,0xfea31bc088000ff909be1dfd8d0e3f2c7ef2d227,Will the New York Knicks be the 2027 NBA Eastern Conference ,Yes,121.2702,0.19,0.2
2026-07-24T04:07+00:00,0xfea31bc088000ff909be1dfd8d0e3f2c7ef2d227,Will Atlanta Braves win the 2026 National League Championshi,Yes,138.75,0.09,0.115
2026-07-24T04:07+00:00,0xfea31bc088000ff909be1dfd8d0e3f2c7ef2d227,Will the season series between the Cardinals and Rams end in,Yes,40.0,0.3,0.3
2026-07-24T04:07+00:00,0xfea31bc088000ff909be1dfd8d0e3f2c7ef2d227,KBO: Hanwha Eagles vs. NC Dinos,Hanwha Eagles,26.42,0.0363,0.4295
2026-07-24T04:07+00:00,0x095fbca2e0eaf0c9841005135427e1e0117190b2,Will Switzerland win on 2026-07-02?,No,12738.974,0.2925,0.0
2026-07-24T04:07+00:00,0x095fbca2e0eaf0c9841005135427e1e0117190b2,Will Mexico vs. Ecuador end in a draw?,Yes,296416.6712,0.3588,0.0
2026-07-24T04:07+00:00,0x095fbca2e0eaf0c9841005135427e1e0117190b2,Switzerland vs. Algeria: O/U 2.5,Over,248251.5888,0.4331,0.0
2026-07-24T04:07+00:00,0x095fbca2e0eaf0c9841005135427e1e0117190b2,Australia vs. Egypt: Team to Advance,Australia,373561.8776,0.4172,0.0
2026-07-24T04:07+00:00,0x095fbca2e0eaf0c9841005135427e1e0117190b2,Argentina vs. Egypt: O/U 2.5,Under,1205478.361,0.4672,0.0
2026-07-24T04:07+00:00,0x095fbca2e0eaf0c9841005135427e1e0117190b2,France vs. Morocco: O/U 2.5,Over,10298704.1946,0.4994,0.0
2026-07-24T04:07+00:00,0x7c1ee865a785de4c00ee90ed86a38489fb8bbab3,Will Senegal win on 2026-07-01?,Yes,255769.7674,0.23,0.0
2026-07-24T04:07+00:00,0x7c1ee865a785de4c00ee90ed86a38489fb8bbab3,Will Jordan win on 2026-06-17?,Yes,238171.6803,0.109,0.0
2026-07-24T04:07+00:00,0x7c1ee865a785de4c00ee90ed86a38489fb8bbab3,Spread: Spain (-1.5),Spain,399999.2811,0.27,0.0
2026-07-24T04:07+00:00,0x7c1ee865a785de4c00ee90ed86a38489fb8bbab3,Spread: England (-1.5),England,445000.0,0.4961,0.0
2026-07-24T04:07+00:00,0x7c1ee865a785de4c00ee90ed86a38489fb8bbab3,Will France win on 2026-06-16?,No,379998.5663,0.3826,0.0
2026-07-24T04:07+00:00,0x7c1ee865a785de4c00ee90ed86a38489fb8bbab3,Will Austria win on 2026-06-17?,No,100000.0,0.3,0.0
2026-07-24T04:07+00:00,0x7c1ee865a785de4c00ee90ed86a38489fb8bbab3,Spread: Colombia (-2.5),Colombia,159999.9024,0.17,0.0
2026-07-24T04:07+00:00,0x7c1ee865a785de4c00ee90ed86a38489fb8bbab3,Will Ghana win on 2026-07-03?,Yes,100000.0,0.11,0.0
2026-07-24T04:07+00:00,0x7c1ee865a785de4c00ee90ed86a38489fb8bbab3,Will Brazil win on 2026-07-05?,Yes,650000.0,0.55,0.0
2026-07-24T04:07+00:00,0x7c1ee865a785de4c00ee90ed86a38489fb8bbab3,Spain vs. Belgium: O/U 2.5,Under,289627.9563,0.4539,0.0
2026-07-24T04:07+00:00,0x7c1ee865a785de4c00ee90ed86a38489fb8bbab3,Mexico leading at halftime?,Yes,99999.203,0.25,0.0
2026-07-24T04:07+00:00,0x7c1ee865a785de4c00ee90ed86a38489fb8bbab3,Will IR Iran win on 2026-06-21?,Yes,219999.3079,0.12,0.0
2026-07-24T04:07+00:00,0x7c1ee865a785de4c00ee90ed86a38489fb8bbab3,Will France win the 2026 FIFA World Cup?,Yes,6.1728,0.1619,0.0
2026-07-24T04:07+00:00,0x7c1ee865a785de4c00ee90ed86a38489fb8bbab3,Spread: France (-1.5),Senegal,99999.2261,0.59,0.0
2026-07-24T04:07+00:00,0x7c1ee865a785de4c00ee90ed86a38489fb8bbab3,Will Saudi Arabia win on 2026-06-15?,Yes,804.1175,0.42,0.0
2026-07-24T04:07+00:00,0x7c1ee865a785de4c00ee90ed86a38489fb8bbab3,Will Egypt win on 2026-06-21?,No,140000.0,0.3857,0.0
2026-07-24T04:07+00:00,0x7c1ee865a785de4c00ee90ed86a38489fb8bbab3,France vs. Spain: Team to Advance,France,90000.0,0.5586,0.0
2026-07-24T04:07+00:00,0x7c1ee865a785de4c00ee90ed86a38489fb8bbab3,Colombia leading at halftime?,Yes,41994.28,0.47,0.0
2026-07-24T04:07+00:00,0x7c1ee865a785de4c00ee90ed86a38489fb8bbab3,Will Belgium win on 2026-07-10?,Yes,49999.9494,0.17,0.0
2026-07-24T04:07+00:00,0x7c1ee865a785de4c00ee90ed86a38489fb8bbab3,Will Saudi Arabia win on 2026-06-26?,Yes,200000.0,0.41,0.0
2026-07-24T04:07+00:00,0x7c1ee865a785de4c00ee90ed86a38489fb8bbab3,Will Uzbekistan win on 2026-06-27?,Yes,202739.4131,0.342,0.0
2026-07-24T04:07+00:00,0x7c1ee865a785de4c00ee90ed86a38489fb8bbab3,Will Argentina win the 2026 FIFA World Cup?,Yes,1019293.0834,0.411,0.0
2026-07-24T04:07+00:00,0x7c1ee865a785de4c00ee90ed86a38489fb8bbab3,Spread: France (-1.5),France,99999.843,0.1875,0.0
2026-07-24T04:07+00:00,0x7c1ee865a785de4c00ee90ed86a38489fb8bbab3,Panama vs. England: 1st Half O/U 1.5,Over,34619.9,0.5,0.0
2026-07-24T04:07+00:00,0x7c1ee865a785de4c00ee90ed86a38489fb8bbab3,Argentina leading at halftime?,No,17939.0315,0.61,0.0
2026-07-24T04:07+00:00,0x7c1ee865a785de4c00ee90ed86a38489fb8bbab3,Will Curaçao win on 2026-06-20?,Yes,100000.0,0.079,0.0
2026-07-24T04:07+00:00,0x7c1ee865a785de4c00ee90ed86a38489fb8bbab3,Belgium vs. Senegal: Team to Advance,Senegal,150000.0,0.4229,0.0
2026-07-24T04:07+00:00,0x7c1ee865a785de4c00ee90ed86a38489fb8bbab3,Will Argentina win on 2026-06-16?,No,90000.0,0.37,0.0
2026-07-24T04:07+00:00,0x7c1ee865a785de4c00ee90ed86a38489fb8bbab3,Will France win on 2026-07-14?,Yes,149999.908,0.4025,0.0
2026-07-24T04:07+00:00,0x7c1ee865a785de4c00ee90ed86a38489fb8bbab3,Croatia vs. Ghana: O/U 1.5,Under,119999.6977,0.33,0.0
2026-07-24T04:07+00:00,0x7c1ee865a785de4c00ee90ed86a38489fb8bbab3,Will Ghana win on 2026-06-17?,No,200000.0,0.61,0.0
2026-07-24T04:07+00:00,0x7c1ee865a785de4c00ee90ed86a38489fb8bbab3,Spread: Argentina (-1.5),Argentina,103486.3298,0.045,0.0
2026-07-24T04:07+00:00,0x7c1ee865a785de4c00ee90ed86a38489fb8bbab3,Mexico vs. England: Team to Advance,Mexico,679999.3576,0.4826,0.0
2026-07-24T04:07+00:00,0x7c1ee865a785de4c00ee90ed86a38489fb8bbab3,Will England win on 2026-07-05?,No,100000.0,0.63,0.0
2026-07-24T04:07+00:00,0x7c1ee865a785de4c00ee90ed86a38489fb8bbab3,England vs. Ghana: O/U 3.5,Over,134999.5357,0.41,0.0
2026-07-24T04:07+00:00,0x7c1ee865a785de4c00ee90ed86a38489fb8bbab3,Iraq vs. Norway: O/U 2.5,Under,299999.4831,0.4,0.0
2026-07-24T04:07+00:00,0x7c1ee865a785de4c00ee90ed86a38489fb8bbab3,Will Algeria win on 2026-06-22?,No,65000.0,0.35,0.0
2026-07-24T04:07+00:00,0x7c1ee865a785de4c00ee90ed86a38489fb8bbab3,Panama vs. England: O/U 3.5,Over,190799.2326,0.4721,0.0
2026-07-24T04:07+00:00,0x7c1ee865a785de4c00ee90ed86a38489fb8bbab3,Will New Zealand win on 2026-06-21?,Yes,125000.0,0.16,0.0
2026-07-24T04:07+00:00,0x7c1ee865a785de4c00ee90ed86a38489fb8bbab3,Spread: Brazil (-3.5),Brazil,99999.7592,0.31,0.0
2026-07-24T04:07+00:00,0x7c1ee865a785de4c00ee90ed86a38489fb8bbab3,Will Côte d'Ivoire win on 2026-06-20?,Yes,40000.0,0.14,0.0
2026-07-24T04:07+00:00,0x7c1ee865a785de4c00ee90ed86a38489fb8bbab3,Brazil leading at halftime?,Yes,169999.9966,0.4,0.0
2026-07-24T04:07+00:00,0x7c1ee865a785de4c00ee90ed86a38489fb8bbab3,Spread: Uruguay (-1.5),Uruguay,220000.0,0.4345,0.0
2026-07-24T04:07+00:00,0x7c1ee865a785de4c00ee90ed86a38489fb8bbab3,Spread: France (-2.5),Sweden,197064.5898,0.6835,0.0
2026-07-24T04:07+00:00,0x7c1ee865a785de4c00ee90ed86a38489fb8bbab3,Spread: Brazil (-1.5),Brazil,199999.8613,0.305,0.0
2026-07-24T04:07+00:00,0x7c1ee865a785de4c00ee90ed86a38489fb8bbab3,Colombia vs. Portugal: O/U 3.5,Over,70000.0,0.34,0.0
2026-07-24T04:07+00:00,0x7c1ee865a785de4c00ee90ed86a38489fb8bbab3,Brazil vs. Norway: 1st Half O/U 1.5,Over,37680.6657,0.33,0.0
2026-07-24T04:07+00:00,0x7c1ee865a785de4c00ee90ed86a38489fb8bbab3,Spain leading at halftime?,Yes,119999.1372,0.33,0.0
2026-07-24T04:07+00:00,0x7c1ee865a785de4c00ee90ed86a38489fb8bbab3,Czechia vs. Mexico: O/U 3.5,Over,85323.6847,0.24,0.0
2026-07-24T04:07+00:00,0x7c1ee865a785de4c00ee90ed86a38489fb8bbab3,Colombia vs. Portugal: O/U 2.5,Over,200000.0,0.56,0.0
2026-07-24T04:07+00:00,0xd1c537b2a7cba8d365e111bffb9de7b205e2cbd0,Will France win on 2026-06-16?,No,1999993.6728,0.34,0.0
2026-07-24T04:07+00:00,0xd1c537b2a7cba8d365e111bffb9de7b205e2cbd0,Spread: France (-1.5),Senegal,521578.215,0.6,0.0
2026-07-24T04:07+00:00,0xd1c537b2a7cba8d365e111bffb9de7b205e2cbd0,Will Sweden win on 2026-06-14?,No,955803.1774,0.49,0.0
2026-07-24T04:07+00:00,0xd1c537b2a7cba8d365e111bffb9de7b205e2cbd0,Will Germany vs. Curaçao end in a draw?,Yes,317194.4922,0.0404,0.0
2026-07-24T04:07+00:00,0xd1c537b2a7cba8d365e111bffb9de7b205e2cbd0,Will Brentford FC win on 2026-05-17?,Yes,106971.5222,0.5579,0.0
2026-07-24T04:07+00:00,0xd1c537b2a7cba8d365e111bffb9de7b205e2cbd0,Will Côte d'Ivoire vs. Ecuador end in a draw?,Yes,316557.26,0.3375,0.0
2026-07-24T04:07+00:00,0xd1c537b2a7cba8d365e111bffb9de7b205e2cbd0,Will Fulham FC win on 2026-05-17?,Yes,941664.4433,0.5146,0.0
2026-07-24T04:07+00:00,0xd1c537b2a7cba8d365e111bffb9de7b205e2cbd0,Will Australia be the Jury Winner in the Eurovision 2026 Gra,Yes,28.8571,0.3465,0.0
2026-07-24T04:07+00:00,0xd1c537b2a7cba8d365e111bffb9de7b205e2cbd0,Will Girona FC win on 2026-05-23?,Yes,273479.2804,0.5492,0.0
2026-07-24T04:07+00:00,0xd1c537b2a7cba8d365e111bffb9de7b205e2cbd0,Will England win on 2026-06-23?,Yes,2954437.3592,0.6128,0.0
2026-07-24T04:07+00:00,0xd1c537b2a7cba8d365e111bffb9de7b205e2cbd0,Spread: Norway (-2.5),Iraq,562393.96,0.6854,0.0
2026-07-24T04:07+00:00,0xd1c537b2a7cba8d365e111bffb9de7b205e2cbd0,Will FC Internazionale Milano win on 2026-05-24?,Yes,1146031.4861,0.4789,0.0
2026-07-24T04:07+00:00,0xd1c537b2a7cba8d365e111bffb9de7b205e2cbd0,Will Senegal win on 2026-06-16?,Yes,803076.1869,0.13,0.0
2026-07-24T04:07+00:00,0xd1c537b2a7cba8d365e111bffb9de7b205e2cbd0,Will Atalanta BC win on 2026-05-17?,Yes,229061.7427,0.56,0.0
2026-07-24T04:07+00:00,0xd1c537b2a7cba8d365e111bffb9de7b205e2cbd0,Will Chelsea FC win on 2026-05-19?,No,1825925.6994,0.5777,0.0
2026-07-24T04:07+00:00,0xd1c537b2a7cba8d365e111bffb9de7b205e2cbd0,United States vs. Belgium: O/U 2.5,Under,1042866.143,0.4441,0.0
2026-07-24T04:07+00:00,0xd1c537b2a7cba8d365e111bffb9de7b205e2cbd0,Will Greece win Eurovision 2026?,Yes,88.8888,0.1349,0.0
2026-07-24T04:07+00:00,0xd1c537b2a7cba8d365e111bffb9de7b205e2cbd0,United States vs. Belgium: O/U 3.5,Under,24452.7425,0.68,0.0
2026-07-24T04:07+00:00,0xd1c537b2a7cba8d365e111bffb9de7b205e2cbd0,Will Spain win on 2026-07-10?,No,974686.7561,0.4421,0.0
2026-07-24T04:07+00:00,0xd1c537b2a7cba8d365e111bffb9de7b205e2cbd0,Spread: Argentina (-1.5),Algeria,1009181.2962,0.6237,0.0
2026-07-24T04:07+00:00,0x076daa87c4fe1a85402a9b6b8e0a866224388d4c,Will Houston Dash win on 2026-07-24?,Yes,15743.6963,0.3119,0.365
2026-07-24T04:07+00:00,0x076daa87c4fe1a85402a9b6b8e0a866224388d4c,Will Kansas City Current win on 2026-07-25?,Yes,7486.9127,0.3794,0.43
2026-07-24T04:07+00:00,0x076daa87c4fe1a85402a9b6b8e0a866224388d4c,Will Orlando Pride win on 2026-07-24?,Yes,3866.3576,0.6076,0.645
2026-07-24T04:07+00:00,0x076daa87c4fe1a85402a9b6b8e0a866224388d4c,Bloomfield Hills: Michael Zheng vs Adam Walton,Michael Zheng,2714.2525,0.5126,0.515
2026-07-24T04:07+00:00,0x076daa87c4fe1a85402a9b6b8e0a866224388d4c,América FC vs. Goiás EC: O/U 2.5,Under,1671.0563,0.5269,0.675
2026-07-24T04:07+00:00,0x076daa87c4fe1a85402a9b6b8e0a866224388d4c,CF Montréal vs. Inter Miami CF: O/U 3.5,Over,2256.0652,0.4599,0.465
2026-07-24T04:07+00:00,0x076daa87c4fe1a85402a9b6b8e0a866224388d4c,Will CS Huancayo win on 2026-07-25?,Yes,1683.5087,0.5664,0.585
2026-07-24T04:07+00:00,0x076daa87c4fe1a85402a9b6b8e0a866224388d4c,Yunnan Yukun FC vs. Shenzhen Xinpengcheng FC: O/U 5.5,Under,1126.0689,0.8699,0.86
2026-07-24T04:07+00:00,0x076daa87c4fe1a85402a9b6b8e0a866224388d4c,Will Club Alianza Atlético win on 2026-07-24?,Yes,1521.3725,0.5099,0.545
2026-07-24T04:07+00:00,0x076daa87c4fe1a85402a9b6b8e0a866224388d4c,Will CS Cienciano win on 2026-07-25?,No,1006.8046,0.5405,0.65
2026-07-24T04:07+00:00,0x076daa87c4fe1a85402a9b6b8e0a866224388d4c,Spread: Independiente Santa Fe (-1.5),Independiente Santa Fe,597.0,0.42,0.9995
2026-07-24T04:07+00:00,0x076daa87c4fe1a85402a9b6b8e0a866224388d4c,DSV TGI Gold Leoben vs. ASK Voitsberg: O/U 4.5,Over,901.7265,0.4895,0.555
2026-07-24T04:07+00:00,0x076daa87c4fe1a85402a9b6b8e0a866224388d4c,Spread: FCM Traiskirchen (-1.5),FCM Traiskirchen,871.5999,0.5393,0.5699
2026-07-24T04:07+00:00,0x076daa87c4fe1a85402a9b6b8e0a866224388d4c,Will Shanghai Shenhua FC vs. Beijing Guoan FC end in a draw?,No,586.5714,0.7699,0.825
2026-07-24T04:07+00:00,0x076daa87c4fe1a85402a9b6b8e0a866224388d4c,Will Djurgardens IF win on 2026-07-25?,No,805.0,0.46,0.455
2026-07-24T04:07+00:00,0x076daa87c4fe1a85402a9b6b8e0a866224388d4c,Tampere: Gauthier Onclin vs Tom Gentzsch,Tom Gentzsch,615.6909,0.5499,0.545
2026-07-24T04:07+00:00,0x076daa87c4fe1a85402a9b6b8e0a866224388d4c,Will Djurgardens IF win on 2026-07-25?,Yes,568.75,0.56,0.545
2026-07-24T04:07+00:00,0x076daa87c4fe1a85402a9b6b8e0a866224388d4c,Spread: Viking FK (-1.5),Aalesunds FK,475.0,0.58,0.59
2026-07-24T04:07+00:00,0x076daa87c4fe1a85402a9b6b8e0a866224388d4c,Set Handicap: Sobolieva (-1.5) vs Siskova (+1.5),Siskova,414.261,0.6319,0.625
2026-07-24T04:07+00:00,0x076daa87c4fe1a85402a9b6b8e0a866224388d4c,CF Montréal vs. Inter Miami CF: O/U 3.5,Under,428.7736,0.5498,0.535
2026-07-24T04:07+00:00,0x076daa87c4fe1a85402a9b6b8e0a866224388d4c,Will Inter Miami CF win on 2026-07-25?,No,390.3618,0.5597,0.535
2026-07-24T04:07+00:00,0x076daa87c4fe1a85402a9b6b8e0a866224388d4c,SV Sparkasse Leobendorf vs. SC Rheindorf Altach: SV Sparkass,Over,381.1352,0.5204,0.535
2026-07-24T04:07+00:00,0x076daa87c4fe1a85402a9b6b8e0a866224388d4c,Segovia: Paul Inchauspe vs Keegan Smith,Keegan Smith,225.7213,0.6082,0.655
2026-07-24T04:07+00:00,0x076daa87c4fe1a85402a9b6b8e0a866224388d4c,Will FK Bodø/Glimt win on 2026-07-26?,Yes,198.232,0.6981,0.705
2026-07-24T04:07+00:00,0x076daa87c4fe1a85402a9b6b8e0a866224388d4c,Will Kansas City Current win on 2026-07-25?,No,212.589,0.5798,0.5699
2026-07-24T04:07+00:00,0x076daa87c4fe1a85402a9b6b8e0a866224388d4c,Zug: Philip Henning vs Thiago Seyboth Wild,Thiago Seyboth Wild,181.6268,0.6699,0.665
2026-07-24T04:07+00:00,0x076daa87c4fe1a85402a9b6b8e0a866224388d4c,ITF Amstetten: Anna Siskova vs Anastasiya Sobolieva,Anastasiya Sobolieva,184.0653,0.6292,0.605
2026-07-24T04:07+00:00,0x076daa87c4fe1a85402a9b6b8e0a866224388d4c,Valorant: Sentinels vs LOUD (BO3) - VCT Americas Stage 2 Gro,Sentinels,198.2142,0.5599,0.56
2026-07-24T04:07+00:00,0x076daa87c4fe1a85402a9b6b8e0a866224388d4c,Will FC Baník Ostrava win on 2026-07-25?,Yes,237.2,0.4,0.445
2026-07-24T04:07+00:00,0x076daa87c4fe1a85402a9b6b8e0a866224388d4c,Will Orgryte IS win on 2026-07-24?,No,104.4235,0.8499,0.835
2026-07-24T04:07+00:00,0x076daa87c4fe1a85402a9b6b8e0a866224388d4c,Spread: SV Oberbank Ried (-2.5),Mohren FC Dornbirn 1913,150.6727,0.5499,0.545
2026-07-24T04:07+00:00,0x076daa87c4fe1a85402a9b6b8e0a866224388d4c,Will Vancouver Whitecaps FC win on 2026-07-16?,Yes,272.6923,0.3899,0.3
2026-07-24T04:07+00:00,0x076daa87c4fe1a85402a9b6b8e0a866224388d4c,Will Vålerenga Fotball win on 2026-07-26?,No,90.0,0.7888,0.77
2026-07-24T04:07+00:00,0x076daa87c4fe1a85402a9b6b8e0a866224388d4c,Spread: FCM Traiskirchen (-1.5),SVG Bleiburg,158.26,0.5,0.43
2026-07-24T04:07+00:00,0x076daa87c4fe1a85402a9b6b8e0a866224388d4c,PortlandFire vs. Las Vegas Aces,Las Vegas Aces,67.1046,0.86,0.855
2026-07-24T04:07+00:00,0x076daa87c4fe1a85402a9b6b8e0a866224388d4c,Will Club Tijuana win on 2026-07-24?,No,106.8235,0.5099,0.515
2026-07-24T04:07+00:00,0x076daa87c4fe1a85402a9b6b8e0a866224388d4c,Spread: FK Bodø/Glimt (-1.5),FK Bodø/Glimt,109.8308,0.4845,0.48
2026-07-24T04:07+00:00,0x076daa87c4fe1a85402a9b6b8e0a866224388d4c,Mohren FC Dornbirn 1913 vs. SV Oberbank Ried: O/U 3.5,Under,102.0,0.51,0.49
2026-07-24T04:07+00:00,0x076daa87c4fe1a85402a9b6b8e0a866224388d4c,Will Molde FK win on 2026-07-26?,No,88.6181,0.55,0.555
2026-07-24T04:07+00:00,0x076daa87c4fe1a85402a9b6b8e0a866224388d4c,Will Nashville SC win on 2026-07-25?,No,88.3849,0.5264,0.545
2026-07-24T04:07+00:00,0x076daa87c4fe1a85402a9b6b8e0a866224388d4c,FCM Traiskirchen vs. SVG Bleiburg: O/U 3.5,Over,115.8521,0.4703,0.415
2026-07-24T04:07+00:00,0x076daa87c4fe1a85402a9b6b8e0a866224388d4c,Will Botafogo FC win on 2026-07-23?,Yes,46.2432,0.3699,0.9995
2026-07-24T04:07+00:00,0x076daa87c4fe1a85402a9b6b8e0a866224388d4c,Will ATuS Velden win on 2026-07-24?,Yes,80.0,0.5,0.465
2026-07-24T04:07+00:00,0x076daa87c4fe1a85402a9b6b8e0a866224388d4c,Hamburg European Open: Tamara Korpatsch vs Anhelina Kalinina,Tamara Korpatsch,156.6956,0.2299,0.235
2026-07-24T04:07+00:00,0x076daa87c4fe1a85402a9b6b8e0a866224388d4c,Will Bay FC win on 2026-07-24?,No,58.7083,0.4799,0.62
2026-07-24T04:07+00:00,0x076daa87c4fe1a85402a9b6b8e0a866224388d4c,IK Sirius vs. IFK Goteborg: IK Sirius O/U 1.5,Over,48.9859,0.7099,0.6949
2026-07-24T04:07+00:00,0x076daa87c4fe1a85402a9b6b8e0a866224388d4c,Estoril Open: Tiago Torres vs Hugo Gaston,Tiago Torres,87.23,0.25,0.295
2026-07-24T04:07+00:00,0x076daa87c4fe1a85402a9b6b8e0a866224388d4c,Segovia: Matteo Martineau vs Yanki Erel,Yanki Erel,42.2678,0.5611,0.585
2026-07-24T04:07+00:00,0x076daa87c4fe1a85402a9b6b8e0a866224388d4c,Will IF Elfsborg win on 2026-07-26?,No,32.2467,0.7668,0.765
2026-07-24T04:07+00:00,0x076daa87c4fe1a85402a9b6b8e0a866224388d4c,Map Handicap: PR (-1.5) vs DetonatioN FocusMe (+1.5),DetonatioN FocusMe,56.3783,0.3714,0.415
2026-07-24T05:04+00:00,0x204f72f35326db932158cba6adff0b9a1da95e14,CS Herediano vs. Puntarenas FC: O/U 4.5,Under,26242.2308,0.9184,0.9995
2026-07-24T05:04+00:00,0x204f72f35326db932158cba6adff0b9a1da95e14,CS Herediano vs. Puntarenas FC: O/U 2.5,Under,7988.1039,0.5269,0.9995
2026-07-24T05:04+00:00,0x204f72f35326db932158cba6adff0b9a1da95e14,CS Herediano vs. Puntarenas FC: O/U 3.5,Under,7965.8913,0.8274,0.9995
2026-07-24T05:04+00:00,0x204f72f35326db932158cba6adff0b9a1da95e14,Will CS Herediano win on 2026-07-23?,No,5879.4218,0.5137,0.9995
2026-07-24T05:04+00:00,0x204f72f35326db932158cba6adff0b9a1da95e14,Will Puntarenas FC win on 2026-07-23?,No,3404.3906,0.8262,0.9995
2026-07-24T05:04+00:00,0x204f72f35326db932158cba6adff0b9a1da95e14,Will CS Herediano vs. Puntarenas FC end in a draw?,Yes,2874.3914,0.3946,0.9995
2026-07-24T05:04+00:00,0x204f72f35326db932158cba6adff0b9a1da95e14,Exact Score: Chicago Fire FC 0 - 2 Vancouver Whitecaps FC?,No,3761.8945,0.95,0.7495
2026-07-24T05:04+00:00,0x204f72f35326db932158cba6adff0b9a1da95e14,CA Huracán vs. CA Banfield: O/U 5.5,Under,2035.0,0.9719,0.9855
2026-07-24T05:04+00:00,0x204f72f35326db932158cba6adff0b9a1da95e14,Exact Score: Chicago Fire FC 1 - 2 Vancouver Whitecaps FC?,No,1982.2736,0.9087,0.84
2026-07-24T05:04+00:00,0x204f72f35326db932158cba6adff0b9a1da95e14,Will Vancouver Whitecaps FC win on 2026-07-16?,Yes,6361.3527,0.3858,0.26
2026-07-24T05:04+00:00,0x204f72f35326db932158cba6adff0b9a1da95e14,Atlanta Braves vs. Chicago White Sox: O/U 5.5,Over,1709.0,0.78,0.725
2026-07-24T05:04+00:00,0x204f72f35326db932158cba6adff0b9a1da95e14,Spread: Cleveland Guardians (-1.5),Cleveland Guardians,2855.0606,0.3426,0.425
2026-07-24T05:04+00:00,0x204f72f35326db932158cba6adff0b9a1da95e14,Exact Score: Chicago Fire FC 3 - 2 Vancouver Whitecaps FC?,No,1228.8322,0.9583,0.754
2026-07-24T05:04+00:00,0x204f72f35326db932158cba6adff0b9a1da95e14,CS Herediano vs. Puntarenas FC: Draw at halftime?,Yes,883.2279,0.4853,0.9995
2026-07-24T05:04+00:00,0x204f72f35326db932158cba6adff0b9a1da95e14,CS Herediano leading at halftime?,No,847.617,0.7188,0.9995
2026-07-24T05:04+00:00,0x204f72f35326db932158cba6adff0b9a1da95e14,Detroit Tigers vs. Cleveland Guardians: O/U 4.5,Over,970.0,0.81,0.836
2026-07-24T05:04+00:00,0x204f72f35326db932158cba6adff0b9a1da95e14,Exact Score: Chicago Fire FC 3 - 3 Vancouver Whitecaps FC?,No,961.581,0.9739,0.75
2026-07-24T05:04+00:00,0x204f72f35326db932158cba6adff0b9a1da95e14,CS Herediano vs. Puntarenas FC: CS Herediano O/U 2.5,Under,679.7415,0.8064,0.9945
2026-07-24T05:04+00:00,0x204f72f35326db932158cba6adff0b9a1da95e14,KBO: Hanwha Eagles vs. LG Twins,LG Twins,777.1246,0.507,0.7795
2026-07-24T05:04+00:00,0x204f72f35326db932158cba6adff0b9a1da95e14,CS Herediano vs. Puntarenas FC: O/U 1.5,Over,603.6616,0.6945,0.9995
2026-07-24T05:04+00:00,0x204f72f35326db932158cba6adff0b9a1da95e14,Vasteraas SK vs. Orgryte IS: Both Teams to Score,Yes,1015.9423,0.5736,0.585
2026-07-24T05:04+00:00,0x204f72f35326db932158cba6adff0b9a1da95e14,Livesport Prague Open: Marie Bouzkova vs Tereza Valentova,Marie Bouzkova,943.9705,0.62,0.625
2026-07-24T05:04+00:00,0x204f72f35326db932158cba6adff0b9a1da95e14,CS Herediano vs. Puntarenas FC: CS Herediano O/U 1.5,Under,580.0254,0.4802,0.9945
2026-07-24T05:04+00:00,0x204f72f35326db932158cba6adff0b9a1da95e14,Exact Score: Chicago Fire FC 0 - 0 Vancouver Whitecaps FC?,No,733.6003,0.9609,0.7544
2026-07-24T05:04+00:00,0x204f72f35326db932158cba6adff0b9a1da95e14,Chicago Fire FC vs. Vancouver Whitecaps FC: O/U 2.5,Under,905.9905,0.3399,0.575
2026-07-24T05:04+00:00,0x204f72f35326db932158cba6adff0b9a1da95e14,Exact Score: Chicago Fire FC 1 - 1 Vancouver Whitecaps FC?,No,656.25,0.88,0.785
2026-07-24T05:04+00:00,0x204f72f35326db932158cba6adff0b9a1da95e14,Exact Score: Chicago Fire FC 0 - 3 Vancouver Whitecaps FC?,No,648.7009,0.9699,0.7534
2026-07-24T05:04+00:00,0x204f72f35326db932158cba6adff0b9a1da95e14,Exact Score: Chicago Fire FC 1 - 3 Vancouver Whitecaps FC?,No,645.7179,0.9467,0.7495
2026-07-24T05:04+00:00,0x204f72f35326db932158cba6adff0b9a1da95e14,Shanghai Haigang FC vs. Dalian Yingbo FC: O/U 1.5,Over,664.8192,0.8281,0.715
2026-07-24T05:04+00:00,0x204f72f35326db932158cba6adff0b9a1da95e14,Tampere: Maks Kasnikowski vs Hynek Barton,Hynek Barton,925.0,0.5,0.495
2026-07-24T05:04+00:00,0x204f72f35326db932158cba6adff0b9a1da95e14,Exact Score: Chicago Fire FC 2 - 2 Vancouver Whitecaps FC?,No,627.0,0.91,0.71
2026-07-24T05:04+00:00,0x204f72f35326db932158cba6adff0b9a1da95e14,Spread: Associação Chapecoense de Futebol (-2.5),Santos FC,433.959,0.9883,0.991
2026-07-24T05:04+00:00,0x204f72f35326db932158cba6adff0b9a1da95e14,KBO: KT Wiz vs. Samsung Lions,KT Wiz,717.9316,0.53,0.5985
2026-07-24T05:04+00:00,0x204f72f35326db932158cba6adff0b9a1da95e14,Toronto Blue Jays vs. Chicago Cubs: O/U 4.5,Over,510.0,0.7681,0.82
2026-07-24T05:04+00:00,0x204f72f35326db932158cba6adff0b9a1da95e14,Detroit Tigers vs. Cleveland Guardians: O/U 10.5,Under,565.0128,0.775,0.74
2026-07-24T05:04+00:00,0x204f72f35326db932158cba6adff0b9a1da95e14,Will Vancouver Whitecaps FC win on 2026-07-16?,No,528.1,0.5848,0.74
2026-07-24T05:04+00:00,0x204f72f35326db932158cba6adff0b9a1da95e14,Spread: CA San Lorenzo de Almagro (-2.5),CA Lanús,370.6389,0.977,0.984
2026-07-24T05:04+00:00,0x204f72f35326db932158cba6adff0b9a1da95e14,Shanghai Haigang FC vs. Dalian Yingbo FC: Dalian Yingbo FC O,Over,881.7223,0.7397,0.4
2026-07-24T05:04+00:00,0x204f72f35326db932158cba6adff0b9a1da95e14,Chicago Fire FC vs. Vancouver Whitecaps FC: O/U 2.5,Over,800.2572,0.6595,0.425
2026-07-24T05:04+00:00,0x204f72f35326db932158cba6adff0b9a1da95e14,KBO: NC Dinos vs. Kia Tigers,Kia Tigers,400.0,0.4841,0.7945
2026-07-24T05:04+00:00,0x204f72f35326db932158cba6adff0b9a1da95e14,Wuhan San Zhen FC vs. Henan FC: O/U 4.5,Under,423.6547,0.8399,0.75
2026-07-24T05:04+00:00,0x204f72f35326db932158cba6adff0b9a1da95e14,Chicago Fire FC vs. Vancouver Whitecaps FC: Both Teams to Sc,No,1030.0,0.32,0.305
2026-07-24T05:04+00:00,0x204f72f35326db932158cba6adff0b9a1da95e14,Vasteraas SK vs. Orgryte IS: Both Teams to Score,No,745.1449,0.4108,0.415
2026-07-24T05:04+00:00,0x204f72f35326db932158cba6adff0b9a1da95e14,Columbus Crew vs. FC Cincinnati: O/U 1.5,Over,345.77,0.8699,0.875
2026-07-24T05:04+00:00,0x204f72f35326db932158cba6adff0b9a1da95e14,Chicago Fire FC vs. Vancouver Whitecaps FC: Both Teams to Sc,Yes,388.5,0.68,0.6949
2026-07-24T05:04+00:00,0x204f72f35326db932158cba6adff0b9a1da95e14,Detroit Tigers vs. Cleveland Guardians,Detroit Tigers,446.2479,0.476,0.59
2026-07-24T05:04+00:00,0x204f72f35326db932158cba6adff0b9a1da95e14,Spread: CS Herediano (-1.5),Puntarenas FC,262.1906,0.665,0.9995
2026-07-24T05:04+00:00,0x204f72f35326db932158cba6adff0b9a1da95e14,CF Montréal vs. Inter Miami CF: O/U 3.5,Over,526.2173,0.4599,0.465
2026-07-24T05:04+00:00,0x204f72f35326db932158cba6adff0b9a1da95e14,Spread: Cleveland Guardians (-1.5),Detroit Tigers,417.0593,0.6698,0.575
2026-07-24T05:04+00:00,0x204f72f35326db932158cba6adff0b9a1da95e14,Shanghai Haigang FC vs. Dalian Yingbo FC: O/U 2.5,Over,597.6229,0.6056,0.385
2026-07-24T05:04+00:00,0x09b428f7c2b469786286214aa5c90dd9015f7320,Lionel Messi: 1+ goals,Yes,440000.0,0.5148,0.0
2026-07-24T05:04+00:00,0x09b428f7c2b469786286214aa5c90dd9015f7320,Will England win on 2026-07-11?,Yes,2251963.1237,0.5086,0.0
2026-07-24T05:04+00:00,0x476e1322d1a412fa0325527b8c3bc5e707b1396d,Will England win the 2026 FIFA World Cup?,Yes,23290.29,0.16,0.0
2026-07-24T05:04+00:00,0xe549581668a5751c1972d3ad2d1991d900bd2d54,Will Japan win on 2026-06-25?,Yes,346952.06,0.4796,0.0
2026-07-24T05:04+00:00,0xe549581668a5751c1972d3ad2d1991d900bd2d54,Will Canada vs. Morocco end in a draw?,Yes,299999.8432,0.28,0.0
2026-07-24T05:04+00:00,0xe549581668a5751c1972d3ad2d1991d900bd2d54,Will Brazil vs. Japan end in a draw?,Yes,196973.6765,0.25,0.0
2026-07-24T05:04+00:00,0xe549581668a5751c1972d3ad2d1991d900bd2d54,Will Croatia win the 2026 FIFA World Cup?,Yes,599999.6708,0.009,0.0
2026-07-24T05:04+00:00,0xe549581668a5751c1972d3ad2d1991d900bd2d54,Will France win the 2026 FIFA World Cup?,Yes,410677.9183,0.1756,0.0
2026-07-24T05:04+00:00,0xe549581668a5751c1972d3ad2d1991d900bd2d54,Côte d'Ivoire vs. Ecuador: O/U 1.5,Over,185680.7912,0.59,0.0
2026-07-24T05:04+00:00,0xe549581668a5751c1972d3ad2d1991d900bd2d54,France vs. Spain: Team to Advance,France,300000.0,0.5625,0.0
2026-07-24T05:04+00:00,0xe549581668a5751c1972d3ad2d1991d900bd2d54,Will England win the 2026 FIFA World Cup?,Yes,574999.6893,0.1116,0.0
2026-07-24T05:04+00:00,0xe549581668a5751c1972d3ad2d1991d900bd2d54,Will Uruguay win on 2026-06-21?,Yes,215880.88,0.6,0.0
2026-07-24T05:04+00:00,0xe549581668a5751c1972d3ad2d1991d900bd2d54,Will Mexico vs. Ecuador end in a draw?,Yes,318815.7426,0.33,0.0
2026-07-24T05:04+00:00,0xe549581668a5751c1972d3ad2d1991d900bd2d54,Norway vs. France: O/U 5.5,Over,299999.3491,0.55,0.0
2026-07-24T05:04+00:00,0xe549581668a5751c1972d3ad2d1991d900bd2d54,Will United States vs. Australia end in a draw?,Yes,228496.6717,0.22,0.0
2026-07-24T05:04+00:00,0xe549581668a5751c1972d3ad2d1991d900bd2d54,Will Argentina win the 2026 FIFA World Cup?,Yes,784524.42,0.0859,0.0
2026-07-24T05:04+00:00,0xe549581668a5751c1972d3ad2d1991d900bd2d54,Spread: France (-1.5),France,299999.3599,0.19,0.0
2026-07-24T05:04+00:00,0xe549581668a5751c1972d3ad2d1991d900bd2d54,Will Brazil vs. Norway end in a draw?,Yes,699998.7668,0.26,0.0
2026-07-24T05:04+00:00,0xe549581668a5751c1972d3ad2d1991d900bd2d54,Will France vs. Spain end in a draw?,Yes,750000.0,0.3,0.0
2026-07-24T05:04+00:00,0xe549581668a5751c1972d3ad2d1991d900bd2d54,Spread: Austria (-1.5),Jordan,71705.139,0.5339,0.0
2026-07-24T05:04+00:00,0xe549581668a5751c1972d3ad2d1991d900bd2d54,Will Belgium win on 2026-07-06?,No,599997.8364,0.65,0.0
2026-07-24T05:04+00:00,0xe549581668a5751c1972d3ad2d1991d900bd2d54,Will England vs. Argentina end in a draw?,Yes,337253.5394,0.3338,0.0
2026-07-24T05:04+00:00,0xe549581668a5751c1972d3ad2d1991d900bd2d54,Will Ghana win on 2026-06-17?,No,29328.2265,0.56,0.0
2026-07-24T05:04+00:00,0xe549581668a5751c1972d3ad2d1991d900bd2d54,Will France win on 2026-07-18?,Yes,500000.0,0.52,0.0
2026-07-24T05:04+00:00,0xe549581668a5751c1972d3ad2d1991d900bd2d54,Will Brazil win the 2026 FIFA World Cup?,Yes,949999.7724,0.0724,0.0
2026-07-24T05:04+00:00,0xe549581668a5751c1972d3ad2d1991d900bd2d54,Will Argentina vs. Egypt end in a draw?,Yes,187071.545,0.2,0.0
2026-07-24T05:04+00:00,0xe549581668a5751c1972d3ad2d1991d900bd2d54,Will Belgium win the 2026 FIFA World Cup?,Yes,1308815.4238,0.0123,0.0
2026-07-24T05:04+00:00,0xe549581668a5751c1972d3ad2d1991d900bd2d54,Will Sweden win on 2026-06-14?,No,433383.7403,0.49,0.0
2026-07-24T05:04+00:00,0xe549581668a5751c1972d3ad2d1991d900bd2d54,Will Senegal win the 2026 FIFA World Cup?,Yes,1499999.7348,0.007,0.0
2026-07-24T05:04+00:00,0xe549581668a5751c1972d3ad2d1991d900bd2d54,Will Switzerland vs. Bosnia and Herzegovina end in a draw?,Yes,49537.242,0.33,0.0
2026-07-24T05:04+00:00,0xe549581668a5751c1972d3ad2d1991d900bd2d54,Sweden vs. Tunisia: O/U 2.5,Under,165698.6461,0.56,0.0
2026-07-24T05:04+00:00,0xe549581668a5751c1972d3ad2d1991d900bd2d54,South Africa vs. Korea Republic: O/U 2.5,Over,499998.7305,0.4692,0.0
2026-07-24T05:04+00:00,0xe549581668a5751c1972d3ad2d1991d900bd2d54,Will Czechia win on 2026-06-18?,Yes,555199.5032,0.548,0.0
2026-07-24T05:04+00:00,0xe549581668a5751c1972d3ad2d1991d900bd2d54,Spread: Korea Republic (-1.5),Korea Republic,399998.8931,0.32,0.0
2026-07-24T05:04+00:00,0xe549581668a5751c1972d3ad2d1991d900bd2d54,Brazil vs. Morocco: O/U 3.5,Over,199999.8173,0.54,0.0
2026-07-24T05:04+00:00,0xe549581668a5751c1972d3ad2d1991d900bd2d54,England vs. DR Congo: O/U 2.5,Under,34986.79,0.5,0.0
2026-07-24T05:04+00:00,0xe549581668a5751c1972d3ad2d1991d900bd2d54,Belgium vs. IR Iran: O/U 2.5,Over,599999.9725,0.53,0.0
2026-07-24T05:04+00:00,0xe549581668a5751c1972d3ad2d1991d900bd2d54,Will Ecuador win the 2026 FIFA World Cup?,Yes,1199999.7263,0.008,0.0
2026-07-24T05:04+00:00,0xe549581668a5751c1972d3ad2d1991d900bd2d54,Spread: Spain (-1.5),Spain,149999.8399,0.4,0.0
2026-07-24T05:04+00:00,0xe549581668a5751c1972d3ad2d1991d900bd2d54,Japan vs. Sweden: O/U 2.5,Over,677.7882,0.49,0.0
2026-07-24T05:04+00:00,0xe549581668a5751c1972d3ad2d1991d900bd2d54,Will England win on 2026-07-01?,No,88960.2,0.23,0.0
2026-07-24T05:04+00:00,0xe549581668a5751c1972d3ad2d1991d900bd2d54,Will Mexico vs. England end in a draw?,Yes,69566.4782,0.3,0.0
2026-07-24T05:04+00:00,0xe549581668a5751c1972d3ad2d1991d900bd2d54,Spread: Spain (-2.5),Spain,20784.62,0.5,0.0
2026-07-24T05:04+00:00,0xe549581668a5751c1972d3ad2d1991d900bd2d54,Spread: Portugal (-1.5),Uzbekistan,299999.4266,0.42,0.0
2026-07-24T05:04+00:00,0xe549581668a5751c1972d3ad2d1991d900bd2d54,Spread: Portugal (-2.5),Uzbekistan,499999.2669,0.6099,0.0
2026-07-24T05:04+00:00,0xe549581668a5751c1972d3ad2d1991d900bd2d54,Will Japan win on 2026-06-21?,No,400000.0,0.31,0.0
2026-07-24T05:04+00:00,0xe549581668a5751c1972d3ad2d1991d900bd2d54,Belgium vs. Egypt: O/U 2.5,Over,90479.4486,0.61,0.0
2026-07-24T05:04+00:00,0xe549581668a5751c1972d3ad2d1991d900bd2d54,Will France vs. Morocco end in a draw?,Yes,6119.7883,0.24,0.0
2026-07-24T05:04+00:00,0xe549581668a5751c1972d3ad2d1991d900bd2d54,Spread: France (-1.5),France,23743.208,0.58,0.0
2026-07-24T05:04+00:00,0xe549581668a5751c1972d3ad2d1991d900bd2d54,Germany vs. Paraguay: O/U 2.5,Over,183809.6049,0.56,0.0
2026-07-24T05:04+00:00,0xe549581668a5751c1972d3ad2d1991d900bd2d54,Will Korea Republic vs. Czechia end in a draw?,Yes,103554.9575,0.31,0.0
2026-07-24T05:04+00:00,0xe549581668a5751c1972d3ad2d1991d900bd2d54,Portugal vs. Uzbekistan: O/U 3.5,Under,549999.036,0.6018,0.0
2026-07-24T05:04+00:00,0xe549581668a5751c1972d3ad2d1991d900bd2d54,Will Portugal vs. Croatia end in a draw?,Yes,199999.4147,0.27,0.0
2026-07-24T05:04+00:00,0x83720820a8aa6c3f20ad71850e7a1a17d16c5223,Will Marco Rubio win the 2028 Republican presidential nomina,Yes,367407.7833,0.2198,0.2805
2026-07-24T05:04+00:00,0x83720820a8aa6c3f20ad71850e7a1a17d16c5223,Spread: Arsenal FC (-1.5),Arsenal FC,4214.9,0.53,0.0
2026-07-24T05:04+00:00,0x83720820a8aa6c3f20ad71850e7a1a17d16c5223,Paris Saint-Germain FC vs. Chelsea FC: O/U 2.5,Under,29702.1228,0.4099,0.0
2026-07-24T05:04+00:00,0x83720820a8aa6c3f20ad71850e7a1a17d16c5223,Manchester United FC vs. Crystal Palace FC: O/U 2.5,Under,76000.0,0.44,0.0
2026-07-24T05:04+00:00,0x83720820a8aa6c3f20ad71850e7a1a17d16c5223,Burnley FC vs. Manchester City FC: O/U 3.5,Over,1977.429,0.52,0.0
2026-07-24T05:04+00:00,0x83720820a8aa6c3f20ad71850e7a1a17d16c5223,Will Argentina win on 2026-07-15?,No,176142.1088,0.6825,0.0
2026-07-24T05:04+00:00,0x83720820a8aa6c3f20ad71850e7a1a17d16c5223,Will France win the 2026 FIFA World Cup?,Yes,694546.168,0.2953,0.0
2026-07-24T05:04+00:00,0x83720820a8aa6c3f20ad71850e7a1a17d16c5223,Spread: France (-1.5),Senegal,124999.5868,0.61,0.0
2026-07-24T05:04+00:00,0x83720820a8aa6c3f20ad71850e7a1a17d16c5223,Will Newcastle United FC win on 2026-03-22?,Yes,23919.4651,0.58,0.0
2026-07-24T05:04+00:00,0x83720820a8aa6c3f20ad71850e7a1a17d16c5223,Newcastle United FC vs. Everton FC: O/U 2.5,Under,15000.0,0.45,0.0
2026-07-24T05:04+00:00,0x83720820a8aa6c3f20ad71850e7a1a17d16c5223,Germany vs. Paraguay: Team to Advance,Germany,327000.0,0.87,0.0
2026-07-24T05:04+00:00,0x83720820a8aa6c3f20ad71850e7a1a17d16c5223,Spread: Brazil (-2.5),Haiti,177998.7547,0.49,0.0
2026-07-24T05:04+00:00,0x83720820a8aa6c3f20ad71850e7a1a17d16c5223,Spread: Liverpool FC (-1.5),Galatasaray SK,51909.6236,0.41,0.0
2026-07-24T05:04+00:00,0x83720820a8aa6c3f20ad71850e7a1a17d16c5223,Will England win the 2026 FIFA World Cup?,Yes,3462118.7361,0.1188,0.0
2026-07-24T05:04+00:00,0x83720820a8aa6c3f20ad71850e7a1a17d16c5223,Brighton & Hove Albion FC vs. Chelsea FC: O/U 2.5,Under,70564.1069,0.4159,0.0
2026-07-24T05:04+00:00,0x83720820a8aa6c3f20ad71850e7a1a17d16c5223,US x Iran ceasefire by March 15?,Yes,10458.0052,0.2466,0.0
2026-07-24T05:04+00:00,0x83720820a8aa6c3f20ad71850e7a1a17d16c5223,Kamala Harris wins the popular vote?,Yes,295.8933,0.5914,0.0
2026-07-24T05:04+00:00,0x83720820a8aa6c3f20ad71850e7a1a17d16c5223,Will Brazil win the 2026 FIFA World Cup?,Yes,1697935.2489,0.0622,0.0
2026-07-24T05:04+00:00,0x83720820a8aa6c3f20ad71850e7a1a17d16c5223,Portugal vs. Spain: Both Teams to Score,Yes,754199.5629,0.4134,0.0
2026-07-24T05:04+00:00,0x83720820a8aa6c3f20ad71850e7a1a17d16c5223,Will Paris Saint-Germain FC win on 2026-03-11?,No,90099.9998,0.5499,0.0
2026-07-24T05:04+00:00,0x83720820a8aa6c3f20ad71850e7a1a17d16c5223,Will Belgium win the 2026 FIFA World Cup?,Yes,2643707.0277,0.0127,0.0
2026-07-24T05:04+00:00,0x83720820a8aa6c3f20ad71850e7a1a17d16c5223,Spread: Newcastle United FC (-1.5),Qarabağ Ağdam FK,75308.0703,0.5309,0.0
2026-07-24T05:04+00:00,0x83720820a8aa6c3f20ad71850e7a1a17d16c5223,Will Liverpool FC win on 2026-03-21?,Yes,4789.7671,0.44,0.0
2026-07-24T05:04+00:00,0x83720820a8aa6c3f20ad71850e7a1a17d16c5223,Will Manchester City FC win on 2026-04-04?,No,53353.1117,0.45,0.0
2026-07-24T05:04+00:00,0x83720820a8aa6c3f20ad71850e7a1a17d16c5223,Tottenham Hotspur FC vs. Club Atlético de Madrid: O/U 3.5,Under,58113.3856,0.65,0.0
2026-07-24T05:04+00:00,0x83720820a8aa6c3f20ad71850e7a1a17d16c5223,Will Ecuador win the 2026 FIFA World Cup?,Yes,4699294.4233,0.0059,0.0
2026-07-24T05:04+00:00,0x83720820a8aa6c3f20ad71850e7a1a17d16c5223,Paris Saint-Germain FC vs. Chelsea FC: O/U 3.5,Under,105691.1588,0.6143,0.0
2026-07-24T05:04+00:00,0x83720820a8aa6c3f20ad71850e7a1a17d16c5223,Spain vs. Argentina: Both Teams to Score,Yes,1029999.0249,0.3694,0.0
2026-07-24T05:04+00:00,0x83720820a8aa6c3f20ad71850e7a1a17d16c5223,US x Iran ceasefire by March 6?,Yes,18499.9895,0.08,0.0
2026-07-24T05:04+00:00,0x83720820a8aa6c3f20ad71850e7a1a17d16c5223,Will Portugal win the 2026 FIFA World Cup?,Yes,59701.4925,0.0669,0.0
2026-07-24T05:04+00:00,0x83720820a8aa6c3f20ad71850e7a1a17d16c5223,Spread: Germany (-3.5),Curaçao,94998.7199,0.51,0.0
2026-07-24T05:04+00:00,0x83720820a8aa6c3f20ad71850e7a1a17d16c5223,France vs. Morocco: Both Teams to Score,Yes,558653.091,0.2792,0.0
2026-07-24T05:04+00:00,0x83720820a8aa6c3f20ad71850e7a1a17d16c5223,FK Bodø/Glimt vs. FC Internazionale Milano: O/U 3.5,Under,55245.9016,0.6099,0.0
2026-07-24T05:04+00:00,0x83720820a8aa6c3f20ad71850e7a1a17d16c5223,Tottenham Hotspur FC vs. Club Atlético de Madrid: O/U 2.5,Under,34801.6475,0.42,0.0
2026-07-24T05:04+00:00,0x83720820a8aa6c3f20ad71850e7a1a17d16c5223,Will Netherlands win the 2026 FIFA World Cup?,Yes,500000.0,0.04,0.0
2026-07-24T05:04+00:00,0x83720820a8aa6c3f20ad71850e7a1a17d16c5223,US x Iran ceasefire by March 31?,Yes,482.0166,0.46,0.0
2026-07-24T05:04+00:00,0x83720820a8aa6c3f20ad71850e7a1a17d16c5223,Will Switzerland win the 2026 FIFA World Cup?,Yes,5990714.6879,0.0084,0.0
2026-07-24T05:04+00:00,0x83720820a8aa6c3f20ad71850e7a1a17d16c5223,Will Ivan Cepeda Castro win the 2026 Colombian presidential ,Yes,30570.5387,0.2168,0.0
2026-07-24T05:04+00:00,0x83720820a8aa6c3f20ad71850e7a1a17d16c5223,France vs. Senegal: O/U 2.5,Under,174999.9295,0.4957,0.0
2026-07-24T05:04+00:00,0x83720820a8aa6c3f20ad71850e7a1a17d16c5223,Will Switzerland win on 2026-06-13?,Yes,215085.8895,0.8233,0.0
2026-07-24T05:04+00:00,0x83720820a8aa6c3f20ad71850e7a1a17d16c5223,West Ham United FC vs. Everton FC: O/U 2.5,Under,8738.4794,0.48,0.0
2026-07-24T05:04+00:00,0x83720820a8aa6c3f20ad71850e7a1a17d16c5223,"UFC 329: Paddy Pimblett vs. Benoît Saint Denis (Lightweight,",Benoît Saint Denis,321363.6257,0.5531,0.0
2026-07-24T05:04+00:00,0x83720820a8aa6c3f20ad71850e7a1a17d16c5223,Will FC Barcelona win on 2026-03-18?,No,118999.8677,0.37,0.0
2026-07-24T05:04+00:00,0x83720820a8aa6c3f20ad71850e7a1a17d16c5223,Will Morocco win the 2026 FIFA World Cup?,Yes,808271.9766,0.0207,0.0
2026-07-24T05:04+00:00,0x83720820a8aa6c3f20ad71850e7a1a17d16c5223,Will Manchester City FC win on 2026-02-28?,No,61000.0,0.42,0.0
2026-07-24T05:04+00:00,0x83720820a8aa6c3f20ad71850e7a1a17d16c5223,Newcastle United FC vs. Manchester City FC: O/U 3.5,Under,14000.0,0.6485,0.0
2026-07-24T05:04+00:00,0x83720820a8aa6c3f20ad71850e7a1a17d16c5223,Wolverhampton Wanderers FC vs. Liverpool FC: O/U 3.5,Under,115999.5192,0.6697,0.0
2026-07-24T05:04+00:00,0x83720820a8aa6c3f20ad71850e7a1a17d16c5223,Newcastle United FC vs. Qarabağ Ağdam FK: O/U 4.5,Under,54465.5433,0.6571,0.0
2026-07-24T05:04+00:00,0x83720820a8aa6c3f20ad71850e7a1a17d16c5223,Will Germany win the 2026 FIFA World Cup?,Yes,312904.4063,0.0514,0.0
2026-07-24T05:04+00:00,0x83720820a8aa6c3f20ad71850e7a1a17d16c5223,Will AFC Bournemouth win on 2026-03-14?,Yes,94339.6226,0.5299,0.0
2026-07-24T05:04+00:00,0x5b4ec9c06b284ee52c41a761974d836992880232,San Diego Padres vs. Washington Nationals: O/U 7.5,Under,167809.13,0.49,0.0
2026-07-24T05:04+00:00,0x5b4ec9c06b284ee52c41a761974d836992880232,Will Brazil win on 2026-07-05?,Yes,126723.4091,0.5136,0.0
2026-07-24T05:04+00:00,0x5b4ec9c06b284ee52c41a761974d836992880232,Spread: Germany (-1.5),Germany,336022.2814,0.47,0.0
2026-07-24T05:04+00:00,0x5b4ec9c06b284ee52c41a761974d836992880232,Cavaliers vs. Knicks: O/U 215.5,Over,174136.555,0.49,0.0
2026-07-24T05:04+00:00,0x5b4ec9c06b284ee52c41a761974d836992880232,England vs. Argentina: O/U 2.5,Under,638543.0208,0.5972,0.0
2026-07-24T05:04+00:00,0x5b4ec9c06b284ee52c41a761974d836992880232,Will England win on 2026-07-05?,No,600000.0,0.61,0.0
2026-07-24T05:04+00:00,0x5b4ec9c06b284ee52c41a761974d836992880232,Miami Marlins vs. Washington Nationals: O/U 9.5,Under,99640.25,0.5699,0.0
2026-07-24T05:04+00:00,0x5b4ec9c06b284ee52c41a761974d836992880232,Will Netherlands win on 2026-06-20?,No,900000.0,0.42,0.0
2026-07-24T05:04+00:00,0x5b4ec9c06b284ee52c41a761974d836992880232,England vs. Argentina: O/U 1.5,Under,161466.6214,0.326,0.0
2026-07-24T05:04+00:00,0x5b4ec9c06b284ee52c41a761974d836992880232,Colorado Rockies vs. Philadelphia Phillies: O/U 7.5,Under,93871.2631,0.53,0.0
2026-07-24T05:04+00:00,0x5b4ec9c06b284ee52c41a761974d836992880232,Spread: Uruguay (-1.5),Uruguay,106309.3,0.43,0.0
2026-07-24T05:04+00:00,0x5b4ec9c06b284ee52c41a761974d836992880232,Philadelphia Phillies vs. New York Mets: O/U 8.5,Under,39618.86,0.519,0.0
2026-07-24T05:04+00:00,0x5b4ec9c06b284ee52c41a761974d836992880232,Colorado Rockies vs. Los Angeles Dodgers: O/U 9.5,Under,37780.67,0.48,0.0
2026-07-24T05:04+00:00,0x5b4ec9c06b284ee52c41a761974d836992880232,Detroit Tigers vs. Tampa Bay Rays: O/U 8.5,Under,93367.56,0.52,0.0
2026-07-24T05:04+00:00,0x5b4ec9c06b284ee52c41a761974d836992880232,Atlanta Braves vs. Los Angeles Dodgers: O/U 8.5,Under,63829.34,0.5,0.0
2026-07-24T05:04+00:00,0x5b4ec9c06b284ee52c41a761974d836992880232,Brazil vs. Japan: O/U 2.5,Under,403090.3257,0.58,0.0
2026-07-24T05:04+00:00,0x5b4ec9c06b284ee52c41a761974d836992880232,Kansas City Royals vs. Texas Rangers: O/U 7.5,Under,57573.11,0.47,0.0
2026-07-24T05:04+00:00,0x5b4ec9c06b284ee52c41a761974d836992880232,Thunder vs. Spurs,Thunder,599999.2166,0.42,0.0
2026-07-24T05:04+00:00,0x5b4ec9c06b284ee52c41a761974d836992880232,SC Freiburg vs. Aston Villa FC: O/U 2.5,Under,59999.9433,0.52,0.0
2026-07-24T05:04+00:00,0x5b4ec9c06b284ee52c41a761974d836992880232,San Francisco Giants vs. Seattle Mariners: O/U 7.5,Over,156250.0829,0.46,0.0
2026-07-24T05:04+00:00,0x5b4ec9c06b284ee52c41a761974d836992880232,Uzbekistan vs. Colombia: O/U 2.5,Under,610393.4799,0.5093,0.0
2026-07-24T05:04+00:00,0x5b4ec9c06b284ee52c41a761974d836992880232,Argentina vs. Egypt: O/U 2.5,Under,240967.8757,0.5216,0.0
2026-07-24T05:04+00:00,0x5b4ec9c06b284ee52c41a761974d836992880232,New York Mets vs. Seattle Mariners: O/U 7.5,Under,172672.34,0.5,0.0
2026-07-24T05:04+00:00,0x5b4ec9c06b284ee52c41a761974d836992880232,Will Austria win the 2026 FIFA World Cup?,Yes,2931638.36,0.005,0.0
2026-07-24T05:04+00:00,0x5b4ec9c06b284ee52c41a761974d836992880232,England vs. Argentina: Team to Advance,England,484419.9802,0.5355,0.0
2026-07-24T05:04+00:00,0x5b4ec9c06b284ee52c41a761974d836992880232,Chicago Cubs vs. Pittsburgh Pirates: O/U 7.5,Under,19332.79,0.49,0.0
2026-07-24T05:04+00:00,0x5b4ec9c06b284ee52c41a761974d836992880232,Chicago White Sox vs. Philadelphia Phillies: O/U 9.5,Under,23579.57,0.5551,0.0
2026-07-24T05:04+00:00,0x5b4ec9c06b284ee52c41a761974d836992880232,Will Canada win the 2026 FIFA World Cup?,Yes,2872898.22,0.003,0.0
2026-07-24T05:04+00:00,0x5b4ec9c06b284ee52c41a761974d836992880232,Will France win on 2026-07-09?,No,500.0,0.39,0.0
2026-07-24T05:04+00:00,0x5b4ec9c06b284ee52c41a761974d836992880232,Cincinnati Reds vs. Pittsburgh Pirates: O/U 7.5,Under,75896.31,0.45,0.0
2026-07-24T05:04+00:00,0xf0318c32136c2db7fec88b84869aee6a1106c80c,Switzerland vs. Colombia: O/U 2.5,Over,559736.0329,0.3999,0.0
2026-07-24T05:04+00:00,0xf0318c32136c2db7fec88b84869aee6a1106c80c,Ecuador vs. Germany: O/U 0.5,Under,19714.5324,0.05,0.0
2026-07-24T05:04+00:00,0xf0318c32136c2db7fec88b84869aee6a1106c80c,Tampa Bay Rays vs. Boston Red Sox,Tampa Bay Rays,41023.7407,0.48,0.0
2026-07-24T05:04+00:00,0xf0318c32136c2db7fec88b84869aee6a1106c80c,Will Senegal win on 2026-07-01?,Yes,1059496.2765,0.25,0.0
2026-07-24T05:04+00:00,0xf0318c32136c2db7fec88b84869aee6a1106c80c,Will Scotland win on 2026-06-19?,Yes,169173.5293,0.2867,0.0
2026-07-24T05:04+00:00,0xf0318c32136c2db7fec88b84869aee6a1106c80c,Will Canada vs. Morocco end in a draw?,Yes,174761.2781,0.28,0.0
2026-07-24T05:04+00:00,0xf0318c32136c2db7fec88b84869aee6a1106c80c,San Diego Padres vs. Atlanta Braves,San Diego Padres,72786.6014,0.46,0.0
2026-07-24T05:04+00:00,0xf0318c32136c2db7fec88b84869aee6a1106c80c,Spread: Thunder (-5.5),Spurs,249999.8425,0.46,0.0
2026-07-24T05:04+00:00,0xf0318c32136c2db7fec88b84869aee6a1106c80c,Will France win on 2026-06-16?,No,828798.2595,0.3296,0.0
2026-07-24T05:04+00:00,0xf0318c32136c2db7fec88b84869aee6a1106c80c,Will Brazil vs. Japan end in a draw?,Yes,2020266.8344,0.3333,0.0
2026-07-24T05:04+00:00,0xf0318c32136c2db7fec88b84869aee6a1106c80c,France vs. Spain: O/U 0.5,Under,129849.3764,0.0698,0.0
2026-07-24T05:04+00:00,0xf0318c32136c2db7fec88b84869aee6a1106c80c,Will United States win on 2026-06-12?,No,1161604.8888,0.53,0.0
2026-07-24T05:04+00:00,0xf0318c32136c2db7fec88b84869aee6a1106c80c,Tunisia vs. Netherlands: O/U 2.5,Under,70486.4951,0.3041,0.0
2026-07-24T05:04+00:00,0xf0318c32136c2db7fec88b84869aee6a1106c80c,Will Spain win on 2026-07-19?,Yes,1392932.3192,0.3398,0.0
2026-07-24T05:04+00:00,0xf0318c32136c2db7fec88b84869aee6a1106c80c,Iraq vs. Norway: O/U 7.5,Over,349837.0004,0.061,0.0
2026-07-24T05:04+00:00,0xf0318c32136c2db7fec88b84869aee6a1106c80c,Tunisia vs. Netherlands: O/U 0.5,Under,13947.4174,0.0287,0.0
2026-07-24T05:04+00:00,0xf0318c32136c2db7fec88b84869aee6a1106c80c,Will Heart of Midlothian FC win on 2026-07-21?,Yes,3507.5347,0.24,0.0
2026-07-24T05:04+00:00,0xf0318c32136c2db7fec88b84869aee6a1106c80c,Will Ghana win on 2026-07-03?,Yes,805544.4813,0.1,0.0
2026-07-24T05:04+00:00,0xf0318c32136c2db7fec88b84869aee6a1106c80c,Will KF Víkingur win on 2026-07-21?,No,26291.2471,0.61,0.0
2026-07-24T05:04+00:00,0xf0318c32136c2db7fec88b84869aee6a1106c80c,Will Morocco win on 2026-06-19?,No,819914.175,0.43,0.0
2026-07-24T05:04+00:00,0xf0318c32136c2db7fec88b84869aee6a1106c80c,Spread: Türkiye (-1.5),Türkiye,12418.3634,0.23,0.0
2026-07-24T05:04+00:00,0xf0318c32136c2db7fec88b84869aee6a1106c80c,Spread: Norway (-3.5),Norway,75415.7855,0.1894,0.0
2026-07-24T05:04+00:00,0xf0318c32136c2db7fec88b84869aee6a1106c80c,Milwaukee Brewers vs. Minnesota Twins,Minnesota Twins,95262.9778,0.4995,0.0
2026-07-24T05:04+00:00,0xf0318c32136c2db7fec88b84869aee6a1106c80c,Spain vs. Belgium: O/U 2.5,Under,624942.2094,0.4493,0.0
2026-07-24T05:04+00:00,0xf0318c32136c2db7fec88b84869aee6a1106c80c,Knicks vs. Raptors,Raptors,112855.7399,0.53,0.0
2026-07-24T05:04+00:00,0xf0318c32136c2db7fec88b84869aee6a1106c80c,Spread: Spurs (-7.5),Mavericks,40414.89,0.49,0.0
2026-07-24T05:04+00:00,0xf0318c32136c2db7fec88b84869aee6a1106c80c,Will IR Iran win on 2026-06-21?,Yes,97540.3856,0.11,0.0
2026-07-24T05:04+00:00,0xf0318c32136c2db7fec88b84869aee6a1106c80c,Spread: Raptors (-7.5),Bulls,209999.8905,0.51,0.0
2026-07-24T05:04+00:00,0xf0318c32136c2db7fec88b84869aee6a1106c80c,France vs. Spain: Spain O/U 0.5,Under,7682.5,0.25,0.0
2026-07-24T05:04+00:00,0xf0318c32136c2db7fec88b84869aee6a1106c80c,Spain vs. Saudi Arabia: O/U 3.5,Under,166234.3935,0.48,0.0
2026-07-24T05:04+00:00,0xf0318c32136c2db7fec88b84869aee6a1106c80c,Côte d'Ivoire vs. Norway: O/U 1.5,Under,108615.6857,0.2243,0.0
2026-07-24T05:04+00:00,0xf0318c32136c2db7fec88b84869aee6a1106c80c,Paraguay vs. France: O/U 3.5,Over,214217.556,0.33,0.0
2026-07-24T05:04+00:00,0xf0318c32136c2db7fec88b84869aee6a1106c80c,Will Scotland vs. Morocco end in a draw?,Yes,123801.3348,0.3333,0.0
2026-07-24T05:04+00:00,0xf0318c32136c2db7fec88b84869aee6a1106c80c,Germany vs. Paraguay: Team to Advance,Germany,20585.2456,0.86,0.0
2026-07-24T05:04+00:00,0xf0318c32136c2db7fec88b84869aee6a1106c80c,Will France win on 2026-06-30?,No,1532855.8342,0.2227,0.0
2026-07-24T05:04+00:00,0xf0318c32136c2db7fec88b84869aee6a1106c80c,Lakers vs. Mavericks,Mavericks,306418.6811,0.39,0.0
2026-07-24T05:04+00:00,0xf0318c32136c2db7fec88b84869aee6a1106c80c,Will Malta win Eurovision 2026?,Yes,221341.3594,0.0049,0.0
2026-07-24T05:04+00:00,0xf0318c32136c2db7fec88b84869aee6a1106c80c,Will Spain vs. Austria end in a draw?,Yes,111209.1578,0.1868,0.0
2026-07-24T05:04+00:00,0xf0318c32136c2db7fec88b84869aee6a1106c80c,Wimbledon ATP: Jannik Sinner vs Alexander Zverev,Alexander Zverev,141.69,0.39,0.0
2026-07-24T05:04+00:00,0xf0318c32136c2db7fec88b84869aee6a1106c80c,Will Bosnia and Herzegovina win on 2026-06-24?,No,230442.8064,0.3,0.0
2026-07-24T05:04+00:00,0xf0318c32136c2db7fec88b84869aee6a1106c80c,Spread: Raptors (-8.5),Bulls,39795.3033,0.55,0.0
2026-07-24T05:04+00:00,0xf0318c32136c2db7fec88b84869aee6a1106c80c,Exact Score: Any Other Score?,Yes,999998.9722,0.0588,0.0
2026-07-24T05:04+00:00,0xf0318c32136c2db7fec88b84869aee6a1106c80c,Will Paraguay win on 2026-06-29?,Yes,1241997.0067,0.3319,0.0
2026-07-24T05:04+00:00,0xf0318c32136c2db7fec88b84869aee6a1106c80c,Will Spain vs. Belgium end in a draw?,Yes,603711.6885,0.3215,0.0
2026-07-24T05:04+00:00,0xf0318c32136c2db7fec88b84869aee6a1106c80c,Colombia vs. DR Congo: O/U 1.5,Over,9300.93,0.6899,0.0
2026-07-24T05:04+00:00,0xf0318c32136c2db7fec88b84869aee6a1106c80c,Will Switzerland win on 2026-07-02?,No,1169262.195,0.51,0.0
2026-07-24T05:04+00:00,0xf0318c32136c2db7fec88b84869aee6a1106c80c,Spread: Norway (-1.5),Norway,134640.4083,0.2252,0.0
2026-07-24T05:04+00:00,0xf0318c32136c2db7fec88b84869aee6a1106c80c,Will England win the 2026 FIFA World Cup?,Yes,3041766.3525,0.1012,0.0
2026-07-24T05:04+00:00,0xf0318c32136c2db7fec88b84869aee6a1106c80c,Spread: Clippers (-9.5),Nets,45674.9283,0.4711,0.0
2026-07-24T05:04+00:00,0xf0318c32136c2db7fec88b84869aee6a1106c80c,Morocco vs. Haiti: O/U 3.5,Under,2777.0061,0.63,0.0
2026-07-24T05:04+00:00,0x2c335066fe58fe9237c3d3dc7b275c2a034a0563,"2026 Balance of Power: D Senate, D House",No,8004002.82,0.5,0.5649
2026-07-24T05:04+00:00,0x2c335066fe58fe9237c3d3dc7b275c2a034a0563,"2026 Balance of Power: D Senate, D House",Yes,8004002.82,0.5,0.435
2026-07-24T05:04+00:00,0x2c335066fe58fe9237c3d3dc7b275c2a034a0563,"Will Bitcoin dip to $35,000 by December 31, 2026?",No,19995.73,0.85,0.895
2026-07-24T05:04+00:00,0x2c335066fe58fe9237c3d3dc7b275c2a034a0563,Boston Red Sox vs. New York Yankees,New York Yankees,27715.59,0.49,0.495
2026-07-24T05:04+00:00,0x2c335066fe58fe9237c3d3dc7b275c2a034a0563,"Will Bitcoin dip to $25,000 by December 31, 2026?",No,2971.13,0.92,0.964
2026-07-24T05:04+00:00,0x2c335066fe58fe9237c3d3dc7b275c2a034a0563,San Francisco Giants vs. Atlanta Braves,San Francisco Giants,90.204,0.51,0.44
2026-07-24T05:04+00:00,0x2c335066fe58fe9237c3d3dc7b275c2a034a0563,Spread: Thunder (-7.5),Thunder,9.8039,0.49,0.0
2026-07-24T05:04+00:00,0x2c335066fe58fe9237c3d3dc7b275c2a034a0563,Atlanta Dream vs. Toronto Tempo,Toronto Tempo,10588.3911,0.2093,0.0
2026-07-24T05:04+00:00,0x2c335066fe58fe9237c3d3dc7b275c2a034a0563,Wimbledon ATP: Roberto Bautista Agut vs Joao Fonseca,Roberto Bautista Agut,11480.57,0.01,0.0
2026-07-24T05:04+00:00,0x2c335066fe58fe9237c3d3dc7b275c2a034a0563,Milwaukee Brewers vs. Pittsburgh Pirates,Milwaukee Brewers,2526.0957,0.2818,0.0
2026-07-24T05:04+00:00,0x2c335066fe58fe9237c3d3dc7b275c2a034a0563,Exact Score: Türkiye 2 - 1 Paraguay?,Yes,668.44,0.14,0.0
2026-07-24T05:04+00:00,0x2c335066fe58fe9237c3d3dc7b275c2a034a0563,Roland Garros WTA: Diane Parry vs Amanda Anisimova,Amanda Anisimova,123.2436,0.78,0.0
2026-07-24T05:04+00:00,0x2c335066fe58fe9237c3d3dc7b275c2a034a0563,LoL: KT Rolster vs Dplus KIA (BO1) - KeSPA Cup Group Stage,Dplus KIA,5876.3371,0.3,0.0
2026-07-24T05:04+00:00,0x2c335066fe58fe9237c3d3dc7b275c2a034a0563,Tampa Bay Rays vs. Boston Red Sox,Tampa Bay Rays,7189.0,0.4601,0.0
2026-07-24T05:04+00:00,0x2c335066fe58fe9237c3d3dc7b275c2a034a0563,Spread: Spain (-1.5),Spain,199.8406,0.14,0.0
2026-07-24T05:04+00:00,0x2c335066fe58fe9237c3d3dc7b275c2a034a0563,"Mallorca Championships, Qualification: Abedallah Shelbayh vs",Abedallah Shelbayh,153.0,0.28,0.0
2026-07-24T05:04+00:00,0x2c335066fe58fe9237c3d3dc7b275c2a034a0563,Will Al Riyadh Saudi Club win on 2025-12-20?,Yes,5.7188,0.13,0.0
2026-07-24T05:04+00:00,0x2c335066fe58fe9237c3d3dc7b275c2a034a0563,Washington Nationals vs. Boston Red Sox,Boston Red Sox,4099.67,0.3594,0.0
2026-07-24T05:04+00:00,0x2c335066fe58fe9237c3d3dc7b275c2a034a0563,Las Vegas Aces vs. PortlandFire,PortlandFire,9504.43,0.22,0.0
2026-07-24T05:04+00:00,0x2c335066fe58fe9237c3d3dc7b275c2a034a0563,Iasi Open: Kaitlin Quevedo vs Gabriela Ruse,Gabriela Ruse,2481.98,0.6629,0.0
2026-07-24T05:04+00:00,0x2c335066fe58fe9237c3d3dc7b275c2a034a0563,Roland Garros ATP: Adolfo Vallejo vs Moise Kouame,Adolfo Vallejo,711.6644,0.55,0.0
2026-07-24T05:04+00:00,0x2c335066fe58fe9237c3d3dc7b275c2a034a0563,Spread: Spurs (-8.5),Thunder,6.8571,0.65,0.0
2026-07-24T05:04+00:00,0x2c335066fe58fe9237c3d3dc7b275c2a034a0563,Pozoblanco: Dominik Palan vs Izan Almazan Valiente,Dominik Palan,4298.7257,0.32,0.0
2026-07-24T05:04+00:00,0x2c335066fe58fe9237c3d3dc7b275c2a034a0563,Palermo: Mina Hodzic vs Noemi Basiletti,Noemi Basiletti,45452.6934,0.4747,0.0
2026-07-24T05:04+00:00,0x2c335066fe58fe9237c3d3dc7b275c2a034a0563,Istanbul 2: Anastasia Gasanova vs Susan Bandecchi,Susan Bandecchi,4695.0232,0.26,0.0
2026-07-24T05:04+00:00,0x2c335066fe58fe9237c3d3dc7b275c2a034a0563,Canada vs. Morocco: O/U 0.5,Under,6793.72,0.09,0.0
2026-07-24T05:04+00:00,0x2c335066fe58fe9237c3d3dc7b275c2a034a0563,Spread: Kansas City Royals (-1.5),Kansas City Royals,11266.51,0.2093,0.0
2026-07-24T05:04+00:00,0x2c335066fe58fe9237c3d3dc7b275c2a034a0563,Toronto Blue Jays vs. San Diego Padres,San Diego Padres,1176.23,0.1668,0.0
2026-07-24T05:04+00:00,0x2c335066fe58fe9237c3d3dc7b275c2a034a0563,Nottingham 3: Patrick Brady vs Alastair Gray,Patrick Brady,817.8099,0.07,0.0
2026-07-24T05:04+00:00,0x2c335066fe58fe9237c3d3dc7b275c2a034a0563,Generali Open: Tomas Etcheverry vs Ignacio Buse,Ignacio Buse,17783.025,0.3233,0.0
2026-07-24T05:04+00:00,0x2c335066fe58fe9237c3d3dc7b275c2a034a0563,Brazil vs. Japan: O/U 3.5,Over,21.73,0.26,0.0
2026-07-24T05:04+00:00,0x2c335066fe58fe9237c3d3dc7b275c2a034a0563,ITF Brisbane: Benjamin O'connell vs Jake Delaney,Benjamin Oconnell,500.0,0.41,0.0
2026-07-24T05:04+00:00,0x2c335066fe58fe9237c3d3dc7b275c2a034a0563,Valorant: 100 Thieves vs BBL Esports (BO3) - Esports World C,BBL Esports,14293.75,0.35,0.0
2026-07-24T05:04+00:00,0x2c335066fe58fe9237c3d3dc7b275c2a034a0563,Counter-Strike: NRG vs BIG - Map 2 Winner,BIG,21.75,0.59,0.0
2026-07-24T05:04+00:00,0x2c335066fe58fe9237c3d3dc7b275c2a034a0563,Major League Cricket: Mi New York vs Seattle Orcas,Seattle Orcas,12041.8175,0.59,0.0
2026-07-24T05:04+00:00,0x2c335066fe58fe9237c3d3dc7b275c2a034a0563,Bunschoten: Gilles Arnaud Bailly vs Filippo Romano,Gilles Arnaud Bailly,8932.7099,0.6903,0.0
2026-07-24T05:04+00:00,0x2c335066fe58fe9237c3d3dc7b275c2a034a0563,Wimbledon ATP: Jacob Fearnley vs Jaume Munar,Jacob Fearnley,9.0,0.17,0.0
2026-07-24T05:04+00:00,0x2c335066fe58fe9237c3d3dc7b275c2a034a0563,Will KFUM-Kameratene Oslo vs. Tromsø IL end in a draw?,No,5.0,0.38,0.0
2026-07-24T05:04+00:00,0x2c335066fe58fe9237c3d3dc7b275c2a034a0563,New York Liberty vs. Minnesota Lynx,New York Liberty,57.0,0.49,0.0
2026-07-24T05:04+00:00,0x2c335066fe58fe9237c3d3dc7b275c2a034a0563,Will Houston Dynamo vs. D.C. United SC end in a draw?,No,1317.78,0.75,0.0
2026-07-24T05:04+00:00,0x2c335066fe58fe9237c3d3dc7b275c2a034a0563,Wimbledon WTA: Jelena Ostapenko vs Harriet Dart,Harriet Dart,12488.18,0.0686,0.0
2026-07-24T05:04+00:00,0x2c335066fe58fe9237c3d3dc7b275c2a034a0563,Chicago White Sox vs. Minnesota Twins,Chicago White Sox,3.44,0.14,0.0
2026-07-24T05:04+00:00,0x2c335066fe58fe9237c3d3dc7b275c2a034a0563,Exact Score: Netherlands 1 - 1 Morocco?,No,7534.56,0.84,0.0
2026-07-24T05:04+00:00,0x2c335066fe58fe9237c3d3dc7b275c2a034a0563,Hamburg European Open: Luciano Darderi vs Yannick Hanfmann,Yannick Hanfmann,530.8501,0.3057,0.0
2026-07-24T05:04+00:00,0x2c335066fe58fe9237c3d3dc7b275c2a034a0563,"Swedish Open, Qualification: Martin Krumich vs Frederico Fer",Frederico Ferreira Silva,1204.5,0.46,0.0
2026-07-24T05:04+00:00,0x2c335066fe58fe9237c3d3dc7b275c2a034a0563,LoL: Team Secret Whales vs Top Esports - Game 3 Winner,Top Esports,14535.67,0.77,0.0
2026-07-24T05:04+00:00,0x2c335066fe58fe9237c3d3dc7b275c2a034a0563,Generali Open: Daniel Altmaier vs Raphael Collignon,Raphael Collignon,375.54,0.61,0.0
2026-07-24T05:04+00:00,0x2c335066fe58fe9237c3d3dc7b275c2a034a0563,Spread: Cleveland Guardians (-1.5),Cleveland Guardians,30.67,0.3,0.0
2026-07-24T05:04+00:00,0x2c335066fe58fe9237c3d3dc7b275c2a034a0563,Contrexeville: Jeline Vandromme vs Oksana Selekhmeteva,Oksana Selekhmeteva,5393.25,0.11,0.0
2026-07-24T05:04+00:00,0x2c335066fe58fe9237c3d3dc7b275c2a034a0563,Quito: Mwendwa Mbithi vs Matias Soto,Mwendwa Mbithi,13256.2472,0.612,0.0
2026-07-24T05:04+00:00,0xfea31bc088000ff909be1dfd8d0e3f2c7ef2d227,Will the Republican Party control the Senate after the 2026 ,Yes,1900000.0,0.5,0.555
2026-07-24T05:04+00:00,0xfea31bc088000ff909be1dfd8d0e3f2c7ef2d227,Will the Republican Party control the Senate after the 2026 ,No,1900000.0,0.5,0.445
2026-07-24T05:04+00:00,0xfea31bc088000ff909be1dfd8d0e3f2c7ef2d227,Will Manchester City win the 2026-27 English Premier League ,No,286437.7885,0.7,0.705
2026-07-24T05:04+00:00,0xfea31bc088000ff909be1dfd8d0e3f2c7ef2d227,Will Ousmane Dembélé win the 2026 Ballon d'Or?,No,88343.6124,0.9568,0.9845
2026-07-24T05:04+00:00,0xfea31bc088000ff909be1dfd8d0e3f2c7ef2d227,"Bitcoin all time high by December 31, 2026?",No,90068.559,0.8565,0.9425
2026-07-24T05:04+00:00,0xfea31bc088000ff909be1dfd8d0e3f2c7ef2d227,"Will Bitcoin hit $150k by December 31, 2026?",No,85633.8312,0.9038,0.9655
2026-07-24T05:04+00:00,0xfea31bc088000ff909be1dfd8d0e3f2c7ef2d227,"Will Bitcoin reach $160,000 by December 31, 2026?",No,43049.3752,0.9449,0.97
2026-07-24T05:04+00:00,0xfea31bc088000ff909be1dfd8d0e3f2c7ef2d227,"Bitcoin all time high by September 30, 2026?",No,35997.0451,0.9574,0.9855
2026-07-24T05:04+00:00,0xfea31bc088000ff909be1dfd8d0e3f2c7ef2d227,"Will Bitcoin reach $200,000 by December 31, 2026?",No,30876.6315,0.9656,0.9775
2026-07-24T05:04+00:00,0xfea31bc088000ff909be1dfd8d0e3f2c7ef2d227,"Will Bitcoin reach $190,000 by December 31, 2026?",No,30000.0038,0.9654,0.976
2026-07-24T05:04+00:00,0xfea31bc088000ff909be1dfd8d0e3f2c7ef2d227,"Will Bitcoin reach $140,000 by December 31, 2026?",No,30000.0,0.961,0.9655
2026-07-24T05:04+00:00,0xfea31bc088000ff909be1dfd8d0e3f2c7ef2d227,"Will Bitcoin reach $180,000 by December 31, 2026?",No,25217.6196,0.9663,0.978
2026-07-24T05:04+00:00,0xfea31bc088000ff909be1dfd8d0e3f2c7ef2d227,St. Louis Cardinals vs. Cincinnati Reds,St. Louis Cardinals,47199.0983,0.4212,0.415
2026-07-24T05:04+00:00,0xfea31bc088000ff909be1dfd8d0e3f2c7ef2d227,"Will Bitcoin reach $170,000 by December 31, 2026?",No,19959.6715,0.9519,0.9765
2026-07-24T05:04+00:00,0xfea31bc088000ff909be1dfd8d0e3f2c7ef2d227,MLB: Aaron Judge or Juan Soto to draw more walks?,Soto,14620.23,0.2719,0.93
2026-07-24T05:04+00:00,0xfea31bc088000ff909be1dfd8d0e3f2c7ef2d227,"Will Bitcoin reach $250,000 by December 31, 2026?",No,11833.59,0.9803,0.9855
2026-07-24T05:04+00:00,0xfea31bc088000ff909be1dfd8d0e3f2c7ef2d227,Spread: St. Louis Cardinals (-1.5),Cincinnati Reds,13278.7409,0.5616,0.705
2026-07-24T05:04+00:00,0xfea31bc088000ff909be1dfd8d0e3f2c7ef2d227,Will Han Feng Win the 2026 WSOP Main Event?,No,4849.99,0.9345,0.93
2026-07-24T05:04+00:00,0xfea31bc088000ff909be1dfd8d0e3f2c7ef2d227,Tampa Bay Rays vs. New York Yankees,Tampa Bay Rays,5898.0756,0.4081,0.405
2026-07-24T05:04+00:00,0xfea31bc088000ff909be1dfd8d0e3f2c7ef2d227,Will Cleveland Guardians win the 2026 AL Central title?,Yes,3428.91,0.61,0.455
2026-07-24T05:04+00:00,0xfea31bc088000ff909be1dfd8d0e3f2c7ef2d227,Will Aaron Judge win the 2026 American League Hank Aaron Awa,No,1481.84,0.6516,0.984
2026-07-24T05:04+00:00,0xfea31bc088000ff909be1dfd8d0e3f2c7ef2d227,Will Aaron Judge lead the MLB in RBIs for the 2026 regular s,No,1217.7171,0.79,0.993
2026-07-24T05:04+00:00,0xfea31bc088000ff909be1dfd8d0e3f2c7ef2d227,Will Shohei Ohtani win the 2026 National League MVP Award?,Yes,1540.05,0.6398,0.755
2026-07-24T05:04+00:00,0xfea31bc088000ff909be1dfd8d0e3f2c7ef2d227,Will Bryce Eldridge win the 2026 NL Rookie of the Year award,No,1000.0,0.978,0.975
2026-07-24T05:04+00:00,0xfea31bc088000ff909be1dfd8d0e3f2c7ef2d227,"Will Bitcoin reach $150,000 by December 31, 2026?",No,689.59,0.95,0.9695
2026-07-24T05:04+00:00,0xfea31bc088000ff909be1dfd8d0e3f2c7ef2d227,Will Matt Olson hit the most home runs during the 2026 MLB r,No,480.0,0.97,0.982
2026-07-24T05:04+00:00,0xfea31bc088000ff909be1dfd8d0e3f2c7ef2d227,MLB: Scorigami in 2026?,No,501.7027,0.85,0.8875
2026-07-24T05:04+00:00,0xfea31bc088000ff909be1dfd8d0e3f2c7ef2d227,Will Taylor Ward lead the MLB in RBIs for the 2026 regular s,No,375.1455,0.9757,0.992
2026-07-24T05:04+00:00,0xfea31bc088000ff909be1dfd8d0e3f2c7ef2d227,KBO: LG Twins vs. NC Dinos,LG Twins,585.99,0.5,0.505
2026-07-24T05:04+00:00,0xfea31bc088000ff909be1dfd8d0e3f2c7ef2d227,Tampa Bay Rays vs. New York Yankees: O/U 7.5,Over,528.0689,0.4192,0.54
2026-07-24T05:04+00:00,0xfea31bc088000ff909be1dfd8d0e3f2c7ef2d227,KBO: Samsung Lions vs. Kia Tigers,Samsung Lions,413.8624,0.5006,0.515
2026-07-24T05:04+00:00,0xfea31bc088000ff909be1dfd8d0e3f2c7ef2d227,KBO: LG Twins vs. Samsung Lions,Samsung Lions,430.1081,0.4725,0.485
2026-07-24T05:04+00:00,0xfea31bc088000ff909be1dfd8d0e3f2c7ef2d227,Will Jacob Misiorowski win the 2026 NL Cy Young Award?,Yes,279.1867,0.1923,0.6245
2026-07-24T05:04+00:00,0xfea31bc088000ff909be1dfd8d0e3f2c7ef2d227,Will Europe Win the WSOP Main Event,Yes,987.92,0.1295,0.135
2026-07-24T05:04+00:00,0xfea31bc088000ff909be1dfd8d0e3f2c7ef2d227,Will the Bills win the season series against the Dolphins du,Yes,215.6862,0.49,0.545
2026-07-24T05:04+00:00,0xfea31bc088000ff909be1dfd8d0e3f2c7ef2d227,KBO: Hanwha Eagles vs. Lotte Giants,Hanwha Eagles,194.4677,0.52,0.5225
2026-07-24T05:04+00:00,0xfea31bc088000ff909be1dfd8d0e3f2c7ef2d227,Will Kevin McGonigle win the 2026 AL Rookie of the Year awar,No,384.85,0.6393,0.245
2026-07-24T05:04+00:00,0xfea31bc088000ff909be1dfd8d0e3f2c7ef2d227,Will Sung-Jae Im win the 2026 Masters tournament?,Yes,182217.93,0.0098,0.0005
2026-07-24T05:04+00:00,0xfea31bc088000ff909be1dfd8d0e3f2c7ef2d227,Will Tampa Bay Rays win the 2026 AL East title?,Yes,200.0,0.3,0.4405
2026-07-24T05:04+00:00,0xfea31bc088000ff909be1dfd8d0e3f2c7ef2d227,Will New York Yankees win the 2026 AL East title?,Yes,200.0,0.56,0.44
2026-07-24T05:04+00:00,0xfea31bc088000ff909be1dfd8d0e3f2c7ef2d227,Will North America Win the WSOP Main Event,No,560.0,0.15,0.135
2026-07-24T05:04+00:00,0xfea31bc088000ff909be1dfd8d0e3f2c7ef2d227,Spread: New York Yankees (-1.5),New York Yankees,149.5548,0.3419,0.44
2026-07-24T05:04+00:00,0xfea31bc088000ff909be1dfd8d0e3f2c7ef2d227,KBO: KT Wiz vs. Lotte Giants,KT Wiz,107.83,0.5,0.505
2026-07-24T05:04+00:00,0xfea31bc088000ff909be1dfd8d0e3f2c7ef2d227,Will Tarik Skubal lead the MLB in ERA for the 2026 regular s,No,46.0,0.96,0.9715
2026-07-24T05:04+00:00,0xfea31bc088000ff909be1dfd8d0e3f2c7ef2d227,MLB: Perfect Game thrown in 2026 season?,Yes,189.09,0.0978,0.14
2026-07-24T05:04+00:00,0xfea31bc088000ff909be1dfd8d0e3f2c7ef2d227,Will Matthew Stafford finish the 2026-27 NFL regular season ,Yes,229.97,0.11,0.115
2026-07-24T05:04+00:00,0xfea31bc088000ff909be1dfd8d0e3f2c7ef2d227,Will the New York Knicks be the 2027 NBA Eastern Conference ,Yes,121.2702,0.19,0.2
2026-07-24T05:04+00:00,0xfea31bc088000ff909be1dfd8d0e3f2c7ef2d227,Will Atlanta Braves win the 2026 National League Championshi,Yes,138.75,0.09,0.115
2026-07-24T05:04+00:00,0xfea31bc088000ff909be1dfd8d0e3f2c7ef2d227,Will the season series between the Cardinals and Rams end in,Yes,40.0,0.3,0.3
2026-07-24T05:04+00:00,0xfea31bc088000ff909be1dfd8d0e3f2c7ef2d227,KBO: Hanwha Eagles vs. NC Dinos,Hanwha Eagles,26.42,0.0363,0.4295
2026-07-24T05:04+00:00,0x095fbca2e0eaf0c9841005135427e1e0117190b2,Will Switzerland win on 2026-07-02?,No,12738.974,0.2925,0.0
2026-07-24T05:04+00:00,0x095fbca2e0eaf0c9841005135427e1e0117190b2,Will Mexico vs. Ecuador end in a draw?,Yes,296416.6712,0.3588,0.0
2026-07-24T05:04+00:00,0x095fbca2e0eaf0c9841005135427e1e0117190b2,Switzerland vs. Algeria: O/U 2.5,Over,248251.5888,0.4331,0.0
2026-07-24T05:04+00:00,0x095fbca2e0eaf0c9841005135427e1e0117190b2,Australia vs. Egypt: Team to Advance,Australia,373561.8776,0.4172,0.0
2026-07-24T05:04+00:00,0x095fbca2e0eaf0c9841005135427e1e0117190b2,Argentina vs. Egypt: O/U 2.5,Under,1205478.361,0.4672,0.0
2026-07-24T05:04+00:00,0x095fbca2e0eaf0c9841005135427e1e0117190b2,France vs. Morocco: O/U 2.5,Over,10298704.1946,0.4994,0.0
2026-07-24T05:04+00:00,0x7c1ee865a785de4c00ee90ed86a38489fb8bbab3,Will Senegal win on 2026-07-01?,Yes,255769.7674,0.23,0.0
2026-07-24T05:04+00:00,0x7c1ee865a785de4c00ee90ed86a38489fb8bbab3,Will Jordan win on 2026-06-17?,Yes,238171.6803,0.109,0.0
2026-07-24T05:04+00:00,0x7c1ee865a785de4c00ee90ed86a38489fb8bbab3,Spread: Spain (-1.5),Spain,399999.2811,0.27,0.0
2026-07-24T05:04+00:00,0x7c1ee865a785de4c00ee90ed86a38489fb8bbab3,Spread: England (-1.5),England,445000.0,0.4961,0.0
2026-07-24T05:04+00:00,0x7c1ee865a785de4c00ee90ed86a38489fb8bbab3,Will France win on 2026-06-16?,No,379998.5663,0.3826,0.0
2026-07-24T05:04+00:00,0x7c1ee865a785de4c00ee90ed86a38489fb8bbab3,Will Austria win on 2026-06-17?,No,100000.0,0.3,0.0
2026-07-24T05:04+00:00,0x7c1ee865a785de4c00ee90ed86a38489fb8bbab3,Spread: Colombia (-2.5),Colombia,159999.9024,0.17,0.0
2026-07-24T05:04+00:00,0x7c1ee865a785de4c00ee90ed86a38489fb8bbab3,Will Ghana win on 2026-07-03?,Yes,100000.0,0.11,0.0
2026-07-24T05:04+00:00,0x7c1ee865a785de4c00ee90ed86a38489fb8bbab3,Will Brazil win on 2026-07-05?,Yes,650000.0,0.55,0.0
2026-07-24T05:04+00:00,0x7c1ee865a785de4c00ee90ed86a38489fb8bbab3,Spain vs. Belgium: O/U 2.5,Under,289627.9563,0.4539,0.0
2026-07-24T05:04+00:00,0x7c1ee865a785de4c00ee90ed86a38489fb8bbab3,Mexico leading at halftime?,Yes,99999.203,0.25,0.0
2026-07-24T05:04+00:00,0x7c1ee865a785de4c00ee90ed86a38489fb8bbab3,Will IR Iran win on 2026-06-21?,Yes,219999.3079,0.12,0.0
2026-07-24T05:04+00:00,0x7c1ee865a785de4c00ee90ed86a38489fb8bbab3,Will France win the 2026 FIFA World Cup?,Yes,6.1728,0.1619,0.0
2026-07-24T05:04+00:00,0x7c1ee865a785de4c00ee90ed86a38489fb8bbab3,Spread: France (-1.5),Senegal,99999.2261,0.59,0.0
2026-07-24T05:04+00:00,0x7c1ee865a785de4c00ee90ed86a38489fb8bbab3,Will Saudi Arabia win on 2026-06-15?,Yes,804.1175,0.42,0.0
2026-07-24T05:04+00:00,0x7c1ee865a785de4c00ee90ed86a38489fb8bbab3,Will Egypt win on 2026-06-21?,No,140000.0,0.3857,0.0
2026-07-24T05:04+00:00,0x7c1ee865a785de4c00ee90ed86a38489fb8bbab3,France vs. Spain: Team to Advance,France,90000.0,0.5586,0.0
2026-07-24T05:04+00:00,0x7c1ee865a785de4c00ee90ed86a38489fb8bbab3,Colombia leading at halftime?,Yes,41994.28,0.47,0.0
2026-07-24T05:04+00:00,0x7c1ee865a785de4c00ee90ed86a38489fb8bbab3,Will Belgium win on 2026-07-10?,Yes,49999.9494,0.17,0.0
2026-07-24T05:04+00:00,0x7c1ee865a785de4c00ee90ed86a38489fb8bbab3,Will Saudi Arabia win on 2026-06-26?,Yes,200000.0,0.41,0.0
2026-07-24T05:04+00:00,0x7c1ee865a785de4c00ee90ed86a38489fb8bbab3,Will Uzbekistan win on 2026-06-27?,Yes,202739.4131,0.342,0.0
2026-07-24T05:04+00:00,0x7c1ee865a785de4c00ee90ed86a38489fb8bbab3,Will Argentina win the 2026 FIFA World Cup?,Yes,1019293.0834,0.411,0.0
2026-07-24T05:04+00:00,0x7c1ee865a785de4c00ee90ed86a38489fb8bbab3,Spread: France (-1.5),France,99999.843,0.1875,0.0
2026-07-24T05:04+00:00,0x7c1ee865a785de4c00ee90ed86a38489fb8bbab3,Panama vs. England: 1st Half O/U 1.5,Over,34619.9,0.5,0.0
2026-07-24T05:04+00:00,0x7c1ee865a785de4c00ee90ed86a38489fb8bbab3,Argentina leading at halftime?,No,17939.0315,0.61,0.0
2026-07-24T05:04+00:00,0x7c1ee865a785de4c00ee90ed86a38489fb8bbab3,Will Curaçao win on 2026-06-20?,Yes,100000.0,0.079,0.0
2026-07-24T05:04+00:00,0x7c1ee865a785de4c00ee90ed86a38489fb8bbab3,Belgium vs. Senegal: Team to Advance,Senegal,150000.0,0.4229,0.0
2026-07-24T05:04+00:00,0x7c1ee865a785de4c00ee90ed86a38489fb8bbab3,Will Argentina win on 2026-06-16?,No,90000.0,0.37,0.0
2026-07-24T05:04+00:00,0x7c1ee865a785de4c00ee90ed86a38489fb8bbab3,Will France win on 2026-07-14?,Yes,149999.908,0.4025,0.0
2026-07-24T05:04+00:00,0x7c1ee865a785de4c00ee90ed86a38489fb8bbab3,Croatia vs. Ghana: O/U 1.5,Under,119999.6977,0.33,0.0
2026-07-24T05:04+00:00,0x7c1ee865a785de4c00ee90ed86a38489fb8bbab3,Will Ghana win on 2026-06-17?,No,200000.0,0.61,0.0
2026-07-24T05:04+00:00,0x7c1ee865a785de4c00ee90ed86a38489fb8bbab3,Spread: Argentina (-1.5),Argentina,103486.3298,0.045,0.0
2026-07-24T05:04+00:00,0x7c1ee865a785de4c00ee90ed86a38489fb8bbab3,Mexico vs. England: Team to Advance,Mexico,679999.3576,0.4826,0.0
2026-07-24T05:04+00:00,0x7c1ee865a785de4c00ee90ed86a38489fb8bbab3,Will England win on 2026-07-05?,No,100000.0,0.63,0.0
2026-07-24T05:04+00:00,0x7c1ee865a785de4c00ee90ed86a38489fb8bbab3,England vs. Ghana: O/U 3.5,Over,134999.5357,0.41,0.0
2026-07-24T05:04+00:00,0x7c1ee865a785de4c00ee90ed86a38489fb8bbab3,Iraq vs. Norway: O/U 2.5,Under,299999.4831,0.4,0.0
2026-07-24T05:04+00:00,0x7c1ee865a785de4c00ee90ed86a38489fb8bbab3,Will Algeria win on 2026-06-22?,No,65000.0,0.35,0.0
2026-07-24T05:04+00:00,0x7c1ee865a785de4c00ee90ed86a38489fb8bbab3,Panama vs. England: O/U 3.5,Over,190799.2326,0.4721,0.0
2026-07-24T05:04+00:00,0x7c1ee865a785de4c00ee90ed86a38489fb8bbab3,Will New Zealand win on 2026-06-21?,Yes,125000.0,0.16,0.0
2026-07-24T05:04+00:00,0x7c1ee865a785de4c00ee90ed86a38489fb8bbab3,Spread: Brazil (-3.5),Brazil,99999.7592,0.31,0.0
2026-07-24T05:04+00:00,0x7c1ee865a785de4c00ee90ed86a38489fb8bbab3,Will Côte d'Ivoire win on 2026-06-20?,Yes,40000.0,0.14,0.0
2026-07-24T05:04+00:00,0x7c1ee865a785de4c00ee90ed86a38489fb8bbab3,Brazil leading at halftime?,Yes,169999.9966,0.4,0.0
2026-07-24T05:04+00:00,0x7c1ee865a785de4c00ee90ed86a38489fb8bbab3,Spread: Uruguay (-1.5),Uruguay,220000.0,0.4345,0.0
2026-07-24T05:04+00:00,0x7c1ee865a785de4c00ee90ed86a38489fb8bbab3,Spread: France (-2.5),Sweden,197064.5898,0.6835,0.0
2026-07-24T05:04+00:00,0x7c1ee865a785de4c00ee90ed86a38489fb8bbab3,Spread: Brazil (-1.5),Brazil,199999.8613,0.305,0.0
2026-07-24T05:04+00:00,0x7c1ee865a785de4c00ee90ed86a38489fb8bbab3,Colombia vs. Portugal: O/U 3.5,Over,70000.0,0.34,0.0
2026-07-24T05:04+00:00,0x7c1ee865a785de4c00ee90ed86a38489fb8bbab3,Brazil vs. Norway: 1st Half O/U 1.5,Over,37680.6657,0.33,0.0
2026-07-24T05:04+00:00,0x7c1ee865a785de4c00ee90ed86a38489fb8bbab3,Spain leading at halftime?,Yes,119999.1372,0.33,0.0
2026-07-24T05:04+00:00,0x7c1ee865a785de4c00ee90ed86a38489fb8bbab3,Czechia vs. Mexico: O/U 3.5,Over,85323.6847,0.24,0.0
2026-07-24T05:04+00:00,0x7c1ee865a785de4c00ee90ed86a38489fb8bbab3,Colombia vs. Portugal: O/U 2.5,Over,200000.0,0.56,0.0
2026-07-24T05:04+00:00,0xd1c537b2a7cba8d365e111bffb9de7b205e2cbd0,Will France win on 2026-06-16?,No,1999993.6728,0.34,0.0
2026-07-24T05:04+00:00,0xd1c537b2a7cba8d365e111bffb9de7b205e2cbd0,Spread: France (-1.5),Senegal,521578.215,0.6,0.0
2026-07-24T05:04+00:00,0xd1c537b2a7cba8d365e111bffb9de7b205e2cbd0,Will Sweden win on 2026-06-14?,No,955803.1774,0.49,0.0
2026-07-24T05:04+00:00,0xd1c537b2a7cba8d365e111bffb9de7b205e2cbd0,Will Germany vs. Curaçao end in a draw?,Yes,317194.4922,0.0404,0.0
2026-07-24T05:04+00:00,0xd1c537b2a7cba8d365e111bffb9de7b205e2cbd0,Will Brentford FC win on 2026-05-17?,Yes,106971.5222,0.5579,0.0
2026-07-24T05:04+00:00,0xd1c537b2a7cba8d365e111bffb9de7b205e2cbd0,Will Côte d'Ivoire vs. Ecuador end in a draw?,Yes,316557.26,0.3375,0.0
2026-07-24T05:04+00:00,0xd1c537b2a7cba8d365e111bffb9de7b205e2cbd0,Will Fulham FC win on 2026-05-17?,Yes,941664.4433,0.5146,0.0
2026-07-24T05:04+00:00,0xd1c537b2a7cba8d365e111bffb9de7b205e2cbd0,Will Australia be the Jury Winner in the Eurovision 2026 Gra,Yes,28.8571,0.3465,0.0
2026-07-24T05:04+00:00,0xd1c537b2a7cba8d365e111bffb9de7b205e2cbd0,Will Girona FC win on 2026-05-23?,Yes,273479.2804,0.5492,0.0
2026-07-24T05:04+00:00,0xd1c537b2a7cba8d365e111bffb9de7b205e2cbd0,Will England win on 2026-06-23?,Yes,2954437.3592,0.6128,0.0
2026-07-24T05:04+00:00,0xd1c537b2a7cba8d365e111bffb9de7b205e2cbd0,Spread: Norway (-2.5),Iraq,562393.96,0.6854,0.0
2026-07-24T05:04+00:00,0xd1c537b2a7cba8d365e111bffb9de7b205e2cbd0,Will FC Internazionale Milano win on 2026-05-24?,Yes,1146031.4861,0.4789,0.0
2026-07-24T05:04+00:00,0xd1c537b2a7cba8d365e111bffb9de7b205e2cbd0,Will Senegal win on 2026-06-16?,Yes,803076.1869,0.13,0.0
2026-07-24T05:04+00:00,0xd1c537b2a7cba8d365e111bffb9de7b205e2cbd0,Will Atalanta BC win on 2026-05-17?,Yes,229061.7427,0.56,0.0
2026-07-24T05:04+00:00,0xd1c537b2a7cba8d365e111bffb9de7b205e2cbd0,Will Chelsea FC win on 2026-05-19?,No,1825925.6994,0.5777,0.0
2026-07-24T05:04+00:00,0xd1c537b2a7cba8d365e111bffb9de7b205e2cbd0,United States vs. Belgium: O/U 2.5,Under,1042866.143,0.4441,0.0
2026-07-24T05:04+00:00,0xd1c537b2a7cba8d365e111bffb9de7b205e2cbd0,Will Greece win Eurovision 2026?,Yes,88.8888,0.1349,0.0
2026-07-24T05:04+00:00,0xd1c537b2a7cba8d365e111bffb9de7b205e2cbd0,United States vs. Belgium: O/U 3.5,Under,24452.7425,0.68,0.0
2026-07-24T05:04+00:00,0xd1c537b2a7cba8d365e111bffb9de7b205e2cbd0,Will Spain win on 2026-07-10?,No,974686.7561,0.4421,0.0
2026-07-24T05:04+00:00,0xd1c537b2a7cba8d365e111bffb9de7b205e2cbd0,Spread: Argentina (-1.5),Algeria,1009181.2962,0.6237,0.0
2026-07-24T05:04+00:00,0x076daa87c4fe1a85402a9b6b8e0a866224388d4c,Will Houston Dash win on 2026-07-24?,Yes,15743.6963,0.3119,0.365
2026-07-24T05:04+00:00,0x076daa87c4fe1a85402a9b6b8e0a866224388d4c,Will Kansas City Current win on 2026-07-25?,Yes,7486.9127,0.3794,0.43
2026-07-24T05:04+00:00,0x076daa87c4fe1a85402a9b6b8e0a866224388d4c,Will Orlando Pride win on 2026-07-24?,Yes,3866.3576,0.6076,0.645
2026-07-24T05:04+00:00,0x076daa87c4fe1a85402a9b6b8e0a866224388d4c,Bloomfield Hills: Michael Zheng vs Adam Walton,Michael Zheng,2714.2525,0.5126,0.515
2026-07-24T05:04+00:00,0x076daa87c4fe1a85402a9b6b8e0a866224388d4c,América FC vs. Goiás EC: O/U 2.5,Under,1671.0563,0.5269,0.675
2026-07-24T05:04+00:00,0x076daa87c4fe1a85402a9b6b8e0a866224388d4c,CF Montréal vs. Inter Miami CF: O/U 3.5,Over,2256.0652,0.4599,0.465
2026-07-24T05:04+00:00,0x076daa87c4fe1a85402a9b6b8e0a866224388d4c,Will CS Huancayo win on 2026-07-25?,Yes,1683.5087,0.5664,0.585
2026-07-24T05:04+00:00,0x076daa87c4fe1a85402a9b6b8e0a866224388d4c,Yunnan Yukun FC vs. Shenzhen Xinpengcheng FC: O/U 5.5,Under,1126.0689,0.8699,0.86
2026-07-24T05:04+00:00,0x076daa87c4fe1a85402a9b6b8e0a866224388d4c,Will Club Alianza Atlético win on 2026-07-24?,Yes,1521.3725,0.5099,0.545
2026-07-24T05:04+00:00,0x076daa87c4fe1a85402a9b6b8e0a866224388d4c,Will CS Cienciano win on 2026-07-25?,No,1006.8046,0.5405,0.65
2026-07-24T05:04+00:00,0x076daa87c4fe1a85402a9b6b8e0a866224388d4c,DSV TGI Gold Leoben vs. ASK Voitsberg: O/U 4.5,Over,901.7265,0.4895,0.555
2026-07-24T05:04+00:00,0x076daa87c4fe1a85402a9b6b8e0a866224388d4c,Spread: FCM Traiskirchen (-1.5),FCM Traiskirchen,871.5999,0.5393,0.5699
2026-07-24T05:04+00:00,0x076daa87c4fe1a85402a9b6b8e0a866224388d4c,Will Shanghai Shenhua FC vs. Beijing Guoan FC end in a draw?,No,586.5714,0.7699,0.825
2026-07-24T05:04+00:00,0x076daa87c4fe1a85402a9b6b8e0a866224388d4c,Will Djurgardens IF win on 2026-07-25?,No,805.0,0.46,0.455
2026-07-24T05:04+00:00,0x076daa87c4fe1a85402a9b6b8e0a866224388d4c,Tampere: Gauthier Onclin vs Tom Gentzsch,Tom Gentzsch,615.6909,0.5499,0.525
2026-07-24T05:04+00:00,0x076daa87c4fe1a85402a9b6b8e0a866224388d4c,Will Djurgardens IF win on 2026-07-25?,Yes,568.75,0.56,0.545
2026-07-24T05:04+00:00,0x076daa87c4fe1a85402a9b6b8e0a866224388d4c,Spread: Viking FK (-1.5),Aalesunds FK,475.0,0.58,0.59
2026-07-24T05:04+00:00,0x076daa87c4fe1a85402a9b6b8e0a866224388d4c,Set Handicap: Sobolieva (-1.5) vs Siskova (+1.5),Siskova,414.261,0.6319,0.625
2026-07-24T05:04+00:00,0x076daa87c4fe1a85402a9b6b8e0a866224388d4c,CF Montréal vs. Inter Miami CF: O/U 3.5,Under,428.7736,0.5498,0.535
2026-07-24T05:04+00:00,0x076daa87c4fe1a85402a9b6b8e0a866224388d4c,Will Inter Miami CF win on 2026-07-25?,No,390.3618,0.5597,0.535
2026-07-24T05:04+00:00,0x076daa87c4fe1a85402a9b6b8e0a866224388d4c,SV Sparkasse Leobendorf vs. SC Rheindorf Altach: SV Sparkass,Over,381.1352,0.5204,0.535
2026-07-24T05:04+00:00,0x076daa87c4fe1a85402a9b6b8e0a866224388d4c,Segovia: Paul Inchauspe vs Keegan Smith,Keegan Smith,225.7213,0.6082,0.655
2026-07-24T05:04+00:00,0x076daa87c4fe1a85402a9b6b8e0a866224388d4c,Will FK Bodø/Glimt win on 2026-07-26?,Yes,198.232,0.6981,0.7
2026-07-24T05:04+00:00,0x076daa87c4fe1a85402a9b6b8e0a866224388d4c,Will Kansas City Current win on 2026-07-25?,No,212.589,0.5798,0.5699
2026-07-24T05:04+00:00,0x076daa87c4fe1a85402a9b6b8e0a866224388d4c,Zug: Philip Henning vs Thiago Seyboth Wild,Thiago Seyboth Wild,181.6268,0.6699,0.665
2026-07-24T05:04+00:00,0x076daa87c4fe1a85402a9b6b8e0a866224388d4c,ITF Amstetten: Anna Siskova vs Anastasiya Sobolieva,Anastasiya Sobolieva,184.0653,0.6292,0.605
2026-07-24T05:04+00:00,0x076daa87c4fe1a85402a9b6b8e0a866224388d4c,Valorant: Sentinels vs LOUD (BO3) - VCT Americas Stage 2 Gro,Sentinels,198.2142,0.5599,0.56
2026-07-24T05:04+00:00,0x076daa87c4fe1a85402a9b6b8e0a866224388d4c,Will FC Baník Ostrava win on 2026-07-25?,Yes,237.2,0.4,0.445
2026-07-24T05:04+00:00,0x076daa87c4fe1a85402a9b6b8e0a866224388d4c,Will Orgryte IS win on 2026-07-24?,No,104.4235,0.8499,0.825
2026-07-24T05:04+00:00,0x076daa87c4fe1a85402a9b6b8e0a866224388d4c,Spread: SV Oberbank Ried (-2.5),Mohren FC Dornbirn 1913,150.6727,0.5499,0.545
2026-07-24T05:04+00:00,0x076daa87c4fe1a85402a9b6b8e0a866224388d4c,Will Vancouver Whitecaps FC win on 2026-07-16?,Yes,272.6923,0.3899,0.26
2026-07-24T05:04+00:00,0x076daa87c4fe1a85402a9b6b8e0a866224388d4c,Will Vålerenga Fotball win on 2026-07-26?,No,90.0,0.7888,0.775
2026-07-24T05:04+00:00,0x076daa87c4fe1a85402a9b6b8e0a866224388d4c,Spread: FCM Traiskirchen (-1.5),SVG Bleiburg,158.26,0.5,0.43
2026-07-24T05:04+00:00,0x076daa87c4fe1a85402a9b6b8e0a866224388d4c,PortlandFire vs. Las Vegas Aces,Las Vegas Aces,67.1046,0.86,0.855
2026-07-24T05:04+00:00,0x076daa87c4fe1a85402a9b6b8e0a866224388d4c,Will Club Tijuana win on 2026-07-24?,No,106.8235,0.5099,0.515
2026-07-24T05:04+00:00,0x076daa87c4fe1a85402a9b6b8e0a866224388d4c,Spread: FK Bodø/Glimt (-1.5),FK Bodø/Glimt,109.8308,0.4845,0.48
2026-07-24T05:04+00:00,0x076daa87c4fe1a85402a9b6b8e0a866224388d4c,Mohren FC Dornbirn 1913 vs. SV Oberbank Ried: O/U 3.5,Under,102.0,0.51,0.495
2026-07-24T05:04+00:00,0x076daa87c4fe1a85402a9b6b8e0a866224388d4c,Will Molde FK win on 2026-07-26?,No,88.6181,0.55,0.555
2026-07-24T05:04+00:00,0x076daa87c4fe1a85402a9b6b8e0a866224388d4c,Will Nashville SC win on 2026-07-25?,No,88.3849,0.5264,0.545
2026-07-24T05:04+00:00,0x076daa87c4fe1a85402a9b6b8e0a866224388d4c,FCM Traiskirchen vs. SVG Bleiburg: O/U 3.5,Over,115.8521,0.4703,0.415
2026-07-24T05:04+00:00,0x076daa87c4fe1a85402a9b6b8e0a866224388d4c,Will Botafogo FC win on 2026-07-23?,Yes,46.2432,0.3699,1.0
2026-07-24T05:04+00:00,0x076daa87c4fe1a85402a9b6b8e0a866224388d4c,Will ATuS Velden win on 2026-07-24?,Yes,80.0,0.5,0.48
2026-07-24T05:04+00:00,0x076daa87c4fe1a85402a9b6b8e0a866224388d4c,Hamburg European Open: Tamara Korpatsch vs Anhelina Kalinina,Tamara Korpatsch,156.6956,0.2299,0.235
2026-07-24T05:04+00:00,0x076daa87c4fe1a85402a9b6b8e0a866224388d4c,Will Bay FC win on 2026-07-24?,No,58.7083,0.4799,0.62
2026-07-24T05:04+00:00,0x076daa87c4fe1a85402a9b6b8e0a866224388d4c,IK Sirius vs. IFK Goteborg: IK Sirius O/U 1.5,Over,48.9859,0.7099,0.7
2026-07-24T05:04+00:00,0x076daa87c4fe1a85402a9b6b8e0a866224388d4c,Estoril Open: Tiago Torres vs Hugo Gaston,Tiago Torres,87.23,0.25,0.295
2026-07-24T05:04+00:00,0x076daa87c4fe1a85402a9b6b8e0a866224388d4c,Segovia: Matteo Martineau vs Yanki Erel,Yanki Erel,42.2678,0.5611,0.585
2026-07-24T05:04+00:00,0x076daa87c4fe1a85402a9b6b8e0a866224388d4c,Will IF Elfsborg win on 2026-07-26?,No,32.2467,0.7668,0.765
2026-07-24T05:04+00:00,0x076daa87c4fe1a85402a9b6b8e0a866224388d4c,Map Handicap: PR (-1.5) vs DetonatioN FocusMe (+1.5),DetonatioN FocusMe,56.3783,0.3714,0.415
2026-07-24T05:04+00:00,0x076daa87c4fe1a85402a9b6b8e0a866224388d4c,Deutschlandsberger SC vs. SKU Ertl Glas Amstetten: O/U 3.5,Over,44.5054,0.497,0.495
