t,event_title,city,target_date,market_id,slug,question,outcomes,prices,volume,neg_risk,fc_gfs_c,fc_ecmwf_c,fc_icon_c,fc_ens_std_c
1788224338.8,Highest temperature in London on August 31?,London,2026-08-31,3967367,highest-temperature-in-london-on-august-31-2026-16corbelow,Will the highest temperature in London be 16°C or below on August 31?,"[""Yes"", ""No""]","[""0"", ""1""]",583.395579,1,21.8,21.9,22.3,0.472
1788224338.8,Highest temperature in London on August 31?,London,2026-08-31,3967368,highest-temperature-in-london-on-august-31-2026-17c,Will the highest temperature in London be 17°C on August 31?,"[""Yes"", ""No""]","[""0"", ""1""]",304.98900000000003,1,21.8,21.9,22.3,0.472
1788224338.8,Highest temperature in London on August 31?,London,2026-08-31,3967369,highest-temperature-in-london-on-august-31-2026-18c,Will the highest temperature in London be 18°C on August 31?,"[""Yes"", ""No""]","[""0"", ""1""]",458.01853099999994,1,21.8,21.9,22.3,0.472
1788224338.8,Highest temperature in London on August 31?,London,2026-08-31,3967370,highest-temperature-in-london-on-august-31-2026-19c,Will the highest temperature in London be 19°C on August 31?,"[""Yes"", ""No""]","[""0"", ""1""]",1768.944941,1,21.8,21.9,22.3,0.472
1788224338.8,Highest temperature in London on August 31?,London,2026-08-31,3967371,highest-temperature-in-london-on-august-31-2026-20c,Will the highest temperature in London be 20°C on August 31?,"[""Yes"", ""No""]","[""0"", ""1""]",2357.9321520000003,1,21.8,21.9,22.3,0.472
1788224338.8,Highest temperature in London on August 31?,London,2026-08-31,3967372,highest-temperature-in-london-on-august-31-2026-21c,Will the highest temperature in London be 21°C on August 31?,"[""Yes"", ""No""]","[""0.0005"", ""0.9995""]",10089.299972000003,1,21.8,21.9,22.3,0.472
1788224338.8,Highest temperature in London on August 31?,London,2026-08-31,3967373,highest-temperature-in-london-on-august-31-2026-22c,Will the highest temperature in London be 22°C on August 31?,"[""Yes"", ""No""]","[""0"", ""1""]",21299.906144,1,21.8,21.9,22.3,0.472
1788224338.8,Highest temperature in London on August 31?,London,2026-08-31,3967374,highest-temperature-in-london-on-august-31-2026-23c,Will the highest temperature in London be 23°C on August 31?,"[""Yes"", ""No""]","[""0"", ""1""]",14664.121330999998,1,21.8,21.9,22.3,0.472
1788224338.8,Highest temperature in London on August 31?,London,2026-08-31,3967375,highest-temperature-in-london-on-august-31-2026-24c,Will the highest temperature in London be 24°C on August 31?,"[""Yes"", ""No""]","[""0.9995"", ""0.0005""]",18435.771284000002,1,21.8,21.9,22.3,0.472
1788224338.8,Highest temperature in London on August 31?,London,2026-08-31,3967376,highest-temperature-in-london-on-august-31-2026-25c,Will the highest temperature in London be 25°C on August 31?,"[""Yes"", ""No""]","[""0"", ""1""]",14143.486639000002,1,21.8,21.9,22.3,0.472
1788224338.8,Highest temperature in London on August 31?,London,2026-08-31,3967377,highest-temperature-in-london-on-august-31-2026-26corhigher,Will the highest temperature in London be 26°C or higher on August 31?,"[""Yes"", ""No""]","[""0"", ""1""]",5888.368423,1,21.8,21.9,22.3,0.472
1788224338.8,Highest temperature in Hong Kong on August 31?,Hong Kong,2026-08-31,3967466,highest-temperature-in-hong-kong-on-august-31-2026-24corbelow,Will the highest temperature in Hong Kong be 24°C or below on August 31?,"[""Yes"", ""No""]","[""0.0005"", ""0.9995""]",1278.0910000000001,1,29.5,28.9,29.8,0.71
1788224338.8,Highest temperature in Hong Kong on August 31?,Hong Kong,2026-08-31,3967467,highest-temperature-in-hong-kong-on-august-31-2026-25c,Will the highest temperature in Hong Kong be 25°C on August 31?,"[""Yes"", ""No""]","[""0.0005"", ""0.9995""]",267.991,1,29.5,28.9,29.8,0.71
1788224338.8,Highest temperature in Hong Kong on August 31?,Hong Kong,2026-08-31,3967468,highest-temperature-in-hong-kong-on-august-31-2026-26c,Will the highest temperature in Hong Kong be 26°C on August 31?,"[""Yes"", ""No""]","[""0.0005"", ""0.9995""]",1552.2570030000002,1,29.5,28.9,29.8,0.71
1788224338.8,Highest temperature in Hong Kong on August 31?,Hong Kong,2026-08-31,3967469,highest-temperature-in-hong-kong-on-august-31-2026-27c,Will the highest temperature in Hong Kong be 27°C on August 31?,"[""Yes"", ""No""]","[""0.0005"", ""0.9995""]",5196.757278000001,1,29.5,28.9,29.8,0.71
1788224338.8,Highest temperature in Hong Kong on August 31?,Hong Kong,2026-08-31,3967470,highest-temperature-in-hong-kong-on-august-31-2026-28c,Will the highest temperature in Hong Kong be 28°C on August 31?,"[""Yes"", ""No""]","[""0.0025"", ""0.9975""]",17135.437290000005,1,29.5,28.9,29.8,0.71
1788224338.8,Highest temperature in Hong Kong on August 31?,Hong Kong,2026-08-31,3967471,highest-temperature-in-hong-kong-on-august-31-2026-29c,Will the highest temperature in Hong Kong be 29°C on August 31?,"[""Yes"", ""No""]","[""0.965"", ""0.035""]",45370.597961,1,29.5,28.9,29.8,0.71
1788224338.8,Highest temperature in Hong Kong on August 31?,Hong Kong,2026-08-31,3967472,highest-temperature-in-hong-kong-on-august-31-2026-30c,Will the highest temperature in Hong Kong be 30°C on August 31?,"[""Yes"", ""No""]","[""0.0005"", ""0.9995""]",18331.480263000005,1,29.5,28.9,29.8,0.71
1788224338.8,Highest temperature in Hong Kong on August 31?,Hong Kong,2026-08-31,3967473,highest-temperature-in-hong-kong-on-august-31-2026-31c,Will the highest temperature in Hong Kong be 31°C on August 31?,"[""Yes"", ""No""]","[""0.01"", ""0.99""]",14069.787932999998,1,29.5,28.9,29.8,0.71
1788224338.8,Highest temperature in Hong Kong on August 31?,Hong Kong,2026-08-31,3967474,highest-temperature-in-hong-kong-on-august-31-2026-32c,Will the highest temperature in Hong Kong be 32°C on August 31?,"[""Yes"", ""No""]","[""0.01"", ""0.99""]",10498.443731,1,29.5,28.9,29.8,0.71
1788224338.8,Highest temperature in Hong Kong on August 31?,Hong Kong,2026-08-31,3967475,highest-temperature-in-hong-kong-on-august-31-2026-33c,Will the highest temperature in Hong Kong be 33°C on August 31?,"[""Yes"", ""No""]","[""0.0015"", ""0.9985""]",6804.157467999999,1,29.5,28.9,29.8,0.71
1788224338.8,Highest temperature in Hong Kong on August 31?,Hong Kong,2026-08-31,3967476,highest-temperature-in-hong-kong-on-august-31-2026-34corhigher,Will the highest temperature in Hong Kong be 34°C or higher on August 31?,"[""Yes"", ""No""]","[""0.001"", ""0.999""]",965.6343969999999,1,29.5,28.9,29.8,0.71
1788224338.8,Highest temperature in NYC on August 31?,NYC,2026-08-31,3968599,highest-temperature-in-nyc-on-august-31-2026-73forbelow,Will the highest temperature in New York City be 73°F or below on August 31?,"[""Yes"", ""No""]","[""0.0005"", ""0.9995""]",3380.5488940000005,1,25.5,26.5,24.9,0.784
1788224338.8,Highest temperature in NYC on August 31?,NYC,2026-08-31,3968600,highest-temperature-in-nyc-on-august-31-2026-74-75f,Will the highest temperature in New York City be between 74-75°F on August 31?,"[""Yes"", ""No""]","[""0.0005"", ""0.9995""]",12459.763024999997,1,25.5,26.5,24.9,0.784
1788224338.8,Highest temperature in NYC on August 31?,NYC,2026-08-31,3968601,highest-temperature-in-nyc-on-august-31-2026-76-77f,Will the highest temperature in New York City be between 76-77°F on August 31?,"[""Yes"", ""No""]","[""0.9985"", ""0.0015""]",12961.613866999996,1,25.5,26.5,24.9,0.784
1788224338.8,Highest temperature in NYC on August 31?,NYC,2026-08-31,3968602,highest-temperature-in-nyc-on-august-31-2026-78-79f,Will the highest temperature in New York City be between 78-79°F on August 31?,"[""Yes"", ""No""]","[""0.0055"", ""0.9945""]",10646.570035,1,25.5,26.5,24.9,0.784
1788224338.8,Highest temperature in NYC on August 31?,NYC,2026-08-31,3968603,highest-temperature-in-nyc-on-august-31-2026-80-81f,Will the highest temperature in New York City be between 80-81°F on August 31?,"[""Yes"", ""No""]","[""0.001"", ""0.999""]",9915.152662000002,1,25.5,26.5,24.9,0.784
1788224338.8,Highest temperature in NYC on August 31?,NYC,2026-08-31,3968604,highest-temperature-in-nyc-on-august-31-2026-82-83f,Will the highest temperature in New York City be between 82-83°F on August 31?,"[""Yes"", ""No""]","[""0.0005"", ""0.9995""]",5634.715754000002,1,25.5,26.5,24.9,0.784
1788224338.8,Highest temperature in NYC on August 31?,NYC,2026-08-31,3968605,highest-temperature-in-nyc-on-august-31-2026-84-85f,Will the highest temperature in New York City be between 84-85°F on August 31?,"[""Yes"", ""No""]","[""0.0005"", ""0.9995""]",3978.801249,1,25.5,26.5,24.9,0.784
1788224338.8,Highest temperature in NYC on August 31?,NYC,2026-08-31,3968606,highest-temperature-in-nyc-on-august-31-2026-86-87f,Will the highest temperature in New York City be between 86-87°F on August 31?,"[""Yes"", ""No""]","[""0.0005"", ""0.9995""]",564.8085,1,25.5,26.5,24.9,0.784
1788224338.8,Highest temperature in NYC on August 31?,NYC,2026-08-31,3968607,highest-temperature-in-nyc-on-august-31-2026-88-89f,Will the highest temperature in New York City be between 88-89°F on August 31?,"[""Yes"", ""No""]","[""0.0005"", ""0.9995""]",360.45184700000004,1,25.5,26.5,24.9,0.784
1788224338.8,Highest temperature in NYC on August 31?,NYC,2026-08-31,3968608,highest-temperature-in-nyc-on-august-31-2026-90-91f,Will the highest temperature in New York City be between 90-91°F on August 31?,"[""Yes"", ""No""]","[""0.0005"", ""0.9995""]",2508.7532719999995,1,25.5,26.5,24.9,0.784
1788224338.8,Highest temperature in NYC on August 31?,NYC,2026-08-31,3968609,highest-temperature-in-nyc-on-august-31-2026-92forhigher,Will the highest temperature in New York City be 92°F or higher on August 31?,"[""Yes"", ""No""]","[""0.0005"", ""0.9995""]",1137.905,1,25.5,26.5,24.9,0.784
1788224338.8,Highest temperature in Dallas on August 31?,Dallas,2026-08-31,3968610,highest-temperature-in-dallas-on-august-31-2026-89forbelow,Will the highest temperature in Dallas be 89°F or below on August 31?,"[""Yes"", ""No""]","[""0.0005"", ""0.9995""]",1014.954,1,38.7,37.7,37.6,0.769
1788224338.8,Highest temperature in Dallas on August 31?,Dallas,2026-08-31,3968611,highest-temperature-in-dallas-on-august-31-2026-90-91f,Will the highest temperature in Dallas be between 90-91°F on August 31?,"[""Yes"", ""No""]","[""0.0005"", ""0.9995""]",139.95999999999998,1,38.7,37.7,37.6,0.769
1788224338.8,Highest temperature in Dallas on August 31?,Dallas,2026-08-31,3968612,highest-temperature-in-dallas-on-august-31-2026-92-93f,Will the highest temperature in Dallas be between 92-93°F on August 31?,"[""Yes"", ""No""]","[""0.0005"", ""0.9995""]",570.617,1,38.7,37.7,37.6,0.769
1788224338.8,Highest temperature in Dallas on August 31?,Dallas,2026-08-31,3968613,highest-temperature-in-dallas-on-august-31-2026-94-95f,Will the highest temperature in Dallas be between 94-95°F on August 31?,"[""Yes"", ""No""]","[""0.0005"", ""0.9995""]",1170.688663,1,38.7,37.7,37.6,0.769
1788224338.8,Highest temperature in Dallas on August 31?,Dallas,2026-08-31,3968614,highest-temperature-in-dallas-on-august-31-2026-96-97f,Will the highest temperature in Dallas be between 96-97°F on August 31?,"[""Yes"", ""No""]","[""0.0005"", ""0.9995""]",4889.691569,1,38.7,37.7,37.6,0.769
1788224338.8,Highest temperature in Dallas on August 31?,Dallas,2026-08-31,3968615,highest-temperature-in-dallas-on-august-31-2026-98-99f,Will the highest temperature in Dallas be between 98-99°F on August 31?,"[""Yes"", ""No""]","[""0.0005"", ""0.9995""]",10122.785684999997,1,38.7,37.7,37.6,0.769
1788224338.8,Highest temperature in Dallas on August 31?,Dallas,2026-08-31,3968616,highest-temperature-in-dallas-on-august-31-2026-100-101f,Will the highest temperature in Dallas be between 100-101°F on August 31?,"[""Yes"", ""No""]","[""0.995"", ""0.005""]",13564.483311999997,1,38.7,37.7,37.6,0.769
1788224338.8,Highest temperature in Dallas on August 31?,Dallas,2026-08-31,3968617,highest-temperature-in-dallas-on-august-31-2026-102-103f,Will the highest temperature in Dallas be between 102-103°F on August 31?,"[""Yes"", ""No""]","[""0.004"", ""0.996""]",5174.397746,1,38.7,37.7,37.6,0.769
1788224338.8,Highest temperature in Dallas on August 31?,Dallas,2026-08-31,3968618,highest-temperature-in-dallas-on-august-31-2026-104-105f,Will the highest temperature in Dallas be between 104-105°F on August 31?,"[""Yes"", ""No""]","[""0.003"", ""0.997""]",3623.8601119999994,1,38.7,37.7,37.6,0.769
1788224338.8,Highest temperature in Dallas on August 31?,Dallas,2026-08-31,3968619,highest-temperature-in-dallas-on-august-31-2026-106-107f,Will the highest temperature in Dallas be between 106-107°F on August 31?,"[""Yes"", ""No""]","[""0.0005"", ""0.9995""]",461.68100000000004,1,38.7,37.7,37.6,0.769
1788224338.8,Highest temperature in Dallas on August 31?,Dallas,2026-08-31,3968620,highest-temperature-in-dallas-on-august-31-2026-108forhigher,Will the highest temperature in Dallas be 108°F or higher on August 31?,"[""Yes"", ""No""]","[""0.0005"", ""0.9995""]",590.4695290000001,1,38.7,37.7,37.6,0.769
1788224338.8,Highest temperature in Atlanta on August 31?,Atlanta,2026-08-31,3968621,highest-temperature-in-atlanta-on-august-31-2026-81forbelow,Will the highest temperature in Atlanta be 81°F or below on August 31?,"[""Yes"", ""No""]","[""0.0005"", ""0.9995""]",87.997,1,34.1,32.3,33.1,0.54
1788224338.8,Highest temperature in Atlanta on August 31?,Atlanta,2026-08-31,3968622,highest-temperature-in-atlanta-on-august-31-2026-82-83f,Will the highest temperature in Atlanta be between 82-83°F on August 31?,"[""Yes"", ""No""]","[""0.0005"", ""0.9995""]",783.98,1,34.1,32.3,33.1,0.54
1788224338.8,Highest temperature in Atlanta on August 31?,Atlanta,2026-08-31,3968623,highest-temperature-in-atlanta-on-august-31-2026-84-85f,Will the highest temperature in Atlanta be between 84-85°F on August 31?,"[""Yes"", ""No""]","[""0.0005"", ""0.9995""]",232.405,1,34.1,32.3,33.1,0.54
1788224338.8,Highest temperature in Atlanta on August 31?,Atlanta,2026-08-31,3968624,highest-temperature-in-atlanta-on-august-31-2026-86-87f,Will the highest temperature in Atlanta be between 86-87°F on August 31?,"[""Yes"", ""No""]","[""0.0005"", ""0.9995""]",844.6835,1,34.1,32.3,33.1,0.54
1788224338.8,Highest temperature in Atlanta on August 31?,Atlanta,2026-08-31,3968625,highest-temperature-in-atlanta-on-august-31-2026-88-89f,Will the highest temperature in Atlanta be between 88-89°F on August 31?,"[""Yes"", ""No""]","[""0.0005"", ""0.9995""]",1343.5392000000002,1,34.1,32.3,33.1,0.54
1788224338.8,Highest temperature in Atlanta on August 31?,Atlanta,2026-08-31,3968626,highest-temperature-in-atlanta-on-august-31-2026-90-91f,Will the highest temperature in Atlanta be between 90-91°F on August 31?,"[""Yes"", ""No""]","[""0.0005"", ""0.9995""]",2490.6423010000003,1,34.1,32.3,33.1,0.54
1788224338.8,Highest temperature in Atlanta on August 31?,Atlanta,2026-08-31,3968627,highest-temperature-in-atlanta-on-august-31-2026-92-93f,Will the highest temperature in Atlanta be between 92-93°F on August 31?,"[""Yes"", ""No""]","[""0.9995"", ""0.0005""]",7275.7111810000015,1,34.1,32.3,33.1,0.54
1788224338.8,Highest temperature in Atlanta on August 31?,Atlanta,2026-08-31,3968628,highest-temperature-in-atlanta-on-august-31-2026-94-95f,Will the highest temperature in Atlanta be between 94-95°F on August 31?,"[""Yes"", ""No""]","[""0.0005"", ""0.9995""]",6371.722073999999,1,34.1,32.3,33.1,0.54
1788224338.8,Highest temperature in Atlanta on August 31?,Atlanta,2026-08-31,3968629,highest-temperature-in-atlanta-on-august-31-2026-96-97f,Will the highest temperature in Atlanta be between 96-97°F on August 31?,"[""Yes"", ""No""]","[""0.0005"", ""0.9995""]",2229.479875,1,34.1,32.3,33.1,0.54
1788224338.8,Highest temperature in Atlanta on August 31?,Atlanta,2026-08-31,3968630,highest-temperature-in-atlanta-on-august-31-2026-98-99f,Will the highest temperature in Atlanta be between 98-99°F on August 31?,"[""Yes"", ""No""]","[""0.0005"", ""0.9995""]",1937.982169,1,34.1,32.3,33.1,0.54
1788224338.8,Highest temperature in Atlanta on August 31?,Atlanta,2026-08-31,3968631,highest-temperature-in-atlanta-on-august-31-2026-100forhigher,Will the highest temperature in Atlanta be 100°F or higher on August 31?,"[""Yes"", ""No""]","[""0.0005"", ""0.9995""]",580.514,1,34.1,32.3,33.1,0.54
1788224338.8,Highest temperature in Miami on August 31?,Miami,2026-08-31,3969356,highest-temperature-in-miami-on-august-31-2026-79forbelow,Will the highest temperature in Miami be 79°F or below on August 31?,"[""Yes"", ""No""]","[""0.0005"", ""0.9995""]",3264.7510000000007,1,31.5,31.1,31.7,0.23
1788224338.8,Highest temperature in Miami on August 31?,Miami,2026-08-31,3969357,highest-temperature-in-miami-on-august-31-2026-80-81f,Will the highest temperature in Miami be between 80-81°F on August 31?,"[""Yes"", ""No""]","[""0.0005"", ""0.9995""]",2274.863332,1,31.5,31.1,31.7,0.23
1788224338.8,Highest temperature in Miami on August 31?,Miami,2026-08-31,3969358,highest-temperature-in-miami-on-august-31-2026-82-83f,Will the highest temperature in Miami be between 82-83°F on August 31?,"[""Yes"", ""No""]","[""0.0005"", ""0.9995""]",2261.0664960000004,1,31.5,31.1,31.7,0.23
1788224338.8,Highest temperature in Miami on August 31?,Miami,2026-08-31,3969359,highest-temperature-in-miami-on-august-31-2026-84-85f,Will the highest temperature in Miami be between 84-85°F on August 31?,"[""Yes"", ""No""]","[""0.0005"", ""0.9995""]",2338.7309880000003,1,31.5,31.1,31.7,0.23
1788224338.8,Highest temperature in Miami on August 31?,Miami,2026-08-31,3969360,highest-temperature-in-miami-on-august-31-2026-86-87f,Will the highest temperature in Miami be between 86-87°F on August 31?,"[""Yes"", ""No""]","[""0.0005"", ""0.9995""]",2141.7295,1,31.5,31.1,31.7,0.23
1788224338.8,Highest temperature in Miami on August 31?,Miami,2026-08-31,3969361,highest-temperature-in-miami-on-august-31-2026-88-89f,Will the highest temperature in Miami be between 88-89°F on August 31?,"[""Yes"", ""No""]","[""0.0005"", ""0.9995""]",4929.600378,1,31.5,31.1,31.7,0.23
1788224338.8,Highest temperature in Miami on August 31?,Miami,2026-08-31,3969362,highest-temperature-in-miami-on-august-31-2026-90-91f,Will the highest temperature in Miami be between 90-91°F on August 31?,"[""Yes"", ""No""]","[""0.9995"", ""0.0005""]",10171.647886000004,1,31.5,31.1,31.7,0.23
1788224338.8,Highest temperature in Miami on August 31?,Miami,2026-08-31,3969363,highest-temperature-in-miami-on-august-31-2026-92-93f,Will the highest temperature in Miami be between 92-93°F on August 31?,"[""Yes"", ""No""]","[""0.0005"", ""0.9995""]",10077.733916000001,1,31.5,31.1,31.7,0.23
1788224338.8,Highest temperature in Miami on August 31?,Miami,2026-08-31,3969364,highest-temperature-in-miami-on-august-31-2026-94-95f,Will the highest temperature in Miami be between 94-95°F on August 31?,"[""Yes"", ""No""]","[""0.0005"", ""0.9995""]",2893.9008419999996,1,31.5,31.1,31.7,0.23
1788224338.8,Highest temperature in Miami on August 31?,Miami,2026-08-31,3969365,highest-temperature-in-miami-on-august-31-2026-96-97f,Will the highest temperature in Miami be between 96-97°F on August 31?,"[""Yes"", ""No""]","[""0.0005"", ""0.9995""]",3237.339294,1,31.5,31.1,31.7,0.23
1788224338.8,Highest temperature in Miami on August 31?,Miami,2026-08-31,3969366,highest-temperature-in-miami-on-august-31-2026-98forhigher,Will the highest temperature in Miami be 98°F or higher on August 31?,"[""Yes"", ""No""]","[""0.0005"", ""0.9995""]",1142.349,1,31.5,31.1,31.7,0.23
1788224338.8,Highest temperature in Chicago on August 31?,Chicago,2026-08-31,3969367,highest-temperature-in-chicago-on-august-31-2026-81forbelow,Will the highest temperature in Chicago be 81°F or below on August 31?,"[""Yes"", ""No""]","[""0.0005"", ""0.9995""]",2898.668639,1,30.1,30.5,33.1,0.332
1788224338.8,Highest temperature in Chicago on August 31?,Chicago,2026-08-31,3969368,highest-temperature-in-chicago-on-august-31-2026-82-83f,Will the highest temperature in Chicago be between 82-83°F on August 31?,"[""Yes"", ""No""]","[""0.0005"", ""0.9995""]",2073.239198,1,30.1,30.5,33.1,0.332
1788224338.8,Highest temperature in Chicago on August 31?,Chicago,2026-08-31,3969369,highest-temperature-in-chicago-on-august-31-2026-84-85f,Will the highest temperature in Chicago be between 84-85°F on August 31?,"[""Yes"", ""No""]","[""0.0005"", ""0.9995""]",24080.473735000003,1,30.1,30.5,33.1,0.332
1788224338.8,Highest temperature in Chicago on August 31?,Chicago,2026-08-31,3969370,highest-temperature-in-chicago-on-august-31-2026-86-87f,Will the highest temperature in Chicago be between 86-87°F on August 31?,"[""Yes"", ""No""]","[""0.9875"", ""0.0125""]",10283.394922000001,1,30.1,30.5,33.1,0.332
1788224338.8,Highest temperature in Chicago on August 31?,Chicago,2026-08-31,3969371,highest-temperature-in-chicago-on-august-31-2026-88-89f,Will the highest temperature in Chicago be between 88-89°F on August 31?,"[""Yes"", ""No""]","[""0.0005"", ""0.9995""]",6176.630529999999,1,30.1,30.5,33.1,0.332
1788224338.8,Highest temperature in Chicago on August 31?,Chicago,2026-08-31,3969372,highest-temperature-in-chicago-on-august-31-2026-90-91f,Will the highest temperature in Chicago be between 90-91°F on August 31?,"[""Yes"", ""No""]","[""0.005"", ""0.995""]",9402.900028999999,1,30.1,30.5,33.1,0.332
1788224338.8,Highest temperature in Chicago on August 31?,Chicago,2026-08-31,3969373,highest-temperature-in-chicago-on-august-31-2026-92-93f,Will the highest temperature in Chicago be between 92-93°F on August 31?,"[""Yes"", ""No""]","[""0.0035"", ""0.9965""]",6618.631074999999,1,30.1,30.5,33.1,0.332
1788224338.8,Highest temperature in Chicago on August 31?,Chicago,2026-08-31,3969374,highest-temperature-in-chicago-on-august-31-2026-94-95f,Will the highest temperature in Chicago be between 94-95°F on August 31?,"[""Yes"", ""No""]","[""0.0005"", ""0.9995""]",4924.671382,1,30.1,30.5,33.1,0.332
1788224338.8,Highest temperature in Chicago on August 31?,Chicago,2026-08-31,3969375,highest-temperature-in-chicago-on-august-31-2026-96-97f,Will the highest temperature in Chicago be between 96-97°F on August 31?,"[""Yes"", ""No""]","[""0.0005"", ""0.9995""]",1491.257773,1,30.1,30.5,33.1,0.332
1788224338.8,Highest temperature in Chicago on August 31?,Chicago,2026-08-31,3969376,highest-temperature-in-chicago-on-august-31-2026-98-99f,Will the highest temperature in Chicago be between 98-99°F on August 31?,"[""Yes"", ""No""]","[""0.0005"", ""0.9995""]",1080.459,1,30.1,30.5,33.1,0.332
1788224338.8,Highest temperature in Chicago on August 31?,Chicago,2026-08-31,3969377,highest-temperature-in-chicago-on-august-31-2026-100forhigher,Will the highest temperature in Chicago be 100°F or higher on August 31?,"[""Yes"", ""No""]","[""0.0005"", ""0.9995""]",337.98699999999997,1,30.1,30.5,33.1,0.332
1788224338.8,Highest temperature in Austin on August 31?,Austin,2026-08-31,3969378,highest-temperature-in-austin-on-august-31-2026-89forbelow,Will the highest temperature in Austin be 89°F or below on August 31?,"[""Yes"", ""No""]","[""0.0005"", ""0.9995""]",59.998000000000005,1,37.9,36.0,36.5,0.492
1788224338.8,Highest temperature in Austin on August 31?,Austin,2026-08-31,3969379,highest-temperature-in-austin-on-august-31-2026-90-91f,Will the highest temperature in Austin be between 90-91°F on August 31?,"[""Yes"", ""No""]","[""0.0005"", ""0.9995""]",88.008,1,37.9,36.0,36.5,0.492
1788224338.8,Highest temperature in Austin on August 31?,Austin,2026-08-31,3969380,highest-temperature-in-austin-on-august-31-2026-92-93f,Will the highest temperature in Austin be between 92-93°F on August 31?,"[""Yes"", ""No""]","[""0.0005"", ""0.9995""]",241.43820000000002,1,37.9,36.0,36.5,0.492
1788224338.8,Highest temperature in Austin on August 31?,Austin,2026-08-31,3969381,highest-temperature-in-austin-on-august-31-2026-94-95f,Will the highest temperature in Austin be between 94-95°F on August 31?,"[""Yes"", ""No""]","[""0.0005"", ""0.9995""]",894.400829,1,37.9,36.0,36.5,0.492
1788224338.8,Highest temperature in Austin on August 31?,Austin,2026-08-31,3969382,highest-temperature-in-austin-on-august-31-2026-96-97f,Will the highest temperature in Austin be between 96-97°F on August 31?,"[""Yes"", ""No""]","[""0.0005"", ""0.9995""]",2206.8089379999997,1,37.9,36.0,36.5,0.492
1788224338.8,Highest temperature in Austin on August 31?,Austin,2026-08-31,3969383,highest-temperature-in-austin-on-august-31-2026-98-99f,Will the highest temperature in Austin be between 98-99°F on August 31?,"[""Yes"", ""No""]","[""0.89"", ""0.11""]",6360.013428000003,1,37.9,36.0,36.5,0.492
1788224338.8,Highest temperature in Austin on August 31?,Austin,2026-08-31,3969384,highest-temperature-in-austin-on-august-31-2026-100-101f,Will the highest temperature in Austin be between 100-101°F on August 31?,"[""Yes"", ""No""]","[""0.005"", ""0.995""]",3264.731397999999,1,37.9,36.0,36.5,0.492
1788224338.8,Highest temperature in Austin on August 31?,Austin,2026-08-31,3969385,highest-temperature-in-austin-on-august-31-2026-102-103f,Will the highest temperature in Austin be between 102-103°F on August 31?,"[""Yes"", ""No""]","[""0.003"", ""0.997""]",1878.0626689999997,1,37.9,36.0,36.5,0.492
1788224338.8,Highest temperature in Austin on August 31?,Austin,2026-08-31,3969386,highest-temperature-in-austin-on-august-31-2026-104-105f,Will the highest temperature in Austin be between 104-105°F on August 31?,"[""Yes"", ""No""]","[""0.0005"", ""0.9995""]",373.0856,1,37.9,36.0,36.5,0.492
1788224338.8,Highest temperature in Austin on August 31?,Austin,2026-08-31,3969387,highest-temperature-in-austin-on-august-31-2026-106-107f,Will the highest temperature in Austin be between 106-107°F on August 31?,"[""Yes"", ""No""]","[""0.0005"", ""0.9995""]",189.98600000000002,1,37.9,36.0,36.5,0.492
1788224338.8,Highest temperature in Austin on August 31?,Austin,2026-08-31,3969388,highest-temperature-in-austin-on-august-31-2026-108forhigher,Will the highest temperature in Austin be 108°F or higher on August 31?,"[""Yes"", ""No""]","[""0.0005"", ""0.9995""]",189.96999999999997,1,37.9,36.0,36.5,0.492
1788224338.8,Highest temperature in Denver on August 31?,Denver,2026-08-31,3969389,highest-temperature-in-denver-on-august-31-2026-71forbelow,Will the highest temperature in Denver be 71°F or below on August 31?,"[""Yes"", ""No""]","[""0.0005"", ""0.9995""]",1451.952188,1,30.1,27.7,28.4,0.999
1788224338.8,Highest temperature in Denver on August 31?,Denver,2026-08-31,3969390,highest-temperature-in-denver-on-august-31-2026-72-73f,Will the highest temperature in Denver be between 72-73°F on August 31?,"[""Yes"", ""No""]","[""0.0005"", ""0.9995""]",555.874617,1,30.1,27.7,28.4,0.999
1788224338.8,Highest temperature in Denver on August 31?,Denver,2026-08-31,3969391,highest-temperature-in-denver-on-august-31-2026-74-75f,Will the highest temperature in Denver be between 74-75°F on August 31?,"[""Yes"", ""No""]","[""0.0005"", ""0.9995""]",1125.36593,1,30.1,27.7,28.4,0.999
1788224338.8,Highest temperature in Denver on August 31?,Denver,2026-08-31,3969392,highest-temperature-in-denver-on-august-31-2026-76-77f,Will the highest temperature in Denver be between 76-77°F on August 31?,"[""Yes"", ""No""]","[""0.0005"", ""0.9995""]",1267.404956,1,30.1,27.7,28.4,0.999
1788224338.8,Highest temperature in Denver on August 31?,Denver,2026-08-31,3969393,highest-temperature-in-denver-on-august-31-2026-78-79f,Will the highest temperature in Denver be between 78-79°F on August 31?,"[""Yes"", ""No""]","[""0.0005"", ""0.9995""]",1903.138128,1,30.1,27.7,28.4,0.999
1788224338.8,Highest temperature in Denver on August 31?,Denver,2026-08-31,3969394,highest-temperature-in-denver-on-august-31-2026-80-81f,Will the highest temperature in Denver be between 80-81°F on August 31?,"[""Yes"", ""No""]","[""0.0005"", ""0.9995""]",3297.2337540000003,1,30.1,27.7,28.4,0.999
1788224338.8,Highest temperature in Denver on August 31?,Denver,2026-08-31,3969395,highest-temperature-in-denver-on-august-31-2026-82-83f,Will the highest temperature in Denver be between 82-83°F on August 31?,"[""Yes"", ""No""]","[""0.0005"", ""0.9995""]",4347.501214,1,30.1,27.7,28.4,0.999
1788224338.8,Highest temperature in Denver on August 31?,Denver,2026-08-31,3969396,highest-temperature-in-denver-on-august-31-2026-84-85f,Will the highest temperature in Denver be between 84-85°F on August 31?,"[""Yes"", ""No""]","[""0.0005"", ""0.9995""]",2968.4404399999994,1,30.1,27.7,28.4,0.999
1788224338.8,Highest temperature in Denver on August 31?,Denver,2026-08-31,3969397,highest-temperature-in-denver-on-august-31-2026-86-87f,Will the highest temperature in Denver be between 86-87°F on August 31?,"[""Yes"", ""No""]","[""0.985"", ""0.015""]",1861.529337,1,30.1,27.7,28.4,0.999
1788224338.8,Highest temperature in Denver on August 31?,Denver,2026-08-31,3969398,highest-temperature-in-denver-on-august-31-2026-88-89f,Will the highest temperature in Denver be between 88-89°F on August 31?,"[""Yes"", ""No""]","[""0.025"", ""0.975""]",2234.124889,1,30.1,27.7,28.4,0.999
1788224338.8,Highest temperature in Denver on August 31?,Denver,2026-08-31,3969399,highest-temperature-in-denver-on-august-31-2026-90forhigher,Will the highest temperature in Denver be 90°F or higher on August 31?,"[""Yes"", ""No""]","[""0.005"", ""0.995""]",1236.736228,1,30.1,27.7,28.4,0.999
1788224338.8,Highest temperature in Houston on August 31?,Houston,2026-08-31,3969400,highest-temperature-in-houston-on-august-31-2026-83forbelow,Will the highest temperature in Houston be 83°F or below on August 31?,"[""Yes"", ""No""]","[""0.0005"", ""0.9995""]",1298.601,1,32.1,33.4,35.6,0.386
1788224338.8,Highest temperature in Houston on August 31?,Houston,2026-08-31,3969401,highest-temperature-in-houston-on-august-31-2026-84-85f,Will the highest temperature in Houston be between 84-85°F on August 31?,"[""Yes"", ""No""]","[""0.0005"", ""0.9995""]",331.50699999999995,1,32.1,33.4,35.6,0.386
1788224338.8,Highest temperature in Houston on August 31?,Houston,2026-08-31,3969402,highest-temperature-in-houston-on-august-31-2026-86-87f,Will the highest temperature in Houston be between 86-87°F on August 31?,"[""Yes"", ""No""]","[""0.0005"", ""0.9995""]",816.5416860000001,1,32.1,33.4,35.6,0.386
1788224338.8,Highest temperature in Houston on August 31?,Houston,2026-08-31,3969403,highest-temperature-in-houston-on-august-31-2026-88-89f,Will the highest temperature in Houston be between 88-89°F on August 31?,"[""Yes"", ""No""]","[""0.0005"", ""0.9995""]",6298.2468819999995,1,32.1,33.4,35.6,0.386
1788224338.8,Highest temperature in Houston on August 31?,Houston,2026-08-31,3969404,highest-temperature-in-houston-on-august-31-2026-90-91f,Will the highest temperature in Houston be between 90-91°F on August 31?,"[""Yes"", ""No""]","[""0.9985"", ""0.0015""]",5542.878038,1,32.1,33.4,35.6,0.386
1788224338.8,Highest temperature in Houston on August 31?,Houston,2026-08-31,3969405,highest-temperature-in-houston-on-august-31-2026-92-93f,Will the highest temperature in Houston be between 92-93°F on August 31?,"[""Yes"", ""No""]","[""0.01"", ""0.99""]",5557.147377,1,32.1,33.4,35.6,0.386
1788224338.8,Highest temperature in Houston on August 31?,Houston,2026-08-31,3969406,highest-temperature-in-houston-on-august-31-2026-94-95f,Will the highest temperature in Houston be between 94-95°F on August 31?,"[""Yes"", ""No""]","[""0.001"", ""0.999""]",5839.719322999998,1,32.1,33.4,35.6,0.386
1788224338.8,Highest temperature in Houston on August 31?,Houston,2026-08-31,3969407,highest-temperature-in-houston-on-august-31-2026-96-97f,Will the highest temperature in Houston be between 96-97°F on August 31?,"[""Yes"", ""No""]","[""0.001"", ""0.999""]",6156.870039,1,32.1,33.4,35.6,0.386
1788224338.8,Highest temperature in Houston on August 31?,Houston,2026-08-31,3969408,highest-temperature-in-houston-on-august-31-2026-98-99f,Will the highest temperature in Houston be between 98-99°F on August 31?,"[""Yes"", ""No""]","[""0.002"", ""0.998""]",2035.614143,1,32.1,33.4,35.6,0.386
1788224338.8,Highest temperature in Houston on August 31?,Houston,2026-08-31,3969409,highest-temperature-in-houston-on-august-31-2026-100-101f,Will the highest temperature in Houston be between 100-101°F on August 31?,"[""Yes"", ""No""]","[""0.0005"", ""0.9995""]",870.70311,1,32.1,33.4,35.6,0.386
1788224338.8,Highest temperature in Houston on August 31?,Houston,2026-08-31,3969410,highest-temperature-in-houston-on-august-31-2026-102forhigher,Will the highest temperature in Houston be 102°F or higher on August 31?,"[""Yes"", ""No""]","[""0.0005"", ""0.9995""]",483.0981099999999,1,32.1,33.4,35.6,0.386
1788224338.8,Highest temperature in Seattle on August 31?,Seattle,2026-08-31,3972352,highest-temperature-in-seattle-on-august-31-2026-63forbelow,Will the highest temperature in Seattle be 63°F or below on August 31?,"[""Yes"", ""No""]","[""0.0005"", ""0.9995""]",183.09,1,23.1,22.9,21.4,0.961
1788224338.8,Highest temperature in Seattle on August 31?,Seattle,2026-08-31,3972353,highest-temperature-in-seattle-on-august-31-2026-64-65f,Will the highest temperature in Seattle be between 64-65°F on August 31?,"[""Yes"", ""No""]","[""0.0005"", ""0.9995""]",927.826,1,23.1,22.9,21.4,0.961
1788224338.8,Highest temperature in Seattle on August 31?,Seattle,2026-08-31,3972354,highest-temperature-in-seattle-on-august-31-2026-66-67f,Will the highest temperature in Seattle be between 66-67°F on August 31?,"[""Yes"", ""No""]","[""0.0005"", ""0.9995""]",553.2749190000001,1,23.1,22.9,21.4,0.961
1788224338.8,Highest temperature in Seattle on August 31?,Seattle,2026-08-31,3972355,highest-temperature-in-seattle-on-august-31-2026-68-69f,Will the highest temperature in Seattle be between 68-69°F on August 31?,"[""Yes"", ""No""]","[""0.0005"", ""0.9995""]",794.237331,1,23.1,22.9,21.4,0.961
1788224338.8,Highest temperature in Seattle on August 31?,Seattle,2026-08-31,3972356,highest-temperature-in-seattle-on-august-31-2026-70-71f,Will the highest temperature in Seattle be between 70-71°F on August 31?,"[""Yes"", ""No""]","[""0.0005"", ""0.9995""]",1855.9004029999996,1,23.1,22.9,21.4,0.961
1788224338.8,Highest temperature in Seattle on August 31?,Seattle,2026-08-31,3972357,highest-temperature-in-seattle-on-august-31-2026-72-73f,Will the highest temperature in Seattle be between 72-73°F on August 31?,"[""Yes"", ""No""]","[""0.0005"", ""0.9995""]",5470.672812000001,1,23.1,22.9,21.4,0.961
1788224338.8,Highest temperature in Seattle on August 31?,Seattle,2026-08-31,3972358,highest-temperature-in-seattle-on-august-31-2026-74-75f,Will the highest temperature in Seattle be between 74-75°F on August 31?,"[""Yes"", ""No""]","[""0.0005"", ""0.9995""]",5390.367305999999,1,23.1,22.9,21.4,0.961
1788224338.8,Highest temperature in Seattle on August 31?,Seattle,2026-08-31,3972359,highest-temperature-in-seattle-on-august-31-2026-76-77f,Will the highest temperature in Seattle be between 76-77°F on August 31?,"[""Yes"", ""No""]","[""0.945"", ""0.055""]",5292.241151999999,1,23.1,22.9,21.4,0.961
1788224338.8,Highest temperature in Seattle on August 31?,Seattle,2026-08-31,3972360,highest-temperature-in-seattle-on-august-31-2026-78-79f,Will the highest temperature in Seattle be between 78-79°F on August 31?,"[""Yes"", ""No""]","[""0.02"", ""0.98""]",5136.387307000001,1,23.1,22.9,21.4,0.961
1788224338.8,Highest temperature in Seattle on August 31?,Seattle,2026-08-31,3972361,highest-temperature-in-seattle-on-august-31-2026-80-81f,Will the highest temperature in Seattle be between 80-81°F on August 31?,"[""Yes"", ""No""]","[""0.0135"", ""0.9865""]",1768.919952,1,23.1,22.9,21.4,0.961
1788224338.8,Highest temperature in Seattle on August 31?,Seattle,2026-08-31,3972362,highest-temperature-in-seattle-on-august-31-2026-82forhigher,Will the highest temperature in Seattle be 82°F or higher on August 31?,"[""Yes"", ""No""]","[""0.0045"", ""0.9955""]",1504.277009,1,23.1,22.9,21.4,0.961
1788224338.8,Highest temperature in Los Angeles on August 31?,Los Angeles,2026-08-31,3972363,highest-temperature-in-los-angeles-on-august-31-2026-65forbelow,Will the highest temperature in Los Angeles be 65°F or below on August 31?,"[""Yes"", ""No""]","[""0.0005"", ""0.9995""]",4124.241,1,29.9,29.1,28.8,0.508
1788224338.8,Highest temperature in Los Angeles on August 31?,Los Angeles,2026-08-31,3972364,highest-temperature-in-los-angeles-on-august-31-2026-66-67f,Will the highest temperature in Los Angeles be between 66-67°F on August 31?,"[""Yes"", ""No""]","[""0.0005"", ""0.9995""]",1207.241,1,29.9,29.1,28.8,0.508
1788224338.8,Highest temperature in Los Angeles on August 31?,Los Angeles,2026-08-31,3972365,highest-temperature-in-los-angeles-on-august-31-2026-68-69f,Will the highest temperature in Los Angeles be between 68-69°F on August 31?,"[""Yes"", ""No""]","[""0.0005"", ""0.9995""]",1673.9160000000002,1,29.9,29.1,28.8,0.508
1788224338.8,Highest temperature in Los Angeles on August 31?,Los Angeles,2026-08-31,3972366,highest-temperature-in-los-angeles-on-august-31-2026-70-71f,Will the highest temperature in Los Angeles be between 70-71°F on August 31?,"[""Yes"", ""No""]","[""0.0005"", ""0.9995""]",460.07503699999995,1,29.9,29.1,28.8,0.508
1788224338.8,Highest temperature in Los Angeles on August 31?,Los Angeles,2026-08-31,3972367,highest-temperature-in-los-angeles-on-august-31-2026-72-73f,Will the highest temperature in Los Angeles be between 72-73°F on August 31?,"[""Yes"", ""No""]","[""0.0005"", ""0.9995""]",1000.224068,1,29.9,29.1,28.8,0.508
1788224338.8,Highest temperature in Los Angeles on August 31?,Los Angeles,2026-08-31,3972368,highest-temperature-in-los-angeles-on-august-31-2026-74-75f,Will the highest temperature in Los Angeles be between 74-75°F on August 31?,"[""Yes"", ""No""]","[""0.0005"", ""0.9995""]",3129.8451489999998,1,29.9,29.1,28.8,0.508
1788224338.8,Highest temperature in Los Angeles on August 31?,Los Angeles,2026-08-31,3972369,highest-temperature-in-los-angeles-on-august-31-2026-76-77f,Will the highest temperature in Los Angeles be between 76-77°F on August 31?,"[""Yes"", ""No""]","[""0.0005"", ""0.9995""]",8721.84722,1,29.9,29.1,28.8,0.508
1788224338.8,Highest temperature in Los Angeles on August 31?,Los Angeles,2026-08-31,3972370,highest-temperature-in-los-angeles-on-august-31-2026-78-79f,Will the highest temperature in Los Angeles be between 78-79°F on August 31?,"[""Yes"", ""No""]","[""0.9795"", ""0.0205""]",12405.740052999998,1,29.9,29.1,28.8,0.508
1788224338.8,Highest temperature in Los Angeles on August 31?,Los Angeles,2026-08-31,3972371,highest-temperature-in-los-angeles-on-august-31-2026-80-81f,Will the highest temperature in Los Angeles be between 80-81°F on August 31?,"[""Yes"", ""No""]","[""0.01"", ""0.99""]",4590.321491000001,1,29.9,29.1,28.8,0.508
1788224338.8,Highest temperature in Los Angeles on August 31?,Los Angeles,2026-08-31,3972372,highest-temperature-in-los-angeles-on-august-31-2026-82-83f,Will the highest temperature in Los Angeles be between 82-83°F on August 31?,"[""Yes"", ""No""]","[""0.003"", ""0.997""]",3211.385672,1,29.9,29.1,28.8,0.508
1788224338.8,Highest temperature in Los Angeles on August 31?,Los Angeles,2026-08-31,3972373,highest-temperature-in-los-angeles-on-august-31-2026-84forhigher,Will the highest temperature in Los Angeles be 84°F or higher on August 31?,"[""Yes"", ""No""]","[""0.0005"", ""0.9995""]",1963.8195560000001,1,29.9,29.1,28.8,0.508
1788224338.8,Highest temperature in San Francisco on August 31?,San Francisco,2026-08-31,3972374,highest-temperature-in-san-francisco-on-august-31-2026-57forbelow,Will the highest temperature in San Francisco be 57°F or below on August 31?,"[""Yes"", ""No""]","[""0.0005"", ""0.9995""]",1382.429473,1,17.8,17.5,17.1,0.313
1788224338.8,Highest temperature in San Francisco on August 31?,San Francisco,2026-08-31,3972375,highest-temperature-in-san-francisco-on-august-31-2026-58-59f,Will the highest temperature in San Francisco be between 58-59°F on August 31?,"[""Yes"", ""No""]","[""0.0005"", ""0.9995""]",1350.8109999999997,1,17.8,17.5,17.1,0.313
1788224338.8,Highest temperature in San Francisco on August 31?,San Francisco,2026-08-31,3972376,highest-temperature-in-san-francisco-on-august-31-2026-60-61f,Will the highest temperature in San Francisco be between 60-61°F on August 31?,"[""Yes"", ""No""]","[""0.0005"", ""0.9995""]",3406.178505,1,17.8,17.5,17.1,0.313
1788224338.8,Highest temperature in San Francisco on August 31?,San Francisco,2026-08-31,3972377,highest-temperature-in-san-francisco-on-august-31-2026-62-63f,Will the highest temperature in San Francisco be between 62-63°F on August 31?,"[""Yes"", ""No""]","[""0.0005"", ""0.9995""]",2131.5554629999997,1,17.8,17.5,17.1,0.313
1788224338.8,Highest temperature in San Francisco on August 31?,San Francisco,2026-08-31,3972378,highest-temperature-in-san-francisco-on-august-31-2026-64-65f,Will the highest temperature in San Francisco be between 64-65°F on August 31?,"[""Yes"", ""No""]","[""0.0005"", ""0.9995""]",4962.853516999998,1,17.8,17.5,17.1,0.313
1788224338.8,Highest temperature in San Francisco on August 31?,San Francisco,2026-08-31,3972379,highest-temperature-in-san-francisco-on-august-31-2026-66-67f,Will the highest temperature in San Francisco be between 66-67°F on August 31?,"[""Yes"", ""No""]","[""0.96"", ""0.04""]",3345.180434,1,17.8,17.5,17.1,0.313
1788224338.8,Highest temperature in San Francisco on August 31?,San Francisco,2026-08-31,3972380,highest-temperature-in-san-francisco-on-august-31-2026-68-69f,Will the highest temperature in San Francisco be between 68-69°F on August 31?,"[""Yes"", ""No""]","[""0.1025"", ""0.8975""]",4421.3494519999995,1,17.8,17.5,17.1,0.313
1788224338.8,Highest temperature in San Francisco on August 31?,San Francisco,2026-08-31,3972381,highest-temperature-in-san-francisco-on-august-31-2026-70-71f,Will the highest temperature in San Francisco be between 70-71°F on August 31?,"[""Yes"", ""No""]","[""0.001"", ""0.999""]",1308.3785070000001,1,17.8,17.5,17.1,0.313
1788224338.8,Highest temperature in San Francisco on August 31?,San Francisco,2026-08-31,3972382,highest-temperature-in-san-francisco-on-august-31-2026-72-73f,Will the highest temperature in San Francisco be between 72-73°F on August 31?,"[""Yes"", ""No""]","[""0.0005"", ""0.9995""]",339.44649999999996,1,17.8,17.5,17.1,0.313
1788224338.8,Highest temperature in San Francisco on August 31?,San Francisco,2026-08-31,3972383,highest-temperature-in-san-francisco-on-august-31-2026-74-75f,Will the highest temperature in San Francisco be between 74-75°F on August 31?,"[""Yes"", ""No""]","[""0.001"", ""0.999""]",886.6904999999999,1,17.8,17.5,17.1,0.313
1788224338.8,Highest temperature in San Francisco on August 31?,San Francisco,2026-08-31,3972384,highest-temperature-in-san-francisco-on-august-31-2026-76forhigher,Will the highest temperature in San Francisco be 76°F or higher on August 31?,"[""Yes"", ""No""]","[""0.0005"", ""0.9995""]",1577.2080000000003,1,17.8,17.5,17.1,0.313
1788224338.8,Highest temperature in Sao Paulo on August 31?,Sao Paulo,2026-08-31,3973028,highest-temperature-in-sao-paulo-on-august-31-2026-29corbelow,Will the highest temperature in Sao Paulo be 29°C or below on August 31?,"[""Yes"", ""No""]","[""0.9995"", ""0.0005""]",16702.368122999997,1,30.9,25.0,28.0,0.874
1788224338.8,Highest temperature in Sao Paulo on August 31?,Sao Paulo,2026-08-31,3973029,highest-temperature-in-sao-paulo-on-august-31-2026-30c,Will the highest temperature in Sao Paulo be 30°C on August 31?,"[""Yes"", ""No""]","[""0.0005"", ""0.9995""]",5191.53065,1,30.9,25.0,28.0,0.874
1788224338.8,Highest temperature in Sao Paulo on August 31?,Sao Paulo,2026-08-31,3973030,highest-temperature-in-sao-paulo-on-august-31-2026-31c,Will the highest temperature in Sao Paulo be 31°C on August 31?,"[""Yes"", ""No""]","[""0.0005"", ""0.9995""]",2647.868853,1,30.9,25.0,28.0,0.874
1788224338.8,Highest temperature in Sao Paulo on August 31?,Sao Paulo,2026-08-31,3973031,highest-temperature-in-sao-paulo-on-august-31-2026-32c,Will the highest temperature in Sao Paulo be 32°C on August 31?,"[""Yes"", ""No""]","[""0.0005"", ""0.9995""]",3268.7607119999993,1,30.9,25.0,28.0,0.874
1788224338.8,Highest temperature in Sao Paulo on August 31?,Sao Paulo,2026-08-31,3973032,highest-temperature-in-sao-paulo-on-august-31-2026-33c,Will the highest temperature in Sao Paulo be 33°C on August 31?,"[""Yes"", ""No""]","[""0.0005"", ""0.9995""]",2371.5059180000003,1,30.9,25.0,28.0,0.874
1788224338.8,Highest temperature in Sao Paulo on August 31?,Sao Paulo,2026-08-31,3973033,highest-temperature-in-sao-paulo-on-august-31-2026-34c,Will the highest temperature in Sao Paulo be 34°C on August 31?,"[""Yes"", ""No""]","[""0.0005"", ""0.9995""]",4203.180373,1,30.9,25.0,28.0,0.874
1788224338.8,Highest temperature in Sao Paulo on August 31?,Sao Paulo,2026-08-31,3973034,highest-temperature-in-sao-paulo-on-august-31-2026-35c,Will the highest temperature in Sao Paulo be 35°C on August 31?,"[""Yes"", ""No""]","[""0.0005"", ""0.9995""]",3003.51226,1,30.9,25.0,28.0,0.874
1788224338.8,Highest temperature in Sao Paulo on August 31?,Sao Paulo,2026-08-31,3973035,highest-temperature-in-sao-paulo-on-august-31-2026-36c,Will the highest temperature in Sao Paulo be 36°C on August 31?,"[""Yes"", ""No""]","[""0.0005"", ""0.9995""]",6314.23097,1,30.9,25.0,28.0,0.874
1788224338.8,Highest temperature in Sao Paulo on August 31?,Sao Paulo,2026-08-31,3973036,highest-temperature-in-sao-paulo-on-august-31-2026-37c,Will the highest temperature in Sao Paulo be 37°C on August 31?,"[""Yes"", ""No""]","[""0.0005"", ""0.9995""]",2556.955,1,30.9,25.0,28.0,0.874
1788224338.8,Highest temperature in Sao Paulo on August 31?,Sao Paulo,2026-08-31,3973037,highest-temperature-in-sao-paulo-on-august-31-2026-38c,Will the highest temperature in Sao Paulo be 38°C on August 31?,"[""Yes"", ""No""]","[""0.0005"", ""0.9995""]",1347.955,1,30.9,25.0,28.0,0.874
1788224338.8,Highest temperature in Sao Paulo on August 31?,Sao Paulo,2026-08-31,3973038,highest-temperature-in-sao-paulo-on-august-31-2026-39corhigher,Will the highest temperature in Sao Paulo be 39°C or higher on August 31?,"[""Yes"", ""No""]","[""0.0005"", ""0.9995""]",306.009,1,30.9,25.0,28.0,0.874
1788224338.8,Highest temperature in Buenos Aires on August 31?,Buenos Aires,2026-08-31,3973039,highest-temperature-in-buenos-aires-on-august-31-2026-14corbelow,Will the highest temperature in Buenos Aires be 14°C or below on August 31?,"[""Yes"", ""No""]","[""0.0005"", ""0.9995""]",237.99099999999999,1,16.5,15.7,18.1,0.498
1788224338.8,Highest temperature in Buenos Aires on August 31?,Buenos Aires,2026-08-31,3973040,highest-temperature-in-buenos-aires-on-august-31-2026-15c,Will the highest temperature in Buenos Aires be 15°C on August 31?,"[""Yes"", ""No""]","[""0.0005"", ""0.9995""]",237.99699999999999,1,16.5,15.7,18.1,0.498
1788224338.8,Highest temperature in Buenos Aires on August 31?,Buenos Aires,2026-08-31,3973041,highest-temperature-in-buenos-aires-on-august-31-2026-16c,Will the highest temperature in Buenos Aires be 16°C on August 31?,"[""Yes"", ""No""]","[""0.0005"", ""0.9995""]",433.4616,1,16.5,15.7,18.1,0.498
1788224338.8,Highest temperature in Buenos Aires on August 31?,Buenos Aires,2026-08-31,3973042,highest-temperature-in-buenos-aires-on-august-31-2026-17c,Will the highest temperature in Buenos Aires be 17°C on August 31?,"[""Yes"", ""No""]","[""0.0005"", ""0.9995""]",1585.2080999999998,1,16.5,15.7,18.1,0.498
1788224338.8,Highest temperature in Buenos Aires on August 31?,Buenos Aires,2026-08-31,3973043,highest-temperature-in-buenos-aires-on-august-31-2026-18c,Will the highest temperature in Buenos Aires be 18°C on August 31?,"[""Yes"", ""No""]","[""0.0005"", ""0.9995""]",1478.513966,1,16.5,15.7,18.1,0.498
1788224338.8,Highest temperature in Buenos Aires on August 31?,Buenos Aires,2026-08-31,3973044,highest-temperature-in-buenos-aires-on-august-31-2026-19c,Will the highest temperature in Buenos Aires be 19°C on August 31?,"[""Yes"", ""No""]","[""0.9995"", ""0.0005""]",5106.788846,1,16.5,15.7,18.1,0.498
1788224338.8,Highest temperature in Buenos Aires on August 31?,Buenos Aires,2026-08-31,3973045,highest-temperature-in-buenos-aires-on-august-31-2026-20c,Will the highest temperature in Buenos Aires be 20°C on August 31?,"[""Yes"", ""No""]","[""0.0005"", ""0.9995""]",3901.251424,1,16.5,15.7,18.1,0.498
1788224338.8,Highest temperature in Buenos Aires on August 31?,Buenos Aires,2026-08-31,3973046,highest-temperature-in-buenos-aires-on-august-31-2026-21c,Will the highest temperature in Buenos Aires be 21°C on August 31?,"[""Yes"", ""No""]","[""0.0005"", ""0.9995""]",5298.125319999999,1,16.5,15.7,18.1,0.498
1788224338.8,Highest temperature in Buenos Aires on August 31?,Buenos Aires,2026-08-31,3973047,highest-temperature-in-buenos-aires-on-august-31-2026-22c,Will the highest temperature in Buenos Aires be 22°C on August 31?,"[""Yes"", ""No""]","[""0.0005"", ""0.9995""]",3600.360832,1,16.5,15.7,18.1,0.498
1788224338.8,Highest temperature in Buenos Aires on August 31?,Buenos Aires,2026-08-31,3973048,highest-temperature-in-buenos-aires-on-august-31-2026-23c,Will the highest temperature in Buenos Aires be 23°C on August 31?,"[""Yes"", ""No""]","[""0.0005"", ""0.9995""]",2067.6824659999997,1,16.5,15.7,18.1,0.498
1788224338.8,Highest temperature in Buenos Aires on August 31?,Buenos Aires,2026-08-31,3973049,highest-temperature-in-buenos-aires-on-august-31-2026-24corhigher,Will the highest temperature in Buenos Aires be 24°C or higher on August 31?,"[""Yes"", ""No""]","[""0.0005"", ""0.9995""]",1514.2760190000001,1,16.5,15.7,18.1,0.498
1788224338.8,Highest temperature in Toronto on August 31?,Toronto,2026-08-31,3973050,highest-temperature-in-toronto-on-august-31-2026-17corbelow,Will the highest temperature in Toronto be 17°C or below on August 31?,"[""Yes"", ""No""]","[""0.0005"", ""0.9995""]",277.991,1,19.7,23.7,22.6,0.543
1788224338.8,Highest temperature in Toronto on August 31?,Toronto,2026-08-31,3973051,highest-temperature-in-toronto-on-august-31-2026-18c,Will the highest temperature in Toronto be 18°C on August 31?,"[""Yes"", ""No""]","[""0.0005"", ""0.9995""]",227.99699999999999,1,19.7,23.7,22.6,0.543
1788224338.8,Highest temperature in Toronto on August 31?,Toronto,2026-08-31,3973052,highest-temperature-in-toronto-on-august-31-2026-19c,Will the highest temperature in Toronto be 19°C on August 31?,"[""Yes"", ""No""]","[""0.0005"", ""0.9995""]",8676.812770000002,1,19.7,23.7,22.6,0.543
1788224338.8,Highest temperature in Toronto on August 31?,Toronto,2026-08-31,3973053,highest-temperature-in-toronto-on-august-31-2026-20c,Will the highest temperature in Toronto be 20°C on August 31?,"[""Yes"", ""No""]","[""0.0005"", ""0.9995""]",12489.295613000006,1,19.7,23.7,22.6,0.543
1788224338.8,Highest temperature in Toronto on August 31?,Toronto,2026-08-31,3973054,highest-temperature-in-toronto-on-august-31-2026-21c,Will the highest temperature in Toronto be 21°C on August 31?,"[""Yes"", ""No""]","[""0.9955"", ""0.0045""]",14391.751166000002,1,19.7,23.7,22.6,0.543
1788224338.8,Highest temperature in Toronto on August 31?,Toronto,2026-08-31,3973055,highest-temperature-in-toronto-on-august-31-2026-22c,Will the highest temperature in Toronto be 22°C on August 31?,"[""Yes"", ""No""]","[""0.0055"", ""0.9945""]",12734.054787000003,1,19.7,23.7,22.6,0.543
1788224338.8,Highest temperature in Toronto on August 31?,Toronto,2026-08-31,3973056,highest-temperature-in-toronto-on-august-31-2026-23c,Will the highest temperature in Toronto be 23°C on August 31?,"[""Yes"", ""No""]","[""0.0005"", ""0.9995""]",11695.154537,1,19.7,23.7,22.6,0.543
1788224338.8,Highest temperature in Toronto on August 31?,Toronto,2026-08-31,3973057,highest-temperature-in-toronto-on-august-31-2026-24c,Will the highest temperature in Toronto be 24°C on August 31?,"[""Yes"", ""No""]","[""0.0005"", ""0.9995""]",12320.273856000003,1,19.7,23.7,22.6,0.543
1788224338.8,Highest temperature in Toronto on August 31?,Toronto,2026-08-31,3973058,highest-temperature-in-toronto-on-august-31-2026-25c,Will the highest temperature in Toronto be 25°C on August 31?,"[""Yes"", ""No""]","[""0.0005"", ""0.9995""]",5156.696419,1,19.7,23.7,22.6,0.543
1788224338.8,Highest temperature in Toronto on August 31?,Toronto,2026-08-31,3973059,highest-temperature-in-toronto-on-august-31-2026-26c,Will the highest temperature in Toronto be 26°C on August 31?,"[""Yes"", ""No""]","[""0.0005"", ""0.9995""]",3623.3312639999995,1,19.7,23.7,22.6,0.543
1788224338.8,Highest temperature in Toronto on August 31?,Toronto,2026-08-31,3973060,highest-temperature-in-toronto-on-august-31-2026-27corhigher,Will the highest temperature in Toronto be 27°C or higher on August 31?,"[""Yes"", ""No""]","[""0.0005"", ""0.9995""]",1809.8241340000002,1,19.7,23.7,22.6,0.543
1788224338.8,Highest temperature in Mexico City on August 31?,Mexico City,2026-08-31,3973061,highest-temperature-in-mexico-city-on-august-31-2026-16corbelow,Will the highest temperature in Mexico City be 16°C or below on August 31?,"[""Yes"", ""No""]","[""0.0005"", ""0.9995""]",1117.9950000000001,1,24.8,21.9,25.8,0.298
1788224338.8,Highest temperature in Mexico City on August 31?,Mexico City,2026-08-31,3973062,highest-temperature-in-mexico-city-on-august-31-2026-17c,Will the highest temperature in Mexico City be 17°C on August 31?,"[""Yes"", ""No""]","[""0.0005"", ""0.9995""]",167.99099999999999,1,24.8,21.9,25.8,0.298
1788224338.8,Highest temperature in Mexico City on August 31?,Mexico City,2026-08-31,3973063,highest-temperature-in-mexico-city-on-august-31-2026-18c,Will the highest temperature in Mexico City be 18°C on August 31?,"[""Yes"", ""No""]","[""0.0005"", ""0.9995""]",420.8105,1,24.8,21.9,25.8,0.298
1788224338.8,Highest temperature in Mexico City on August 31?,Mexico City,2026-08-31,3973064,highest-temperature-in-mexico-city-on-august-31-2026-19c,Will the highest temperature in Mexico City be 19°C on August 31?,"[""Yes"", ""No""]","[""0.0005"", ""0.9995""]",109.997,1,24.8,21.9,25.8,0.298
1788224338.8,Highest temperature in Mexico City on August 31?,Mexico City,2026-08-31,3973065,highest-temperature-in-mexico-city-on-august-31-2026-20c,Will the highest temperature in Mexico City be 20°C on August 31?,"[""Yes"", ""No""]","[""0.0005"", ""0.9995""]",369.962122,1,24.8,21.9,25.8,0.298
1788224338.8,Highest temperature in Mexico City on August 31?,Mexico City,2026-08-31,3973066,highest-temperature-in-mexico-city-on-august-31-2026-21c,Will the highest temperature in Mexico City be 21°C on August 31?,"[""Yes"", ""No""]","[""0.0005"", ""0.9995""]",394.06280000000004,1,24.8,21.9,25.8,0.298
1788224338.8,Highest temperature in Mexico City on August 31?,Mexico City,2026-08-31,3973067,highest-temperature-in-mexico-city-on-august-31-2026-22c,Will the highest temperature in Mexico City be 22°C on August 31?,"[""Yes"", ""No""]","[""0.0005"", ""0.9995""]",1003.4313320000001,1,24.8,21.9,25.8,0.298
1788224338.8,Highest temperature in Mexico City on August 31?,Mexico City,2026-08-31,3973068,highest-temperature-in-mexico-city-on-august-31-2026-23c,Will the highest temperature in Mexico City be 23°C on August 31?,"[""Yes"", ""No""]","[""0.0005"", ""0.9995""]",3728.4189949999995,1,24.8,21.9,25.8,0.298
1788224338.8,Highest temperature in Mexico City on August 31?,Mexico City,2026-08-31,3973069,highest-temperature-in-mexico-city-on-august-31-2026-24c,Will the highest temperature in Mexico City be 24°C on August 31?,"[""Yes"", ""No""]","[""0.9955"", ""0.0045""]",6034.172050000001,1,24.8,21.9,25.8,0.298
1788224338.8,Highest temperature in Mexico City on August 31?,Mexico City,2026-08-31,3973070,highest-temperature-in-mexico-city-on-august-31-2026-25c,Will the highest temperature in Mexico City be 25°C on August 31?,"[""Yes"", ""No""]","[""0.0005"", ""0.9995""]",4187.289737000001,1,24.8,21.9,25.8,0.298
1788224338.8,Highest temperature in Mexico City on August 31?,Mexico City,2026-08-31,3973071,highest-temperature-in-mexico-city-on-august-31-2026-26corhigher,Will the highest temperature in Mexico City be 26°C or higher on August 31?,"[""Yes"", ""No""]","[""0.005"", ""0.995""]",4272.194575,1,24.8,21.9,25.8,0.298
1788224338.8,Highest temperature in London on September 1?,London,2026-09-01,3992269,highest-temperature-in-london-on-september-1-2026-19corbelow,Will the highest temperature in London be 19°C or below on September 1?,"[""Yes"", ""No""]","[""0.0015"", ""0.9985""]",423.2152,1,23.3,19.9,23.0,0.68
1788224338.8,Highest temperature in London on September 1?,London,2026-09-01,3992270,highest-temperature-in-london-on-september-1-2026-20c,Will the highest temperature in London be 20°C on September 1?,"[""Yes"", ""No""]","[""0.0045"", ""0.9955""]",1114.512,1,23.3,19.9,23.0,0.68
1788224338.8,Highest temperature in London on September 1?,London,2026-09-01,3992271,highest-temperature-in-london-on-september-1-2026-21c,Will the highest temperature in London be 21°C on September 1?,"[""Yes"", ""No""]","[""0.075"", ""0.925""]",5215.101863,1,23.3,19.9,23.0,0.68
1788224338.8,Highest temperature in London on September 1?,London,2026-09-01,3992272,highest-temperature-in-london-on-september-1-2026-22c,Will the highest temperature in London be 22°C on September 1?,"[""Yes"", ""No""]","[""0.36"", ""0.64""]",5034.328305999999,1,23.3,19.9,23.0,0.68
1788224338.8,Highest temperature in London on September 1?,London,2026-09-01,3992273,highest-temperature-in-london-on-september-1-2026-23c,Will the highest temperature in London be 23°C on September 1?,"[""Yes"", ""No""]","[""0.47"", ""0.53""]",11317.944766999999,1,23.3,19.9,23.0,0.68
1788224338.8,Highest temperature in London on September 1?,London,2026-09-01,3992274,highest-temperature-in-london-on-september-1-2026-24c,Will the highest temperature in London be 24°C on September 1?,"[""Yes"", ""No""]","[""0.075"", ""0.925""]",3867.729086,1,23.3,19.9,23.0,0.68
1788224338.8,Highest temperature in London on September 1?,London,2026-09-01,3992275,highest-temperature-in-london-on-september-1-2026-25c,Will the highest temperature in London be 25°C on September 1?,"[""Yes"", ""No""]","[""0.006"", ""0.994""]",1369.3553319999999,1,23.3,19.9,23.0,0.68
1788224338.8,Highest temperature in London on September 1?,London,2026-09-01,3992276,highest-temperature-in-london-on-september-1-2026-26c,Will the highest temperature in London be 26°C on September 1?,"[""Yes"", ""No""]","[""0.0015"", ""0.9985""]",1029.964944,1,23.3,19.9,23.0,0.68
1788224338.8,Highest temperature in London on September 1?,London,2026-09-01,3992277,highest-temperature-in-london-on-september-1-2026-27c,Will the highest temperature in London be 27°C on September 1?,"[""Yes"", ""No""]","[""0.0005"", ""0.9995""]",1418.9399999999998,1,23.3,19.9,23.0,0.68
1788224338.8,Highest temperature in London on September 1?,London,2026-09-01,3992278,highest-temperature-in-london-on-september-1-2026-28c,Will the highest temperature in London be 28°C on September 1?,"[""Yes"", ""No""]","[""0.0005"", ""0.9995""]",247.995,1,23.3,19.9,23.0,0.68
1788224338.8,Highest temperature in London on September 1?,London,2026-09-01,3992279,highest-temperature-in-london-on-september-1-2026-29corhigher,Will the highest temperature in London be 29°C or higher on September 1?,"[""Yes"", ""No""]","[""0.0005"", ""0.9995""]",1496.3741989999999,1,23.3,19.9,23.0,0.68
1788224338.8,Highest temperature in Paris on September 1?,Paris,2026-09-01,3992280,highest-temperature-in-paris-on-september-1-2026-20corbelow,Will the highest temperature in Paris be 20°C or below on September 1?,"[""Yes"", ""No""]","[""0.0005"", ""0.9995""]",287.737948,1,25.6,22.3,23.2,1.214
1788224338.8,Highest temperature in Paris on September 1?,Paris,2026-09-01,3992281,highest-temperature-in-paris-on-september-1-2026-21c,Will the highest temperature in Paris be 21°C on September 1?,"[""Yes"", ""No""]","[""0.0165"", ""0.9835""]",1480.437248,1,25.6,22.3,23.2,1.214
1788224338.8,Highest temperature in Paris on September 1?,Paris,2026-09-01,3992282,highest-temperature-in-paris-on-september-1-2026-22c,Will the highest temperature in Paris be 22°C on September 1?,"[""Yes"", ""No""]","[""0.075"", ""0.925""]",3012.8983869999993,1,25.6,22.3,23.2,1.214
1788224338.8,Highest temperature in Paris on September 1?,Paris,2026-09-01,3992283,highest-temperature-in-paris-on-september-1-2026-23c,Will the highest temperature in Paris be 23°C on September 1?,"[""Yes"", ""No""]","[""0.425"", ""0.575""]",5041.224698000001,1,25.6,22.3,23.2,1.214
1788224338.8,Highest temperature in Paris on September 1?,Paris,2026-09-01,3992284,highest-temperature-in-paris-on-september-1-2026-24c,Will the highest temperature in Paris be 24°C on September 1?,"[""Yes"", ""No""]","[""0.38"", ""0.62""]",3464.8800069999993,1,25.6,22.3,23.2,1.214
1788224338.8,Highest temperature in Paris on September 1?,Paris,2026-09-01,3992285,highest-temperature-in-paris-on-september-1-2026-25c,Will the highest temperature in Paris be 25°C on September 1?,"[""Yes"", ""No""]","[""0.085"", ""0.915""]",4570.447882,1,25.6,22.3,23.2,1.214
1788224338.8,Highest temperature in Paris on September 1?,Paris,2026-09-01,3992286,highest-temperature-in-paris-on-september-1-2026-26c,Will the highest temperature in Paris be 26°C on September 1?,"[""Yes"", ""No""]","[""0.02"", ""0.98""]",2330.5298119999998,1,25.6,22.3,23.2,1.214
1788224338.8,Highest temperature in Paris on September 1?,Paris,2026-09-01,3992287,highest-temperature-in-paris-on-september-1-2026-27c,Will the highest temperature in Paris be 27°C on September 1?,"[""Yes"", ""No""]","[""0.002"", ""0.998""]",579.2330000000001,1,25.6,22.3,23.2,1.214
1788224338.8,Highest temperature in Paris on September 1?,Paris,2026-09-01,3992288,highest-temperature-in-paris-on-september-1-2026-28c,Will the highest temperature in Paris be 28°C on September 1?,"[""Yes"", ""No""]","[""0.0015"", ""0.9985""]",1140.88,1,25.6,22.3,23.2,1.214
1788224338.8,Highest temperature in Paris on September 1?,Paris,2026-09-01,3992289,highest-temperature-in-paris-on-september-1-2026-29c,Will the highest temperature in Paris be 29°C on September 1?,"[""Yes"", ""No""]","[""0.0005"", ""0.9995""]",1290.924029,1,25.6,22.3,23.2,1.214
1788224338.8,Highest temperature in Paris on September 1?,Paris,2026-09-01,3992290,highest-temperature-in-paris-on-september-1-2026-30corhigher,Will the highest temperature in Paris be 30°C or higher on September 1?,"[""Yes"", ""No""]","[""0.0005"", ""0.9995""]",255.98000000000002,1,25.6,22.3,23.2,1.214
1788224338.8,Highest temperature in Seoul (Incheon) on September 1?,Seoul (Incheon),2026-09-01,3992291,highest-temperature-in-seoul-on-september-1-2026-21corbelow,Will the highest temperature in Seoul (Incheon) be 21°C or below on September 1?,"[""Yes"", ""No""]","[""0.0005"", ""0.9995""]",243.99099999999999,1,,,,
1788224338.8,Highest temperature in Seoul (Incheon) on September 1?,Seoul (Incheon),2026-09-01,3992292,highest-temperature-in-seoul-on-september-1-2026-22c,Will the highest temperature in Seoul (Incheon) be 22°C on September 1?,"[""Yes"", ""No""]","[""0.0005"", ""0.9995""]",263.99699999999996,1,,,,
1788224338.8,Highest temperature in Seoul (Incheon) on September 1?,Seoul (Incheon),2026-09-01,3992293,highest-temperature-in-seoul-on-september-1-2026-23c,Will the highest temperature in Seoul (Incheon) be 23°C on September 1?,"[""Yes"", ""No""]","[""0.0005"", ""0.9995""]",277.6636,1,,,,
1788224338.8,Highest temperature in Seoul (Incheon) on September 1?,Seoul (Incheon),2026-09-01,3992294,highest-temperature-in-seoul-on-september-1-2026-24c,Will the highest temperature in Seoul (Incheon) be 24°C on September 1?,"[""Yes"", ""No""]","[""0.0715"", ""0.9285""]",2199.661666,1,,,,
1788224338.8,Highest temperature in Seoul (Incheon) on September 1?,Seoul (Incheon),2026-09-01,3992295,highest-temperature-in-seoul-on-september-1-2026-25c,Will the highest temperature in Seoul (Incheon) be 25°C on September 1?,"[""Yes"", ""No""]","[""0.34"", ""0.66""]",3689.280978,1,,,,
1788224338.8,Highest temperature in Seoul (Incheon) on September 1?,Seoul (Incheon),2026-09-01,3992296,highest-temperature-in-seoul-on-september-1-2026-26c,Will the highest temperature in Seoul (Incheon) be 26°C on September 1?,"[""Yes"", ""No""]","[""0.4"", ""0.6""]",5504.67168,1,,,,
1788224338.8,Highest temperature in Seoul (Incheon) on September 1?,Seoul (Incheon),2026-09-01,3992297,highest-temperature-in-seoul-on-september-1-2026-27c,Will the highest temperature in Seoul (Incheon) be 27°C on September 1?,"[""Yes"", ""No""]","[""0.185"", ""0.815""]",3695.529722000001,1,,,,
1788224338.8,Highest temperature in Seoul (Incheon) on September 1?,Seoul (Incheon),2026-09-01,3992298,highest-temperature-in-seoul-on-september-1-2026-28c,Will the highest temperature in Seoul (Incheon) be 28°C on September 1?,"[""Yes"", ""No""]","[""0.035"", ""0.965""]",1215.58531,1,,,,
1788224338.8,Highest temperature in Seoul (Incheon) on September 1?,Seoul (Incheon),2026-09-01,3992299,highest-temperature-in-seoul-on-september-1-2026-29c,Will the highest temperature in Seoul (Incheon) be 29°C on September 1?,"[""Yes"", ""No""]","[""0.0085"", ""0.9915""]",1870.658477,1,,,,
1788224338.8,Highest temperature in Seoul (Incheon) on September 1?,Seoul (Incheon),2026-09-01,3992300,highest-temperature-in-seoul-on-september-1-2026-30c,Will the highest temperature in Seoul (Incheon) be 30°C on September 1?,"[""Yes"", ""No""]","[""0.0045"", ""0.9955""]",1385.666475,1,,,,
1788224338.8,Highest temperature in Seoul (Incheon) on September 1?,Seoul (Incheon),2026-09-01,3992301,highest-temperature-in-seoul-on-september-1-2026-31corhigher,Will the highest temperature in Seoul (Incheon) be 31°C or higher on September 1,"[""Yes"", ""No""]","[""0.0005"", ""0.9995""]",435.14339999999993,1,,,,
1788224338.8,Highest temperature in Ankara on September 1?,Ankara,2026-09-01,3992302,highest-temperature-in-ankara-on-september-1-2026-25corbelow,Will the highest temperature in Ankara be 25°C or below on September 1?,"[""Yes"", ""No""]","[""0.0005"", ""0.9995""]",212.611,1,30.2,30.5,28.7,0.525
1788224338.8,Highest temperature in Ankara on September 1?,Ankara,2026-09-01,3992303,highest-temperature-in-ankara-on-september-1-2026-26c,Will the highest temperature in Ankara be 26°C on September 1?,"[""Yes"", ""No""]","[""0.003"", ""0.997""]",1133.2207999999998,1,30.2,30.5,28.7,0.525
1788224338.8,Highest temperature in Ankara on September 1?,Ankara,2026-09-01,3992304,highest-temperature-in-ankara-on-september-1-2026-27c,Will the highest temperature in Ankara be 27°C on September 1?,"[""Yes"", ""No""]","[""0.005"", ""0.995""]",495.09139999999996,1,30.2,30.5,28.7,0.525
1788224338.8,Highest temperature in Ankara on September 1?,Ankara,2026-09-01,3992305,highest-temperature-in-ankara-on-september-1-2026-28c,Will the highest temperature in Ankara be 28°C on September 1?,"[""Yes"", ""No""]","[""0.025"", ""0.975""]",1241.881357,1,30.2,30.5,28.7,0.525
1788224338.8,Highest temperature in Ankara on September 1?,Ankara,2026-09-01,3992306,highest-temperature-in-ankara-on-september-1-2026-29c,Will the highest temperature in Ankara be 29°C on September 1?,"[""Yes"", ""No""]","[""0.09"", ""0.91""]",2472.7077659999995,1,30.2,30.5,28.7,0.525
1788224338.8,Highest temperature in Ankara on September 1?,Ankara,2026-09-01,3992307,highest-temperature-in-ankara-on-september-1-2026-30c,Will the highest temperature in Ankara be 30°C on September 1?,"[""Yes"", ""No""]","[""0.635"", ""0.365""]",3114.8853309999995,1,30.2,30.5,28.7,0.525
1788224338.8,Highest temperature in Ankara on September 1?,Ankara,2026-09-01,3992308,highest-temperature-in-ankara-on-september-1-2026-31c,Will the highest temperature in Ankara be 31°C on September 1?,"[""Yes"", ""No""]","[""0.275"", ""0.725""]",3238.5723239999998,1,30.2,30.5,28.7,0.525
1788224338.8,Highest temperature in Ankara on September 1?,Ankara,2026-09-01,3992309,highest-temperature-in-ankara-on-september-1-2026-32c,Will the highest temperature in Ankara be 32°C on September 1?,"[""Yes"", ""No""]","[""0.0045"", ""0.9955""]",1539.025536,1,30.2,30.5,28.7,0.525
1788224338.8,Highest temperature in Ankara on September 1?,Ankara,2026-09-01,3992310,highest-temperature-in-ankara-on-september-1-2026-33c,Will the highest temperature in Ankara be 33°C on September 1?,"[""Yes"", ""No""]","[""0.003"", ""0.997""]",808.5870000000001,1,30.2,30.5,28.7,0.525
1788224338.8,Highest temperature in Ankara on September 1?,Ankara,2026-09-01,3992311,highest-temperature-in-ankara-on-september-1-2026-34c,Will the highest temperature in Ankara be 34°C on September 1?,"[""Yes"", ""No""]","[""0.0005"", ""0.9995""]",214.958,1,30.2,30.5,28.7,0.525
1788224338.8,Highest temperature in Ankara on September 1?,Ankara,2026-09-01,3992312,highest-temperature-in-ankara-on-september-1-2026-35corhigher,Will the highest temperature in Ankara be 35°C or higher on September 1?,"[""Yes"", ""No""]","[""0.0005"", ""0.9995""]",259.952,1,30.2,30.5,28.7,0.525
1788224338.8,Highest temperature in Wellington on September 1?,Wellington,2026-09-01,3992313,highest-temperature-in-wellington-on-september-1-2026-8corbelow,Will the highest temperature in Wellington be 8°C or below on September 1?,"[""Yes"", ""No""]","[""0.0005"", ""0.9995""]",267.247,1,12.3,12.1,13.1,0.262
1788224338.8,Highest temperature in Wellington on September 1?,Wellington,2026-09-01,3992314,highest-temperature-in-wellington-on-september-1-2026-9c,Will the highest temperature in Wellington be 9°C on September 1?,"[""Yes"", ""No""]","[""0.0005"", ""0.9995""]",330.236,1,12.3,12.1,13.1,0.262
1788224338.8,Highest temperature in Wellington on September 1?,Wellington,2026-09-01,3992315,highest-temperature-in-wellington-on-september-1-2026-10c,Will the highest temperature in Wellington be 10°C on September 1?,"[""Yes"", ""No""]","[""0.0005"", ""0.9995""]",371.48999999999995,1,12.3,12.1,13.1,0.262
1788224338.8,Highest temperature in Wellington on September 1?,Wellington,2026-09-01,3992316,highest-temperature-in-wellington-on-september-1-2026-11c,Will the highest temperature in Wellington be 11°C on September 1?,"[""Yes"", ""No""]","[""0.0005"", ""0.9995""]",1340.7936000000002,1,12.3,12.1,13.1,0.262
1788224338.8,Highest temperature in Wellington on September 1?,Wellington,2026-09-01,3992317,highest-temperature-in-wellington-on-september-1-2026-12c,Will the highest temperature in Wellington be 12°C on September 1?,"[""Yes"", ""No""]","[""0.015"", ""0.985""]",2273.069002,1,12.3,12.1,13.1,0.262
1788224338.8,Highest temperature in Wellington on September 1?,Wellington,2026-09-01,3992318,highest-temperature-in-wellington-on-september-1-2026-13c,Will the highest temperature in Wellington be 13°C on September 1?,"[""Yes"", ""No""]","[""0.155"", ""0.845""]",4755.092974,1,12.3,12.1,13.1,0.262
1788224338.8,Highest temperature in Wellington on September 1?,Wellington,2026-09-01,3992319,highest-temperature-in-wellington-on-september-1-2026-14c,Will the highest temperature in Wellington be 14°C on September 1?,"[""Yes"", ""No""]","[""0.445"", ""0.555""]",5275.864094999999,1,12.3,12.1,13.1,0.262
1788224338.8,Highest temperature in Wellington on September 1?,Wellington,2026-09-01,3992320,highest-temperature-in-wellington-on-september-1-2026-15c,Will the highest temperature in Wellington be 15°C on September 1?,"[""Yes"", ""No""]","[""0.21"", ""0.79""]",3219.8151980000007,1,12.3,12.1,13.1,0.262
1788224338.8,Highest temperature in Wellington on September 1?,Wellington,2026-09-01,3992321,highest-temperature-in-wellington-on-september-1-2026-16c,Will the highest temperature in Wellington be 16°C on September 1?,"[""Yes"", ""No""]","[""0.014"", ""0.986""]",2073.176607,1,12.3,12.1,13.1,0.262
1788224338.8,Highest temperature in Wellington on September 1?,Wellington,2026-09-01,3992322,highest-temperature-in-wellington-on-september-1-2026-17c,Will the highest temperature in Wellington be 17°C on September 1?,"[""Yes"", ""No""]","[""0.0035"", ""0.9965""]",1716.2384000000004,1,12.3,12.1,13.1,0.262
1788224338.8,Highest temperature in Wellington on September 1?,Wellington,2026-09-01,3992323,highest-temperature-in-wellington-on-september-1-2026-18corhigher,Will the highest temperature in Wellington be 18°C or higher on September 1?,"[""Yes"", ""No""]","[""0.0015"", ""0.9985""]",2256.865281,1,12.3,12.1,13.1,0.262
1788224338.8,Highest temperature in Lucknow on September 1?,Lucknow,2026-09-01,3992324,highest-temperature-in-lucknow-on-september-1-2026-25corbelow,Will the highest temperature in Lucknow be 25°C or below on September 1?,"[""Yes"", ""No""]","[""0.0005"", ""0.9995""]",317.9168,1,28.6,29.8,31.1,1.549
1788224338.8,Highest temperature in Lucknow on September 1?,Lucknow,2026-09-01,3992325,highest-temperature-in-lucknow-on-september-1-2026-26c,Will the highest temperature in Lucknow be 26°C on September 1?,"[""Yes"", ""No""]","[""0.0005"", ""0.9995""]",321.91499999999996,1,28.6,29.8,31.1,1.549
1788224338.8,Highest temperature in Lucknow on September 1?,Lucknow,2026-09-01,3992326,highest-temperature-in-lucknow-on-september-1-2026-27c,Will the highest temperature in Lucknow be 27°C on September 1?,"[""Yes"", ""No""]","[""0.017"", ""0.983""]",100.1408,1,28.6,29.8,31.1,1.549
1788224338.8,Highest temperature in Lucknow on September 1?,Lucknow,2026-09-01,3992327,highest-temperature-in-lucknow-on-september-1-2026-28c,Will the highest temperature in Lucknow be 28°C on September 1?,"[""Yes"", ""No""]","[""0.055"", ""0.945""]",368.31294600000007,1,28.6,29.8,31.1,1.549
1788224338.8,Highest temperature in Lucknow on September 1?,Lucknow,2026-09-01,3992328,highest-temperature-in-lucknow-on-september-1-2026-29c,Will the highest temperature in Lucknow be 29°C on September 1?,"[""Yes"", ""No""]","[""0.22"", ""0.78""]",222.46959500000003,1,28.6,29.8,31.1,1.549
1788224338.8,Highest temperature in Lucknow on September 1?,Lucknow,2026-09-01,3992329,highest-temperature-in-lucknow-on-september-1-2026-30c,Will the highest temperature in Lucknow be 30°C on September 1?,"[""Yes"", ""No""]","[""0.39"", ""0.61""]",202.96707200000003,1,28.6,29.8,31.1,1.549
1788224338.8,Highest temperature in Lucknow on September 1?,Lucknow,2026-09-01,3992330,highest-temperature-in-lucknow-on-september-1-2026-31c,Will the highest temperature in Lucknow be 31°C on September 1?,"[""Yes"", ""No""]","[""0.27"", ""0.73""]",791.2827950000001,1,28.6,29.8,31.1,1.549
1788224338.8,Highest temperature in Lucknow on September 1?,Lucknow,2026-09-01,3992331,highest-temperature-in-lucknow-on-september-1-2026-32c,Will the highest temperature in Lucknow be 32°C on September 1?,"[""Yes"", ""No""]","[""0.09"", ""0.91""]",336.160797,1,28.6,29.8,31.1,1.549
1788224338.8,Highest temperature in Lucknow on September 1?,Lucknow,2026-09-01,3992332,highest-temperature-in-lucknow-on-september-1-2026-33c,Will the highest temperature in Lucknow be 33°C on September 1?,"[""Yes"", ""No""]","[""0.02"", ""0.98""]",233.40872,1,28.6,29.8,31.1,1.549
1788224338.8,Highest temperature in Lucknow on September 1?,Lucknow,2026-09-01,3992333,highest-temperature-in-lucknow-on-september-1-2026-34c,Will the highest temperature in Lucknow be 34°C on September 1?,"[""Yes"", ""No""]","[""0.002"", ""0.998""]",136.07600000000002,1,28.6,29.8,31.1,1.549
1788224338.8,Highest temperature in Lucknow on September 1?,Lucknow,2026-09-01,3992334,highest-temperature-in-lucknow-on-september-1-2026-35corhigher,Will the highest temperature in Lucknow be 35°C or higher on September 1?,"[""Yes"", ""No""]","[""0.002"", ""0.998""]",157.954,1,28.6,29.8,31.1,1.549
1788224338.8,Highest temperature in Munich on September 1?,Munich,2026-09-01,3992335,highest-temperature-in-munich-on-september-1-2026-18corbelow,Will the highest temperature in Munich be 18°C or below on September 1?,"[""Yes"", ""No""]","[""0.0005"", ""0.9995""]",2139.0950000000003,1,23.5,22.4,23.6,0.438
1788224338.8,Highest temperature in Munich on September 1?,Munich,2026-09-01,3992336,highest-temperature-in-munich-on-september-1-2026-19c,Will the highest temperature in Munich be 19°C on September 1?,"[""Yes"", ""No""]","[""0.002"", ""0.998""]",128.113,1,23.5,22.4,23.6,0.438
1788224338.8,Highest temperature in Munich on September 1?,Munich,2026-09-01,3992337,highest-temperature-in-munich-on-september-1-2026-20c,Will the highest temperature in Munich be 20°C on September 1?,"[""Yes"", ""No""]","[""0.003"", ""0.997""]",194.99360499999997,1,23.5,22.4,23.6,0.438
1788224338.8,Highest temperature in Munich on September 1?,Munich,2026-09-01,3992338,highest-temperature-in-munich-on-september-1-2026-21c,Will the highest temperature in Munich be 21°C on September 1?,"[""Yes"", ""No""]","[""0.0065"", ""0.9935""]",134.68329999999997,1,23.5,22.4,23.6,0.438
1788224338.8,Highest temperature in Munich on September 1?,Munich,2026-09-01,3992339,highest-temperature-in-munich-on-september-1-2026-22c,Will the highest temperature in Munich be 22°C on September 1?,"[""Yes"", ""No""]","[""0.03"", ""0.97""]",432.32092,1,23.5,22.4,23.6,0.438
1788224338.8,Highest temperature in Munich on September 1?,Munich,2026-09-01,3992340,highest-temperature-in-munich-on-september-1-2026-23c,Will the highest temperature in Munich be 23°C on September 1?,"[""Yes"", ""No""]","[""0.16"", ""0.84""]",2295.703879,1,23.5,22.4,23.6,0.438
1788224338.8,Highest temperature in Munich on September 1?,Munich,2026-09-01,3992341,highest-temperature-in-munich-on-september-1-2026-24c,Will the highest temperature in Munich be 24°C on September 1?,"[""Yes"", ""No""]","[""0.6"", ""0.4""]",3731.9350929999996,1,23.5,22.4,23.6,0.438
1788224338.8,Highest temperature in Munich on September 1?,Munich,2026-09-01,3992342,highest-temperature-in-munich-on-september-1-2026-25c,Will the highest temperature in Munich be 25°C on September 1?,"[""Yes"", ""No""]","[""0.27"", ""0.73""]",720.5202449999999,1,23.5,22.4,23.6,0.438
1788224338.8,Highest temperature in Munich on September 1?,Munich,2026-09-01,3992343,highest-temperature-in-munich-on-september-1-2026-26c,Will the highest temperature in Munich be 26°C on September 1?,"[""Yes"", ""No""]","[""0.0445"", ""0.9555""]",291.21952799999997,1,23.5,22.4,23.6,0.438
1788224338.8,Highest temperature in Munich on September 1?,Munich,2026-09-01,3992344,highest-temperature-in-munich-on-september-1-2026-27c,Will the highest temperature in Munich be 27°C on September 1?,"[""Yes"", ""No""]","[""0.0005"", ""0.9995""]",34.703,1,23.5,22.4,23.6,0.438
1788224338.8,Highest temperature in Munich on September 1?,Munich,2026-09-01,3992345,highest-temperature-in-munich-on-september-1-2026-28corhigher,Will the highest temperature in Munich be 28°C or higher on September 1?,"[""Yes"", ""No""]","[""0.0055"", ""0.9945""]",170.62099999999998,1,23.5,22.4,23.6,0.438
1788224338.8,Highest temperature in Tel Aviv on September 1?,Tel Aviv,2026-09-01,3992346,highest-temperature-in-tel-aviv-on-september-1-2026-30corbelow,Will the highest temperature in Tel Aviv be 30°C or below on September 1?,"[""Yes"", ""No""]","[""0.0005"", ""0.9995""]",891.170794,1,30.6,28.4,31.3,0.28
1788224338.8,Highest temperature in Tel Aviv on September 1?,Tel Aviv,2026-09-01,3992347,highest-temperature-in-tel-aviv-on-september-1-2026-31c,Will the highest temperature in Tel Aviv be 31°C on September 1?,"[""Yes"", ""No""]","[""0.0105"", ""0.9895""]",969.5468000000001,1,30.6,28.4,31.3,0.28
1788224338.8,Highest temperature in Tel Aviv on September 1?,Tel Aviv,2026-09-01,3992348,highest-temperature-in-tel-aviv-on-september-1-2026-32c,Will the highest temperature in Tel Aviv be 32°C on September 1?,"[""Yes"", ""No""]","[""0.805"", ""0.195""]",4174.123378,1,30.6,28.4,31.3,0.28
1788224338.8,Highest temperature in Tel Aviv on September 1?,Tel Aviv,2026-09-01,3992349,highest-temperature-in-tel-aviv-on-september-1-2026-33c,Will the highest temperature in Tel Aviv be 33°C on September 1?,"[""Yes"", ""No""]","[""0.18"", ""0.82""]",5339.057441000001,1,30.6,28.4,31.3,0.28
1788224338.8,Highest temperature in Tel Aviv on September 1?,Tel Aviv,2026-09-01,3992350,highest-temperature-in-tel-aviv-on-september-1-2026-34c,Will the highest temperature in Tel Aviv be 34°C on September 1?,"[""Yes"", ""No""]","[""0.009"", ""0.991""]",1031.8562,1,30.6,28.4,31.3,0.28
1788224338.8,Highest temperature in Tel Aviv on September 1?,Tel Aviv,2026-09-01,3992351,highest-temperature-in-tel-aviv-on-september-1-2026-35c,Will the highest temperature in Tel Aviv be 35°C on September 1?,"[""Yes"", ""No""]","[""0.0005"", ""0.9995""]",88.3219,1,30.6,28.4,31.3,0.28
1788224338.8,Highest temperature in Tel Aviv on September 1?,Tel Aviv,2026-09-01,3992352,highest-temperature-in-tel-aviv-on-september-1-2026-36c,Will the highest temperature in Tel Aviv be 36°C on September 1?,"[""Yes"", ""No""]","[""0.0005"", ""0.9995""]",759.7980000000001,1,30.6,28.4,31.3,0.28
1788224338.8,Highest temperature in Tel Aviv on September 1?,Tel Aviv,2026-09-01,3992353,highest-temperature-in-tel-aviv-on-september-1-2026-37c,Will the highest temperature in Tel Aviv be 37°C on September 1?,"[""Yes"", ""No""]","[""0.0005"", ""0.9995""]",1195.963,1,30.6,28.4,31.3,0.28
1788224338.8,Highest temperature in Tel Aviv on September 1?,Tel Aviv,2026-09-01,3992354,highest-temperature-in-tel-aviv-on-september-1-2026-38c,Will the highest temperature in Tel Aviv be 38°C on September 1?,"[""Yes"", ""No""]","[""0.0005"", ""0.9995""]",394.947,1,30.6,28.4,31.3,0.28
1788224338.8,Highest temperature in Tel Aviv on September 1?,Tel Aviv,2026-09-01,3992355,highest-temperature-in-tel-aviv-on-september-1-2026-39c,Will the highest temperature in Tel Aviv be 39°C on September 1?,"[""Yes"", ""No""]","[""0.0005"", ""0.9995""]",339.99,1,30.6,28.4,31.3,0.28
1788224338.8,Highest temperature in Tel Aviv on September 1?,Tel Aviv,2026-09-01,3992356,highest-temperature-in-tel-aviv-on-september-1-2026-40corhigher,Will the highest temperature in Tel Aviv be 40°C or higher on September 1?,"[""Yes"", ""No""]","[""0.0005"", ""0.9995""]",339.994,1,30.6,28.4,31.3,0.28
1788224338.8,Highest temperature in Tokyo on September 1?,Tokyo,2026-09-01,3992357,highest-temperature-in-tokyo-on-september-1-2026-26corbelow,Will the highest temperature in Tokyo be 26°C or below on September 1?,"[""Yes"", ""No""]","[""0.006"", ""0.994""]",786.1388,1,29.7,29.2,29.1,1.069
1788224338.8,Highest temperature in Tokyo on September 1?,Tokyo,2026-09-01,3992358,highest-temperature-in-tokyo-on-september-1-2026-27c,Will the highest temperature in Tokyo be 27°C on September 1?,"[""Yes"", ""No""]","[""0.0195"", ""0.9805""]",1336.12698,1,29.7,29.2,29.1,1.069
1788224338.8,Highest temperature in Tokyo on September 1?,Tokyo,2026-09-01,3992359,highest-temperature-in-tokyo-on-september-1-2026-28c,Will the highest temperature in Tokyo be 28°C on September 1?,"[""Yes"", ""No""]","[""0.22"", ""0.78""]",2860.907972,1,29.7,29.2,29.1,1.069
1788224338.8,Highest temperature in Tokyo on September 1?,Tokyo,2026-09-01,3992360,highest-temperature-in-tokyo-on-september-1-2026-29c,Will the highest temperature in Tokyo be 29°C on September 1?,"[""Yes"", ""No""]","[""0.46"", ""0.54""]",3179.0375959999997,1,29.7,29.2,29.1,1.069
1788224338.8,Highest temperature in Tokyo on September 1?,Tokyo,2026-09-01,3992361,highest-temperature-in-tokyo-on-september-1-2026-30c,Will the highest temperature in Tokyo be 30°C on September 1?,"[""Yes"", ""No""]","[""0.235"", ""0.765""]",2244.0227779999996,1,29.7,29.2,29.1,1.069
1788224338.8,Highest temperature in Tokyo on September 1?,Tokyo,2026-09-01,3992362,highest-temperature-in-tokyo-on-september-1-2026-31c,Will the highest temperature in Tokyo be 31°C on September 1?,"[""Yes"", ""No""]","[""0.07"", ""0.93""]",3457.011175,1,29.7,29.2,29.1,1.069
1788224338.8,Highest temperature in Tokyo on September 1?,Tokyo,2026-09-01,3992363,highest-temperature-in-tokyo-on-september-1-2026-32c,Will the highest temperature in Tokyo be 32°C on September 1?,"[""Yes"", ""No""]","[""0.0095"", ""0.9905""]",6069.1051800000005,1,29.7,29.2,29.1,1.069
1788224338.8,Highest temperature in Tokyo on September 1?,Tokyo,2026-09-01,3992364,highest-temperature-in-tokyo-on-september-1-2026-33c,Will the highest temperature in Tokyo be 33°C on September 1?,"[""Yes"", ""No""]","[""0.0045"", ""0.9955""]",2487.440702,1,29.7,29.2,29.1,1.069
1788224338.8,Highest temperature in Tokyo on September 1?,Tokyo,2026-09-01,3992365,highest-temperature-in-tokyo-on-september-1-2026-34c,Will the highest temperature in Tokyo be 34°C on September 1?,"[""Yes"", ""No""]","[""0.0015"", ""0.9985""]",1662.6786829999996,1,29.7,29.2,29.1,1.069
1788224338.8,Highest temperature in Tokyo on September 1?,Tokyo,2026-09-01,3992366,highest-temperature-in-tokyo-on-september-1-2026-35c,Will the highest temperature in Tokyo be 35°C on September 1?,"[""Yes"", ""No""]","[""0.0005"", ""0.9995""]",1235.3274680000002,1,29.7,29.2,29.1,1.069
1788224338.8,Highest temperature in Tokyo on September 1?,Tokyo,2026-09-01,3992367,highest-temperature-in-tokyo-on-september-1-2026-36corhigher,Will the highest temperature in Tokyo be 36°C or higher on September 1?,"[""Yes"", ""No""]","[""0.0005"", ""0.9995""]",2148.414825,1,29.7,29.2,29.1,1.069
1788224338.8,Highest temperature in Hong Kong on September 1?,Hong Kong,2026-09-01,3992368,highest-temperature-in-hong-kong-on-september-1-2026-25corbelow,Will the highest temperature in Hong Kong be 25°C or below on September 1?,"[""Yes"", ""No""]","[""0.0005"", ""0.9995""]",109.991,1,27.5,29.5,28.5,1.428
1788224338.8,Highest temperature in Hong Kong on September 1?,Hong Kong,2026-09-01,3992369,highest-temperature-in-hong-kong-on-september-1-2026-26c,Will the highest temperature in Hong Kong be 26°C on September 1?,"[""Yes"", ""No""]","[""0.0005"", ""0.9995""]",119.997,1,27.5,29.5,28.5,1.428
1788224338.8,Highest temperature in Hong Kong on September 1?,Hong Kong,2026-09-01,3992370,highest-temperature-in-hong-kong-on-september-1-2026-27c,Will the highest temperature in Hong Kong be 27°C on September 1?,"[""Yes"", ""No""]","[""0.0285"", ""0.9715""]",4062.789364,1,27.5,29.5,28.5,1.428
1788224338.8,Highest temperature in Hong Kong on September 1?,Hong Kong,2026-09-01,3992371,highest-temperature-in-hong-kong-on-september-1-2026-28c,Will the highest temperature in Hong Kong be 28°C on September 1?,"[""Yes"", ""No""]","[""0.305"", ""0.695""]",3165.262457000001,1,27.5,29.5,28.5,1.428
1788224338.8,Highest temperature in Hong Kong on September 1?,Hong Kong,2026-09-01,3992372,highest-temperature-in-hong-kong-on-september-1-2026-29c,Will the highest temperature in Hong Kong be 29°C on September 1?,"[""Yes"", ""No""]","[""0.47"", ""0.53""]",4553.666871000001,1,27.5,29.5,28.5,1.428
1788224338.8,Highest temperature in Hong Kong on September 1?,Hong Kong,2026-09-01,3992373,highest-temperature-in-hong-kong-on-september-1-2026-30c,Will the highest temperature in Hong Kong be 30°C on September 1?,"[""Yes"", ""No""]","[""0.14"", ""0.86""]",3069.475634,1,27.5,29.5,28.5,1.428
1788224338.8,Highest temperature in Hong Kong on September 1?,Hong Kong,2026-09-01,3992374,highest-temperature-in-hong-kong-on-september-1-2026-31c,Will the highest temperature in Hong Kong be 31°C on September 1?,"[""Yes"", ""No""]","[""0.0515"", ""0.9485""]",3447.762737,1,27.5,29.5,28.5,1.428
1788224338.8,Highest temperature in Hong Kong on September 1?,Hong Kong,2026-09-01,3992375,highest-temperature-in-hong-kong-on-september-1-2026-32c,Will the highest temperature in Hong Kong be 32°C on September 1?,"[""Yes"", ""No""]","[""0.035"", ""0.965""]",3921.6223130000017,1,27.5,29.5,28.5,1.428
1788224338.8,Highest temperature in Hong Kong on September 1?,Hong Kong,2026-09-01,3992376,highest-temperature-in-hong-kong-on-september-1-2026-33c,Will the highest temperature in Hong Kong be 33°C on September 1?,"[""Yes"", ""No""]","[""0.0105"", ""0.9895""]",2291.333682,1,27.5,29.5,28.5,1.428
1788224338.8,Highest temperature in Hong Kong on September 1?,Hong Kong,2026-09-01,3992377,highest-temperature-in-hong-kong-on-september-1-2026-34c,Will the highest temperature in Hong Kong be 34°C on September 1?,"[""Yes"", ""No""]","[""0.0005"", ""0.9995""]",534.157,1,27.5,29.5,28.5,1.428
1788224338.8,Highest temperature in Hong Kong on September 1?,Hong Kong,2026-09-01,3992378,highest-temperature-in-hong-kong-on-september-1-2026-35corhigher,Will the highest temperature in Hong Kong be 35°C or higher on September 1?,"[""Yes"", ""No""]","[""0.0005"", ""0.9995""]",273.8208,1,27.5,29.5,28.5,1.428
1788224338.8,Highest temperature in Shanghai on September 1?,Shanghai,2026-09-01,3992379,highest-temperature-in-shanghai-on-september-1-2026-25corbelow,Will the highest temperature in Shanghai be 25°C or below on September 1?,"[""Yes"", ""No""]","[""0.0005"", ""0.9995""]",2167.766332,1,33.8,30.8,31.3,0.784
1788224338.8,Highest temperature in Shanghai on September 1?,Shanghai,2026-09-01,3992380,highest-temperature-in-shanghai-on-september-1-2026-26c,Will the highest temperature in Shanghai be 26°C on September 1?,"[""Yes"", ""No""]","[""0.0005"", ""0.9995""]",5746.0918,1,33.8,30.8,31.3,0.784
1788224338.8,Highest temperature in Shanghai on September 1?,Shanghai,2026-09-01,3992381,highest-temperature-in-shanghai-on-september-1-2026-27c,Will the highest temperature in Shanghai be 27°C on September 1?,"[""Yes"", ""No""]","[""0.0005"", ""0.9995""]",2960.549434,1,33.8,30.8,31.3,0.784
1788224338.8,Highest temperature in Shanghai on September 1?,Shanghai,2026-09-01,3992382,highest-temperature-in-shanghai-on-september-1-2026-28c,Will the highest temperature in Shanghai be 28°C on September 1?,"[""Yes"", ""No""]","[""0.004"", ""0.996""]",3078.079865,1,33.8,30.8,31.3,0.784
1788224338.8,Highest temperature in Shanghai on September 1?,Shanghai,2026-09-01,3992383,highest-temperature-in-shanghai-on-september-1-2026-29c,Will the highest temperature in Shanghai be 29°C on September 1?,"[""Yes"", ""No""]","[""0.02"", ""0.98""]",11319.825943000005,1,33.8,30.8,31.3,0.784
1788224338.8,Highest temperature in Shanghai on September 1?,Shanghai,2026-09-01,3992384,highest-temperature-in-shanghai-on-september-1-2026-30c,Will the highest temperature in Shanghai be 30°C on September 1?,"[""Yes"", ""No""]","[""0.24"", ""0.76""]",11497.781637000002,1,33.8,30.8,31.3,0.784
1788224338.8,Highest temperature in Shanghai on September 1?,Shanghai,2026-09-01,3992385,highest-temperature-in-shanghai-on-september-1-2026-31c,Will the highest temperature in Shanghai be 31°C on September 1?,"[""Yes"", ""No""]","[""0.655"", ""0.345""]",10395.160202000005,1,33.8,30.8,31.3,0.784
1788224338.8,Highest temperature in Shanghai on September 1?,Shanghai,2026-09-01,3992386,highest-temperature-in-shanghai-on-september-1-2026-32c,Will the highest temperature in Shanghai be 32°C on September 1?,"[""Yes"", ""No""]","[""0.145"", ""0.855""]",7128.301174000001,1,33.8,30.8,31.3,0.784
1788224338.8,Highest temperature in Shanghai on September 1?,Shanghai,2026-09-01,3992387,highest-temperature-in-shanghai-on-september-1-2026-33c,Will the highest temperature in Shanghai be 33°C on September 1?,"[""Yes"", ""No""]","[""0.015"", ""0.985""]",3135.7967370000006,1,33.8,30.8,31.3,0.784
1788224338.8,Highest temperature in Shanghai on September 1?,Shanghai,2026-09-01,3992388,highest-temperature-in-shanghai-on-september-1-2026-34c,Will the highest temperature in Shanghai be 34°C on September 1?,"[""Yes"", ""No""]","[""0.003"", ""0.997""]",1447.623586,1,33.8,30.8,31.3,0.784
1788224338.8,Highest temperature in Shanghai on September 1?,Shanghai,2026-09-01,3992389,highest-temperature-in-shanghai-on-september-1-2026-35corhigher,Will the highest temperature in Shanghai be 35°C or higher on September 1?,"[""Yes"", ""No""]","[""0.0005"", ""0.9995""]",814.296,1,33.8,30.8,31.3,0.784
1788224338.8,Highest temperature in Singapore on September 1?,Singapore,2026-09-01,3992390,highest-temperature-in-singapore-on-september-1-2026-28corbelow,Will the highest temperature in Singapore be 28°C or below on September 1?,"[""Yes"", ""No""]","[""0.0005"", ""0.9995""]",513.2030000000001,1,31.0,30.9,32.8,0.367
1788224338.8,Highest temperature in Singapore on September 1?,Singapore,2026-09-01,3992391,highest-temperature-in-singapore-on-september-1-2026-29c,Will the highest temperature in Singapore be 29°C on September 1?,"[""Yes"", ""No""]","[""0.028"", ""0.972""]",1110.4069,1,31.0,30.9,32.8,0.367
1788224338.8,Highest temperature in Singapore on September 1?,Singapore,2026-09-01,3992392,highest-temperature-in-singapore-on-september-1-2026-30c,Will the highest temperature in Singapore be 30°C on September 1?,"[""Yes"", ""No""]","[""0.0225"", ""0.9775""]",4680.264873000001,1,31.0,30.9,32.8,0.367
1788224338.8,Highest temperature in Singapore on September 1?,Singapore,2026-09-01,3992393,highest-temperature-in-singapore-on-september-1-2026-31c,Will the highest temperature in Singapore be 31°C on September 1?,"[""Yes"", ""No""]","[""0.07"", ""0.93""]",2035.615467,1,31.0,30.9,32.8,0.367
1788224338.8,Highest temperature in Singapore on September 1?,Singapore,2026-09-01,3992394,highest-temperature-in-singapore-on-september-1-2026-32c,Will the highest temperature in Singapore be 32°C on September 1?,"[""Yes"", ""No""]","[""0.395"", ""0.605""]",2357.315808,1,31.0,30.9,32.8,0.367
1788224338.8,Highest temperature in Singapore on September 1?,Singapore,2026-09-01,3992395,highest-temperature-in-singapore-on-september-1-2026-33c,Will the highest temperature in Singapore be 33°C on September 1?,"[""Yes"", ""No""]","[""0.465"", ""0.535""]",7005.099625000002,1,31.0,30.9,32.8,0.367
1788224338.8,Highest temperature in Singapore on September 1?,Singapore,2026-09-01,3992396,highest-temperature-in-singapore-on-september-1-2026-34c,Will the highest temperature in Singapore be 34°C on September 1?,"[""Yes"", ""No""]","[""0.03"", ""0.97""]",5030.750652000001,1,31.0,30.9,32.8,0.367
1788224338.8,Highest temperature in Singapore on September 1?,Singapore,2026-09-01,3992397,highest-temperature-in-singapore-on-september-1-2026-35c,Will the highest temperature in Singapore be 35°C on September 1?,"[""Yes"", ""No""]","[""0.008"", ""0.992""]",1421.612739,1,31.0,30.9,32.8,0.367
1788224338.8,Highest temperature in Singapore on September 1?,Singapore,2026-09-01,3992398,highest-temperature-in-singapore-on-september-1-2026-36c,Will the highest temperature in Singapore be 36°C on September 1?,"[""Yes"", ""No""]","[""0.002"", ""0.998""]",1142.460666,1,31.0,30.9,32.8,0.367
1788224338.8,Highest temperature in Singapore on September 1?,Singapore,2026-09-01,3992399,highest-temperature-in-singapore-on-september-1-2026-37c,Will the highest temperature in Singapore be 37°C on September 1?,"[""Yes"", ""No""]","[""0.0005"", ""0.9995""]",416.209,1,31.0,30.9,32.8,0.367
1788224338.8,Highest temperature in Singapore on September 1?,Singapore,2026-09-01,3992400,highest-temperature-in-singapore-on-september-1-2026-38corhigher,Will the highest temperature in Singapore be 38°C or higher on September 1?,"[""Yes"", ""No""]","[""0.0005"", ""0.9995""]",282.245,1,31.0,30.9,32.8,0.367
1788224338.8,Highest temperature in Milan on September 1?,Milan,2026-09-01,3992401,highest-temperature-in-milan-on-september-1-2026-24corbelow,Will the highest temperature in Milan be 24°C or below on September 1?,"[""Yes"", ""No""]","[""0.003"", ""0.997""]",7262.703310000005,1,30.1,29.7,30.6,0.661
1788224338.8,Highest temperature in Milan on September 1?,Milan,2026-09-01,3992402,highest-temperature-in-milan-on-september-1-2026-25c,Will the highest temperature in Milan be 25°C on September 1?,"[""Yes"", ""No""]","[""0.003"", ""0.997""]",1215.7779999999998,1,30.1,29.7,30.6,0.661
1788224338.8,Highest temperature in Milan on September 1?,Milan,2026-09-01,3992403,highest-temperature-in-milan-on-september-1-2026-26c,Will the highest temperature in Milan be 26°C on September 1?,"[""Yes"", ""No""]","[""0.005"", ""0.995""]",385.0488,1,30.1,29.7,30.6,0.661
1788224338.8,Highest temperature in Milan on September 1?,Milan,2026-09-01,3992404,highest-temperature-in-milan-on-september-1-2026-27c,Will the highest temperature in Milan be 27°C on September 1?,"[""Yes"", ""No""]","[""0.0205"", ""0.9795""]",612.9457629999999,1,30.1,29.7,30.6,0.661
1788224338.8,Highest temperature in Milan on September 1?,Milan,2026-09-01,3992405,highest-temperature-in-milan-on-september-1-2026-28c,Will the highest temperature in Milan be 28°C on September 1?,"[""Yes"", ""No""]","[""0.05"", ""0.95""]",1437.335698,1,30.1,29.7,30.6,0.661
1788224338.8,Highest temperature in Milan on September 1?,Milan,2026-09-01,3992406,highest-temperature-in-milan-on-september-1-2026-29c,Will the highest temperature in Milan be 29°C on September 1?,"[""Yes"", ""No""]","[""0.265"", ""0.735""]",2107.8366140000003,1,30.1,29.7,30.6,0.661
1788224338.8,Highest temperature in Milan on September 1?,Milan,2026-09-01,3992407,highest-temperature-in-milan-on-september-1-2026-30c,Will the highest temperature in Milan be 30°C on September 1?,"[""Yes"", ""No""]","[""0.5"", ""0.5""]",9321.963450000001,1,30.1,29.7,30.6,0.661
1788224338.8,Highest temperature in Milan on September 1?,Milan,2026-09-01,3992408,highest-temperature-in-milan-on-september-1-2026-31c,Will the highest temperature in Milan be 31°C on September 1?,"[""Yes"", ""No""]","[""0.15"", ""0.85""]",7554.690414999998,1,30.1,29.7,30.6,0.661
1788224338.8,Highest temperature in Milan on September 1?,Milan,2026-09-01,3992409,highest-temperature-in-milan-on-september-1-2026-32c,Will the highest temperature in Milan be 32°C on September 1?,"[""Yes"", ""No""]","[""0.03"", ""0.97""]",557.522164,1,30.1,29.7,30.6,0.661
1788224338.8,Highest temperature in Milan on September 1?,Milan,2026-09-01,3992410,highest-temperature-in-milan-on-september-1-2026-33c,Will the highest temperature in Milan be 33°C on September 1?,"[""Yes"", ""No""]","[""0.0055"", ""0.9945""]",485.3922,1,30.1,29.7,30.6,0.661
1788224338.8,Highest temperature in Milan on September 1?,Milan,2026-09-01,3992411,highest-temperature-in-milan-on-september-1-2026-34corhigher,Will the highest temperature in Milan be 34°C or higher on September 1?,"[""Yes"", ""No""]","[""0.0035"", ""0.9965""]",2006.8031380000002,1,30.1,29.7,30.6,0.661
1788224338.8,Highest temperature in Madrid on September 1?,Madrid,2026-09-01,3992412,highest-temperature-in-madrid-on-september-1-2026-30corbelow,Will the highest temperature in Madrid be 30°C or below on September 1?,"[""Yes"", ""No""]","[""0.0005"", ""0.9995""]",768.99554,1,33.4,33.8,33.9,0.774
1788224338.8,Highest temperature in Madrid on September 1?,Madrid,2026-09-01,3992413,highest-temperature-in-madrid-on-september-1-2026-31c,Will the highest temperature in Madrid be 31°C on September 1?,"[""Yes"", ""No""]","[""0.0005"", ""0.9995""]",242.96930000000003,1,33.4,33.8,33.9,0.774
1788224338.8,Highest temperature in Madrid on September 1?,Madrid,2026-09-01,3992416,highest-temperature-in-madrid-on-september-1-2026-32c,Will the highest temperature in Madrid be 32°C on September 1?,"[""Yes"", ""No""]","[""0.0025"", ""0.9975""]",745.1104500000001,1,33.4,33.8,33.9,0.774
1788224338.8,Highest temperature in Madrid on September 1?,Madrid,2026-09-01,3992420,highest-temperature-in-madrid-on-september-1-2026-33c,Will the highest temperature in Madrid be 33°C on September 1?,"[""Yes"", ""No""]","[""0.025"", ""0.975""]",1098.9277290000002,1,33.4,33.8,33.9,0.774
1788224338.8,Highest temperature in Madrid on September 1?,Madrid,2026-09-01,3992421,highest-temperature-in-madrid-on-september-1-2026-34c,Will the highest temperature in Madrid be 34°C on September 1?,"[""Yes"", ""No""]","[""0.355"", ""0.645""]",2270.3609689999994,1,33.4,33.8,33.9,0.774
1788224338.8,Highest temperature in Madrid on September 1?,Madrid,2026-09-01,3992422,highest-temperature-in-madrid-on-september-1-2026-35c,Will the highest temperature in Madrid be 35°C on September 1?,"[""Yes"", ""No""]","[""0.605"", ""0.395""]",2705.6685279999997,1,33.4,33.8,33.9,0.774
1788224338.8,Highest temperature in Madrid on September 1?,Madrid,2026-09-01,3992424,highest-temperature-in-madrid-on-september-1-2026-36c,Will the highest temperature in Madrid be 36°C on September 1?,"[""Yes"", ""No""]","[""0.041"", ""0.959""]",1357.1774190000003,1,33.4,33.8,33.9,0.774
1788224338.8,Highest temperature in Madrid on September 1?,Madrid,2026-09-01,3992427,highest-temperature-in-madrid-on-september-1-2026-37c,Will the highest temperature in Madrid be 37°C on September 1?,"[""Yes"", ""No""]","[""0.0005"", ""0.9995""]",488.4024999999999,1,33.4,33.8,33.9,0.774
1788224338.8,Highest temperature in Madrid on September 1?,Madrid,2026-09-01,3992428,highest-temperature-in-madrid-on-september-1-2026-38c,Will the highest temperature in Madrid be 38°C on September 1?,"[""Yes"", ""No""]","[""0.0005"", ""0.9995""]",327.95599999999996,1,33.4,33.8,33.9,0.774
1788224338.8,Highest temperature in Madrid on September 1?,Madrid,2026-09-01,3992429,highest-temperature-in-madrid-on-september-1-2026-39c,Will the highest temperature in Madrid be 39°C on September 1?,"[""Yes"", ""No""]","[""0.0005"", ""0.9995""]",157.968,1,33.4,33.8,33.9,0.774
1788224338.8,Highest temperature in Madrid on September 1?,Madrid,2026-09-01,3992430,highest-temperature-in-madrid-on-september-1-2026-40corhigher,Will the highest temperature in Madrid be 40°C or higher on September 1?,"[""Yes"", ""No""]","[""0.0005"", ""0.9995""]",222.986,1,33.4,33.8,33.9,0.774
1788224338.8,Highest temperature in Warsaw on September 1?,Warsaw,2026-09-01,3992431,highest-temperature-in-warsaw-on-september-1-2026-17corbelow,Will the highest temperature in Warsaw be 17°C or below on September 1?,"[""Yes"", ""No""]","[""0.0005"", ""0.9995""]",630.9047999999999,1,21.7,19.9,21.0,0.55
1788224338.8,Highest temperature in Warsaw on September 1?,Warsaw,2026-09-01,3992432,highest-temperature-in-warsaw-on-september-1-2026-18c,Will the highest temperature in Warsaw be 18°C on September 1?,"[""Yes"", ""No""]","[""0.0135"", ""0.9865""]",561.463268,1,21.7,19.9,21.0,0.55
1788224338.8,Highest temperature in Warsaw on September 1?,Warsaw,2026-09-01,3992433,highest-temperature-in-warsaw-on-september-1-2026-19c,Will the highest temperature in Warsaw be 19°C on September 1?,"[""Yes"", ""No""]","[""0.045"", ""0.955""]",977.442289,1,21.7,19.9,21.0,0.55
1788224338.8,Highest temperature in Warsaw on September 1?,Warsaw,2026-09-01,3992434,highest-temperature-in-warsaw-on-september-1-2026-20c,Will the highest temperature in Warsaw be 20°C on September 1?,"[""Yes"", ""No""]","[""0.335"", ""0.665""]",1367.638053,1,21.7,19.9,21.0,0.55
1788224338.8,Highest temperature in Warsaw on September 1?,Warsaw,2026-09-01,3992435,highest-temperature-in-warsaw-on-september-1-2026-21c,Will the highest temperature in Warsaw be 21°C on September 1?,"[""Yes"", ""No""]","[""0.5"", ""0.5""]",1314.131753,1,21.7,19.9,21.0,0.55
1788224338.8,Highest temperature in Warsaw on September 1?,Warsaw,2026-09-01,3992436,highest-temperature-in-warsaw-on-september-1-2026-22c,Will the highest temperature in Warsaw be 22°C on September 1?,"[""Yes"", ""No""]","[""0.115"", ""0.885""]",3643.5302840000004,1,21.7,19.9,21.0,0.55
1788224338.8,Highest temperature in Warsaw on September 1?,Warsaw,2026-09-01,3992437,highest-temperature-in-warsaw-on-september-1-2026-23c,Will the highest temperature in Warsaw be 23°C on September 1?,"[""Yes"", ""No""]","[""0.015"", ""0.985""]",489.03507299999995,1,21.7,19.9,21.0,0.55
1788224338.8,Highest temperature in Warsaw on September 1?,Warsaw,2026-09-01,3992438,highest-temperature-in-warsaw-on-september-1-2026-24c,Will the highest temperature in Warsaw be 24°C on September 1?,"[""Yes"", ""No""]","[""0.0005"", ""0.9995""]",246.999,1,21.7,19.9,21.0,0.55
1788224338.8,Highest temperature in Warsaw on September 1?,Warsaw,2026-09-01,3992439,highest-temperature-in-warsaw-on-september-1-2026-25c,Will the highest temperature in Warsaw be 25°C on September 1?,"[""Yes"", ""No""]","[""0.002"", ""0.998""]",597.9006,1,21.7,19.9,21.0,0.55
1788224338.8,Highest temperature in Warsaw on September 1?,Warsaw,2026-09-01,3992440,highest-temperature-in-warsaw-on-september-1-2026-26c,Will the highest temperature in Warsaw be 26°C on September 1?,"[""Yes"", ""No""]","[""0.002"", ""0.998""]",553.246,1,21.7,19.9,21.0,0.55
1788224338.8,Highest temperature in Warsaw on September 1?,Warsaw,2026-09-01,3992441,highest-temperature-in-warsaw-on-september-1-2026-27corhigher,Will the highest temperature in Warsaw be 27°C or higher on September 1?,"[""Yes"", ""No""]","[""0.0005"", ""0.9995""]",107.281,1,21.7,19.9,21.0,0.55
1788224338.8,Highest temperature in Taipei on September 1?,Taipei,2026-09-01,3992442,highest-temperature-in-taipei-on-september-1-2026-27corbelow,Will the highest temperature in Taipei be 27°C or below on September 1?,"[""Yes"", ""No""]","[""0.0005"", ""0.9995""]",2449.1824000000006,1,31.9,31.1,31.9,1.102
1788224338.8,Highest temperature in Taipei on September 1?,Taipei,2026-09-01,3992443,highest-temperature-in-taipei-on-september-1-2026-28c,Will the highest temperature in Taipei be 28°C on September 1?,"[""Yes"", ""No""]","[""0.0005"", ""0.9995""]",3298.2061999999996,1,31.9,31.1,31.9,1.102
1788224338.8,Highest temperature in Taipei on September 1?,Taipei,2026-09-01,3992444,highest-temperature-in-taipei-on-september-1-2026-29c,Will the highest temperature in Taipei be 29°C on September 1?,"[""Yes"", ""No""]","[""0.08"", ""0.92""]",1621.0112889999998,1,31.9,31.1,31.9,1.102
1788224338.8,Highest temperature in Taipei on September 1?,Taipei,2026-09-01,3992445,highest-temperature-in-taipei-on-september-1-2026-30c,Will the highest temperature in Taipei be 30°C on September 1?,"[""Yes"", ""No""]","[""0.065"", ""0.935""]",2069.8594139999996,1,31.9,31.1,31.9,1.102
1788224338.8,Highest temperature in Taipei on September 1?,Taipei,2026-09-01,3992446,highest-temperature-in-taipei-on-september-1-2026-31c,Will the highest temperature in Taipei be 31°C on September 1?,"[""Yes"", ""No""]","[""0.3"", ""0.7""]",2603.0700890000003,1,31.9,31.1,31.9,1.102
1788224338.8,Highest temperature in Taipei on September 1?,Taipei,2026-09-01,3992447,highest-temperature-in-taipei-on-september-1-2026-32c,Will the highest temperature in Taipei be 32°C on September 1?,"[""Yes"", ""No""]","[""0.34"", ""0.66""]",2175.8613859999996,1,31.9,31.1,31.9,1.102
1788224338.8,Highest temperature in Taipei on September 1?,Taipei,2026-09-01,3992448,highest-temperature-in-taipei-on-september-1-2026-33c,Will the highest temperature in Taipei be 33°C on September 1?,"[""Yes"", ""No""]","[""0.18"", ""0.82""]",2175.8950669999995,1,31.9,31.1,31.9,1.102
1788224338.8,Highest temperature in Taipei on September 1?,Taipei,2026-09-01,3992449,highest-temperature-in-taipei-on-september-1-2026-34c,Will the highest temperature in Taipei be 34°C on September 1?,"[""Yes"", ""No""]","[""0.05"", ""0.95""]",2004.913688,1,31.9,31.1,31.9,1.102
1788224338.8,Highest temperature in Taipei on September 1?,Taipei,2026-09-01,3992450,highest-temperature-in-taipei-on-september-1-2026-35c,Will the highest temperature in Taipei be 35°C on September 1?,"[""Yes"", ""No""]","[""0.016"", ""0.984""]",517.4932,1,31.9,31.1,31.9,1.102
1788224338.8,Highest temperature in Taipei on September 1?,Taipei,2026-09-01,3992451,highest-temperature-in-taipei-on-september-1-2026-36c,Will the highest temperature in Taipei be 36°C on September 1?,"[""Yes"", ""No""]","[""0.0055"", ""0.9945""]",1374.072898,1,31.9,31.1,31.9,1.102
1788224338.8,Highest temperature in Taipei on September 1?,Taipei,2026-09-01,3992452,highest-temperature-in-taipei-on-september-1-2026-37corhigher,Will the highest temperature in Taipei be 37°C or higher on September 1?,"[""Yes"", ""No""]","[""0.003"", ""0.997""]",1277.7510000000002,1,31.9,31.1,31.9,1.102
1788224338.8,Highest temperature in Chongqing on September 1?,Chongqing,2026-09-01,3992453,highest-temperature-in-chongqing-on-september-1-2026-29corbelow,Will the highest temperature in Chongqing be 29°C or below on September 1?,"[""Yes"", ""No""]","[""0.0005"", ""0.9995""]",120.997,1,35.4,32.7,36.1,0.302
1788224338.8,Highest temperature in Chongqing on September 1?,Chongqing,2026-09-01,3992454,highest-temperature-in-chongqing-on-september-1-2026-30c,Will the highest temperature in Chongqing be 30°C on September 1?,"[""Yes"", ""No""]","[""0.0005"", ""0.9995""]",303.92700900000006,1,35.4,32.7,36.1,0.302
1788224338.8,Highest temperature in Chongqing on September 1?,Chongqing,2026-09-01,3992455,highest-temperature-in-chongqing-on-september-1-2026-31c,Will the highest temperature in Chongqing be 31°C on September 1?,"[""Yes"", ""No""]","[""0.0055"", ""0.9945""]",375.772,1,35.4,32.7,36.1,0.302
1788224338.8,Highest temperature in Chongqing on September 1?,Chongqing,2026-09-01,3992456,highest-temperature-in-chongqing-on-september-1-2026-32c,Will the highest temperature in Chongqing be 32°C on September 1?,"[""Yes"", ""No""]","[""0.0305"", ""0.9695""]",697.707532,1,35.4,32.7,36.1,0.302
1788224338.8,Highest temperature in Chongqing on September 1?,Chongqing,2026-09-01,3992457,highest-temperature-in-chongqing-on-september-1-2026-33c,Will the highest temperature in Chongqing be 33°C on September 1?,"[""Yes"", ""No""]","[""0.075"", ""0.925""]",345.496971,1,35.4,32.7,36.1,0.302
1788224338.8,Highest temperature in Chongqing on September 1?,Chongqing,2026-09-01,3992458,highest-temperature-in-chongqing-on-september-1-2026-34c,Will the highest temperature in Chongqing be 34°C on September 1?,"[""Yes"", ""No""]","[""0.22"", ""0.78""]",810.9068980000001,1,35.4,32.7,36.1,0.302
1788224338.8,Highest temperature in Chongqing on September 1?,Chongqing,2026-09-01,3992459,highest-temperature-in-chongqing-on-september-1-2026-35c,Will the highest temperature in Chongqing be 35°C on September 1?,"[""Yes"", ""No""]","[""0.495"", ""0.505""]",1175.2717440000001,1,35.4,32.7,36.1,0.302
1788224338.8,Highest temperature in Chongqing on September 1?,Chongqing,2026-09-01,3992460,highest-temperature-in-chongqing-on-september-1-2026-36c,Will the highest temperature in Chongqing be 36°C on September 1?,"[""Yes"", ""No""]","[""0.185"", ""0.815""]",1355.354852,1,35.4,32.7,36.1,0.302
1788224338.8,Highest temperature in Chongqing on September 1?,Chongqing,2026-09-01,3992461,highest-temperature-in-chongqing-on-september-1-2026-37c,Will the highest temperature in Chongqing be 37°C on September 1?,"[""Yes"", ""No""]","[""0.02"", ""0.98""]",1640.936595,1,35.4,32.7,36.1,0.302
1788224338.8,Highest temperature in Chongqing on September 1?,Chongqing,2026-09-01,3992462,highest-temperature-in-chongqing-on-september-1-2026-38c,Will the highest temperature in Chongqing be 38°C on September 1?,"[""Yes"", ""No""]","[""0.003"", ""0.997""]",1031.323702,1,35.4,32.7,36.1,0.302
1788224338.8,Highest temperature in Chongqing on September 1?,Chongqing,2026-09-01,3992463,highest-temperature-in-chongqing-on-september-1-2026-39corhigher,Will the highest temperature in Chongqing be 39°C or higher on September 1?,"[""Yes"", ""No""]","[""0.0035"", ""0.9965""]",1034.904512,1,35.4,32.7,36.1,0.302
1788224338.8,Highest temperature in Beijing on September 1?,Beijing,2026-09-01,3992464,highest-temperature-in-beijing-on-september-1-2026-24corbelow,Will the highest temperature in Beijing be 24°C or below on September 1?,"[""Yes"", ""No""]","[""0.0025"", ""0.9975""]",424.842,1,29.9,27.8,29.6,0.586
1788224338.8,Highest temperature in Beijing on September 1?,Beijing,2026-09-01,3992465,highest-temperature-in-beijing-on-september-1-2026-25c,Will the highest temperature in Beijing be 25°C on September 1?,"[""Yes"", ""No""]","[""0.0025"", ""0.9975""]",509.157,1,29.9,27.8,29.6,0.586
1788224338.8,Highest temperature in Beijing on September 1?,Beijing,2026-09-01,3992466,highest-temperature-in-beijing-on-september-1-2026-26c,Will the highest temperature in Beijing be 26°C on September 1?,"[""Yes"", ""No""]","[""0.0025"", ""0.9975""]",309.6675,1,29.9,27.8,29.6,0.586
1788224338.8,Highest temperature in Beijing on September 1?,Beijing,2026-09-01,3992467,highest-temperature-in-beijing-on-september-1-2026-27c,Will the highest temperature in Beijing be 27°C on September 1?,"[""Yes"", ""No""]","[""0.0055"", ""0.9945""]",739.7932330000001,1,29.9,27.8,29.6,0.586
1788224338.8,Highest temperature in Beijing on September 1?,Beijing,2026-09-01,3992468,highest-temperature-in-beijing-on-september-1-2026-28c,Will the highest temperature in Beijing be 28°C on September 1?,"[""Yes"", ""No""]","[""0.045"", ""0.955""]",1516.4077180000002,1,29.9,27.8,29.6,0.586
1788224338.8,Highest temperature in Beijing on September 1?,Beijing,2026-09-01,3992469,highest-temperature-in-beijing-on-september-1-2026-29c,Will the highest temperature in Beijing be 29°C on September 1?,"[""Yes"", ""No""]","[""0.15"", ""0.85""]",1617.08085,1,29.9,27.8,29.6,0.586
1788224338.8,Highest temperature in Beijing on September 1?,Beijing,2026-09-01,3992470,highest-temperature-in-beijing-on-september-1-2026-30c,Will the highest temperature in Beijing be 30°C on September 1?,"[""Yes"", ""No""]","[""0.46"", ""0.54""]",1498.0233769999998,1,29.9,27.8,29.6,0.586
1788224338.8,Highest temperature in Beijing on September 1?,Beijing,2026-09-01,3992471,highest-temperature-in-beijing-on-september-1-2026-31c,Will the highest temperature in Beijing be 31°C on September 1?,"[""Yes"", ""No""]","[""0.24"", ""0.76""]",855.1873399999997,1,29.9,27.8,29.6,0.586
1788224338.8,Highest temperature in Beijing on September 1?,Beijing,2026-09-01,3992472,highest-temperature-in-beijing-on-september-1-2026-32c,Will the highest temperature in Beijing be 32°C on September 1?,"[""Yes"", ""No""]","[""0.1"", ""0.9""]",584.3885789999999,1,29.9,27.8,29.6,0.586
1788224338.8,Highest temperature in Beijing on September 1?,Beijing,2026-09-01,3992473,highest-temperature-in-beijing-on-september-1-2026-33c,Will the highest temperature in Beijing be 33°C on September 1?,"[""Yes"", ""No""]","[""0.011"", ""0.989""]",797.452874,1,29.9,27.8,29.6,0.586
1788224338.8,Highest temperature in Beijing on September 1?,Beijing,2026-09-01,3992474,highest-temperature-in-beijing-on-september-1-2026-34corhigher,Will the highest temperature in Beijing be 34°C or higher on September 1?,"[""Yes"", ""No""]","[""0.0035"", ""0.9965""]",555.616865,1,29.9,27.8,29.6,0.586
1788224338.8,Highest temperature in Wuhan on September 1?,Wuhan,2026-09-01,3992475,highest-temperature-in-wuhan-on-september-1-2026-23corbelow,Will the highest temperature in Wuhan be 23°C or below on September 1?,"[""Yes"", ""No""]","[""0.0005"", ""0.9995""]",119.997,1,26.5,26.7,29.0,0.999
1788224338.8,Highest temperature in Wuhan on September 1?,Wuhan,2026-09-01,3992476,highest-temperature-in-wuhan-on-september-1-2026-24c,Will the highest temperature in Wuhan be 24°C on September 1?,"[""Yes"", ""No""]","[""0.0005"", ""0.9995""]",4288.2340189999995,1,26.5,26.7,29.0,0.999
1788224338.8,Highest temperature in Wuhan on September 1?,Wuhan,2026-09-01,3992477,highest-temperature-in-wuhan-on-september-1-2026-25c,Will the highest temperature in Wuhan be 25°C on September 1?,"[""Yes"", ""No""]","[""0.0005"", ""0.9995""]",2188.165983,1,26.5,26.7,29.0,0.999
1788224338.8,Highest temperature in Wuhan on September 1?,Wuhan,2026-09-01,3992478,highest-temperature-in-wuhan-on-september-1-2026-26c,Will the highest temperature in Wuhan be 26°C on September 1?,"[""Yes"", ""No""]","[""0.09"", ""0.91""]",1686.529823,1,26.5,26.7,29.0,0.999
1788224338.8,Highest temperature in Wuhan on September 1?,Wuhan,2026-09-01,3992479,highest-temperature-in-wuhan-on-september-1-2026-27c,Will the highest temperature in Wuhan be 27°C on September 1?,"[""Yes"", ""No""]","[""0.26"", ""0.74""]",1940.6787779999997,1,26.5,26.7,29.0,0.999
1788224338.8,Highest temperature in Wuhan on September 1?,Wuhan,2026-09-01,3992480,highest-temperature-in-wuhan-on-september-1-2026-28c,Will the highest temperature in Wuhan be 28°C on September 1?,"[""Yes"", ""No""]","[""0.295"", ""0.705""]",1287.278673,1,26.5,26.7,29.0,0.999
1788224338.8,Highest temperature in Wuhan on September 1?,Wuhan,2026-09-01,3992481,highest-temperature-in-wuhan-on-september-1-2026-29c,Will the highest temperature in Wuhan be 29°C on September 1?,"[""Yes"", ""No""]","[""0.205"", ""0.795""]",955.3253659999999,1,26.5,26.7,29.0,0.999
1788224338.8,Highest temperature in Wuhan on September 1?,Wuhan,2026-09-01,3992482,highest-temperature-in-wuhan-on-september-1-2026-30c,Will the highest temperature in Wuhan be 30°C on September 1?,"[""Yes"", ""No""]","[""0.12"", ""0.88""]",822.9156740000001,1,26.5,26.7,29.0,0.999
1788224338.8,Highest temperature in Wuhan on September 1?,Wuhan,2026-09-01,3992483,highest-temperature-in-wuhan-on-september-1-2026-31c,Will the highest temperature in Wuhan be 31°C on September 1?,"[""Yes"", ""No""]","[""0.03"", ""0.97""]",1738.587418,1,26.5,26.7,29.0,0.999
1788224338.8,Highest temperature in Wuhan on September 1?,Wuhan,2026-09-01,3992484,highest-temperature-in-wuhan-on-september-1-2026-32c,Will the highest temperature in Wuhan be 32°C on September 1?,"[""Yes"", ""No""]","[""0.012"", ""0.988""]",604.156443,1,26.5,26.7,29.0,0.999
1788224338.8,Highest temperature in Wuhan on September 1?,Wuhan,2026-09-01,3992485,highest-temperature-in-wuhan-on-september-1-2026-33corhigher,Will the highest temperature in Wuhan be 33°C or higher on September 1?,"[""Yes"", ""No""]","[""0.0025"", ""0.9975""]",1128.3415999999997,1,26.5,26.7,29.0,0.999
1788224338.8,Highest temperature in Chengdu on September 1?,Chengdu,2026-09-01,3992486,highest-temperature-in-chengdu-on-september-1-2026-28corbelow,Will the highest temperature in Chengdu be 28°C or below on September 1?,"[""Yes"", ""No""]","[""0.0005"", ""0.9995""]",109.991,1,33.0,32.5,33.9,0.519
1788224338.8,Highest temperature in Chengdu on September 1?,Chengdu,2026-09-01,3992487,highest-temperature-in-chengdu-on-september-1-2026-29c,Will the highest temperature in Chengdu be 29°C on September 1?,"[""Yes"", ""No""]","[""0.0005"", ""0.9995""]",123.99099999999999,1,33.0,32.5,33.9,0.519
1788224338.8,Highest temperature in Chengdu on September 1?,Chengdu,2026-09-01,3992488,highest-temperature-in-chengdu-on-september-1-2026-30c,Will the highest temperature in Chengdu be 30°C on September 1?,"[""Yes"", ""No""]","[""0.0035"", ""0.9965""]",1115.2832,1,33.0,32.5,33.9,0.519
1788224338.8,Highest temperature in Chengdu on September 1?,Chengdu,2026-09-01,3992489,highest-temperature-in-chengdu-on-september-1-2026-31c,Will the highest temperature in Chengdu be 31°C on September 1?,"[""Yes"", ""No""]","[""0.011"", ""0.989""]",760.3105089999999,1,33.0,32.5,33.9,0.519
1788224338.8,Highest temperature in Chengdu on September 1?,Chengdu,2026-09-01,3992490,highest-temperature-in-chengdu-on-september-1-2026-32c,Will the highest temperature in Chengdu be 32°C on September 1?,"[""Yes"", ""No""]","[""0.04"", ""0.96""]",1300.6130369999996,1,33.0,32.5,33.9,0.519
1788224338.8,Highest temperature in Chengdu on September 1?,Chengdu,2026-09-01,3992491,highest-temperature-in-chengdu-on-september-1-2026-33c,Will the highest temperature in Chengdu be 33°C on September 1?,"[""Yes"", ""No""]","[""0.215"", ""0.785""]",880.107712,1,33.0,32.5,33.9,0.519
1788224338.8,Highest temperature in Chengdu on September 1?,Chengdu,2026-09-01,3992492,highest-temperature-in-chengdu-on-september-1-2026-34c,Will the highest temperature in Chengdu be 34°C on September 1?,"[""Yes"", ""No""]","[""0.37"", ""0.63""]",2468.247295,1,33.0,32.5,33.9,0.519
1788224338.8,Highest temperature in Chengdu on September 1?,Chengdu,2026-09-01,3992493,highest-temperature-in-chengdu-on-september-1-2026-35c,Will the highest temperature in Chengdu be 35°C on September 1?,"[""Yes"", ""No""]","[""0.32"", ""0.68""]",2652.9180250000004,1,33.0,32.5,33.9,0.519
1788224338.8,Highest temperature in Chengdu on September 1?,Chengdu,2026-09-01,3992494,highest-temperature-in-chengdu-on-september-1-2026-36c,Will the highest temperature in Chengdu be 36°C on September 1?,"[""Yes"", ""No""]","[""0.055"", ""0.945""]",1585.170458,1,33.0,32.5,33.9,0.519
1788224338.8,Highest temperature in Chengdu on September 1?,Chengdu,2026-09-01,3992495,highest-temperature-in-chengdu-on-september-1-2026-37c,Will the highest temperature in Chengdu be 37°C on September 1?,"[""Yes"", ""No""]","[""0.025"", ""0.975""]",1974.849149,1,33.0,32.5,33.9,0.519
1788224338.8,Highest temperature in Chengdu on September 1?,Chengdu,2026-09-01,3992496,highest-temperature-in-chengdu-on-september-1-2026-38corhigher,Will the highest temperature in Chengdu be 38°C or higher on September 1?,"[""Yes"", ""No""]","[""0.005"", ""0.995""]",1076.411932,1,33.0,32.5,33.9,0.519
1788224338.8,Highest temperature in Shenzhen on September 1?,Shenzhen,2026-09-01,3992497,highest-temperature-in-shenzhen-on-september-1-2026-24corbelow,Will the highest temperature in Shenzhen be 24°C or below on September 1?,"[""Yes"", ""No""]","[""0.0005"", ""0.9995""]",295.995,1,27.5,28.5,29.0,1.586
1788224338.8,Highest temperature in Shenzhen on September 1?,Shenzhen,2026-09-01,3992498,highest-temperature-in-shenzhen-on-september-1-2026-25c,Will the highest temperature in Shenzhen be 25°C on September 1?,"[""Yes"", ""No""]","[""0.0005"", ""0.9995""]",237.918,1,27.5,28.5,29.0,1.586
1788224338.8,Highest temperature in Shenzhen on September 1?,Shenzhen,2026-09-01,3992499,highest-temperature-in-shenzhen-on-september-1-2026-26c,Will the highest temperature in Shenzhen be 26°C on September 1?,"[""Yes"", ""No""]","[""0.0005"", ""0.9995""]",294.844,1,27.5,28.5,29.0,1.586
1788224338.8,Highest temperature in Shenzhen on September 1?,Shenzhen,2026-09-01,3992500,highest-temperature-in-shenzhen-on-september-1-2026-27c,Will the highest temperature in Shenzhen be 27°C on September 1?,"[""Yes"", ""No""]","[""0.015"", ""0.985""]",944.3903770000001,1,27.5,28.5,29.0,1.586
1788224338.8,Highest temperature in Shenzhen on September 1?,Shenzhen,2026-09-01,3992501,highest-temperature-in-shenzhen-on-september-1-2026-28c,Will the highest temperature in Shenzhen be 28°C on September 1?,"[""Yes"", ""No""]","[""0.1695"", ""0.8305""]",7021.924488,1,27.5,28.5,29.0,1.586
1788224338.8,Highest temperature in Shenzhen on September 1?,Shenzhen,2026-09-01,3992502,highest-temperature-in-shenzhen-on-september-1-2026-29c,Will the highest temperature in Shenzhen be 29°C on September 1?,"[""Yes"", ""No""]","[""0.435"", ""0.565""]",3984.670529,1,27.5,28.5,29.0,1.586
1788224338.8,Highest temperature in Shenzhen on September 1?,Shenzhen,2026-09-01,3992503,highest-temperature-in-shenzhen-on-september-1-2026-30c,Will the highest temperature in Shenzhen be 30°C on September 1?,"[""Yes"", ""No""]","[""0.285"", ""0.715""]",2593.333153,1,27.5,28.5,29.0,1.586
1788224338.8,Highest temperature in Shenzhen on September 1?,Shenzhen,2026-09-01,3992504,highest-temperature-in-shenzhen-on-september-1-2026-31c,Will the highest temperature in Shenzhen be 31°C on September 1?,"[""Yes"", ""No""]","[""0.115"", ""0.885""]",1901.4998289999999,1,27.5,28.5,29.0,1.586
1788224338.8,Highest temperature in Shenzhen on September 1?,Shenzhen,2026-09-01,3992505,highest-temperature-in-shenzhen-on-september-1-2026-32c,Will the highest temperature in Shenzhen be 32°C on September 1?,"[""Yes"", ""No""]","[""0.035"", ""0.965""]",2925.8127900000004,1,27.5,28.5,29.0,1.586
1788224338.8,Highest temperature in Shenzhen on September 1?,Shenzhen,2026-09-01,3992506,highest-temperature-in-shenzhen-on-september-1-2026-33c,Will the highest temperature in Shenzhen be 33°C on September 1?,"[""Yes"", ""No""]","[""0.006"", ""0.994""]",1997.4043460000003,1,27.5,28.5,29.0,1.586
1788224338.8,Highest temperature in Shenzhen on September 1?,Shenzhen,2026-09-01,3992507,highest-temperature-in-shenzhen-on-september-1-2026-34corhigher,Will the highest temperature in Shenzhen be 34°C or higher on September 1?,"[""Yes"", ""No""]","[""0.001"", ""0.999""]",1521.672564,1,27.5,28.5,29.0,1.586
1788224338.8,Highest temperature in Moscow on September 1?,Moscow,2026-09-01,3992508,highest-temperature-in-moscow-on-september-1-2026-18corbelow,Will the highest temperature in Moscow be 18°C or below on September 1?,"[""Yes"", ""No""]","[""0.0005"", ""0.9995""]",275.995,1,25.8,23.7,24.3,0.526
1788224338.8,Highest temperature in Moscow on September 1?,Moscow,2026-09-01,3992509,highest-temperature-in-moscow-on-september-1-2026-19c,Will the highest temperature in Moscow be 19°C on September 1?,"[""Yes"", ""No""]","[""0.0005"", ""0.9995""]",275.991,1,25.8,23.7,24.3,0.526
1788224338.8,Highest temperature in Moscow on September 1?,Moscow,2026-09-01,3992510,highest-temperature-in-moscow-on-september-1-2026-20c,Will the highest temperature in Moscow be 20°C on September 1?,"[""Yes"", ""No""]","[""0.003"", ""0.997""]",675.1700000000001,1,25.8,23.7,24.3,0.526
1788224338.8,Highest temperature in Moscow on September 1?,Moscow,2026-09-01,3992511,highest-temperature-in-moscow-on-september-1-2026-21c,Will the highest temperature in Moscow be 21°C on September 1?,"[""Yes"", ""No""]","[""0.0055"", ""0.9945""]",1242.605369,1,25.8,23.7,24.3,0.526
1788224338.8,Highest temperature in Moscow on September 1?,Moscow,2026-09-01,3992512,highest-temperature-in-moscow-on-september-1-2026-22c,Will the highest temperature in Moscow be 22°C on September 1?,"[""Yes"", ""No""]","[""0.014"", ""0.986""]",1468.4789360000002,1,25.8,23.7,24.3,0.526
1788224338.8,Highest temperature in Moscow on September 1?,Moscow,2026-09-01,3992513,highest-temperature-in-moscow-on-september-1-2026-23c,Will the highest temperature in Moscow be 23°C on September 1?,"[""Yes"", ""No""]","[""0.135"", ""0.865""]",1499.0374069999998,1,25.8,23.7,24.3,0.526
1788224338.8,Highest temperature in Moscow on September 1?,Moscow,2026-09-01,3992514,highest-temperature-in-moscow-on-september-1-2026-24c,Will the highest temperature in Moscow be 24°C on September 1?,"[""Yes"", ""No""]","[""0.375"", ""0.625""]",1916.2722999999996,1,25.8,23.7,24.3,0.526
1788224338.8,Highest temperature in Moscow on September 1?,Moscow,2026-09-01,3992515,highest-temperature-in-moscow-on-september-1-2026-25c,Will the highest temperature in Moscow be 25°C on September 1?,"[""Yes"", ""No""]","[""0.41"", ""0.59""]",818.513348,1,25.8,23.7,24.3,0.526
1788224338.8,Highest temperature in Moscow on September 1?,Moscow,2026-09-01,3992516,highest-temperature-in-moscow-on-september-1-2026-26c,Will the highest temperature in Moscow be 26°C on September 1?,"[""Yes"", ""No""]","[""0.13"", ""0.87""]",1614.717915,1,25.8,23.7,24.3,0.526
1788224338.8,Highest temperature in Moscow on September 1?,Moscow,2026-09-01,3992517,highest-temperature-in-moscow-on-september-1-2026-27c,Will the highest temperature in Moscow be 27°C on September 1?,"[""Yes"", ""No""]","[""0.0125"", ""0.9875""]",795.858053,1,25.8,23.7,24.3,0.526
1788224338.8,Highest temperature in Moscow on September 1?,Moscow,2026-09-01,3992518,highest-temperature-in-moscow-on-september-1-2026-28corhigher,Will the highest temperature in Moscow be 28°C or higher on September 1?,"[""Yes"", ""No""]","[""0.0005"", ""0.9995""]",542.550201,1,25.8,23.7,24.3,0.526
1788224338.8,Highest temperature in Istanbul on September 1?,Istanbul,2026-09-01,3992519,highest-temperature-in-istanbul-on-september-1-2026-22corbelow,Will the highest temperature in Istanbul be 22°C or below on September 1?,"[""Yes"", ""No""]","[""0.0005"", ""0.9995""]",218.2837,1,29.5,28.6,28.5,0.387
1788224338.8,Highest temperature in Istanbul on September 1?,Istanbul,2026-09-01,3992520,highest-temperature-in-istanbul-on-september-1-2026-23c,Will the highest temperature in Istanbul be 23°C on September 1?,"[""Yes"", ""No""]","[""0.0005"", ""0.9995""]",437.4223,1,29.5,28.6,28.5,0.387
1788224338.8,Highest temperature in Istanbul on September 1?,Istanbul,2026-09-01,3992521,highest-temperature-in-istanbul-on-september-1-2026-24c,Will the highest temperature in Istanbul be 24°C on September 1?,"[""Yes"", ""No""]","[""0.0005"", ""0.9995""]",167.7525,1,29.5,28.6,28.5,0.387
1788224338.8,Highest temperature in Istanbul on September 1?,Istanbul,2026-09-01,3992522,highest-temperature-in-istanbul-on-september-1-2026-25c,Will the highest temperature in Istanbul be 25°C on September 1?,"[""Yes"", ""No""]","[""0.0055"", ""0.9945""]",690.4212830000001,1,29.5,28.6,28.5,0.387
1788224338.8,Highest temperature in Istanbul on September 1?,Istanbul,2026-09-01,3992523,highest-temperature-in-istanbul-on-september-1-2026-26c,Will the highest temperature in Istanbul be 26°C on September 1?,"[""Yes"", ""No""]","[""0.45"", ""0.55""]",1318.1076829999997,1,29.5,28.6,28.5,0.387
1788224338.8,Highest temperature in Istanbul on September 1?,Istanbul,2026-09-01,3992524,highest-temperature-in-istanbul-on-september-1-2026-27c,Will the highest temperature in Istanbul be 27°C on September 1?,"[""Yes"", ""No""]","[""0.495"", ""0.505""]",1440.4096989999998,1,29.5,28.6,28.5,0.387
1788224338.8,Highest temperature in Istanbul on September 1?,Istanbul,2026-09-01,3992525,highest-temperature-in-istanbul-on-september-1-2026-28c,Will the highest temperature in Istanbul be 28°C on September 1?,"[""Yes"", ""No""]","[""0.075"", ""0.925""]",412.080066,1,29.5,28.6,28.5,0.387
1788224338.8,Highest temperature in Istanbul on September 1?,Istanbul,2026-09-01,3992526,highest-temperature-in-istanbul-on-september-1-2026-29c,Will the highest temperature in Istanbul be 29°C on September 1?,"[""Yes"", ""No""]","[""0.012"", ""0.988""]",609.559788,1,29.5,28.6,28.5,0.387
1788224338.8,Highest temperature in Istanbul on September 1?,Istanbul,2026-09-01,3992527,highest-temperature-in-istanbul-on-september-1-2026-30c,Will the highest temperature in Istanbul be 30°C on September 1?,"[""Yes"", ""No""]","[""0.0005"", ""0.9995""]",192.636,1,29.5,28.6,28.5,0.387
1788224338.8,Highest temperature in Istanbul on September 1?,Istanbul,2026-09-01,3992528,highest-temperature-in-istanbul-on-september-1-2026-31c,Will the highest temperature in Istanbul be 31°C on September 1?,"[""Yes"", ""No""]","[""0.0005"", ""0.9995""]",122.636,1,29.5,28.6,28.5,0.387
1788224338.8,Highest temperature in Istanbul on September 1?,Istanbul,2026-09-01,3992529,highest-temperature-in-istanbul-on-september-1-2026-32corhigher,Will the highest temperature in Istanbul be 32°C or higher on September 1?,"[""Yes"", ""No""]","[""0.0005"", ""0.9995""]",282.842,1,29.5,28.6,28.5,0.387
1788224338.8,Highest temperature in Busan on September 1?,Busan,2026-09-01,3992530,highest-temperature-in-busan-on-september-1-2026-26corbelow,Will the highest temperature in Busan be 26°C or below on September 1?,"[""Yes"", ""No""]","[""0.0005"", ""0.9995""]",283.337,1,29.5,30.4,28.8,0.469
1788224338.8,Highest temperature in Busan on September 1?,Busan,2026-09-01,3992531,highest-temperature-in-busan-on-september-1-2026-27c,Will the highest temperature in Busan be 27°C on September 1?,"[""Yes"", ""No""]","[""0.001"", ""0.999""]",303.617708,1,29.5,30.4,28.8,0.469
1788224338.8,Highest temperature in Busan on September 1?,Busan,2026-09-01,3992532,highest-temperature-in-busan-on-september-1-2026-28c,Will the highest temperature in Busan be 28°C on September 1?,"[""Yes"", ""No""]","[""0.02"", ""0.98""]",512.38095,1,29.5,30.4,28.8,0.469
1788224338.8,Highest temperature in Busan on September 1?,Busan,2026-09-01,3992533,highest-temperature-in-busan-on-september-1-2026-29c,Will the highest temperature in Busan be 29°C on September 1?,"[""Yes"", ""No""]","[""0.065"", ""0.935""]",516.559724,1,29.5,30.4,28.8,0.469
1788224338.8,Highest temperature in Busan on September 1?,Busan,2026-09-01,3992534,highest-temperature-in-busan-on-september-1-2026-30c,Will the highest temperature in Busan be 30°C on September 1?,"[""Yes"", ""No""]","[""0.11"", ""0.89""]",943.679151,1,29.5,30.4,28.8,0.469
1788224338.8,Highest temperature in Busan on September 1?,Busan,2026-09-01,3992535,highest-temperature-in-busan-on-september-1-2026-31c,Will the highest temperature in Busan be 31°C on September 1?,"[""Yes"", ""No""]","[""0.325"", ""0.675""]",1443.5123350000001,1,29.5,30.4,28.8,0.469
1788224338.8,Highest temperature in Busan on September 1?,Busan,2026-09-01,3992536,highest-temperature-in-busan-on-september-1-2026-32c,Will the highest temperature in Busan be 32°C on September 1?,"[""Yes"", ""No""]","[""0.465"", ""0.535""]",2781.6028579999997,1,29.5,30.4,28.8,0.469
1788224338.8,Highest temperature in Busan on September 1?,Busan,2026-09-01,3992537,highest-temperature-in-busan-on-september-1-2026-33c,Will the highest temperature in Busan be 33°C on September 1?,"[""Yes"", ""No""]","[""0.13"", ""0.87""]",2850.737123,1,29.5,30.4,28.8,0.469
1788224338.8,Highest temperature in Busan on September 1?,Busan,2026-09-01,3992538,highest-temperature-in-busan-on-september-1-2026-34c,Will the highest temperature in Busan be 34°C on September 1?,"[""Yes"", ""No""]","[""0.016"", ""0.984""]",1329.320616,1,29.5,30.4,28.8,0.469
1788224338.8,Highest temperature in Busan on September 1?,Busan,2026-09-01,3992539,highest-temperature-in-busan-on-september-1-2026-35c,Will the highest temperature in Busan be 35°C on September 1?,"[""Yes"", ""No""]","[""0.002"", ""0.998""]",610.8849660000001,1,29.5,30.4,28.8,0.469
1788224338.8,Highest temperature in Busan on September 1?,Busan,2026-09-01,3992540,highest-temperature-in-busan-on-september-1-2026-36corhigher,Will the highest temperature in Busan be 36°C or higher on September 1?,"[""Yes"", ""No""]","[""0.0005"", ""0.9995""]",192.982,1,29.5,30.4,28.8,0.469
1788224338.8,Highest temperature in Amsterdam on September 1?,Amsterdam,2026-09-01,3992541,highest-temperature-in-amsterdam-on-september-1-2026-15corbelow,Will the highest temperature in Amsterdam be 15°C or below on September 1?,"[""Yes"", ""No""]","[""0.0005"", ""0.9995""]",244.991,1,20.2,19.2,19.7,0.697
1788224338.8,Highest temperature in Amsterdam on September 1?,Amsterdam,2026-09-01,3992542,highest-temperature-in-amsterdam-on-september-1-2026-16c,Will the highest temperature in Amsterdam be 16°C on September 1?,"[""Yes"", ""No""]","[""0.0005"", ""0.9995""]",175.269,1,20.2,19.2,19.7,0.697
1788224338.8,Highest temperature in Amsterdam on September 1?,Amsterdam,2026-09-01,3992543,highest-temperature-in-amsterdam-on-september-1-2026-17c,Will the highest temperature in Amsterdam be 17°C on September 1?,"[""Yes"", ""No""]","[""0.0005"", ""0.9995""]",278.841633,1,20.2,19.2,19.7,0.697
1788224338.8,Highest temperature in Amsterdam on September 1?,Amsterdam,2026-09-01,3992544,highest-temperature-in-amsterdam-on-september-1-2026-18c,Will the highest temperature in Amsterdam be 18°C on September 1?,"[""Yes"", ""No""]","[""0.0005"", ""0.9995""]",515.732316,1,20.2,19.2,19.7,0.697
1788224338.8,Highest temperature in Amsterdam on September 1?,Amsterdam,2026-09-01,3992545,highest-temperature-in-amsterdam-on-september-1-2026-19c,Will the highest temperature in Amsterdam be 19°C on September 1?,"[""Yes"", ""No""]","[""0.06"", ""0.94""]",1579.8358150000001,1,20.2,19.2,19.7,0.697
1788224338.8,Highest temperature in Amsterdam on September 1?,Amsterdam,2026-09-01,3992546,highest-temperature-in-amsterdam-on-september-1-2026-20c,Will the highest temperature in Amsterdam be 20°C on September 1?,"[""Yes"", ""No""]","[""0.63"", ""0.37""]",5564.8331069999995,1,20.2,19.2,19.7,0.697
1788224338.8,Highest temperature in Amsterdam on September 1?,Amsterdam,2026-09-01,3992547,highest-temperature-in-amsterdam-on-september-1-2026-21c,Will the highest temperature in Amsterdam be 21°C on September 1?,"[""Yes"", ""No""]","[""0.355"", ""0.645""]",8143.735286999998,1,20.2,19.2,19.7,0.697
1788224338.8,Highest temperature in Amsterdam on September 1?,Amsterdam,2026-09-01,3992548,highest-temperature-in-amsterdam-on-september-1-2026-22c,Will the highest temperature in Amsterdam be 22°C on September 1?,"[""Yes"", ""No""]","[""0.0135"", ""0.9865""]",1021.9580789999999,1,20.2,19.2,19.7,0.697
1788224338.8,Highest temperature in Amsterdam on September 1?,Amsterdam,2026-09-01,3992549,highest-temperature-in-amsterdam-on-september-1-2026-23c,Will the highest temperature in Amsterdam be 23°C on September 1?,"[""Yes"", ""No""]","[""0.0005"", ""0.9995""]",394.779,1,20.2,19.2,19.7,0.697
1788224338.8,Highest temperature in Amsterdam on September 1?,Amsterdam,2026-09-01,3992550,highest-temperature-in-amsterdam-on-september-1-2026-24c,Will the highest temperature in Amsterdam be 24°C on September 1?,"[""Yes"", ""No""]","[""0.0005"", ""0.9995""]",214.976,1,20.2,19.2,19.7,0.697
1788224338.8,Highest temperature in Amsterdam on September 1?,Amsterdam,2026-09-01,3992551,highest-temperature-in-amsterdam-on-september-1-2026-25corhigher,Will the highest temperature in Amsterdam be 25°C or higher on September 1?,"[""Yes"", ""No""]","[""0.0005"", ""0.9995""]",144.985,1,20.2,19.2,19.7,0.697
1788224338.8,Highest temperature in Helsinki on September 1?,Helsinki,2026-09-01,3992552,highest-temperature-in-helsinki-on-september-1-2026-13corbelow,Will the highest temperature in Helsinki be 13°C or below on September 1?,"[""Yes"", ""No""]","[""0.0005"", ""0.9995""]",163.99099999999999,1,20.2,19.3,18.4,0.328
1788224338.8,Highest temperature in Helsinki on September 1?,Helsinki,2026-09-01,3992553,highest-temperature-in-helsinki-on-september-1-2026-14c,Will the highest temperature in Helsinki be 14°C on September 1?,"[""Yes"", ""No""]","[""0.0005"", ""0.9995""]",163.97,1,20.2,19.3,18.4,0.328
1788224338.8,Highest temperature in Helsinki on September 1?,Helsinki,2026-09-01,3992554,highest-temperature-in-helsinki-on-september-1-2026-15c,Will the highest temperature in Helsinki be 15°C on September 1?,"[""Yes"", ""No""]","[""0.0005"", ""0.9995""]",323.95909900000004,1,20.2,19.3,18.4,0.328
1788224338.8,Highest temperature in Helsinki on September 1?,Helsinki,2026-09-01,3992555,highest-temperature-in-helsinki-on-september-1-2026-16c,Will the highest temperature in Helsinki be 16°C on September 1?,"[""Yes"", ""No""]","[""0.004"", ""0.996""]",201.00768,1,20.2,19.3,18.4,0.328
1788224338.8,Highest temperature in Helsinki on September 1?,Helsinki,2026-09-01,3992556,highest-temperature-in-helsinki-on-september-1-2026-17c,Will the highest temperature in Helsinki be 17°C on September 1?,"[""Yes"", ""No""]","[""0.0105"", ""0.9895""]",171.138897,1,20.2,19.3,18.4,0.328
1788224338.8,Highest temperature in Helsinki on September 1?,Helsinki,2026-09-01,3992557,highest-temperature-in-helsinki-on-september-1-2026-18c,Will the highest temperature in Helsinki be 18°C on September 1?,"[""Yes"", ""No""]","[""0.03"", ""0.97""]",451.240798,1,20.2,19.3,18.4,0.328
1788224338.8,Highest temperature in Helsinki on September 1?,Helsinki,2026-09-01,3992558,highest-temperature-in-helsinki-on-september-1-2026-19c,Will the highest temperature in Helsinki be 19°C on September 1?,"[""Yes"", ""No""]","[""0.23"", ""0.77""]",632.6602340000001,1,20.2,19.3,18.4,0.328
1788224338.8,Highest temperature in Helsinki on September 1?,Helsinki,2026-09-01,3992559,highest-temperature-in-helsinki-on-september-1-2026-20c,Will the highest temperature in Helsinki be 20°C on September 1?,"[""Yes"", ""No""]","[""0.57"", ""0.43""]",1780.8087039999996,1,20.2,19.3,18.4,0.328
1788224338.8,Highest temperature in Helsinki on September 1?,Helsinki,2026-09-01,3992560,highest-temperature-in-helsinki-on-september-1-2026-21c,Will the highest temperature in Helsinki be 21°C on September 1?,"[""Yes"", ""No""]","[""0.21"", ""0.79""]",2034.1919799999998,1,20.2,19.3,18.4,0.328
1788224338.8,Highest temperature in Helsinki on September 1?,Helsinki,2026-09-01,3992561,highest-temperature-in-helsinki-on-september-1-2026-22c,Will the highest temperature in Helsinki be 22°C on September 1?,"[""Yes"", ""No""]","[""0.005"", ""0.995""]",498.15331800000007,1,20.2,19.3,18.4,0.328
1788224338.8,Highest temperature in Helsinki on September 1?,Helsinki,2026-09-01,3992562,highest-temperature-in-helsinki-on-september-1-2026-23corhigher,Will the highest temperature in Helsinki be 23°C or higher on September 1?,"[""Yes"", ""No""]","[""0.0005"", ""0.9995""]",242.1756,1,20.2,19.3,18.4,0.328
1788224338.8,Highest temperature in Kuala Lumpur on September 1?,Kuala Lumpur,2026-09-01,3992563,highest-temperature-in-kuala-lumpur-on-september-1-2026-28corbelow,Will the highest temperature in Kuala Lumpur be 28°C or below on September 1?,"[""Yes"", ""No""]","[""0.0005"", ""0.9995""]",292.453,1,34.3,32.9,33.3,0.342
1788224338.8,Highest temperature in Kuala Lumpur on September 1?,Kuala Lumpur,2026-09-01,3992564,highest-temperature-in-kuala-lumpur-on-september-1-2026-29c,Will the highest temperature in Kuala Lumpur be 29°C on September 1?,"[""Yes"", ""No""]","[""0.0035"", ""0.9965""]",423.188,1,34.3,32.9,33.3,0.342
1788224338.8,Highest temperature in Kuala Lumpur on September 1?,Kuala Lumpur,2026-09-01,3992565,highest-temperature-in-kuala-lumpur-on-september-1-2026-30c,Will the highest temperature in Kuala Lumpur be 30°C on September 1?,"[""Yes"", ""No""]","[""0.0035"", ""0.9965""]",519.7248000000001,1,34.3,32.9,33.3,0.342
1788224338.8,Highest temperature in Kuala Lumpur on September 1?,Kuala Lumpur,2026-09-01,3992566,highest-temperature-in-kuala-lumpur-on-september-1-2026-31c,Will the highest temperature in Kuala Lumpur be 31°C on September 1?,"[""Yes"", ""No""]","[""0.006"", ""0.994""]",2855.399804,1,34.3,32.9,33.3,0.342
1788224338.8,Highest temperature in Kuala Lumpur on September 1?,Kuala Lumpur,2026-09-01,3992567,highest-temperature-in-kuala-lumpur-on-september-1-2026-32c,Will the highest temperature in Kuala Lumpur be 32°C on September 1?,"[""Yes"", ""No""]","[""0.05"", ""0.95""]",5919.516739,1,34.3,32.9,33.3,0.342
1788224338.8,Highest temperature in Kuala Lumpur on September 1?,Kuala Lumpur,2026-09-01,3992568,highest-temperature-in-kuala-lumpur-on-september-1-2026-33c,Will the highest temperature in Kuala Lumpur be 33°C on September 1?,"[""Yes"", ""No""]","[""0.285"", ""0.715""]",2173.057779999999,1,34.3,32.9,33.3,0.342
1788224338.8,Highest temperature in Kuala Lumpur on September 1?,Kuala Lumpur,2026-09-01,3992569,highest-temperature-in-kuala-lumpur-on-september-1-2026-34c,Will the highest temperature in Kuala Lumpur be 34°C on September 1?,"[""Yes"", ""No""]","[""0.55"", ""0.45""]",2196.9859159999996,1,34.3,32.9,33.3,0.342
1788224338.8,Highest temperature in Kuala Lumpur on September 1?,Kuala Lumpur,2026-09-01,3992570,highest-temperature-in-kuala-lumpur-on-september-1-2026-35c,Will the highest temperature in Kuala Lumpur be 35°C on September 1?,"[""Yes"", ""No""]","[""0.115"", ""0.885""]",1323.552189,1,34.3,32.9,33.3,0.342
1788224338.8,Highest temperature in Kuala Lumpur on September 1?,Kuala Lumpur,2026-09-01,3992571,highest-temperature-in-kuala-lumpur-on-september-1-2026-36c,Will the highest temperature in Kuala Lumpur be 36°C on September 1?,"[""Yes"", ""No""]","[""0.0165"", ""0.9835""]",1022.0078510000001,1,34.3,32.9,33.3,0.342
1788224338.8,Highest temperature in Kuala Lumpur on September 1?,Kuala Lumpur,2026-09-01,3992572,highest-temperature-in-kuala-lumpur-on-september-1-2026-37c,Will the highest temperature in Kuala Lumpur be 37°C on September 1?,"[""Yes"", ""No""]","[""0.0005"", ""0.9995""]",722.656,1,34.3,32.9,33.3,0.342
1788224338.8,Highest temperature in Kuala Lumpur on September 1?,Kuala Lumpur,2026-09-01,3992573,highest-temperature-in-kuala-lumpur-on-september-1-2026-38corhigher,Will the highest temperature in Kuala Lumpur be 38°C or higher on September 1?,"[""Yes"", ""No""]","[""0.0005"", ""0.9995""]",286.376,1,34.3,32.9,33.3,0.342
1788224338.8,Highest temperature in Jeddah on September 1?,Jeddah,2026-09-01,3992574,highest-temperature-in-jeddah-on-september-1-2026-31corbelow,Will the highest temperature in Jeddah be 31°C or below on September 1?,"[""Yes"", ""No""]","[""0.0005"", ""0.9995""]",199.002,1,37.5,37.9,37.0,0.664
1788224338.8,Highest temperature in Jeddah on September 1?,Jeddah,2026-09-01,3992575,highest-temperature-in-jeddah-on-september-1-2026-32c,Will the highest temperature in Jeddah be 32°C on September 1?,"[""Yes"", ""No""]","[""0.0005"", ""0.9995""]",194.99399999999997,1,37.5,37.9,37.0,0.664
1788224338.8,Highest temperature in Jeddah on September 1?,Jeddah,2026-09-01,3992576,highest-temperature-in-jeddah-on-september-1-2026-33c,Will the highest temperature in Jeddah be 33°C on September 1?,"[""Yes"", ""No""]","[""0.0005"", ""0.9995""]",199.95599999999996,1,37.5,37.9,37.0,0.664
1788224338.8,Highest temperature in Jeddah on September 1?,Jeddah,2026-09-01,3992577,highest-temperature-in-jeddah-on-september-1-2026-34c,Will the highest temperature in Jeddah be 34°C on September 1?,"[""Yes"", ""No""]","[""0.0035"", ""0.9965""]",189.1556,1,37.5,37.9,37.0,0.664
1788224338.8,Highest temperature in Jeddah on September 1?,Jeddah,2026-09-01,3992578,highest-temperature-in-jeddah-on-september-1-2026-35c,Will the highest temperature in Jeddah be 35°C on September 1?,"[""Yes"", ""No""]","[""0.0475"", ""0.9525""]",17.576785,1,37.5,37.9,37.0,0.664
1788224338.8,Highest temperature in Jeddah on September 1?,Jeddah,2026-09-01,3992579,highest-temperature-in-jeddah-on-september-1-2026-36c,Will the highest temperature in Jeddah be 36°C on September 1?,"[""Yes"", ""No""]","[""0.126"", ""0.874""]",213.811629,1,37.5,37.9,37.0,0.664
1788224338.8,Highest temperature in Jeddah on September 1?,Jeddah,2026-09-01,3992580,highest-temperature-in-jeddah-on-september-1-2026-37c,Will the highest temperature in Jeddah be 37°C on September 1?,"[""Yes"", ""No""]","[""0.225"", ""0.775""]",596.19249,1,37.5,37.9,37.0,0.664
1788224338.8,Highest temperature in Jeddah on September 1?,Jeddah,2026-09-01,3992581,highest-temperature-in-jeddah-on-september-1-2026-38c,Will the highest temperature in Jeddah be 38°C on September 1?,"[""Yes"", ""No""]","[""0.44"", ""0.56""]",1377.938345,1,37.5,37.9,37.0,0.664
1788224338.8,Highest temperature in Jeddah on September 1?,Jeddah,2026-09-01,3992582,highest-temperature-in-jeddah-on-september-1-2026-39c,Will the highest temperature in Jeddah be 39°C on September 1?,"[""Yes"", ""No""]","[""0.26"", ""0.74""]",1001.980483,1,37.5,37.9,37.0,0.664
1788224338.8,Highest temperature in Jeddah on September 1?,Jeddah,2026-09-01,3992583,highest-temperature-in-jeddah-on-september-1-2026-40c,Will the highest temperature in Jeddah be 40°C on September 1?,"[""Yes"", ""No""]","[""0.05"", ""0.95""]",478.672855,1,37.5,37.9,37.0,0.664
1788224338.8,Highest temperature in Jeddah on September 1?,Jeddah,2026-09-01,3992584,highest-temperature-in-jeddah-on-september-1-2026-41corhigher,Will the highest temperature in Jeddah be 41°C or higher on September 1?,"[""Yes"", ""No""]","[""0.03"", ""0.97""]",576.864669,1,37.5,37.9,37.0,0.664
1788224338.8,Highest temperature in Cape Town on September 1?,Cape Town,2026-09-01,3992585,highest-temperature-in-cape-town-on-september-1-2026-15corbelow,Will the highest temperature in Cape Town be 15°C or below on September 1?,"[""Yes"", ""No""]","[""0.0025"", ""0.9975""]",396.29699999999997,1,19.4,19.2,18.4,0.588
1788224338.8,Highest temperature in Cape Town on September 1?,Cape Town,2026-09-01,3992586,highest-temperature-in-cape-town-on-september-1-2026-16c,Will the highest temperature in Cape Town be 16°C on September 1?,"[""Yes"", ""No""]","[""0.0055"", ""0.9945""]",197.930119,1,19.4,19.2,18.4,0.588
1788224338.8,Highest temperature in Cape Town on September 1?,Cape Town,2026-09-01,3992587,highest-temperature-in-cape-town-on-september-1-2026-17c,Will the highest temperature in Cape Town be 17°C on September 1?,"[""Yes"", ""No""]","[""0.045"", ""0.955""]",638.1261250000001,1,19.4,19.2,18.4,0.588
1788224338.8,Highest temperature in Cape Town on September 1?,Cape Town,2026-09-01,3992588,highest-temperature-in-cape-town-on-september-1-2026-18c,Will the highest temperature in Cape Town be 18°C on September 1?,"[""Yes"", ""No""]","[""0.33"", ""0.67""]",2546.055315,1,19.4,19.2,18.4,0.588
1788224338.8,Highest temperature in Cape Town on September 1?,Cape Town,2026-09-01,3992589,highest-temperature-in-cape-town-on-september-1-2026-19c,Will the highest temperature in Cape Town be 19°C on September 1?,"[""Yes"", ""No""]","[""0.485"", ""0.515""]",1004.830713,1,19.4,19.2,18.4,0.588
1788224338.8,Highest temperature in Cape Town on September 1?,Cape Town,2026-09-01,3992590,highest-temperature-in-cape-town-on-september-1-2026-20c,Will the highest temperature in Cape Town be 20°C on September 1?,"[""Yes"", ""No""]","[""0.115"", ""0.885""]",1534.6898700000002,1,19.4,19.2,18.4,0.588
1788224338.8,Highest temperature in Cape Town on September 1?,Cape Town,2026-09-01,3992591,highest-temperature-in-cape-town-on-september-1-2026-21c,Will the highest temperature in Cape Town be 21°C on September 1?,"[""Yes"", ""No""]","[""0.0055"", ""0.9945""]",402.0132,1,19.4,19.2,18.4,0.588
1788224338.8,Highest temperature in Cape Town on September 1?,Cape Town,2026-09-01,3992592,highest-temperature-in-cape-town-on-september-1-2026-22c,Will the highest temperature in Cape Town be 22°C on September 1?,"[""Yes"", ""No""]","[""0.0005"", ""0.9995""]",382.298,1,19.4,19.2,18.4,0.588
1788224338.8,Highest temperature in Cape Town on September 1?,Cape Town,2026-09-01,3992593,highest-temperature-in-cape-town-on-september-1-2026-23c,Will the highest temperature in Cape Town be 23°C on September 1?,"[""Yes"", ""No""]","[""0.0005"", ""0.9995""]",670.089,1,19.4,19.2,18.4,0.588
1788224338.8,Highest temperature in Cape Town on September 1?,Cape Town,2026-09-01,3992594,highest-temperature-in-cape-town-on-september-1-2026-24c,Will the highest temperature in Cape Town be 24°C on September 1?,"[""Yes"", ""No""]","[""0.0005"", ""0.9995""]",1051.78,1,19.4,19.2,18.4,0.588
1788224338.8,Highest temperature in Cape Town on September 1?,Cape Town,2026-09-01,3992595,highest-temperature-in-cape-town-on-september-1-2026-25corhigher,Will the highest temperature in Cape Town be 25°C or higher on September 1?,"[""Yes"", ""No""]","[""0.0005"", ""0.9995""]",257.999,1,19.4,19.2,18.4,0.588
1788224338.8,Highest temperature in Guangzhou on September 1?,Guangzhou,2026-09-01,3992596,highest-temperature-in-guangzhou-on-september-1-2026-26corbelow,Will the highest temperature in Guangzhou be 26°C or below on September 1?,"[""Yes"", ""No""]","[""0.0005"", ""0.9995""]",397.966,1,29.9,31.4,29.2,1.669
1788224338.8,Highest temperature in Guangzhou on September 1?,Guangzhou,2026-09-01,3992597,highest-temperature-in-guangzhou-on-september-1-2026-27c,Will the highest temperature in Guangzhou be 27°C on September 1?,"[""Yes"", ""No""]","[""0.0055"", ""0.9945""]",351.8539999999999,1,29.9,31.4,29.2,1.669
1788224338.8,Highest temperature in Guangzhou on September 1?,Guangzhou,2026-09-01,3992598,highest-temperature-in-guangzhou-on-september-1-2026-28c,Will the highest temperature in Guangzhou be 28°C on September 1?,"[""Yes"", ""No""]","[""0.017"", ""0.983""]",195.622454,1,29.9,31.4,29.2,1.669
1788224338.8,Highest temperature in Guangzhou on September 1?,Guangzhou,2026-09-01,3992599,highest-temperature-in-guangzhou-on-september-1-2026-29c,Will the highest temperature in Guangzhou be 29°C on September 1?,"[""Yes"", ""No""]","[""0.08"", ""0.92""]",790.345926,1,29.9,31.4,29.2,1.669
1788224338.8,Highest temperature in Guangzhou on September 1?,Guangzhou,2026-09-01,3992600,highest-temperature-in-guangzhou-on-september-1-2026-30c,Will the highest temperature in Guangzhou be 30°C on September 1?,"[""Yes"", ""No""]","[""0.115"", ""0.885""]",1303.0663650000001,1,29.9,31.4,29.2,1.669
1788224338.8,Highest temperature in Guangzhou on September 1?,Guangzhou,2026-09-01,3992601,highest-temperature-in-guangzhou-on-september-1-2026-31c,Will the highest temperature in Guangzhou be 31°C on September 1?,"[""Yes"", ""No""]","[""0.345"", ""0.655""]",1141.3611329999999,1,29.9,31.4,29.2,1.669
1788224338.8,Highest temperature in Guangzhou on September 1?,Guangzhou,2026-09-01,3992602,highest-temperature-in-guangzhou-on-september-1-2026-32c,Will the highest temperature in Guangzhou be 32°C on September 1?,"[""Yes"", ""No""]","[""0.245"", ""0.755""]",1196.373601,1,29.9,31.4,29.2,1.669
1788224338.8,Highest temperature in Guangzhou on September 1?,Guangzhou,2026-09-01,3992603,highest-temperature-in-guangzhou-on-september-1-2026-33c,Will the highest temperature in Guangzhou be 33°C on September 1?,"[""Yes"", ""No""]","[""0.06"", ""0.94""]",5406.4047230000015,1,29.9,31.4,29.2,1.669
1788224338.8,Highest temperature in Guangzhou on September 1?,Guangzhou,2026-09-01,3992604,highest-temperature-in-guangzhou-on-september-1-2026-34c,Will the highest temperature in Guangzhou be 34°C on September 1?,"[""Yes"", ""No""]","[""0.035"", ""0.965""]",2625.0756219999994,1,29.9,31.4,29.2,1.669
1788224338.8,Highest temperature in Guangzhou on September 1?,Guangzhou,2026-09-01,3992605,highest-temperature-in-guangzhou-on-september-1-2026-35c,Will the highest temperature in Guangzhou be 35°C on September 1?,"[""Yes"", ""No""]","[""0.002"", ""0.998""]",1658.8861619999998,1,29.9,31.4,29.2,1.669
1788224338.8,Highest temperature in Guangzhou on September 1?,Guangzhou,2026-09-01,3992606,highest-temperature-in-guangzhou-on-september-1-2026-36corhigher,Will the highest temperature in Guangzhou be 36°C or higher on September 1?,"[""Yes"", ""No""]","[""0.002"", ""0.998""]",2287.5153909999995,1,29.9,31.4,29.2,1.669
1788224338.8,Highest temperature in Qingdao on September 1?,Qingdao,2026-09-01,3992607,highest-temperature-in-qingdao-on-september-1-2026-22corbelow,Will the highest temperature in Qingdao be 22°C or below on September 1?,"[""Yes"", ""No""]","[""0.0005"", ""0.9995""]",375.999,1,29.3,28.2,29.0,0.733
1788224338.8,Highest temperature in Qingdao on September 1?,Qingdao,2026-09-01,3992608,highest-temperature-in-qingdao-on-september-1-2026-23c,Will the highest temperature in Qingdao be 23°C on September 1?,"[""Yes"", ""No""]","[""0.0005"", ""0.9995""]",380.995,1,29.3,28.2,29.0,0.733
1788224338.8,Highest temperature in Qingdao on September 1?,Qingdao,2026-09-01,3992609,highest-temperature-in-qingdao-on-september-1-2026-24c,Will the highest temperature in Qingdao be 24°C on September 1?,"[""Yes"", ""No""]","[""0.0005"", ""0.9995""]",380.99100000000004,1,29.3,28.2,29.0,0.733
1788224338.8,Highest temperature in Qingdao on September 1?,Qingdao,2026-09-01,3992610,highest-temperature-in-qingdao-on-september-1-2026-25c,Will the highest temperature in Qingdao be 25°C on September 1?,"[""Yes"", ""No""]","[""0.0005"", ""0.9995""]",512.3814,1,29.3,28.2,29.0,0.733
1788224338.8,Highest temperature in Qingdao on September 1?,Qingdao,2026-09-01,3992611,highest-temperature-in-qingdao-on-september-1-2026-26c,Will the highest temperature in Qingdao be 26°C on September 1?,"[""Yes"", ""No""]","[""0.0045"", ""0.9955""]",384.60999999999996,1,29.3,28.2,29.0,0.733
1788224338.8,Highest temperature in Qingdao on September 1?,Qingdao,2026-09-01,3992612,highest-temperature-in-qingdao-on-september-1-2026-27c,Will the highest temperature in Qingdao be 27°C on September 1?,"[""Yes"", ""No""]","[""0.0325"", ""0.9675""]",534.002602,1,29.3,28.2,29.0,0.733
1788224338.8,Highest temperature in Qingdao on September 1?,Qingdao,2026-09-01,3992613,highest-temperature-in-qingdao-on-september-1-2026-28c,Will the highest temperature in Qingdao be 28°C on September 1?,"[""Yes"", ""No""]","[""0.118"", ""0.882""]",1252.2285929999996,1,29.3,28.2,29.0,0.733
1788224338.8,Highest temperature in Qingdao on September 1?,Qingdao,2026-09-01,3992614,highest-temperature-in-qingdao-on-september-1-2026-29c,Will the highest temperature in Qingdao be 29°C on September 1?,"[""Yes"", ""No""]","[""0.675"", ""0.325""]",3787.947029,1,29.3,28.2,29.0,0.733
1788224338.8,Highest temperature in Qingdao on September 1?,Qingdao,2026-09-01,3992615,highest-temperature-in-qingdao-on-september-1-2026-30c,Will the highest temperature in Qingdao be 30°C on September 1?,"[""Yes"", ""No""]","[""0.13"", ""0.87""]",2942.2308350000003,1,29.3,28.2,29.0,0.733
1788224338.8,Highest temperature in Qingdao on September 1?,Qingdao,2026-09-01,3992616,highest-temperature-in-qingdao-on-september-1-2026-31c,Will the highest temperature in Qingdao be 31°C on September 1?,"[""Yes"", ""No""]","[""0.07"", ""0.93""]",851.810236,1,29.3,28.2,29.0,0.733
1788224338.8,Highest temperature in Qingdao on September 1?,Qingdao,2026-09-01,3992617,highest-temperature-in-qingdao-on-september-1-2026-32corhigher,Will the highest temperature in Qingdao be 32°C or higher on September 1?,"[""Yes"", ""No""]","[""0.028"", ""0.972""]",449.666332,1,29.3,28.2,29.0,0.733
1788224338.8,Highest temperature in Karachi on September 1?,Karachi,2026-09-01,3992618,highest-temperature-in-karachi-on-september-1-2026-26corbelow,Will the highest temperature in Karachi be 26°C or below on September 1?,"[""Yes"", ""No""]","[""0.0005"", ""0.9995""]",1219.236,1,31.2,30.9,30.2,0.941
1788224338.8,Highest temperature in Karachi on September 1?,Karachi,2026-09-01,3992619,highest-temperature-in-karachi-on-september-1-2026-27c,Will the highest temperature in Karachi be 27°C on September 1?,"[""Yes"", ""No""]","[""0.0055"", ""0.9945""]",256.9702,1,31.2,30.9,30.2,0.941
1788224338.8,Highest temperature in Karachi on September 1?,Karachi,2026-09-01,3992620,highest-temperature-in-karachi-on-september-1-2026-28c,Will the highest temperature in Karachi be 28°C on September 1?,"[""Yes"", ""No""]","[""0.0105"", ""0.9895""]",325.044287,1,31.2,30.9,30.2,0.941
1788224338.8,Highest temperature in Karachi on September 1?,Karachi,2026-09-01,3992621,highest-temperature-in-karachi-on-september-1-2026-29c,Will the highest temperature in Karachi be 29°C on September 1?,"[""Yes"", ""No""]","[""0.05"", ""0.95""]",516.5675699999999,1,31.2,30.9,30.2,0.941
1788224338.8,Highest temperature in Karachi on September 1?,Karachi,2026-09-01,3992622,highest-temperature-in-karachi-on-september-1-2026-30c,Will the highest temperature in Karachi be 30°C on September 1?,"[""Yes"", ""No""]","[""0.305"", ""0.695""]",3371.257826000001,1,31.2,30.9,30.2,0.941
1788224338.8,Highest temperature in Karachi on September 1?,Karachi,2026-09-01,3992623,highest-temperature-in-karachi-on-september-1-2026-31c,Will the highest temperature in Karachi be 31°C on September 1?,"[""Yes"", ""No""]","[""0.545"", ""0.455""]",986.6435309999997,1,31.2,30.9,30.2,0.941
1788224338.8,Highest temperature in Karachi on September 1?,Karachi,2026-09-01,3992624,highest-temperature-in-karachi-on-september-1-2026-32c,Will the highest temperature in Karachi be 32°C on September 1?,"[""Yes"", ""No""]","[""0.1215"", ""0.8785""]",543.810856,1,31.2,30.9,30.2,0.941
1788224338.8,Highest temperature in Karachi on September 1?,Karachi,2026-09-01,3992625,highest-temperature-in-karachi-on-september-1-2026-33c,Will the highest temperature in Karachi be 33°C on September 1?,"[""Yes"", ""No""]","[""0.0225"", ""0.9775""]",211.08376299999998,1,31.2,30.9,30.2,0.941
1788224338.8,Highest temperature in Karachi on September 1?,Karachi,2026-09-01,3992626,highest-temperature-in-karachi-on-september-1-2026-34c,Will the highest temperature in Karachi be 34°C on September 1?,"[""Yes"", ""No""]","[""0.0055"", ""0.9945""]",344.1286,1,31.2,30.9,30.2,0.941
1788224338.8,Highest temperature in Karachi on September 1?,Karachi,2026-09-01,3992627,highest-temperature-in-karachi-on-september-1-2026-35c,Will the highest temperature in Karachi be 35°C on September 1?,"[""Yes"", ""No""]","[""0.0005"", ""0.9995""]",503.962,1,31.2,30.9,30.2,0.941
1788224338.8,Highest temperature in Karachi on September 1?,Karachi,2026-09-01,3992628,highest-temperature-in-karachi-on-september-1-2026-36corhigher,Will the highest temperature in Karachi be 36°C or higher on September 1?,"[""Yes"", ""No""]","[""0.0005"", ""0.9995""]",395.995,1,31.2,30.9,30.2,0.941
1788224338.8,Highest temperature in Manila on September 1?,Manila,2026-09-01,3992629,highest-temperature-in-manila-on-september-1-2026-26corbelow,Will the highest temperature in Manila be 26°C or below on September 1?,"[""Yes"", ""No""]","[""0.0005"", ""0.9995""]",3241.9042719999998,1,30.0,29.8,29.0,0.394
1788224338.8,Highest temperature in Manila on September 1?,Manila,2026-09-01,3992630,highest-temperature-in-manila-on-september-1-2026-27c,Will the highest temperature in Manila be 27°C on September 1?,"[""Yes"", ""No""]","[""0.0005"", ""0.9995""]",257.98199999999997,1,30.0,29.8,29.0,0.394
1788224338.8,Highest temperature in Manila on September 1?,Manila,2026-09-01,3992631,highest-temperature-in-manila-on-september-1-2026-28c,Will the highest temperature in Manila be 28°C on September 1?,"[""Yes"", ""No""]","[""0.0005"", ""0.9995""]",376.501285,1,30.0,29.8,29.0,0.394
1788224338.8,Highest temperature in Manila on September 1?,Manila,2026-09-01,3992632,highest-temperature-in-manila-on-september-1-2026-29c,Will the highest temperature in Manila be 29°C on September 1?,"[""Yes"", ""No""]","[""0.016"", ""0.984""]",357.52410000000003,1,30.0,29.8,29.0,0.394
1788224338.8,Highest temperature in Manila on September 1?,Manila,2026-09-01,3992633,highest-temperature-in-manila-on-september-1-2026-30c,Will the highest temperature in Manila be 30°C on September 1?,"[""Yes"", ""No""]","[""0.14"", ""0.86""]",627.3045050000001,1,30.0,29.8,29.0,0.394
1788224338.8,Highest temperature in Manila on September 1?,Manila,2026-09-01,3992634,highest-temperature-in-manila-on-september-1-2026-31c,Will the highest temperature in Manila be 31°C on September 1?,"[""Yes"", ""No""]","[""0.27"", ""0.73""]",1722.294706,1,30.0,29.8,29.0,0.394
1788224338.8,Highest temperature in Manila on September 1?,Manila,2026-09-01,3992635,highest-temperature-in-manila-on-september-1-2026-32c,Will the highest temperature in Manila be 32°C on September 1?,"[""Yes"", ""No""]","[""0.375"", ""0.625""]",1615.050233,1,30.0,29.8,29.0,0.394
1788224338.8,Highest temperature in Manila on September 1?,Manila,2026-09-01,3992636,highest-temperature-in-manila-on-september-1-2026-33c,Will the highest temperature in Manila be 33°C on September 1?,"[""Yes"", ""No""]","[""0.275"", ""0.725""]",1361.6068880000003,1,30.0,29.8,29.0,0.394
1788224338.8,Highest temperature in Manila on September 1?,Manila,2026-09-01,3992637,highest-temperature-in-manila-on-september-1-2026-34c,Will the highest temperature in Manila be 34°C on September 1?,"[""Yes"", ""No""]","[""0.0325"", ""0.9675""]",1001.0707699999998,1,30.0,29.8,29.0,0.394
1788224338.8,Highest temperature in Manila on September 1?,Manila,2026-09-01,3992638,highest-temperature-in-manila-on-september-1-2026-35c,Will the highest temperature in Manila be 35°C on September 1?,"[""Yes"", ""No""]","[""0.0075"", ""0.9925""]",671.1538009999999,1,30.0,29.8,29.0,0.394
1788224338.8,Highest temperature in Manila on September 1?,Manila,2026-09-01,3992639,highest-temperature-in-manila-on-september-1-2026-36corhigher,Will the highest temperature in Manila be 36°C or higher on September 1?,"[""Yes"", ""No""]","[""0.002"", ""0.998""]",277.962,1,30.0,29.8,29.0,0.394
1788224338.8,Highest temperature in Chicago on September 1?,Chicago,2026-09-01,3994099,highest-temperature-in-chicago-on-september-1-2026-81forbelow,Will the highest temperature in Chicago be 81°F or below on September 1?,"[""Yes"", ""No""]","[""0.0015"", ""0.9985""]",772.019,1,35.7,32.1,34.8,0.95
1788224338.8,Highest temperature in Chicago on September 1?,Chicago,2026-09-01,3994100,highest-temperature-in-chicago-on-september-1-2026-82-83f,Will the highest temperature in Chicago be between 82-83°F on September 1?,"[""Yes"", ""No""]","[""0.0005"", ""0.9995""]",914.2259999999999,1,35.7,32.1,34.8,0.95
1788224338.8,Highest temperature in Chicago on September 1?,Chicago,2026-09-01,3994101,highest-temperature-in-chicago-on-september-1-2026-84-85f,Will the highest temperature in Chicago be between 84-85°F on September 1?,"[""Yes"", ""No""]","[""0.014"", ""0.986""]",302.588704,1,35.7,32.1,34.8,0.95
1788224338.8,Highest temperature in Chicago on September 1?,Chicago,2026-09-01,3994102,highest-temperature-in-chicago-on-september-1-2026-86-87f,Will the highest temperature in Chicago be between 86-87°F on September 1?,"[""Yes"", ""No""]","[""0.025"", ""0.975""]",267.432516,1,35.7,32.1,34.8,0.95
1788224338.8,Highest temperature in Chicago on September 1?,Chicago,2026-09-01,3994103,highest-temperature-in-chicago-on-september-1-2026-88-89f,Will the highest temperature in Chicago be between 88-89°F on September 1?,"[""Yes"", ""No""]","[""0.095"", ""0.905""]",448.165334,1,35.7,32.1,34.8,0.95
1788224338.8,Highest temperature in Chicago on September 1?,Chicago,2026-09-01,3994104,highest-temperature-in-chicago-on-september-1-2026-90-91f,Will the highest temperature in Chicago be between 90-91°F on September 1?,"[""Yes"", ""No""]","[""0.335"", ""0.665""]",867.6613360000001,1,35.7,32.1,34.8,0.95
1788224338.8,Highest temperature in Chicago on September 1?,Chicago,2026-09-01,3994105,highest-temperature-in-chicago-on-september-1-2026-92-93f,Will the highest temperature in Chicago be between 92-93°F on September 1?,"[""Yes"", ""No""]","[""0.39"", ""0.61""]",1314.253842,1,35.7,32.1,34.8,0.95
1788224338.8,Highest temperature in Chicago on September 1?,Chicago,2026-09-01,3994106,highest-temperature-in-chicago-on-september-1-2026-94-95f,Will the highest temperature in Chicago be between 94-95°F on September 1?,"[""Yes"", ""No""]","[""0.125"", ""0.875""]",713.718028,1,35.7,32.1,34.8,0.95
1788224338.8,Highest temperature in Chicago on September 1?,Chicago,2026-09-01,3994107,highest-temperature-in-chicago-on-september-1-2026-96-97f,Will the highest temperature in Chicago be between 96-97°F on September 1?,"[""Yes"", ""No""]","[""0.05"", ""0.95""]",339.48030400000005,1,35.7,32.1,34.8,0.95
1788224338.8,Highest temperature in Chicago on September 1?,Chicago,2026-09-01,3994108,highest-temperature-in-chicago-on-september-1-2026-98-99f,Will the highest temperature in Chicago be between 98-99°F on September 1?,"[""Yes"", ""No""]","[""0.0005"", ""0.9995""]",173.11499999999998,1,35.7,32.1,34.8,0.95
1788224338.8,Highest temperature in Chicago on September 1?,Chicago,2026-09-01,3994109,highest-temperature-in-chicago-on-september-1-2026-100forhigher,Will the highest temperature in Chicago be 100°F or higher on September 1?,"[""Yes"", ""No""]","[""0.0005"", ""0.9995""]",345.991,1,35.7,32.1,34.8,0.95
1788224338.8,Highest temperature in Denver on September 1?,Denver,2026-09-01,3994110,highest-temperature-in-denver-on-september-1-2026-73forbelow,Will the highest temperature in Denver be 73°F or below on September 1?,"[""Yes"", ""No""]","[""0.0005"", ""0.9995""]",1218.803808,1,29.7,27.5,29.8,0.785
1788224338.8,Highest temperature in Denver on September 1?,Denver,2026-09-01,3994111,highest-temperature-in-denver-on-september-1-2026-74-75f,Will the highest temperature in Denver be between 74-75°F on September 1?,"[""Yes"", ""No""]","[""0.0005"", ""0.9995""]",1218.939602,1,29.7,27.5,29.8,0.785
1788224338.8,Highest temperature in Denver on September 1?,Denver,2026-09-01,3994112,highest-temperature-in-denver-on-september-1-2026-76-77f,Will the highest temperature in Denver be between 76-77°F on September 1?,"[""Yes"", ""No""]","[""0.005"", ""0.995""]",978.596691,1,29.7,27.5,29.8,0.785
1788224338.8,Highest temperature in Denver on September 1?,Denver,2026-09-01,3994113,highest-temperature-in-denver-on-september-1-2026-78-79f,Will the highest temperature in Denver be between 78-79°F on September 1?,"[""Yes"", ""No""]","[""0.014"", ""0.986""]",663.295797,1,29.7,27.5,29.8,0.785
1788224338.8,Highest temperature in Denver on September 1?,Denver,2026-09-01,3994114,highest-temperature-in-denver-on-september-1-2026-80-81f,Will the highest temperature in Denver be between 80-81°F on September 1?,"[""Yes"", ""No""]","[""0.085"", ""0.915""]",473.11881999999997,1,29.7,27.5,29.8,0.785
1788224338.8,Highest temperature in Denver on September 1?,Denver,2026-09-01,3994115,highest-temperature-in-denver-on-september-1-2026-82-83f,Will the highest temperature in Denver be between 82-83°F on September 1?,"[""Yes"", ""No""]","[""0.185"", ""0.815""]",569.2438099999999,1,29.7,27.5,29.8,0.785
1788224338.8,Highest temperature in Denver on September 1?,Denver,2026-09-01,3994116,highest-temperature-in-denver-on-september-1-2026-84-85f,Will the highest temperature in Denver be between 84-85°F on September 1?,"[""Yes"", ""No""]","[""0.445"", ""0.555""]",2958.025193,1,29.7,27.5,29.8,0.785
1788224338.8,Highest temperature in Denver on September 1?,Denver,2026-09-01,3994117,highest-temperature-in-denver-on-september-1-2026-86-87f,Will the highest temperature in Denver be between 86-87°F on September 1?,"[""Yes"", ""No""]","[""0.3"", ""0.7""]",1251.725012,1,29.7,27.5,29.8,0.785
1788224338.8,Highest temperature in Denver on September 1?,Denver,2026-09-01,3994118,highest-temperature-in-denver-on-september-1-2026-88-89f,Will the highest temperature in Denver be between 88-89°F on September 1?,"[""Yes"", ""No""]","[""0.035"", ""0.965""]",676.31684,1,29.7,27.5,29.8,0.785
1788224338.8,Highest temperature in Denver on September 1?,Denver,2026-09-01,3994119,highest-temperature-in-denver-on-september-1-2026-90-91f,Will the highest temperature in Denver be between 90-91°F on September 1?,"[""Yes"", ""No""]","[""0.006"", ""0.994""]",771.56775,1,29.7,27.5,29.8,0.785
1788224338.8,Highest temperature in Denver on September 1?,Denver,2026-09-01,3994120,highest-temperature-in-denver-on-september-1-2026-92forhigher,Will the highest temperature in Denver be 92°F or higher on September 1?,"[""Yes"", ""No""]","[""0.002"", ""0.998""]",163.03799999999998,1,29.7,27.5,29.8,0.785
1788224338.8,Highest temperature in NYC on September 1?,NYC,2026-09-01,3994780,highest-temperature-in-nyc-on-september-1-2026-73forbelow,Will the highest temperature in New York City be 73°F or below on September 1?,"[""Yes"", ""No""]","[""0.0055"", ""0.9945""]",279.422,1,28.0,28.2,27.6,1.416
1788224338.8,Highest temperature in NYC on September 1?,NYC,2026-09-01,3994781,highest-temperature-in-nyc-on-september-1-2026-74-75f,Will the highest temperature in New York City be between 74-75°F on September 1?,"[""Yes"", ""No""]","[""0.0035"", ""0.9965""]",422.154,1,28.0,28.2,27.6,1.416
1788224338.8,Highest temperature in NYC on September 1?,NYC,2026-09-01,3994782,highest-temperature-in-nyc-on-september-1-2026-76-77f,Will the highest temperature in New York City be between 76-77°F on September 1?,"[""Yes"", ""No""]","[""0.0115"", ""0.9885""]",206.623233,1,28.0,28.2,27.6,1.416
1788224338.8,Highest temperature in NYC on September 1?,NYC,2026-09-01,3994783,highest-temperature-in-nyc-on-september-1-2026-78-79f,Will the highest temperature in New York City be between 78-79°F on September 1?,"[""Yes"", ""No""]","[""0.095"", ""0.905""]",777.136866,1,28.0,28.2,27.6,1.416
1788224338.8,Highest temperature in NYC on September 1?,NYC,2026-09-01,3994784,highest-temperature-in-nyc-on-september-1-2026-80-81f,Will the highest temperature in New York City be between 80-81°F on September 1?,"[""Yes"", ""No""]","[""0.23"", ""0.77""]",1732.4030780000003,1,28.0,28.2,27.6,1.416
1788224338.8,Highest temperature in NYC on September 1?,NYC,2026-09-01,3994785,highest-temperature-in-nyc-on-september-1-2026-82-83f,Will the highest temperature in New York City be between 82-83°F on September 1?,"[""Yes"", ""No""]","[""0.385"", ""0.615""]",1554.3043829999997,1,28.0,28.2,27.6,1.416
1788224338.8,Highest temperature in NYC on September 1?,NYC,2026-09-01,3994786,highest-temperature-in-nyc-on-september-1-2026-84-85f,Will the highest temperature in New York City be between 84-85°F on September 1?,"[""Yes"", ""No""]","[""0.2"", ""0.8""]",1688.6151180000002,1,28.0,28.2,27.6,1.416
1788224338.8,Highest temperature in NYC on September 1?,NYC,2026-09-01,3994787,highest-temperature-in-nyc-on-september-1-2026-86-87f,Will the highest temperature in New York City be between 86-87°F on September 1?,"[""Yes"", ""No""]","[""0.045"", ""0.955""]",2391.2472850000004,1,28.0,28.2,27.6,1.416
1788224338.8,Highest temperature in NYC on September 1?,NYC,2026-09-01,3994788,highest-temperature-in-nyc-on-september-1-2026-88-89f,Will the highest temperature in New York City be between 88-89°F on September 1?,"[""Yes"", ""No""]","[""0.025"", ""0.975""]",2334.451103,1,28.0,28.2,27.6,1.416
1788224338.8,Highest temperature in NYC on September 1?,NYC,2026-09-01,3994789,highest-temperature-in-nyc-on-september-1-2026-90-91f,Will the highest temperature in New York City be between 90-91°F on September 1?,"[""Yes"", ""No""]","[""0.0075"", ""0.9925""]",1781.88588,1,28.0,28.2,27.6,1.416
1788224338.8,Highest temperature in NYC on September 1?,NYC,2026-09-01,3994790,highest-temperature-in-nyc-on-september-1-2026-92forhigher,Will the highest temperature in New York City be 92°F or higher on September 1?,"[""Yes"", ""No""]","[""0.0025"", ""0.9975""]",830.909047,1,28.0,28.2,27.6,1.416
1788224338.8,Highest temperature in Dallas on September 1?,Dallas,2026-09-01,3994791,highest-temperature-in-dallas-on-september-1-2026-87forbelow,Will the highest temperature in Dallas be 87°F or below on September 1?,"[""Yes"", ""No""]","[""0.0005"", ""0.9995""]",298.838,1,35.9,38.0,37.9,1.244
1788224338.8,Highest temperature in Dallas on September 1?,Dallas,2026-09-01,3994792,highest-temperature-in-dallas-on-september-1-2026-88-89f,Will the highest temperature in Dallas be between 88-89°F on September 1?,"[""Yes"", ""No""]","[""0.0005"", ""0.9995""]",334.98900000000003,1,35.9,38.0,37.9,1.244
1788224338.8,Highest temperature in Dallas on September 1?,Dallas,2026-09-01,3994793,highest-temperature-in-dallas-on-september-1-2026-90-91f,Will the highest temperature in Dallas be between 90-91°F on September 1?,"[""Yes"", ""No""]","[""0.0005"", ""0.9995""]",134.85,1,35.9,38.0,37.9,1.244
1788224338.8,Highest temperature in Dallas on September 1?,Dallas,2026-09-01,3994794,highest-temperature-in-dallas-on-september-1-2026-92-93f,Will the highest temperature in Dallas be between 92-93°F on September 1?,"[""Yes"", ""No""]","[""0.0005"", ""0.9995""]",433.98609999999996,1,35.9,38.0,37.9,1.244
1788224338.8,Highest temperature in Dallas on September 1?,Dallas,2026-09-01,3994795,highest-temperature-in-dallas-on-september-1-2026-94-95f,Will the highest temperature in Dallas be between 94-95°F on September 1?,"[""Yes"", ""No""]","[""0.012"", ""0.988""]",765.1324000000001,1,35.9,38.0,37.9,1.244
1788224338.8,Highest temperature in Dallas on September 1?,Dallas,2026-09-01,3994796,highest-temperature-in-dallas-on-september-1-2026-96-97f,Will the highest temperature in Dallas be between 96-97°F on September 1?,"[""Yes"", ""No""]","[""0.0435"", ""0.9565""]",952.3487680000001,1,35.9,38.0,37.9,1.244
1788224338.8,Highest temperature in Dallas on September 1?,Dallas,2026-09-01,3994797,highest-temperature-in-dallas-on-september-1-2026-98-99f,Will the highest temperature in Dallas be between 98-99°F on September 1?,"[""Yes"", ""No""]","[""0.635"", ""0.365""]",3831.826388,1,35.9,38.0,37.9,1.244
1788224338.8,Highest temperature in Dallas on September 1?,Dallas,2026-09-01,3994798,highest-temperature-in-dallas-on-september-1-2026-100-101f,Will the highest temperature in Dallas be between 100-101°F on September 1?,"[""Yes"", ""No""]","[""0.27"", ""0.73""]",2567.1432139999997,1,35.9,38.0,37.9,1.244
1788224338.8,Highest temperature in Dallas on September 1?,Dallas,2026-09-01,3994799,highest-temperature-in-dallas-on-september-1-2026-102-103f,Will the highest temperature in Dallas be between 102-103°F on September 1?,"[""Yes"", ""No""]","[""0.0115"", ""0.9885""]",491.268615,1,35.9,38.0,37.9,1.244
1788224338.8,Highest temperature in Dallas on September 1?,Dallas,2026-09-01,3994800,highest-temperature-in-dallas-on-september-1-2026-104-105f,Will the highest temperature in Dallas be between 104-105°F on September 1?,"[""Yes"", ""No""]","[""0.003"", ""0.997""]",416.799339,1,35.9,38.0,37.9,1.244
1788224338.8,Highest temperature in Dallas on September 1?,Dallas,2026-09-01,3994801,highest-temperature-in-dallas-on-september-1-2026-106forhigher,Will the highest temperature in Dallas be 106°F or higher on September 1?,"[""Yes"", ""No""]","[""0.0035"", ""0.9965""]",428.5843,1,35.9,38.0,37.9,1.244
1788224338.8,Highest temperature in Atlanta on September 1?,Atlanta,2026-09-01,3994802,highest-temperature-in-atlanta-on-september-1-2026-83forbelow,Will the highest temperature in Atlanta be 83°F or below on September 1?,"[""Yes"", ""No""]","[""0.0005"", ""0.9995""]",143.99099999999999,1,35.4,34.5,34.5,0.596
1788224338.8,Highest temperature in Atlanta on September 1?,Atlanta,2026-09-01,3994803,highest-temperature-in-atlanta-on-september-1-2026-84-85f,Will the highest temperature in Atlanta be between 84-85°F on September 1?,"[""Yes"", ""No""]","[""0.0005"", ""0.9995""]",133.741,1,35.4,34.5,34.5,0.596
1788224338.8,Highest temperature in Atlanta on September 1?,Atlanta,2026-09-01,3994804,highest-temperature-in-atlanta-on-september-1-2026-86-87f,Will the highest temperature in Atlanta be between 86-87°F on September 1?,"[""Yes"", ""No""]","[""0.003"", ""0.997""]",288.0925,1,35.4,34.5,34.5,0.596
1788224338.8,Highest temperature in Atlanta on September 1?,Atlanta,2026-09-01,3994805,highest-temperature-in-atlanta-on-september-1-2026-88-89f,Will the highest temperature in Atlanta be between 88-89°F on September 1?,"[""Yes"", ""No""]","[""0.0055"", ""0.9945""]",165.075,1,35.4,34.5,34.5,0.596
1788224338.8,Highest temperature in Atlanta on September 1?,Atlanta,2026-09-01,3994806,highest-temperature-in-atlanta-on-september-1-2026-90-91f,Will the highest temperature in Atlanta be between 90-91°F on September 1?,"[""Yes"", ""No""]","[""0.015"", ""0.985""]",307.794199,1,35.4,34.5,34.5,0.596
1788224338.8,Highest temperature in Atlanta on September 1?,Atlanta,2026-09-01,3994807,highest-temperature-in-atlanta-on-september-1-2026-92-93f,Will the highest temperature in Atlanta be between 92-93°F on September 1?,"[""Yes"", ""No""]","[""0.065"", ""0.935""]",428.46073400000006,1,35.4,34.5,34.5,0.596
1788224338.8,Highest temperature in Atlanta on September 1?,Atlanta,2026-09-01,3994808,highest-temperature-in-atlanta-on-september-1-2026-94-95f,Will the highest temperature in Atlanta be between 94-95°F on September 1?,"[""Yes"", ""No""]","[""0.465"", ""0.535""]",3373.457128,1,35.4,34.5,34.5,0.596
1788224338.8,Highest temperature in Atlanta on September 1?,Atlanta,2026-09-01,3994809,highest-temperature-in-atlanta-on-september-1-2026-96-97f,Will the highest temperature in Atlanta be between 96-97°F on September 1?,"[""Yes"", ""No""]","[""0.385"", ""0.615""]",954.6604469999999,1,35.4,34.5,34.5,0.596
1788224338.8,Highest temperature in Atlanta on September 1?,Atlanta,2026-09-01,3994810,highest-temperature-in-atlanta-on-september-1-2026-98-99f,Will the highest temperature in Atlanta be between 98-99°F on September 1?,"[""Yes"", ""No""]","[""0.05"", ""0.95""]",733.758858,1,35.4,34.5,34.5,0.596
1788224338.8,Highest temperature in Atlanta on September 1?,Atlanta,2026-09-01,3994811,highest-temperature-in-atlanta-on-september-1-2026-100-101f,Will the highest temperature in Atlanta be between 100-101°F on September 1?,"[""Yes"", ""No""]","[""0.009"", ""0.991""]",402.2267,1,35.4,34.5,34.5,0.596
1788224338.8,Highest temperature in Atlanta on September 1?,Atlanta,2026-09-01,3994812,highest-temperature-in-atlanta-on-september-1-2026-102forhigher,Will the highest temperature in Atlanta be 102°F or higher on September 1?,"[""Yes"", ""No""]","[""0.05"", ""0.95""]",642.813785,1,35.4,34.5,34.5,0.596
1788224338.8,Highest temperature in Miami on September 1?,Miami,2026-09-01,3994813,highest-temperature-in-miami-on-september-1-2026-79forbelow,Will the highest temperature in Miami be 79°F or below on September 1?,"[""Yes"", ""No""]","[""0.0005"", ""0.9995""]",141.241,1,31.2,29.7,31.6,0.247
1788224338.8,Highest temperature in Miami on September 1?,Miami,2026-09-01,3994814,highest-temperature-in-miami-on-september-1-2026-80-81f,Will the highest temperature in Miami be between 80-81°F on September 1?,"[""Yes"", ""No""]","[""0.003"", ""0.997""]",630.274997,1,31.2,29.7,31.6,0.247
1788224338.8,Highest temperature in Miami on September 1?,Miami,2026-09-01,3994815,highest-temperature-in-miami-on-september-1-2026-82-83f,Will the highest temperature in Miami be between 82-83°F on September 1?,"[""Yes"", ""No""]","[""0.003"", ""0.997""]",676.771,1,31.2,29.7,31.6,0.247
1788224338.8,Highest temperature in Miami on September 1?,Miami,2026-09-01,3994816,highest-temperature-in-miami-on-september-1-2026-84-85f,Will the highest temperature in Miami be between 84-85°F on September 1?,"[""Yes"", ""No""]","[""0.0215"", ""0.9785""]",1112.12002,1,31.2,29.7,31.6,0.247
1788224338.8,Highest temperature in Miami on September 1?,Miami,2026-09-01,3994817,highest-temperature-in-miami-on-september-1-2026-86-87f,Will the highest temperature in Miami be between 86-87°F on September 1?,"[""Yes"", ""No""]","[""0.075"", ""0.925""]",2110.5221090000005,1,31.2,29.7,31.6,0.247
1788224338.8,Highest temperature in Miami on September 1?,Miami,2026-09-01,3994818,highest-temperature-in-miami-on-september-1-2026-88-89f,Will the highest temperature in Miami be between 88-89°F on September 1?,"[""Yes"", ""No""]","[""0.305"", ""0.695""]",3588.9314649999997,1,31.2,29.7,31.6,0.247
1788224338.8,Highest temperature in Miami on September 1?,Miami,2026-09-01,3994819,highest-temperature-in-miami-on-september-1-2026-90-91f,Will the highest temperature in Miami be between 90-91°F on September 1?,"[""Yes"", ""No""]","[""0.555"", ""0.445""]",2939.830162,1,31.2,29.7,31.6,0.247
1788224338.8,Highest temperature in Miami on September 1?,Miami,2026-09-01,3994820,highest-temperature-in-miami-on-september-1-2026-92-93f,Will the highest temperature in Miami be between 92-93°F on September 1?,"[""Yes"", ""No""]","[""0.07"", ""0.93""]",4729.319732,1,31.2,29.7,31.6,0.247
1788224338.8,Highest temperature in Miami on September 1?,Miami,2026-09-01,3994821,highest-temperature-in-miami-on-september-1-2026-94-95f,Will the highest temperature in Miami be between 94-95°F on September 1?,"[""Yes"", ""No""]","[""0.01"", ""0.99""]",968.0640999999999,1,31.2,29.7,31.6,0.247
1788224338.8,Highest temperature in Miami on September 1?,Miami,2026-09-01,3994822,highest-temperature-in-miami-on-september-1-2026-96-97f,Will the highest temperature in Miami be between 96-97°F on September 1?,"[""Yes"", ""No""]","[""0.0005"", ""0.9995""]",857.179133,1,31.2,29.7,31.6,0.247
1788224338.8,Highest temperature in Miami on September 1?,Miami,2026-09-01,3994823,highest-temperature-in-miami-on-september-1-2026-98forhigher,Will the highest temperature in Miami be 98°F or higher on September 1?,"[""Yes"", ""No""]","[""0.0005"", ""0.9995""]",478.31399999999996,1,31.2,29.7,31.6,0.247
1788224338.8,Highest temperature in Austin on September 1?,Austin,2026-09-01,3994824,highest-temperature-in-austin-on-september-1-2026-89forbelow,Will the highest temperature in Austin be 89°F or below on September 1?,"[""Yes"", ""No""]","[""0.0005"", ""0.9995""]",419.8022000000001,1,35.3,37.6,36.9,0.958
1788224338.8,Highest temperature in Austin on September 1?,Austin,2026-09-01,3994825,highest-temperature-in-austin-on-september-1-2026-90-91f,Will the highest temperature in Austin be between 90-91°F on September 1?,"[""Yes"", ""No""]","[""0.0095"", ""0.9905""]",494.45235,1,35.3,37.6,36.9,0.958
1788224338.8,Highest temperature in Austin on September 1?,Austin,2026-09-01,3994826,highest-temperature-in-austin-on-september-1-2026-92-93f,Will the highest temperature in Austin be between 92-93°F on September 1?,"[""Yes"", ""No""]","[""0.01"", ""0.99""]",528.07746,1,35.3,37.6,36.9,0.958
1788224338.8,Highest temperature in Austin on September 1?,Austin,2026-09-01,3994827,highest-temperature-in-austin-on-september-1-2026-94-95f,Will the highest temperature in Austin be between 94-95°F on September 1?,"[""Yes"", ""No""]","[""0.025"", ""0.975""]",555.69,1,35.3,37.6,36.9,0.958
1788224338.8,Highest temperature in Austin on September 1?,Austin,2026-09-01,3994828,highest-temperature-in-austin-on-september-1-2026-96-97f,Will the highest temperature in Austin be between 96-97°F on September 1?,"[""Yes"", ""No""]","[""0.215"", ""0.785""]",770.4453779999999,1,35.3,37.6,36.9,0.958
1788224338.8,Highest temperature in Austin on September 1?,Austin,2026-09-01,3994829,highest-temperature-in-austin-on-september-1-2026-98-99f,Will the highest temperature in Austin be between 98-99°F on September 1?,"[""Yes"", ""No""]","[""0.555"", ""0.445""]",772.534097,1,35.3,37.6,36.9,0.958
1788224338.8,Highest temperature in Austin on September 1?,Austin,2026-09-01,3994830,highest-temperature-in-austin-on-september-1-2026-100-101f,Will the highest temperature in Austin be between 100-101°F on September 1?,"[""Yes"", ""No""]","[""0.185"", ""0.815""]",2414.4870899999996,1,35.3,37.6,36.9,0.958
1788224338.8,Highest temperature in Austin on September 1?,Austin,2026-09-01,3994831,highest-temperature-in-austin-on-september-1-2026-102-103f,Will the highest temperature in Austin be between 102-103°F on September 1?,"[""Yes"", ""No""]","[""0.03"", ""0.97""]",446.20800499999996,1,35.3,37.6,36.9,0.958
1788224338.8,Highest temperature in Austin on September 1?,Austin,2026-09-01,3994832,highest-temperature-in-austin-on-september-1-2026-104-105f,Will the highest temperature in Austin be between 104-105°F on September 1?,"[""Yes"", ""No""]","[""0.011"", ""0.989""]",374.31341699999996,1,35.3,37.6,36.9,0.958
1788224338.8,Highest temperature in Austin on September 1?,Austin,2026-09-01,3994833,highest-temperature-in-austin-on-september-1-2026-106-107f,Will the highest temperature in Austin be between 106-107°F on September 1?,"[""Yes"", ""No""]","[""0.0005"", ""0.9995""]",171.20999999999998,1,35.3,37.6,36.9,0.958
1788224338.8,Highest temperature in Austin on September 1?,Austin,2026-09-01,3994834,highest-temperature-in-austin-on-september-1-2026-108forhigher,Will the highest temperature in Austin be 108°F or higher on September 1?,"[""Yes"", ""No""]","[""0.0005"", ""0.9995""]",234.99099999999999,1,35.3,37.6,36.9,0.958
1788224338.8,Highest temperature in Houston on September 1?,Houston,2026-09-01,3994835,highest-temperature-in-houston-on-september-1-2026-81forbelow,Will the highest temperature in Houston be 81°F or below on September 1?,"[""Yes"", ""No""]","[""0.011"", ""0.989""]",538.4242889999999,1,30.2,33.2,30.9,2.187
1788224338.8,Highest temperature in Houston on September 1?,Houston,2026-09-01,3994836,highest-temperature-in-houston-on-september-1-2026-82-83f,Will the highest temperature in Houston be between 82-83°F on September 1?,"[""Yes"", ""No""]","[""0.06"", ""0.94""]",343.747969,1,30.2,33.2,30.9,2.187
1788224338.8,Highest temperature in Houston on September 1?,Houston,2026-09-01,3994837,highest-temperature-in-houston-on-september-1-2026-84-85f,Will the highest temperature in Houston be between 84-85°F on September 1?,"[""Yes"", ""No""]","[""0.115"", ""0.885""]",1311.958698,1,30.2,33.2,30.9,2.187
1788224338.8,Highest temperature in Houston on September 1?,Houston,2026-09-01,3994838,highest-temperature-in-houston-on-september-1-2026-86-87f,Will the highest temperature in Houston be between 86-87°F on September 1?,"[""Yes"", ""No""]","[""0.29"", ""0.71""]",2159.305521,1,30.2,33.2,30.9,2.187
1788224338.8,Highest temperature in Houston on September 1?,Houston,2026-09-01,3994839,highest-temperature-in-houston-on-september-1-2026-88-89f,Will the highest temperature in Houston be between 88-89°F on September 1?,"[""Yes"", ""No""]","[""0.365"", ""0.635""]",3888.631811,1,30.2,33.2,30.9,2.187
1788224338.8,Highest temperature in Houston on September 1?,Houston,2026-09-01,3994840,highest-temperature-in-houston-on-september-1-2026-90-91f,Will the highest temperature in Houston be between 90-91°F on September 1?,"[""Yes"", ""No""]","[""0.105"", ""0.895""]",1321.5977719999998,1,30.2,33.2,30.9,2.187
1788224338.8,Highest temperature in Houston on September 1?,Houston,2026-09-01,3994841,highest-temperature-in-houston-on-september-1-2026-92-93f,Will the highest temperature in Houston be between 92-93°F on September 1?,"[""Yes"", ""No""]","[""0.02"", ""0.98""]",1578.134724,1,30.2,33.2,30.9,2.187
1788224338.8,Highest temperature in Houston on September 1?,Houston,2026-09-01,3994842,highest-temperature-in-houston-on-september-1-2026-94-95f,Will the highest temperature in Houston be between 94-95°F on September 1?,"[""Yes"", ""No""]","[""0.0055"", ""0.9945""]",448.911333,1,30.2,33.2,30.9,2.187
1788224338.8,Highest temperature in Houston on September 1?,Houston,2026-09-01,3994843,highest-temperature-in-houston-on-september-1-2026-96-97f,Will the highest temperature in Houston be between 96-97°F on September 1?,"[""Yes"", ""No""]","[""0.005"", ""0.995""]",405.377,1,30.2,33.2,30.9,2.187
1788224338.8,Highest temperature in Houston on September 1?,Houston,2026-09-01,3994844,highest-temperature-in-houston-on-september-1-2026-98-99f,Will the highest temperature in Houston be between 98-99°F on September 1?,"[""Yes"", ""No""]","[""0.0025"", ""0.9975""]",301.452,1,30.2,33.2,30.9,2.187
1788224338.8,Highest temperature in Houston on September 1?,Houston,2026-09-01,3994845,highest-temperature-in-houston-on-september-1-2026-100forhigher,Will the highest temperature in Houston be 100°F or higher on September 1?,"[""Yes"", ""No""]","[""0.0005"", ""0.9995""]",238.995,1,30.2,33.2,30.9,2.187
1788224338.8,Highest temperature in Seattle on September 1?,Seattle,2026-09-01,3999718,highest-temperature-in-seattle-on-september-1-2026-63forbelow,Will the highest temperature in Seattle be 63°F or below on September 1?,"[""Yes"", ""No""]","[""0.005"", ""0.995""]",312.08500000000004,1,20.4,22.4,20.9,1.147
1788224338.8,Highest temperature in Seattle on September 1?,Seattle,2026-09-01,3999719,highest-temperature-in-seattle-on-september-1-2026-64-65f,Will the highest temperature in Seattle be between 64-65°F on September 1?,"[""Yes"", ""No""]","[""0.0055"", ""0.9945""]",241.992765,1,20.4,22.4,20.9,1.147
1788224338.8,Highest temperature in Seattle on September 1?,Seattle,2026-09-01,3999720,highest-temperature-in-seattle-on-september-1-2026-66-67f,Will the highest temperature in Seattle be between 66-67°F on September 1?,"[""Yes"", ""No""]","[""0.0065"", ""0.9935""]",103.05879999999999,1,20.4,22.4,20.9,1.147
1788224338.8,Highest temperature in Seattle on September 1?,Seattle,2026-09-01,3999721,highest-temperature-in-seattle-on-september-1-2026-68-69f,Will the highest temperature in Seattle be between 68-69°F on September 1?,"[""Yes"", ""No""]","[""0.065"", ""0.935""]",732.0411509999999,1,20.4,22.4,20.9,1.147
1788224338.8,Highest temperature in Seattle on September 1?,Seattle,2026-09-01,3999722,highest-temperature-in-seattle-on-september-1-2026-70-71f,Will the highest temperature in Seattle be between 70-71°F on September 1?,"[""Yes"", ""No""]","[""0.465"", ""0.535""]",1874.3484549999998,1,20.4,22.4,20.9,1.147
1788224338.8,Highest temperature in Seattle on September 1?,Seattle,2026-09-01,3999723,highest-temperature-in-seattle-on-september-1-2026-72-73f,Will the highest temperature in Seattle be between 72-73°F on September 1?,"[""Yes"", ""No""]","[""0.32"", ""0.68""]",2348.536129,1,20.4,22.4,20.9,1.147
1788224338.8,Highest temperature in Seattle on September 1?,Seattle,2026-09-01,3999724,highest-temperature-in-seattle-on-september-1-2026-74-75f,Will the highest temperature in Seattle be between 74-75°F on September 1?,"[""Yes"", ""No""]","[""0.07"", ""0.93""]",345.5794149999999,1,20.4,22.4,20.9,1.147
1788224338.8,Highest temperature in Seattle on September 1?,Seattle,2026-09-01,3999725,highest-temperature-in-seattle-on-september-1-2026-76-77f,Will the highest temperature in Seattle be between 76-77°F on September 1?,"[""Yes"", ""No""]","[""0.02"", ""0.98""]",303.7994,1,20.4,22.4,20.9,1.147
1788224338.8,Highest temperature in Seattle on September 1?,Seattle,2026-09-01,3999726,highest-temperature-in-seattle-on-september-1-2026-78-79f,Will the highest temperature in Seattle be between 78-79°F on September 1?,"[""Yes"", ""No""]","[""0.006"", ""0.994""]",587.34,1,20.4,22.4,20.9,1.147
1788224338.8,Highest temperature in Seattle on September 1?,Seattle,2026-09-01,3999727,highest-temperature-in-seattle-on-september-1-2026-80-81f,Will the highest temperature in Seattle be between 80-81°F on September 1?,"[""Yes"", ""No""]","[""0.0025"", ""0.9975""]",272.26699999999994,1,20.4,22.4,20.9,1.147
1788224338.8,Highest temperature in Seattle on September 1?,Seattle,2026-09-01,3999728,highest-temperature-in-seattle-on-september-1-2026-82forhigher,Will the highest temperature in Seattle be 82°F or higher on September 1?,"[""Yes"", ""No""]","[""0.0025"", ""0.9975""]",284.144665,1,20.4,22.4,20.9,1.147
1788224338.8,Highest temperature in Los Angeles on September 1?,Los Angeles,2026-09-01,3999729,highest-temperature-in-los-angeles-on-september-1-2026-65forbelow,Will the highest temperature in Los Angeles be 65°F or below on September 1?,"[""Yes"", ""No""]","[""0.0005"", ""0.9995""]",135.27100000000002,1,27.2,28.1,27.1,0.566
1788224338.8,Highest temperature in Los Angeles on September 1?,Los Angeles,2026-09-01,3999730,highest-temperature-in-los-angeles-on-september-1-2026-66-67f,Will the highest temperature in Los Angeles be between 66-67°F on September 1?,"[""Yes"", ""No""]","[""0.0005"", ""0.9995""]",251.247,1,27.2,28.1,27.1,0.566
1788224338.8,Highest temperature in Los Angeles on September 1?,Los Angeles,2026-09-01,3999731,highest-temperature-in-los-angeles-on-september-1-2026-68-69f,Will the highest temperature in Los Angeles be between 68-69°F on September 1?,"[""Yes"", ""No""]","[""0.0005"", ""0.9995""]",884.296,1,27.2,28.1,27.1,0.566
1788224338.8,Highest temperature in Los Angeles on September 1?,Los Angeles,2026-09-01,3999732,highest-temperature-in-los-angeles-on-september-1-2026-70-71f,Will the highest temperature in Los Angeles be between 70-71°F on September 1?,"[""Yes"", ""No""]","[""0.0115"", ""0.9885""]",445.09827700000005,1,27.2,28.1,27.1,0.566
1788224338.8,Highest temperature in Los Angeles on September 1?,Los Angeles,2026-09-01,3999733,highest-temperature-in-los-angeles-on-september-1-2026-72-73f,Will the highest temperature in Los Angeles be between 72-73°F on September 1?,"[""Yes"", ""No""]","[""0.0065"", ""0.9935""]",531.530815,1,27.2,28.1,27.1,0.566
1788224338.8,Highest temperature in Los Angeles on September 1?,Los Angeles,2026-09-01,3999734,highest-temperature-in-los-angeles-on-september-1-2026-74-75f,Will the highest temperature in Los Angeles be between 74-75°F on September 1?,"[""Yes"", ""No""]","[""0.345"", ""0.655""]",2375.5696930000004,1,27.2,28.1,27.1,0.566
1788224338.8,Highest temperature in Los Angeles on September 1?,Los Angeles,2026-09-01,3999735,highest-temperature-in-los-angeles-on-september-1-2026-76-77f,Will the highest temperature in Los Angeles be between 76-77°F on September 1?,"[""Yes"", ""No""]","[""0.545"", ""0.455""]",2578.3137079999997,1,27.2,28.1,27.1,0.566
1788224338.8,Highest temperature in Los Angeles on September 1?,Los Angeles,2026-09-01,3999736,highest-temperature-in-los-angeles-on-september-1-2026-78-79f,Will the highest temperature in Los Angeles be between 78-79°F on September 1?,"[""Yes"", ""No""]","[""0.1"", ""0.9""]",1117.913986,1,27.2,28.1,27.1,0.566
1788224338.8,Highest temperature in Los Angeles on September 1?,Los Angeles,2026-09-01,3999737,highest-temperature-in-los-angeles-on-september-1-2026-80-81f,Will the highest temperature in Los Angeles be between 80-81°F on September 1?,"[""Yes"", ""No""]","[""0.015"", ""0.985""]",729.1988389999999,1,27.2,28.1,27.1,0.566
1788224338.8,Highest temperature in Los Angeles on September 1?,Los Angeles,2026-09-01,3999738,highest-temperature-in-los-angeles-on-september-1-2026-82-83f,Will the highest temperature in Los Angeles be between 82-83°F on September 1?,"[""Yes"", ""No""]","[""0.006"", ""0.994""]",234.2935,1,27.2,28.1,27.1,0.566
1788224338.8,Highest temperature in Los Angeles on September 1?,Los Angeles,2026-09-01,3999739,highest-temperature-in-los-angeles-on-september-1-2026-84forhigher,Will the highest temperature in Los Angeles be 84°F or higher on September 1?,"[""Yes"", ""No""]","[""0.0055"", ""0.9945""]",413.471,1,27.2,28.1,27.1,0.566
1788224338.8,Highest temperature in San Francisco on September 1?,San Francisco,2026-09-01,3999740,highest-temperature-in-san-francisco-on-september-1-2026-59forbelow,Will the highest temperature in San Francisco be 59°F or below on September 1?,"[""Yes"", ""No""]","[""0.0005"", ""0.9995""]",433.66599999999994,1,19.2,18.8,18.9,0.615
1788224338.8,Highest temperature in San Francisco on September 1?,San Francisco,2026-09-01,3999741,highest-temperature-in-san-francisco-on-september-1-2026-60-61f,Will the highest temperature in San Francisco be between 60-61°F on September 1?,"[""Yes"", ""No""]","[""0.011"", ""0.989""]",547.7367199999999,1,19.2,18.8,18.9,0.615
1788224338.8,Highest temperature in San Francisco on September 1?,San Francisco,2026-09-01,3999742,highest-temperature-in-san-francisco-on-september-1-2026-62-63f,Will the highest temperature in San Francisco be between 62-63°F on September 1?,"[""Yes"", ""No""]","[""0.0115"", ""0.9885""]",336.93065,1,19.2,18.8,18.9,0.615
1788224338.8,Highest temperature in San Francisco on September 1?,San Francisco,2026-09-01,3999743,highest-temperature-in-san-francisco-on-september-1-2026-64-65f,Will the highest temperature in San Francisco be between 64-65°F on September 1?,"[""Yes"", ""No""]","[""0.06"", ""0.94""]",692.0838079999999,1,19.2,18.8,18.9,0.615
1788224338.8,Highest temperature in San Francisco on September 1?,San Francisco,2026-09-01,3999744,highest-temperature-in-san-francisco-on-september-1-2026-66-67f,Will the highest temperature in San Francisco be between 66-67°F on September 1?,"[""Yes"", ""No""]","[""0.115"", ""0.885""]",686.288669,1,19.2,18.8,18.9,0.615
1788224338.8,Highest temperature in San Francisco on September 1?,San Francisco,2026-09-01,3999745,highest-temperature-in-san-francisco-on-september-1-2026-68-69f,Will the highest temperature in San Francisco be between 68-69°F on September 1?,"[""Yes"", ""No""]","[""0.49"", ""0.51""]",1350.908822,1,19.2,18.8,18.9,0.615
1788224338.8,Highest temperature in San Francisco on September 1?,San Francisco,2026-09-01,3999746,highest-temperature-in-san-francisco-on-september-1-2026-70-71f,Will the highest temperature in San Francisco be between 70-71°F on September 1?,"[""Yes"", ""No""]","[""0.28"", ""0.72""]",1122.369508,1,19.2,18.8,18.9,0.615
1788224338.8,Highest temperature in San Francisco on September 1?,San Francisco,2026-09-01,3999747,highest-temperature-in-san-francisco-on-september-1-2026-72-73f,Will the highest temperature in San Francisco be between 72-73°F on September 1?,"[""Yes"", ""No""]","[""0.055"", ""0.945""]",1077.687123,1,19.2,18.8,18.9,0.615
1788224338.8,Highest temperature in San Francisco on September 1?,San Francisco,2026-09-01,3999748,highest-temperature-in-san-francisco-on-september-1-2026-74-75f,Will the highest temperature in San Francisco be between 74-75°F on September 1?,"[""Yes"", ""No""]","[""0.0155"", ""0.9845""]",1558.9140229999998,1,19.2,18.8,18.9,0.615
1788224338.8,Highest temperature in San Francisco on September 1?,San Francisco,2026-09-01,3999749,highest-temperature-in-san-francisco-on-september-1-2026-76-77f,Will the highest temperature in San Francisco be between 76-77°F on September 1?,"[""Yes"", ""No""]","[""0.006"", ""0.994""]",465.0026,1,19.2,18.8,18.9,0.615
1788224338.8,Highest temperature in San Francisco on September 1?,San Francisco,2026-09-01,3999750,highest-temperature-in-san-francisco-on-september-1-2026-78forhigher,Will the highest temperature in San Francisco be 78°F or higher on September 1?,"[""Yes"", ""No""]","[""0.0025"", ""0.9975""]",220.549665,1,19.2,18.8,18.9,0.615
1788224338.8,Highest temperature in Sao Paulo on September 1?,Sao Paulo,2026-09-01,4001275,highest-temperature-in-sao-paulo-on-september-1-2026-20corbelow,Will the highest temperature in Sao Paulo be 20°C or below on September 1?,"[""Yes"", ""No""]","[""0.064"", ""0.936""]",1418.094951,1,23.3,20.7,23.5,1.438
1788224338.8,Highest temperature in Sao Paulo on September 1?,Sao Paulo,2026-09-01,4001276,highest-temperature-in-sao-paulo-on-september-1-2026-21c,Will the highest temperature in Sao Paulo be 21°C on September 1?,"[""Yes"", ""No""]","[""0.135"", ""0.865""]",662.1093529999999,1,23.3,20.7,23.5,1.438
1788224338.8,Highest temperature in Sao Paulo on September 1?,Sao Paulo,2026-09-01,4001277,highest-temperature-in-sao-paulo-on-september-1-2026-22c,Will the highest temperature in Sao Paulo be 22°C on September 1?,"[""Yes"", ""No""]","[""0.255"", ""0.745""]",1336.590345,1,23.3,20.7,23.5,1.438
1788224338.8,Highest temperature in Sao Paulo on September 1?,Sao Paulo,2026-09-01,4001278,highest-temperature-in-sao-paulo-on-september-1-2026-23c,Will the highest temperature in Sao Paulo be 23°C on September 1?,"[""Yes"", ""No""]","[""0.245"", ""0.755""]",1280.1974810000002,1,23.3,20.7,23.5,1.438
1788224338.8,Highest temperature in Sao Paulo on September 1?,Sao Paulo,2026-09-01,4001279,highest-temperature-in-sao-paulo-on-september-1-2026-24c,Will the highest temperature in Sao Paulo be 24°C on September 1?,"[""Yes"", ""No""]","[""0.185"", ""0.815""]",1693.685988,1,23.3,20.7,23.5,1.438
1788224338.8,Highest temperature in Sao Paulo on September 1?,Sao Paulo,2026-09-01,4001280,highest-temperature-in-sao-paulo-on-september-1-2026-25c,Will the highest temperature in Sao Paulo be 25°C on September 1?,"[""Yes"", ""No""]","[""0.09"", ""0.91""]",1413.4620280000001,1,23.3,20.7,23.5,1.438
1788224338.8,Highest temperature in Sao Paulo on September 1?,Sao Paulo,2026-09-01,4001281,highest-temperature-in-sao-paulo-on-september-1-2026-26c,Will the highest temperature in Sao Paulo be 26°C on September 1?,"[""Yes"", ""No""]","[""0.035"", ""0.965""]",1170.043041,1,23.3,20.7,23.5,1.438
1788224338.8,Highest temperature in Sao Paulo on September 1?,Sao Paulo,2026-09-01,4001282,highest-temperature-in-sao-paulo-on-september-1-2026-27c,Will the highest temperature in Sao Paulo be 27°C on September 1?,"[""Yes"", ""No""]","[""0.01"", ""0.99""]",733.209151,1,23.3,20.7,23.5,1.438
1788224338.8,Highest temperature in Sao Paulo on September 1?,Sao Paulo,2026-09-01,4001283,highest-temperature-in-sao-paulo-on-september-1-2026-28c,Will the highest temperature in Sao Paulo be 28°C on September 1?,"[""Yes"", ""No""]","[""0.0015"", ""0.9985""]",691.8766430000001,1,23.3,20.7,23.5,1.438
1788224338.8,Highest temperature in Sao Paulo on September 1?,Sao Paulo,2026-09-01,4001284,highest-temperature-in-sao-paulo-on-september-1-2026-29c,Will the highest temperature in Sao Paulo be 29°C on September 1?,"[""Yes"", ""No""]","[""0.0025"", ""0.9975""]",1288.979,1,23.3,20.7,23.5,1.438
1788224338.8,Highest temperature in Sao Paulo on September 1?,Sao Paulo,2026-09-01,4001285,highest-temperature-in-sao-paulo-on-september-1-2026-30corhigher,Will the highest temperature in Sao Paulo be 30°C or higher on September 1?,"[""Yes"", ""No""]","[""0.0005"", ""0.9995""]",1403.989633,1,23.3,20.7,23.5,1.438
1788224338.8,Highest temperature in Buenos Aires on September 1?,Buenos Aires,2026-09-01,4001286,highest-temperature-in-buenos-aires-on-september-1-2026-15corbelow,Will the highest temperature in Buenos Aires be 15°C or below on September 1?,"[""Yes"", ""No""]","[""0.0025"", ""0.9975""]",198.928,1,17.7,16.2,19.3,0.72
1788224338.8,Highest temperature in Buenos Aires on September 1?,Buenos Aires,2026-09-01,4001287,highest-temperature-in-buenos-aires-on-september-1-2026-16c,Will the highest temperature in Buenos Aires be 16°C on September 1?,"[""Yes"", ""No""]","[""0.006"", ""0.994""]",162.294,1,17.7,16.2,19.3,0.72
1788224338.8,Highest temperature in Buenos Aires on September 1?,Buenos Aires,2026-09-01,4001288,highest-temperature-in-buenos-aires-on-september-1-2026-17c,Will the highest temperature in Buenos Aires be 17°C on September 1?,"[""Yes"", ""No""]","[""0.008"", ""0.992""]",183.09615,1,17.7,16.2,19.3,0.72
1788224338.8,Highest temperature in Buenos Aires on September 1?,Buenos Aires,2026-09-01,4001289,highest-temperature-in-buenos-aires-on-september-1-2026-18c,Will the highest temperature in Buenos Aires be 18°C on September 1?,"[""Yes"", ""No""]","[""0.025"", ""0.975""]",537.428892,1,17.7,16.2,19.3,0.72
1788224338.8,Highest temperature in Buenos Aires on September 1?,Buenos Aires,2026-09-01,4001290,highest-temperature-in-buenos-aires-on-september-1-2026-19c,Will the highest temperature in Buenos Aires be 19°C on September 1?,"[""Yes"", ""No""]","[""0.17"", ""0.83""]",775.3059740000001,1,17.7,16.2,19.3,0.72
1788224338.8,Highest temperature in Buenos Aires on September 1?,Buenos Aires,2026-09-01,4001291,highest-temperature-in-buenos-aires-on-september-1-2026-20c,Will the highest temperature in Buenos Aires be 20°C on September 1?,"[""Yes"", ""No""]","[""0.425"", ""0.575""]",2267.8644480000003,1,17.7,16.2,19.3,0.72
1788224338.8,Highest temperature in Buenos Aires on September 1?,Buenos Aires,2026-09-01,4001292,highest-temperature-in-buenos-aires-on-september-1-2026-21c,Will the highest temperature in Buenos Aires be 21°C on September 1?,"[""Yes"", ""No""]","[""0.36"", ""0.64""]",1022.7380240000002,1,17.7,16.2,19.3,0.72
1788224338.8,Highest temperature in Buenos Aires on September 1?,Buenos Aires,2026-09-01,4001293,highest-temperature-in-buenos-aires-on-september-1-2026-22c,Will the highest temperature in Buenos Aires be 22°C on September 1?,"[""Yes"", ""No""]","[""0.055"", ""0.945""]",431.748027,1,17.7,16.2,19.3,0.72
1788224338.8,Highest temperature in Buenos Aires on September 1?,Buenos Aires,2026-09-01,4001294,highest-temperature-in-buenos-aires-on-september-1-2026-23c,Will the highest temperature in Buenos Aires be 23°C on September 1?,"[""Yes"", ""No""]","[""0.025"", ""0.975""]",125.8659,1,17.7,16.2,19.3,0.72
1788224338.8,Highest temperature in Buenos Aires on September 1?,Buenos Aires,2026-09-01,4001295,highest-temperature-in-buenos-aires-on-september-1-2026-24c,Will the highest temperature in Buenos Aires be 24°C on September 1?,"[""Yes"", ""No""]","[""0.003"", ""0.997""]",141.16,1,17.7,16.2,19.3,0.72
1788224338.8,Highest temperature in Buenos Aires on September 1?,Buenos Aires,2026-09-01,4001296,highest-temperature-in-buenos-aires-on-september-1-2026-25corhigher,Will the highest temperature in Buenos Aires be 25°C or higher on September 1?,"[""Yes"", ""No""]","[""0.0015"", ""0.9985""]",398.983,1,17.7,16.2,19.3,0.72
1788224338.8,Highest temperature in Toronto on September 1?,Toronto,2026-09-01,4001297,highest-temperature-in-toronto-on-september-1-2026-22corbelow,Will the highest temperature in Toronto be 22°C or below on September 1?,"[""Yes"", ""No""]","[""0.0005"", ""0.9995""]",358.971,1,26.9,29.8,29.3,1.714
1788224338.8,Highest temperature in Toronto on September 1?,Toronto,2026-09-01,4001298,highest-temperature-in-toronto-on-september-1-2026-23c,Will the highest temperature in Toronto be 23°C on September 1?,"[""Yes"", ""No""]","[""0.0005"", ""0.9995""]",571.7398000000001,1,26.9,29.8,29.3,1.714
1788224338.8,Highest temperature in Toronto on September 1?,Toronto,2026-09-01,4001299,highest-temperature-in-toronto-on-september-1-2026-24c,Will the highest temperature in Toronto be 24°C on September 1?,"[""Yes"", ""No""]","[""0.0005"", ""0.9995""]",204.067,1,26.9,29.8,29.3,1.714
1788224338.8,Highest temperature in Toronto on September 1?,Toronto,2026-09-01,4001300,highest-temperature-in-toronto-on-september-1-2026-25c,Will the highest temperature in Toronto be 25°C on September 1?,"[""Yes"", ""No""]","[""0.015"", ""0.985""]",457.581021,1,26.9,29.8,29.3,1.714
1788224338.8,Highest temperature in Toronto on September 1?,Toronto,2026-09-01,4001301,highest-temperature-in-toronto-on-september-1-2026-26c,Will the highest temperature in Toronto be 26°C on September 1?,"[""Yes"", ""No""]","[""0.03"", ""0.97""]",653.943335,1,26.9,29.8,29.3,1.714
1788224338.8,Highest temperature in Toronto on September 1?,Toronto,2026-09-01,4001302,highest-temperature-in-toronto-on-september-1-2026-27c,Will the highest temperature in Toronto be 27°C on September 1?,"[""Yes"", ""No""]","[""0.155"", ""0.845""]",1646.0291889999999,1,26.9,29.8,29.3,1.714
1788224338.8,Highest temperature in Toronto on September 1?,Toronto,2026-09-01,4001303,highest-temperature-in-toronto-on-september-1-2026-28c,Will the highest temperature in Toronto be 28°C on September 1?,"[""Yes"", ""No""]","[""0.205"", ""0.795""]",989.1658059999999,1,26.9,29.8,29.3,1.714
1788224338.8,Highest temperature in Toronto on September 1?,Toronto,2026-09-01,4001304,highest-temperature-in-toronto-on-september-1-2026-29c,Will the highest temperature in Toronto be 29°C on September 1?,"[""Yes"", ""No""]","[""0.305"", ""0.695""]",1152.2199819999998,1,26.9,29.8,29.3,1.714
1788224338.8,Highest temperature in Toronto on September 1?,Toronto,2026-09-01,4001305,highest-temperature-in-toronto-on-september-1-2026-30c,Will the highest temperature in Toronto be 30°C on September 1?,"[""Yes"", ""No""]","[""0.29"", ""0.71""]",2668.341033,1,26.9,29.8,29.3,1.714
1788224338.8,Highest temperature in Toronto on September 1?,Toronto,2026-09-01,4001306,highest-temperature-in-toronto-on-september-1-2026-31c,Will the highest temperature in Toronto be 31°C on September 1?,"[""Yes"", ""No""]","[""0.05"", ""0.95""]",782.496269,1,26.9,29.8,29.3,1.714
1788224338.8,Highest temperature in Toronto on September 1?,Toronto,2026-09-01,4001307,highest-temperature-in-toronto-on-september-1-2026-32corhigher,Will the highest temperature in Toronto be 32°C or higher on September 1?,"[""Yes"", ""No""]","[""0.02"", ""0.98""]",355.31165300000004,1,26.9,29.8,29.3,1.714
1788224338.8,Highest temperature in Mexico City on September 1?,Mexico City,2026-09-01,4001308,highest-temperature-in-mexico-city-on-september-1-2026-16corbelow,Will the highest temperature in Mexico City be 16°C or below on September 1?,"[""Yes"", ""No""]","[""0.0005"", ""0.9995""]",568.995,1,24.3,22.4,24.6,1.417
1788224338.8,Highest temperature in Mexico City on September 1?,Mexico City,2026-09-01,4001309,highest-temperature-in-mexico-city-on-september-1-2026-17c,Will the highest temperature in Mexico City be 17°C on September 1?,"[""Yes"", ""No""]","[""0.0005"", ""0.9995""]",444.081,1,24.3,22.4,24.6,1.417
1788224338.8,Highest temperature in Mexico City on September 1?,Mexico City,2026-09-01,4001310,highest-temperature-in-mexico-city-on-september-1-2026-18c,Will the highest temperature in Mexico City be 18°C on September 1?,"[""Yes"", ""No""]","[""0.0005"", ""0.9995""]",645.757089,1,24.3,22.4,24.6,1.417
1788224338.8,Highest temperature in Mexico City on September 1?,Mexico City,2026-09-01,4001311,highest-temperature-in-mexico-city-on-september-1-2026-19c,Will the highest temperature in Mexico City be 19°C on September 1?,"[""Yes"", ""No""]","[""0.0025"", ""0.9975""]",208.42380000000003,1,24.3,22.4,24.6,1.417
1788224338.8,Highest temperature in Mexico City on September 1?,Mexico City,2026-09-01,4001312,highest-temperature-in-mexico-city-on-september-1-2026-20c,Will the highest temperature in Mexico City be 20°C on September 1?,"[""Yes"", ""No""]","[""0.0105"", ""0.9895""]",177.2606,1,24.3,22.4,24.6,1.417
1788224338.8,Highest temperature in Mexico City on September 1?,Mexico City,2026-09-01,4001313,highest-temperature-in-mexico-city-on-september-1-2026-21c,Will the highest temperature in Mexico City be 21°C on September 1?,"[""Yes"", ""No""]","[""0.02"", ""0.98""]",136.40065,1,24.3,22.4,24.6,1.417
1788224338.8,Highest temperature in Mexico City on September 1?,Mexico City,2026-09-01,4001314,highest-temperature-in-mexico-city-on-september-1-2026-22c,Will the highest temperature in Mexico City be 22°C on September 1?,"[""Yes"", ""No""]","[""0.05"", ""0.95""]",305.326833,1,24.3,22.4,24.6,1.417
1788224338.8,Highest temperature in Mexico City on September 1?,Mexico City,2026-09-01,4001315,highest-temperature-in-mexico-city-on-september-1-2026-23c,Will the highest temperature in Mexico City be 23°C on September 1?,"[""Yes"", ""No""]","[""0.15"", ""0.85""]",387.84525900000006,1,24.3,22.4,24.6,1.417
1788224338.8,Highest temperature in Mexico City on September 1?,Mexico City,2026-09-01,4001316,highest-temperature-in-mexico-city-on-september-1-2026-24c,Will the highest temperature in Mexico City be 24°C on September 1?,"[""Yes"", ""No""]","[""0.505"", ""0.495""]",1304.879321,1,24.3,22.4,24.6,1.417
1788224338.8,Highest temperature in Mexico City on September 1?,Mexico City,2026-09-01,4001317,highest-temperature-in-mexico-city-on-september-1-2026-25c,Will the highest temperature in Mexico City be 25°C on September 1?,"[""Yes"", ""No""]","[""0.27"", ""0.73""]",562.971582,1,24.3,22.4,24.6,1.417
1788224338.8,Highest temperature in Mexico City on September 1?,Mexico City,2026-09-01,4001318,highest-temperature-in-mexico-city-on-september-1-2026-26corhigher,Will the highest temperature in Mexico City be 26°C or higher on September 1?,"[""Yes"", ""No""]","[""0.065"", ""0.935""]",318.322533,1,24.3,22.4,24.6,1.417
1788224338.8,Highest temperature in Jinan on September 1?,Jinan,2026-09-01,4018211,highest-temperature-in-jinan-on-september-1-2026-16corbelow,Will the highest temperature in Jinan be 16°C or below on September 1?,"[""Yes"", ""No""]","[""0.0005"", ""0.9995""]",415,1,31.5,29.5,29.6,0.734
1788224338.8,Highest temperature in Jinan on September 1?,Jinan,2026-09-01,4018212,highest-temperature-in-jinan-on-september-1-2026-17c,Will the highest temperature in Jinan be 17°C on September 1?,"[""Yes"", ""No""]","[""0.0005"", ""0.9995""]",430,1,31.5,29.5,29.6,0.734
1788224338.8,Highest temperature in Jinan on September 1?,Jinan,2026-09-01,4018213,highest-temperature-in-jinan-on-september-1-2026-18c,Will the highest temperature in Jinan be 18°C on September 1?,"[""Yes"", ""No""]","[""0.0005"", ""0.9995""]",410,1,31.5,29.5,29.6,0.734
1788224338.8,Highest temperature in Jinan on September 1?,Jinan,2026-09-01,4018214,highest-temperature-in-jinan-on-september-1-2026-19c,Will the highest temperature in Jinan be 19°C on September 1?,"[""Yes"", ""No""]","[""0.0005"", ""0.9995""]",430,1,31.5,29.5,29.6,0.734
1788224338.8,Highest temperature in Jinan on September 1?,Jinan,2026-09-01,4018215,highest-temperature-in-jinan-on-september-1-2026-20c,Will the highest temperature in Jinan be 20°C on September 1?,"[""Yes"", ""No""]","[""0.0005"", ""0.9995""]",330,1,31.5,29.5,29.6,0.734
1788224338.8,Highest temperature in Jinan on September 1?,Jinan,2026-09-01,4018216,highest-temperature-in-jinan-on-september-1-2026-21c,Will the highest temperature in Jinan be 21°C on September 1?,"[""Yes"", ""No""]","[""0.0005"", ""0.9995""]",309.99,1,31.5,29.5,29.6,0.734
1788224338.8,Highest temperature in Jinan on September 1?,Jinan,2026-09-01,4018217,highest-temperature-in-jinan-on-september-1-2026-22c,Will the highest temperature in Jinan be 22°C on September 1?,"[""Yes"", ""No""]","[""0.0055"", ""0.9945""]",100.56899999999999,1,31.5,29.5,29.6,0.734
1788224338.8,Highest temperature in Jinan on September 1?,Jinan,2026-09-01,4018218,highest-temperature-in-jinan-on-september-1-2026-23c,Will the highest temperature in Jinan be 23°C on September 1?,"[""Yes"", ""No""]","[""0.0055"", ""0.9945""]",150.85,1,31.5,29.5,29.6,0.734
1788224338.8,Highest temperature in Jinan on September 1?,Jinan,2026-09-01,4018219,highest-temperature-in-jinan-on-september-1-2026-24c,Will the highest temperature in Jinan be 24°C on September 1?,"[""Yes"", ""No""]","[""0.0205"", ""0.9795""]",161.30090299999998,1,31.5,29.5,29.6,0.734
1788224338.8,Highest temperature in Jinan on September 1?,Jinan,2026-09-01,4018220,highest-temperature-in-jinan-on-september-1-2026-25c,Will the highest temperature in Jinan be 25°C on September 1?,"[""Yes"", ""No""]","[""0.135"", ""0.865""]",102.97185,1,31.5,29.5,29.6,0.734
1788224338.8,Highest temperature in Jinan on September 1?,Jinan,2026-09-01,4018221,highest-temperature-in-jinan-on-september-1-2026-26corhigher,Will the highest temperature in Jinan be 26°C or higher on September 1?,"[""Yes"", ""No""]","[""0.905"", ""0.095""]",358.7433,1,31.5,29.5,29.6,0.734
1788224338.8,Highest temperature in Zhengzhou on September 1?,Zhengzhou,2026-09-01,4018222,highest-temperature-in-zhengzhou-on-september-1-2026-22corbelow,Will the highest temperature in Zhengzhou be 22°C or below on September 1?,"[""Yes"", ""No""]","[""0.0005"", ""0.9995""]",315,1,31.2,29.9,31.0,0.714
1788224338.8,Highest temperature in Zhengzhou on September 1?,Zhengzhou,2026-09-01,4018223,highest-temperature-in-zhengzhou-on-september-1-2026-23c,Will the highest temperature in Zhengzhou be 23°C on September 1?,"[""Yes"", ""No""]","[""0.0005"", ""0.9995""]",339.97,1,31.2,29.9,31.0,0.714
1788224338.8,Highest temperature in Zhengzhou on September 1?,Zhengzhou,2026-09-01,4018224,highest-temperature-in-zhengzhou-on-september-1-2026-24c,Will the highest temperature in Zhengzhou be 24°C on September 1?,"[""Yes"", ""No""]","[""0.0005"", ""0.9995""]",319.97,1,31.2,29.9,31.0,0.714
1788224338.8,Highest temperature in Zhengzhou on September 1?,Zhengzhou,2026-09-01,4018225,highest-temperature-in-zhengzhou-on-september-1-2026-25c,Will the highest temperature in Zhengzhou be 25°C on September 1?,"[""Yes"", ""No""]","[""0.0005"", ""0.9995""]",344.97,1,31.2,29.9,31.0,0.714
1788224338.8,Highest temperature in Zhengzhou on September 1?,Zhengzhou,2026-09-01,4018226,highest-temperature-in-zhengzhou-on-september-1-2026-26c,Will the highest temperature in Zhengzhou be 26°C on September 1?,"[""Yes"", ""No""]","[""0.0055"", ""0.9945""]",25.02,1,31.2,29.9,31.0,0.714
1788224338.8,Highest temperature in Zhengzhou on September 1?,Zhengzhou,2026-09-01,4018227,highest-temperature-in-zhengzhou-on-september-1-2026-27c,Will the highest temperature in Zhengzhou be 27°C on September 1?,"[""Yes"", ""No""]","[""0.005"", ""0.995""]",57.61,1,31.2,29.9,31.0,0.714
1788224338.8,Highest temperature in Zhengzhou on September 1?,Zhengzhou,2026-09-01,4018228,highest-temperature-in-zhengzhou-on-september-1-2026-28c,Will the highest temperature in Zhengzhou be 28°C on September 1?,"[""Yes"", ""No""]","[""0.17"", ""0.83""]",372.399693,1,31.2,29.9,31.0,0.714
1788224338.8,Highest temperature in Zhengzhou on September 1?,Zhengzhou,2026-09-01,4018229,highest-temperature-in-zhengzhou-on-september-1-2026-29c,Will the highest temperature in Zhengzhou be 29°C on September 1?,"[""Yes"", ""No""]","[""0.095"", ""0.905""]",35.653176,1,31.2,29.9,31.0,0.714
1788224338.8,Highest temperature in Zhengzhou on September 1?,Zhengzhou,2026-09-01,4018230,highest-temperature-in-zhengzhou-on-september-1-2026-30c,Will the highest temperature in Zhengzhou be 30°C on September 1?,"[""Yes"", ""No""]","[""0.49"", ""0.51""]",20,1,31.2,29.9,31.0,0.714
1788224338.8,Highest temperature in Zhengzhou on September 1?,Zhengzhou,2026-09-01,4018231,highest-temperature-in-zhengzhou-on-september-1-2026-31c,Will the highest temperature in Zhengzhou be 31°C on September 1?,"[""Yes"", ""No""]","[""0.305"", ""0.695""]",18.026187999999998,1,31.2,29.9,31.0,0.714
1788224338.8,Highest temperature in Zhengzhou on September 1?,Zhengzhou,2026-09-01,4018232,highest-temperature-in-zhengzhou-on-september-1-2026-32corhigher,Will the highest temperature in Zhengzhou be 32°C or higher on September 1?,"[""Yes"", ""No""]","[""0.21"", ""0.79""]",43.233428,1,31.2,29.9,31.0,0.714
1788224338.8,Highest temperature in London on September 2?,London,2026-09-02,4018233,highest-temperature-in-london-on-september-2-2026-17corbelow,Will the highest temperature in London be 17°C or below on September 2?,"[""Yes"", ""No""]","[""0.0025"", ""0.9975""]",1257.6353419999998,1,21.9,20.1,20.7,1.271
1788224338.8,Highest temperature in London on September 2?,London,2026-09-02,4018234,highest-temperature-in-london-on-september-2-2026-18c,Will the highest temperature in London be 18°C on September 2?,"[""Yes"", ""No""]","[""0.0025"", ""0.9975""]",413.58812400000005,1,21.9,20.1,20.7,1.271
1788224338.8,Highest temperature in London on September 2?,London,2026-09-02,4018235,highest-temperature-in-london-on-september-2-2026-19c,Will the highest temperature in London be 19°C on September 2?,"[""Yes"", ""No""]","[""0.03"", ""0.97""]",85.2202,1,21.9,20.1,20.7,1.271
1788224338.8,Highest temperature in London on September 2?,London,2026-09-02,4018236,highest-temperature-in-london-on-september-2-2026-20c,Will the highest temperature in London be 20°C on September 2?,"[""Yes"", ""No""]","[""0.14"", ""0.86""]",509.36442099999994,1,21.9,20.1,20.7,1.271
1788224338.8,Highest temperature in London on September 2?,London,2026-09-02,4018237,highest-temperature-in-london-on-september-2-2026-21c,Will the highest temperature in London be 21°C on September 2?,"[""Yes"", ""No""]","[""0.27"", ""0.73""]",748.9637379999998,1,21.9,20.1,20.7,1.271
1788224338.8,Highest temperature in London on September 2?,London,2026-09-02,4018238,highest-temperature-in-london-on-september-2-2026-22c,Will the highest temperature in London be 22°C on September 2?,"[""Yes"", ""No""]","[""0.335"", ""0.665""]",823.3690239999999,1,21.9,20.1,20.7,1.271
1788224338.8,Highest temperature in London on September 2?,London,2026-09-02,4018239,highest-temperature-in-london-on-september-2-2026-23c,Will the highest temperature in London be 23°C on September 2?,"[""Yes"", ""No""]","[""0.2"", ""0.8""]",856.116481,1,21.9,20.1,20.7,1.271
1788224338.8,Highest temperature in London on September 2?,London,2026-09-02,4018240,highest-temperature-in-london-on-september-2-2026-24c,Will the highest temperature in London be 24°C on September 2?,"[""Yes"", ""No""]","[""0.06"", ""0.94""]",236.187519,1,21.9,20.1,20.7,1.271
1788224338.8,Highest temperature in London on September 2?,London,2026-09-02,4018241,highest-temperature-in-london-on-september-2-2026-25c,Will the highest temperature in London be 25°C on September 2?,"[""Yes"", ""No""]","[""0.0075"", ""0.9925""]",559.609479,1,21.9,20.1,20.7,1.271
1788224338.8,Highest temperature in London on September 2?,London,2026-09-02,4018242,highest-temperature-in-london-on-september-2-2026-26c,Will the highest temperature in London be 26°C on September 2?,"[""Yes"", ""No""]","[""0.0025"", ""0.9975""]",256.256781,1,21.9,20.1,20.7,1.271
1788224338.8,Highest temperature in London on September 2?,London,2026-09-02,4018243,highest-temperature-in-london-on-september-2-2026-27corhigher,Will the highest temperature in London be 27°C or higher on September 2?,"[""Yes"", ""No""]","[""0.002"", ""0.998""]",199.361,1,21.9,20.1,20.7,1.271
1788224338.8,Highest temperature in Paris on September 2?,Paris,2026-09-02,4018244,highest-temperature-in-paris-on-september-2-2026-20corbelow,Will the highest temperature in Paris be 20°C or below on September 2?,"[""Yes"", ""No""]","[""0.0025"", ""0.9975""]",419.5633009999999,1,27.0,24.0,25.4,1.663
1788224338.8,Highest temperature in Paris on September 2?,Paris,2026-09-02,4018245,highest-temperature-in-paris-on-september-2-2026-21c,Will the highest temperature in Paris be 21°C on September 2?,"[""Yes"", ""No""]","[""0.0055"", ""0.9945""]",200.87079999999997,1,27.0,24.0,25.4,1.663
1788224338.8,Highest temperature in Paris on September 2?,Paris,2026-09-02,4018246,highest-temperature-in-paris-on-september-2-2026-22c,Will the highest temperature in Paris be 22°C on September 2?,"[""Yes"", ""No""]","[""0.0055"", ""0.9945""]",388.72125,1,27.0,24.0,25.4,1.663
1788224338.8,Highest temperature in Paris on September 2?,Paris,2026-09-02,4018247,highest-temperature-in-paris-on-september-2-2026-23c,Will the highest temperature in Paris be 23°C on September 2?,"[""Yes"", ""No""]","[""0.015"", ""0.985""]",1242.145723,1,27.0,24.0,25.4,1.663
1788224338.8,Highest temperature in Paris on September 2?,Paris,2026-09-02,4018248,highest-temperature-in-paris-on-september-2-2026-24c,Will the highest temperature in Paris be 24°C on September 2?,"[""Yes"", ""No""]","[""0.21"", ""0.79""]",1197.070697,1,27.0,24.0,25.4,1.663
1788224338.8,Highest temperature in Paris on September 2?,Paris,2026-09-02,4018249,highest-temperature-in-paris-on-september-2-2026-25c,Will the highest temperature in Paris be 25°C on September 2?,"[""Yes"", ""No""]","[""0.41"", ""0.59""]",1388.493986,1,27.0,24.0,25.4,1.663
1788224338.8,Highest temperature in Paris on September 2?,Paris,2026-09-02,4018250,highest-temperature-in-paris-on-september-2-2026-26c,Will the highest temperature in Paris be 26°C on September 2?,"[""Yes"", ""No""]","[""0.175"", ""0.825""]",1404.7405860000001,1,27.0,24.0,25.4,1.663
1788224338.8,Highest temperature in Paris on September 2?,Paris,2026-09-02,4018251,highest-temperature-in-paris-on-september-2-2026-27c,Will the highest temperature in Paris be 27°C on September 2?,"[""Yes"", ""No""]","[""0.095"", ""0.905""]",1119.1051759999998,1,27.0,24.0,25.4,1.663
1788224338.8,Highest temperature in Paris on September 2?,Paris,2026-09-02,4018252,highest-temperature-in-paris-on-september-2-2026-28c,Will the highest temperature in Paris be 28°C on September 2?,"[""Yes"", ""No""]","[""0.006"", ""0.994""]",113.297866,1,27.0,24.0,25.4,1.663
1788224338.8,Highest temperature in Paris on September 2?,Paris,2026-09-02,4018253,highest-temperature-in-paris-on-september-2-2026-29c,Will the highest temperature in Paris be 29°C on September 2?,"[""Yes"", ""No""]","[""0.001"", ""0.999""]",931.108,1,27.0,24.0,25.4,1.663
1788224338.8,Highest temperature in Paris on September 2?,Paris,2026-09-02,4018254,highest-temperature-in-paris-on-september-2-2026-30corhigher,Will the highest temperature in Paris be 30°C or higher on September 2?,"[""Yes"", ""No""]","[""0.001"", ""0.999""]",1191.388,1,27.0,24.0,25.4,1.663
1788224338.8,Highest temperature in Seoul (Incheon) on September 2?,Seoul (Incheon),2026-09-02,4018255,highest-temperature-in-seoul-on-september-2-2026-22corbelow,Will the highest temperature in Seoul (Incheon) be 22°C or below on September 2?,"[""Yes"", ""No""]","[""0.0155"", ""0.9845""]",297.001,1,,,,
1788224338.8,Highest temperature in Seoul (Incheon) on September 2?,Seoul (Incheon),2026-09-02,4018256,highest-temperature-in-seoul-on-september-2-2026-23c,Will the highest temperature in Seoul (Incheon) be 23°C on September 2?,"[""Yes"", ""No""]","[""0.0025"", ""0.9975""]",351.998,1,,,,
1788224338.8,Highest temperature in Seoul (Incheon) on September 2?,Seoul (Incheon),2026-09-02,4018257,highest-temperature-in-seoul-on-september-2-2026-24c,Will the highest temperature in Seoul (Incheon) be 24°C on September 2?,"[""Yes"", ""No""]","[""0.0025"", ""0.9975""]",195.994,1,,,,
1788224338.8,Highest temperature in Seoul (Incheon) on September 2?,Seoul (Incheon),2026-09-02,4018258,highest-temperature-in-seoul-on-september-2-2026-25c,Will the highest temperature in Seoul (Incheon) be 25°C on September 2?,"[""Yes"", ""No""]","[""0.017"", ""0.983""]",343.983,1,,,,
1788224338.8,Highest temperature in Seoul (Incheon) on September 2?,Seoul (Incheon),2026-09-02,4018259,highest-temperature-in-seoul-on-september-2-2026-26c,Will the highest temperature in Seoul (Incheon) be 26°C on September 2?,"[""Yes"", ""No""]","[""0.095"", ""0.905""]",108.989666,1,,,,
1788224338.8,Highest temperature in Seoul (Incheon) on September 2?,Seoul (Incheon),2026-09-02,4018260,highest-temperature-in-seoul-on-september-2-2026-27c,Will the highest temperature in Seoul (Incheon) be 27°C on September 2?,"[""Yes"", ""No""]","[""0.235"", ""0.765""]",662.3655960000001,1,,,,
1788224338.8,Highest temperature in Seoul (Incheon) on September 2?,Seoul (Incheon),2026-09-02,4018261,highest-temperature-in-seoul-on-september-2-2026-28c,Will the highest temperature in Seoul (Incheon) be 28°C on September 2?,"[""Yes"", ""No""]","[""0.355"", ""0.645""]",425.450104,1,,,,
1788224338.8,Highest temperature in Seoul (Incheon) on September 2?,Seoul (Incheon),2026-09-02,4018262,highest-temperature-in-seoul-on-september-2-2026-29c,Will the highest temperature in Seoul (Incheon) be 29°C on September 2?,"[""Yes"", ""No""]","[""0.265"", ""0.735""]",264.39748999999995,1,,,,
1788224338.8,Highest temperature in Seoul (Incheon) on September 2?,Seoul (Incheon),2026-09-02,4018263,highest-temperature-in-seoul-on-september-2-2026-30c,Will the highest temperature in Seoul (Incheon) be 30°C on September 2?,"[""Yes"", ""No""]","[""0.045"", ""0.955""]",650.6781970000001,1,,,,
1788224338.8,Highest temperature in Seoul (Incheon) on September 2?,Seoul (Incheon),2026-09-02,4018264,highest-temperature-in-seoul-on-september-2-2026-31c,Will the highest temperature in Seoul (Incheon) be 31°C on September 2?,"[""Yes"", ""No""]","[""0.011"", ""0.989""]",172.00855,1,,,,
1788224338.8,Highest temperature in Seoul (Incheon) on September 2?,Seoul (Incheon),2026-09-02,4018265,highest-temperature-in-seoul-on-september-2-2026-32corhigher,Will the highest temperature in Seoul (Incheon) be 32°C or higher on September 2,"[""Yes"", ""No""]","[""0.021"", ""0.979""]",215.50661600000007,1,,,,
1788224338.8,Highest temperature in Ankara on September 2?,Ankara,2026-09-02,4018266,highest-temperature-in-ankara-on-september-2-2026-26corbelow,Will the highest temperature in Ankara be 26°C or below on September 2?,"[""Yes"", ""No""]","[""0.0055"", ""0.9945""]",163.602041,1,31.2,31.5,30.0,0.572
1788224338.8,Highest temperature in Ankara on September 2?,Ankara,2026-09-02,4018267,highest-temperature-in-ankara-on-september-2-2026-27c,Will the highest temperature in Ankara be 27°C on September 2?,"[""Yes"", ""No""]","[""0.01"", ""0.99""]",143.6386,1,31.2,31.5,30.0,0.572
1788224338.8,Highest temperature in Ankara on September 2?,Ankara,2026-09-02,4018268,highest-temperature-in-ankara-on-september-2-2026-28c,Will the highest temperature in Ankara be 28°C on September 2?,"[""Yes"", ""No""]","[""0.03"", ""0.97""]",213.52180699999997,1,31.2,31.5,30.0,0.572
1788224338.8,Highest temperature in Ankara on September 2?,Ankara,2026-09-02,4018269,highest-temperature-in-ankara-on-september-2-2026-29c,Will the highest temperature in Ankara be 29°C on September 2?,"[""Yes"", ""No""]","[""0.08"", ""0.92""]",949.2836770000001,1,31.2,31.5,30.0,0.572
1788224338.8,Highest temperature in Ankara on September 2?,Ankara,2026-09-02,4018270,highest-temperature-in-ankara-on-september-2-2026-30c,Will the highest temperature in Ankara be 30°C on September 2?,"[""Yes"", ""No""]","[""0.475"", ""0.525""]",712.1225860000001,1,31.2,31.5,30.0,0.572
1788224338.8,Highest temperature in Ankara on September 2?,Ankara,2026-09-02,4018271,highest-temperature-in-ankara-on-september-2-2026-31c,Will the highest temperature in Ankara be 31°C on September 2?,"[""Yes"", ""No""]","[""0.415"", ""0.585""]",2779.9235249999997,1,31.2,31.5,30.0,0.572
1788224338.8,Highest temperature in Ankara on September 2?,Ankara,2026-09-02,4018272,highest-temperature-in-ankara-on-september-2-2026-32c,Will the highest temperature in Ankara be 32°C on September 2?,"[""Yes"", ""No""]","[""0.055"", ""0.945""]",236.824144,1,31.2,31.5,30.0,0.572
1788224338.8,Highest temperature in Ankara on September 2?,Ankara,2026-09-02,4018273,highest-temperature-in-ankara-on-september-2-2026-33c,Will the highest temperature in Ankara be 33°C on September 2?,"[""Yes"", ""No""]","[""0.015"", ""0.985""]",160.714733,1,31.2,31.5,30.0,0.572
1788224338.8,Highest temperature in Ankara on September 2?,Ankara,2026-09-02,4018274,highest-temperature-in-ankara-on-september-2-2026-34c,Will the highest temperature in Ankara be 34°C on September 2?,"[""Yes"", ""No""]","[""0.0025"", ""0.9975""]",132.566,1,31.2,31.5,30.0,0.572
1788224338.8,Highest temperature in Ankara on September 2?,Ankara,2026-09-02,4018275,highest-temperature-in-ankara-on-september-2-2026-35c,Will the highest temperature in Ankara be 35°C on September 2?,"[""Yes"", ""No""]","[""0.002"", ""0.998""]",182.30954499999999,1,31.2,31.5,30.0,0.572
1788224338.8,Highest temperature in Ankara on September 2?,Ankara,2026-09-02,4018276,highest-temperature-in-ankara-on-september-2-2026-36corhigher,Will the highest temperature in Ankara be 36°C or higher on September 2?,"[""Yes"", ""No""]","[""0.002"", ""0.998""]",343.186,1,31.2,31.5,30.0,0.572
1788224338.8,Highest temperature in Wellington on September 2?,Wellington,2026-09-02,4018277,highest-temperature-in-wellington-on-september-2-2026-10corbelow,Will the highest temperature in Wellington be 10°C or below on September 2?,"[""Yes"", ""No""]","[""0.002"", ""0.998""]",294.99,1,14.1,14.4,15.5,0.174
1788224338.8,Highest temperature in Wellington on September 2?,Wellington,2026-09-02,4018278,highest-temperature-in-wellington-on-september-2-2026-11c,Will the highest temperature in Wellington be 11°C on September 2?,"[""Yes"", ""No""]","[""0.003"", ""0.997""]",312.9720000000001,1,14.1,14.4,15.5,0.174
1788224338.8,Highest temperature in Wellington on September 2?,Wellington,2026-09-02,4018279,highest-temperature-in-wellington-on-september-2-2026-12c,Will the highest temperature in Wellington be 12°C on September 2?,"[""Yes"", ""No""]","[""0.002"", ""0.998""]",396.9222,1,14.1,14.4,15.5,0.174
1788224338.8,Highest temperature in Wellington on September 2?,Wellington,2026-09-02,4018280,highest-temperature-in-wellington-on-september-2-2026-13c,Will the highest temperature in Wellington be 13°C on September 2?,"[""Yes"", ""No""]","[""0.0105"", ""0.9895""]",258.011028,1,14.1,14.4,15.5,0.174
1788224338.8,Highest temperature in Wellington on September 2?,Wellington,2026-09-02,4018281,highest-temperature-in-wellington-on-september-2-2026-14c,Will the highest temperature in Wellington be 14°C on September 2?,"[""Yes"", ""No""]","[""0.02"", ""0.98""]",285.480233,1,14.1,14.4,15.5,0.174
1788224338.8,Highest temperature in Wellington on September 2?,Wellington,2026-09-02,4018282,highest-temperature-in-wellington-on-september-2-2026-15c,Will the highest temperature in Wellington be 15°C on September 2?,"[""Yes"", ""No""]","[""0.19"", ""0.81""]",1852.953393,1,14.1,14.4,15.5,0.174
1788224338.8,Highest temperature in Wellington on September 2?,Wellington,2026-09-02,4018283,highest-temperature-in-wellington-on-september-2-2026-16c,Will the highest temperature in Wellington be 16°C on September 2?,"[""Yes"", ""No""]","[""0.645"", ""0.355""]",576.7656109999999,1,14.1,14.4,15.5,0.174
1788224338.8,Highest temperature in Wellington on September 2?,Wellington,2026-09-02,4018284,highest-temperature-in-wellington-on-september-2-2026-17c,Will the highest temperature in Wellington be 17°C on September 2?,"[""Yes"", ""No""]","[""0.125"", ""0.875""]",311.41378599999996,1,14.1,14.4,15.5,0.174
1788224338.8,Highest temperature in Wellington on September 2?,Wellington,2026-09-02,4018285,highest-temperature-in-wellington-on-september-2-2026-18c,Will the highest temperature in Wellington be 18°C on September 2?,"[""Yes"", ""No""]","[""0.04"", ""0.96""]",110.509398,1,14.1,14.4,15.5,0.174
1788224338.8,Highest temperature in Wellington on September 2?,Wellington,2026-09-02,4018286,highest-temperature-in-wellington-on-september-2-2026-19c,Will the highest temperature in Wellington be 19°C on September 2?,"[""Yes"", ""No""]","[""0.0075"", ""0.9925""]",226.99800000000002,1,14.1,14.4,15.5,0.174
1788224338.8,Highest temperature in Wellington on September 2?,Wellington,2026-09-02,4018287,highest-temperature-in-wellington-on-september-2-2026-20corhigher,Will the highest temperature in Wellington be 20°C or higher on September 2?,"[""Yes"", ""No""]","[""0.0015"", ""0.9985""]",221.992,1,14.1,14.4,15.5,0.174
1788224338.8,Highest temperature in Lucknow on September 2?,Lucknow,2026-09-02,4018288,highest-temperature-in-lucknow-on-september-2-2026-23corbelow,Will the highest temperature in Lucknow be 23°C or below on September 2?,"[""Yes"", ""No""]","[""0.0025"", ""0.9975""]",100.995,1,25.8,29.3,29.4,1.558
1788224338.8,Highest temperature in Lucknow on September 2?,Lucknow,2026-09-02,4018289,highest-temperature-in-lucknow-on-september-2-2026-24c,Will the highest temperature in Lucknow be 24°C on September 2?,"[""Yes"", ""No""]","[""0.0025"", ""0.9975""]",110.991,1,25.8,29.3,29.4,1.558
1788224338.8,Highest temperature in Lucknow on September 2?,Lucknow,2026-09-02,4018290,highest-temperature-in-lucknow-on-september-2-2026-25c,Will the highest temperature in Lucknow be 25°C on September 2?,"[""Yes"", ""No""]","[""0.0025"", ""0.9975""]",190.9848,1,25.8,29.3,29.4,1.558
1788224338.8,Highest temperature in Lucknow on September 2?,Lucknow,2026-09-02,4018291,highest-temperature-in-lucknow-on-september-2-2026-26c,Will the highest temperature in Lucknow be 26°C on September 2?,"[""Yes"", ""No""]","[""0.0585"", ""0.9415""]",99.979561,1,25.8,29.3,29.4,1.558
1788224338.8,Highest temperature in Lucknow on September 2?,Lucknow,2026-09-02,4018292,highest-temperature-in-lucknow-on-september-2-2026-27c,Will the highest temperature in Lucknow be 27°C on September 2?,"[""Yes"", ""No""]","[""0.0725"", ""0.9275""]",48.162359,1,25.8,29.3,29.4,1.558
1788224338.8,Highest temperature in Lucknow on September 2?,Lucknow,2026-09-02,4018293,highest-temperature-in-lucknow-on-september-2-2026-28c,Will the highest temperature in Lucknow be 28°C on September 2?,"[""Yes"", ""No""]","[""0.215"", ""0.785""]",2,1,25.8,29.3,29.4,1.558
1788224338.8,Highest temperature in Lucknow on September 2?,Lucknow,2026-09-02,4018294,highest-temperature-in-lucknow-on-september-2-2026-29c,Will the highest temperature in Lucknow be 29°C on September 2?,"[""Yes"", ""No""]","[""0.33"", ""0.67""]",73.218725,1,25.8,29.3,29.4,1.558
1788224338.8,Highest temperature in Lucknow on September 2?,Lucknow,2026-09-02,4018295,highest-temperature-in-lucknow-on-september-2-2026-30c,Will the highest temperature in Lucknow be 30°C on September 2?,"[""Yes"", ""No""]","[""0.345"", ""0.655""]",27.327765000000003,1,25.8,29.3,29.4,1.558
1788224338.8,Highest temperature in Lucknow on September 2?,Lucknow,2026-09-02,4018296,highest-temperature-in-lucknow-on-september-2-2026-31c,Will the highest temperature in Lucknow be 31°C on September 2?,"[""Yes"", ""No""]","[""0.07"", ""0.93""]",107.05236499999998,1,25.8,29.3,29.4,1.558
1788224338.8,Highest temperature in Lucknow on September 2?,Lucknow,2026-09-02,4018297,highest-temperature-in-lucknow-on-september-2-2026-32c,Will the highest temperature in Lucknow be 32°C on September 2?,"[""Yes"", ""No""]","[""0.07"", ""0.93""]",7,1,25.8,29.3,29.4,1.558
1788224338.8,Highest temperature in Lucknow on September 2?,Lucknow,2026-09-02,4018298,highest-temperature-in-lucknow-on-september-2-2026-33corhigher,Will the highest temperature in Lucknow be 33°C or higher on September 2?,"[""Yes"", ""No""]","[""0.05"", ""0.95""]",77.9979,1,25.8,29.3,29.4,1.558
1788224338.8,Highest temperature in Munich on September 2?,Munich,2026-09-02,4018299,highest-temperature-in-munich-on-september-2-2026-20corbelow,Will the highest temperature in Munich be 20°C or below on September 2?,"[""Yes"", ""No""]","[""0.003"", ""0.997""]",210.9013,1,23.7,23.5,24.0,0.838
1788224338.8,Highest temperature in Munich on September 2?,Munich,2026-09-02,4018300,highest-temperature-in-munich-on-september-2-2026-21c,Will the highest temperature in Munich be 21°C on September 2?,"[""Yes"", ""No""]","[""0.015"", ""0.985""]",66.994039,1,23.7,23.5,24.0,0.838
1788224338.8,Highest temperature in Munich on September 2?,Munich,2026-09-02,4018301,highest-temperature-in-munich-on-september-2-2026-22c,Will the highest temperature in Munich be 22°C on September 2?,"[""Yes"", ""No""]","[""0.015"", ""0.985""]",69.2559,1,23.7,23.5,24.0,0.838
1788224338.8,Highest temperature in Munich on September 2?,Munich,2026-09-02,4018302,highest-temperature-in-munich-on-september-2-2026-23c,Will the highest temperature in Munich be 23°C on September 2?,"[""Yes"", ""No""]","[""0.04"", ""0.96""]",593.8332639999999,1,23.7,23.5,24.0,0.838
1788224338.8,Highest temperature in Munich on September 2?,Munich,2026-09-02,4018303,highest-temperature-in-munich-on-september-2-2026-24c,Will the highest temperature in Munich be 24°C on September 2?,"[""Yes"", ""No""]","[""0.255"", ""0.745""]",1693.121569,1,23.7,23.5,24.0,0.838
1788224338.8,Highest temperature in Munich on September 2?,Munich,2026-09-02,4018304,highest-temperature-in-munich-on-september-2-2026-25c,Will the highest temperature in Munich be 25°C on September 2?,"[""Yes"", ""No""]","[""0.535"", ""0.465""]",499.189802,1,23.7,23.5,24.0,0.838
1788224338.8,Highest temperature in Munich on September 2?,Munich,2026-09-02,4018305,highest-temperature-in-munich-on-september-2-2026-26c,Will the highest temperature in Munich be 26°C on September 2?,"[""Yes"", ""No""]","[""0.17"", ""0.83""]",298.30902199999997,1,23.7,23.5,24.0,0.838
1788224338.8,Highest temperature in Munich on September 2?,Munich,2026-09-02,4018306,highest-temperature-in-munich-on-september-2-2026-27c,Will the highest temperature in Munich be 27°C on September 2?,"[""Yes"", ""No""]","[""0.01"", ""0.99""]",258.94605,1,23.7,23.5,24.0,0.838
1788224338.8,Highest temperature in Munich on September 2?,Munich,2026-09-02,4018307,highest-temperature-in-munich-on-september-2-2026-28c,Will the highest temperature in Munich be 28°C on September 2?,"[""Yes"", ""No""]","[""0.0055"", ""0.9945""]",181.15449999999998,1,23.7,23.5,24.0,0.838
1788224338.8,Highest temperature in Munich on September 2?,Munich,2026-09-02,4018308,highest-temperature-in-munich-on-september-2-2026-29c,Will the highest temperature in Munich be 29°C on September 2?,"[""Yes"", ""No""]","[""0.002"", ""0.998""]",142.595,1,23.7,23.5,24.0,0.838
1788224338.8,Highest temperature in Munich on September 2?,Munich,2026-09-02,4018309,highest-temperature-in-munich-on-september-2-2026-30corhigher,Will the highest temperature in Munich be 30°C or higher on September 2?,"[""Yes"", ""No""]","[""0.0005"", ""0.9995""]",282.80999999999995,1,23.7,23.5,24.0,0.838
1788224338.8,Highest temperature in Tel Aviv on September 2?,Tel Aviv,2026-09-02,4018310,highest-temperature-in-tel-aviv-on-september-2-2026-28corbelow,Will the highest temperature in Tel Aviv be 28°C or below on September 2?,"[""Yes"", ""No""]","[""0.003"", ""0.997""]",155.7455,1,30.8,28.6,31.3,0.211
1788224338.8,Highest temperature in Tel Aviv on September 2?,Tel Aviv,2026-09-02,4018311,highest-temperature-in-tel-aviv-on-september-2-2026-29c,Will the highest temperature in Tel Aviv be 29°C on September 2?,"[""Yes"", ""No""]","[""0.01"", ""0.99""]",267.642575,1,30.8,28.6,31.3,0.211
1788224338.8,Highest temperature in Tel Aviv on September 2?,Tel Aviv,2026-09-02,4018312,highest-temperature-in-tel-aviv-on-september-2-2026-30c,Will the highest temperature in Tel Aviv be 30°C on September 2?,"[""Yes"", ""No""]","[""0.0015"", ""0.9985""]",276.2107,1,30.8,28.6,31.3,0.211
1788224338.8,Highest temperature in Tel Aviv on September 2?,Tel Aviv,2026-09-02,4018313,highest-temperature-in-tel-aviv-on-september-2-2026-31c,Will the highest temperature in Tel Aviv be 31°C on September 2?,"[""Yes"", ""No""]","[""0.02"", ""0.98""]",343.222364,1,30.8,28.6,31.3,0.211
1788224338.8,Highest temperature in Tel Aviv on September 2?,Tel Aviv,2026-09-02,4018314,highest-temperature-in-tel-aviv-on-september-2-2026-32c,Will the highest temperature in Tel Aviv be 32°C on September 2?,"[""Yes"", ""No""]","[""0.215"", ""0.785""]",1024.4791969999999,1,30.8,28.6,31.3,0.211
1788224338.8,Highest temperature in Tel Aviv on September 2?,Tel Aviv,2026-09-02,4018315,highest-temperature-in-tel-aviv-on-september-2-2026-33c,Will the highest temperature in Tel Aviv be 33°C on September 2?,"[""Yes"", ""No""]","[""0.75"", ""0.25""]",4411.197285,1,30.8,28.6,31.3,0.211
1788224338.8,Highest temperature in Tel Aviv on September 2?,Tel Aviv,2026-09-02,4018316,highest-temperature-in-tel-aviv-on-september-2-2026-34c,Will the highest temperature in Tel Aviv be 34°C on September 2?,"[""Yes"", ""No""]","[""0.03"", ""0.97""]",326.817556,1,30.8,28.6,31.3,0.211
1788224338.8,Highest temperature in Tel Aviv on September 2?,Tel Aviv,2026-09-02,4018317,highest-temperature-in-tel-aviv-on-september-2-2026-35c,Will the highest temperature in Tel Aviv be 35°C on September 2?,"[""Yes"", ""No""]","[""0.009"", ""0.991""]",282.56295,1,30.8,28.6,31.3,0.211
1788224338.8,Highest temperature in Tel Aviv on September 2?,Tel Aviv,2026-09-02,4018318,highest-temperature-in-tel-aviv-on-september-2-2026-36c,Will the highest temperature in Tel Aviv be 36°C on September 2?,"[""Yes"", ""No""]","[""0.0055"", ""0.9945""]",241.73799999999997,1,30.8,28.6,31.3,0.211
1788224338.8,Highest temperature in Tel Aviv on September 2?,Tel Aviv,2026-09-02,4018319,highest-temperature-in-tel-aviv-on-september-2-2026-37c,Will the highest temperature in Tel Aviv be 37°C on September 2?,"[""Yes"", ""No""]","[""0.001"", ""0.999""]",249.988,1,30.8,28.6,31.3,0.211
1788224338.8,Highest temperature in Tel Aviv on September 2?,Tel Aviv,2026-09-02,4018320,highest-temperature-in-tel-aviv-on-september-2-2026-38corhigher,Will the highest temperature in Tel Aviv be 38°C or higher on September 2?,"[""Yes"", ""No""]","[""0.0015"", ""0.9985""]",183.73600000000002,1,30.8,28.6,31.3,0.211
1788224338.8,Highest temperature in Tokyo on September 2?,Tokyo,2026-09-02,4018321,highest-temperature-in-tokyo-on-september-2-2026-26corbelow,Will the highest temperature in Tokyo be 26°C or below on September 2?,"[""Yes"", ""No""]","[""0.0045"", ""0.9955""]",1907.2269999999996,1,31.5,30.8,31.4,1.106
1788224338.8,Highest temperature in Tokyo on September 2?,Tokyo,2026-09-02,4018322,highest-temperature-in-tokyo-on-september-2-2026-27c,Will the highest temperature in Tokyo be 27°C on September 2?,"[""Yes"", ""No""]","[""0.01"", ""0.99""]",297.156233,1,31.5,30.8,31.4,1.106
1788224338.8,Highest temperature in Tokyo on September 2?,Tokyo,2026-09-02,4018323,highest-temperature-in-tokyo-on-september-2-2026-28c,Will the highest temperature in Tokyo be 28°C on September 2?,"[""Yes"", ""No""]","[""0.01"", ""0.99""]",129.21815,1,31.5,30.8,31.4,1.106
1788224338.8,Highest temperature in Tokyo on September 2?,Tokyo,2026-09-02,4018324,highest-temperature-in-tokyo-on-september-2-2026-29c,Will the highest temperature in Tokyo be 29°C on September 2?,"[""Yes"", ""No""]","[""0.045"", ""0.955""]",231.810239,1,31.5,30.8,31.4,1.106
1788224338.8,Highest temperature in Tokyo on September 2?,Tokyo,2026-09-02,4018325,highest-temperature-in-tokyo-on-september-2-2026-30c,Will the highest temperature in Tokyo be 30°C on September 2?,"[""Yes"", ""No""]","[""0.15"", ""0.85""]",833.5014160000003,1,31.5,30.8,31.4,1.106
1788224338.8,Highest temperature in Tokyo on September 2?,Tokyo,2026-09-02,4018326,highest-temperature-in-tokyo-on-september-2-2026-31c,Will the highest temperature in Tokyo be 31°C on September 2?,"[""Yes"", ""No""]","[""0.44"", ""0.56""]",689.161987,1,31.5,30.8,31.4,1.106
1788224338.8,Highest temperature in Tokyo on September 2?,Tokyo,2026-09-02,4018327,highest-temperature-in-tokyo-on-september-2-2026-32c,Will the highest temperature in Tokyo be 32°C on September 2?,"[""Yes"", ""No""]","[""0.325"", ""0.675""]",375.5696259999999,1,31.5,30.8,31.4,1.106
1788224338.8,Highest temperature in Tokyo on September 2?,Tokyo,2026-09-02,4018328,highest-temperature-in-tokyo-on-september-2-2026-33c,Will the highest temperature in Tokyo be 33°C on September 2?,"[""Yes"", ""No""]","[""0.065"", ""0.935""]",623.256159,1,31.5,30.8,31.4,1.106
1788224338.8,Highest temperature in Tokyo on September 2?,Tokyo,2026-09-02,4018329,highest-temperature-in-tokyo-on-september-2-2026-34c,Will the highest temperature in Tokyo be 34°C on September 2?,"[""Yes"", ""No""]","[""0.035"", ""0.965""]",336.525765,1,31.5,30.8,31.4,1.106
1788224338.8,Highest temperature in Tokyo on September 2?,Tokyo,2026-09-02,4018330,highest-temperature-in-tokyo-on-september-2-2026-35c,Will the highest temperature in Tokyo be 35°C on September 2?,"[""Yes"", ""No""]","[""0.011"", ""0.989""]",237.864194,1,31.5,30.8,31.4,1.106
1788224338.8,Highest temperature in Tokyo on September 2?,Tokyo,2026-09-02,4018331,highest-temperature-in-tokyo-on-september-2-2026-36corhigher,Will the highest temperature in Tokyo be 36°C or higher on September 2?,"[""Yes"", ""No""]","[""0.0025"", ""0.9975""]",211.02979999999997,1,31.5,30.8,31.4,1.106
1788224338.8,Highest temperature in Hong Kong on September 2?,Hong Kong,2026-09-02,4018332,highest-temperature-in-hong-kong-on-september-2-2026-24corbelow,Will the highest temperature in Hong Kong be 24°C or below on September 2?,"[""Yes"", ""No""]","[""0.0025"", ""0.9975""]",414.99100000000004,1,28.6,29.7,28.1,1.383
1788224338.8,Highest temperature in Hong Kong on September 2?,Hong Kong,2026-09-02,4018333,highest-temperature-in-hong-kong-on-september-2-2026-25c,Will the highest temperature in Hong Kong be 25°C on September 2?,"[""Yes"", ""No""]","[""0.0025"", ""0.9975""]",414.35100000000006,1,28.6,29.7,28.1,1.383
1788224338.8,Highest temperature in Hong Kong on September 2?,Hong Kong,2026-09-02,4018334,highest-temperature-in-hong-kong-on-september-2-2026-26c,Will the highest temperature in Hong Kong be 26°C on September 2?,"[""Yes"", ""No""]","[""0.0025"", ""0.9975""]",233.22099999999998,1,28.6,29.7,28.1,1.383
1788224338.8,Highest temperature in Hong Kong on September 2?,Hong Kong,2026-09-02,4018335,highest-temperature-in-hong-kong-on-september-2-2026-27c,Will the highest temperature in Hong Kong be 27°C on September 2?,"[""Yes"", ""No""]","[""0.003"", ""0.997""]",482.03,1,28.6,29.7,28.1,1.383
1788224338.8,Highest temperature in Hong Kong on September 2?,Hong Kong,2026-09-02,4018336,highest-temperature-in-hong-kong-on-september-2-2026-28c,Will the highest temperature in Hong Kong be 28°C on September 2?,"[""Yes"", ""No""]","[""0.155"", ""0.845""]",511.939125,1,28.6,29.7,28.1,1.383
1788224338.8,Highest temperature in Hong Kong on September 2?,Hong Kong,2026-09-02,4018337,highest-temperature-in-hong-kong-on-september-2-2026-29c,Will the highest temperature in Hong Kong be 29°C on September 2?,"[""Yes"", ""No""]","[""0.32"", ""0.68""]",200.25607599999998,1,28.6,29.7,28.1,1.383
1788224338.8,Highest temperature in Hong Kong on September 2?,Hong Kong,2026-09-02,4018338,highest-temperature-in-hong-kong-on-september-2-2026-30c,Will the highest temperature in Hong Kong be 30°C on September 2?,"[""Yes"", ""No""]","[""0.28"", ""0.72""]",116.39117499999999,1,28.6,29.7,28.1,1.383
1788224338.8,Highest temperature in Hong Kong on September 2?,Hong Kong,2026-09-02,4018339,highest-temperature-in-hong-kong-on-september-2-2026-31c,Will the highest temperature in Hong Kong be 31°C on September 2?,"[""Yes"", ""No""]","[""0.175"", ""0.825""]",141.177141,1,28.6,29.7,28.1,1.383
1788224338.8,Highest temperature in Hong Kong on September 2?,Hong Kong,2026-09-02,4018340,highest-temperature-in-hong-kong-on-september-2-2026-32c,Will the highest temperature in Hong Kong be 32°C on September 2?,"[""Yes"", ""No""]","[""0.06"", ""0.94""]",380.396775,1,28.6,29.7,28.1,1.383
1788224338.8,Highest temperature in Hong Kong on September 2?,Hong Kong,2026-09-02,4018341,highest-temperature-in-hong-kong-on-september-2-2026-33c,Will the highest temperature in Hong Kong be 33°C on September 2?,"[""Yes"", ""No""]","[""0.01"", ""0.99""]",157.0101,1,28.6,29.7,28.1,1.383
1788224338.8,Highest temperature in Hong Kong on September 2?,Hong Kong,2026-09-02,4018342,highest-temperature-in-hong-kong-on-september-2-2026-34corhigher,Will the highest temperature in Hong Kong be 34°C or higher on September 2?,"[""Yes"", ""No""]","[""0.0035"", ""0.9965""]",203.8535,1,28.6,29.7,28.1,1.383
1788224338.8,Highest temperature in Shanghai on September 2?,Shanghai,2026-09-02,4018343,highest-temperature-in-shanghai-on-september-2-2026-25corbelow,Will the highest temperature in Shanghai be 25°C or below on September 2?,"[""Yes"", ""No""]","[""0.001"", ""0.999""]",1188.4219999999998,1,30.5,28.8,28.7,1.277
1788224338.8,Highest temperature in Shanghai on September 2?,Shanghai,2026-09-02,4018344,highest-temperature-in-shanghai-on-september-2-2026-26c,Will the highest temperature in Shanghai be 26°C on September 2?,"[""Yes"", ""No""]","[""0.001"", ""0.999""]",1101.193,1,30.5,28.8,28.7,1.277
1788224338.8,Highest temperature in Shanghai on September 2?,Shanghai,2026-09-02,4018345,highest-temperature-in-shanghai-on-september-2-2026-27c,Will the highest temperature in Shanghai be 27°C on September 2?,"[""Yes"", ""No""]","[""0.011"", ""0.989""]",447.00226799999996,1,30.5,28.8,28.7,1.277
1788224338.8,Highest temperature in Shanghai on September 2?,Shanghai,2026-09-02,4018346,highest-temperature-in-shanghai-on-september-2-2026-28c,Will the highest temperature in Shanghai be 28°C on September 2?,"[""Yes"", ""No""]","[""0.07"", ""0.93""]",1397.327454,1,30.5,28.8,28.7,1.277
1788224338.8,Highest temperature in Shanghai on September 2?,Shanghai,2026-09-02,4018347,highest-temperature-in-shanghai-on-september-2-2026-29c,Will the highest temperature in Shanghai be 29°C on September 2?,"[""Yes"", ""No""]","[""0.215"", ""0.785""]",5507.365671999999,1,30.5,28.8,28.7,1.277
1788224338.8,Highest temperature in Shanghai on September 2?,Shanghai,2026-09-02,4018348,highest-temperature-in-shanghai-on-september-2-2026-30c,Will the highest temperature in Shanghai be 30°C on September 2?,"[""Yes"", ""No""]","[""0.445"", ""0.555""]",1837.0964060000003,1,30.5,28.8,28.7,1.277
1788224338.8,Highest temperature in Shanghai on September 2?,Shanghai,2026-09-02,4018349,highest-temperature-in-shanghai-on-september-2-2026-31c,Will the highest temperature in Shanghai be 31°C on September 2?,"[""Yes"", ""No""]","[""0.235"", ""0.765""]",3887.718168999999,1,30.5,28.8,28.7,1.277
1788224338.8,Highest temperature in Shanghai on September 2?,Shanghai,2026-09-02,4018350,highest-temperature-in-shanghai-on-september-2-2026-32c,Will the highest temperature in Shanghai be 32°C on September 2?,"[""Yes"", ""No""]","[""0.02"", ""0.98""]",740.6385470000001,1,30.5,28.8,28.7,1.277
1788224338.8,Highest temperature in Shanghai on September 2?,Shanghai,2026-09-02,4018351,highest-temperature-in-shanghai-on-september-2-2026-33c,Will the highest temperature in Shanghai be 33°C on September 2?,"[""Yes"", ""No""]","[""0.0025"", ""0.9975""]",576.767337,1,30.5,28.8,28.7,1.277
1788224338.8,Highest temperature in Shanghai on September 2?,Shanghai,2026-09-02,4018352,highest-temperature-in-shanghai-on-september-2-2026-34c,Will the highest temperature in Shanghai be 34°C on September 2?,"[""Yes"", ""No""]","[""0.0015"", ""0.9985""]",326.00600000000003,1,30.5,28.8,28.7,1.277
1788224338.8,Highest temperature in Shanghai on September 2?,Shanghai,2026-09-02,4018353,highest-temperature-in-shanghai-on-september-2-2026-35corhigher,Will the highest temperature in Shanghai be 35°C or higher on September 2?,"[""Yes"", ""No""]","[""0.0015"", ""0.9985""]",371.786,1,30.5,28.8,28.7,1.277
1788224338.8,Highest temperature in Singapore on September 2?,Singapore,2026-09-02,4018354,highest-temperature-in-singapore-on-september-2-2026-27corbelow,Will the highest temperature in Singapore be 27°C or below on September 2?,"[""Yes"", ""No""]","[""0.0025"", ""0.9975""]",472.12203100000005,1,31.9,31.6,34.4,0.397
1788224338.8,Highest temperature in Singapore on September 2?,Singapore,2026-09-02,4018355,highest-temperature-in-singapore-on-september-2-2026-28c,Will the highest temperature in Singapore be 28°C on September 2?,"[""Yes"", ""No""]","[""0.0025"", ""0.9975""]",473.11,1,31.9,31.6,34.4,0.397
1788224338.8,Highest temperature in Singapore on September 2?,Singapore,2026-09-02,4018356,highest-temperature-in-singapore-on-september-2-2026-29c,Will the highest temperature in Singapore be 29°C on September 2?,"[""Yes"", ""No""]","[""0.0005"", ""0.9995""]",386.617,1,31.9,31.6,34.4,0.397
1788224338.8,Highest temperature in Singapore on September 2?,Singapore,2026-09-02,4018357,highest-temperature-in-singapore-on-september-2-2026-30c,Will the highest temperature in Singapore be 30°C on September 2?,"[""Yes"", ""No""]","[""0.01"", ""0.99""]",172.690045,1,31.9,31.6,34.4,0.397
1788224338.8,Highest temperature in Singapore on September 2?,Singapore,2026-09-02,4018358,highest-temperature-in-singapore-on-september-2-2026-31c,Will the highest temperature in Singapore be 31°C on September 2?,"[""Yes"", ""No""]","[""0.039"", ""0.961""]",163.099639,1,31.9,31.6,34.4,0.397
1788224338.8,Highest temperature in Singapore on September 2?,Singapore,2026-09-02,4018359,highest-temperature-in-singapore-on-september-2-2026-32c,Will the highest temperature in Singapore be 32°C on September 2?,"[""Yes"", ""No""]","[""0.26"", ""0.74""]",552.059932,1,31.9,31.6,34.4,0.397
1788224338.8,Highest temperature in Singapore on September 2?,Singapore,2026-09-02,4018360,highest-temperature-in-singapore-on-september-2-2026-33c,Will the highest temperature in Singapore be 33°C on September 2?,"[""Yes"", ""No""]","[""0.605"", ""0.395""]",770.510456,1,31.9,31.6,34.4,0.397
1788224338.8,Highest temperature in Singapore on September 2?,Singapore,2026-09-02,4018361,highest-temperature-in-singapore-on-september-2-2026-34c,Will the highest temperature in Singapore be 34°C on September 2?,"[""Yes"", ""No""]","[""0.11"", ""0.89""]",2927.687716,1,31.9,31.6,34.4,0.397
1788224338.8,Highest temperature in Singapore on September 2?,Singapore,2026-09-02,4018362,highest-temperature-in-singapore-on-september-2-2026-35c,Will the highest temperature in Singapore be 35°C on September 2?,"[""Yes"", ""No""]","[""0.015"", ""0.985""]",294.248165,1,31.9,31.6,34.4,0.397
1788224338.8,Highest temperature in Singapore on September 2?,Singapore,2026-09-02,4018363,highest-temperature-in-singapore-on-september-2-2026-36c,Will the highest temperature in Singapore be 36°C on September 2?,"[""Yes"", ""No""]","[""0.0105"", ""0.9895""]",237.26874999999995,1,31.9,31.6,34.4,0.397
1788224338.8,Highest temperature in Singapore on September 2?,Singapore,2026-09-02,4018364,highest-temperature-in-singapore-on-september-2-2026-37corhigher,Will the highest temperature in Singapore be 37°C or higher on September 2?,"[""Yes"", ""No""]","[""0.005"", ""0.995""]",344.92783299999996,1,31.9,31.6,34.4,0.397
1788224338.8,Highest temperature in Milan on September 2?,Milan,2026-09-02,4018365,highest-temperature-in-milan-on-september-2-2026-22corbelow,Will the highest temperature in Milan be 22°C or below on September 2?,"[""Yes"", ""No""]","[""0.003"", ""0.997""]",1687.4486670000001,1,31.1,30.9,31.7,0.959
1788224338.8,Highest temperature in Milan on September 2?,Milan,2026-09-02,4018366,highest-temperature-in-milan-on-september-2-2026-23c,Will the highest temperature in Milan be 23°C on September 2?,"[""Yes"", ""No""]","[""0.0015"", ""0.9985""]",401.996,1,31.1,30.9,31.7,0.959
1788224338.8,Highest temperature in Milan on September 2?,Milan,2026-09-02,4018367,highest-temperature-in-milan-on-september-2-2026-24c,Will the highest temperature in Milan be 24°C on September 2?,"[""Yes"", ""No""]","[""0.0025"", ""0.9975""]",247.222,1,31.1,30.9,31.7,0.959
1788224338.8,Highest temperature in Milan on September 2?,Milan,2026-09-02,4018368,highest-temperature-in-milan-on-september-2-2026-25c,Will the highest temperature in Milan be 25°C on September 2?,"[""Yes"", ""No""]","[""0.0025"", ""0.9975""]",146.69099999999997,1,31.1,30.9,31.7,0.959
1788224338.8,Highest temperature in Milan on September 2?,Milan,2026-09-02,4018369,highest-temperature-in-milan-on-september-2-2026-26c,Will the highest temperature in Milan be 26°C on September 2?,"[""Yes"", ""No""]","[""0.0025"", ""0.9975""]",64.069,1,31.1,30.9,31.7,0.959
1788224338.8,Highest temperature in Milan on September 2?,Milan,2026-09-02,4018370,highest-temperature-in-milan-on-september-2-2026-27c,Will the highest temperature in Milan be 27°C on September 2?,"[""Yes"", ""No""]","[""0.02"", ""0.98""]",4.5801,1,31.1,30.9,31.7,0.959
1788224338.8,Highest temperature in Milan on September 2?,Milan,2026-09-02,4018371,highest-temperature-in-milan-on-september-2-2026-28c,Will the highest temperature in Milan be 28°C on September 2?,"[""Yes"", ""No""]","[""0.055"", ""0.945""]",,1,31.1,30.9,31.7,0.959
1788224338.8,Highest temperature in Milan on September 2?,Milan,2026-09-02,4018372,highest-temperature-in-milan-on-september-2-2026-29c,Will the highest temperature in Milan be 29°C on September 2?,"[""Yes"", ""No""]","[""0.26"", ""0.74""]",489.452245,1,31.1,30.9,31.7,0.959
1788224338.8,Highest temperature in Milan on September 2?,Milan,2026-09-02,4018373,highest-temperature-in-milan-on-september-2-2026-30c,Will the highest temperature in Milan be 30°C on September 2?,"[""Yes"", ""No""]","[""0.435"", ""0.565""]",313.767924,1,31.1,30.9,31.7,0.959
1788224338.8,Highest temperature in Milan on September 2?,Milan,2026-09-02,4018374,highest-temperature-in-milan-on-september-2-2026-31c,Will the highest temperature in Milan be 31°C on September 2?,"[""Yes"", ""No""]","[""0.235"", ""0.765""]",130.768895,1,31.1,30.9,31.7,0.959
1788224338.8,Highest temperature in Milan on September 2?,Milan,2026-09-02,4018375,highest-temperature-in-milan-on-september-2-2026-32corhigher,Will the highest temperature in Milan be 32°C or higher on September 2?,"[""Yes"", ""No""]","[""0.065"", ""0.935""]",60.189862999999995,1,31.1,30.9,31.7,0.959
1788224338.8,Highest temperature in Madrid on September 2?,Madrid,2026-09-02,4018376,highest-temperature-in-madrid-on-september-2-2026-31corbelow,Will the highest temperature in Madrid be 31°C or below on September 2?,"[""Yes"", ""No""]","[""0.0025"", ""0.9975""]",323.1168,1,35.3,35.6,36.1,0.976
1788224338.8,Highest temperature in Madrid on September 2?,Madrid,2026-09-02,4018377,highest-temperature-in-madrid-on-september-2-2026-32c,Will the highest temperature in Madrid be 32°C on September 2?,"[""Yes"", ""No""]","[""0.011"", ""0.989""]",275.657572,1,35.3,35.6,36.1,0.976
1788224338.8,Highest temperature in Madrid on September 2?,Madrid,2026-09-02,4018378,highest-temperature-in-madrid-on-september-2-2026-33c,Will the highest temperature in Madrid be 33°C on September 2?,"[""Yes"", ""No""]","[""0.007"", ""0.993""]",112.035,1,35.3,35.6,36.1,0.976
1788224338.8,Highest temperature in Madrid on September 2?,Madrid,2026-09-02,4018379,highest-temperature-in-madrid-on-september-2-2026-34c,Will the highest temperature in Madrid be 34°C on September 2?,"[""Yes"", ""No""]","[""0.01"", ""0.99""]",91,1,35.3,35.6,36.1,0.976
1788224338.8,Highest temperature in Madrid on September 2?,Madrid,2026-09-02,4018380,highest-temperature-in-madrid-on-september-2-2026-35c,Will the highest temperature in Madrid be 35°C on September 2?,"[""Yes"", ""No""]","[""0.04"", ""0.96""]",182.219997,1,35.3,35.6,36.1,0.976
1788224338.8,Highest temperature in Madrid on September 2?,Madrid,2026-09-02,4018381,highest-temperature-in-madrid-on-september-2-2026-36c,Will the highest temperature in Madrid be 36°C on September 2?,"[""Yes"", ""No""]","[""0.55"", ""0.45""]",601.229331,1,35.3,35.6,36.1,0.976
1788224338.8,Highest temperature in Madrid on September 2?,Madrid,2026-09-02,4018382,highest-temperature-in-madrid-on-september-2-2026-37c,Will the highest temperature in Madrid be 37°C on September 2?,"[""Yes"", ""No""]","[""0.39"", ""0.61""]",884.0470790000002,1,35.3,35.6,36.1,0.976
1788224338.8,Highest temperature in Madrid on September 2?,Madrid,2026-09-02,4018383,highest-temperature-in-madrid-on-september-2-2026-38c,Will the highest temperature in Madrid be 38°C on September 2?,"[""Yes"", ""No""]","[""0.06"", ""0.94""]",206.60399999999998,1,35.3,35.6,36.1,0.976
1788224338.8,Highest temperature in Madrid on September 2?,Madrid,2026-09-02,4018384,highest-temperature-in-madrid-on-september-2-2026-39c,Will the highest temperature in Madrid be 39°C on September 2?,"[""Yes"", ""No""]","[""0.003"", ""0.997""]",57.981,1,35.3,35.6,36.1,0.976
1788224338.8,Highest temperature in Madrid on September 2?,Madrid,2026-09-02,4018385,highest-temperature-in-madrid-on-september-2-2026-40c,Will the highest temperature in Madrid be 40°C on September 2?,"[""Yes"", ""No""]","[""0.002"", ""0.998""]",94.74600000000002,1,35.3,35.6,36.1,0.976
1788224338.8,Highest temperature in Madrid on September 2?,Madrid,2026-09-02,4018386,highest-temperature-in-madrid-on-september-2-2026-41corhigher,Will the highest temperature in Madrid be 41°C or higher on September 2?,"[""Yes"", ""No""]","[""0.002"", ""0.998""]",78.386,1,35.3,35.6,36.1,0.976
1788224338.8,Highest temperature in Warsaw on September 2?,Warsaw,2026-09-02,4018387,highest-temperature-in-warsaw-on-september-2-2026-17corbelow,Will the highest temperature in Warsaw be 17°C or below on September 2?,"[""Yes"", ""No""]","[""0.0025"", ""0.9975""]",158.126,1,23.2,21.0,22.9,0.987
1788224338.8,Highest temperature in Warsaw on September 2?,Warsaw,2026-09-02,4018388,highest-temperature-in-warsaw-on-september-2-2026-18c,Will the highest temperature in Warsaw be 18°C on September 2?,"[""Yes"", ""No""]","[""0.003"", ""0.997""]",16.009000999999998,1,23.2,21.0,22.9,0.987
1788224338.8,Highest temperature in Warsaw on September 2?,Warsaw,2026-09-02,4018389,highest-temperature-in-warsaw-on-september-2-2026-19c,Will the highest temperature in Warsaw be 19°C on September 2?,"[""Yes"", ""No""]","[""0.006"", ""0.994""]",76.00380000000001,1,23.2,21.0,22.9,0.987
1788224338.8,Highest temperature in Warsaw on September 2?,Warsaw,2026-09-02,4018390,highest-temperature-in-warsaw-on-september-2-2026-20c,Will the highest temperature in Warsaw be 20°C on September 2?,"[""Yes"", ""No""]","[""0.03"", ""0.97""]",73,1,23.2,21.0,22.9,0.987
1788224338.8,Highest temperature in Warsaw on September 2?,Warsaw,2026-09-02,4018391,highest-temperature-in-warsaw-on-september-2-2026-21c,Will the highest temperature in Warsaw be 21°C on September 2?,"[""Yes"", ""No""]","[""0.11"", ""0.89""]",328.06553199999996,1,23.2,21.0,22.9,0.987
1788224338.8,Highest temperature in Warsaw on September 2?,Warsaw,2026-09-02,4018392,highest-temperature-in-warsaw-on-september-2-2026-22c,Will the highest temperature in Warsaw be 22°C on September 2?,"[""Yes"", ""No""]","[""0.325"", ""0.675""]",227.219688,1,23.2,21.0,22.9,0.987
1788224338.8,Highest temperature in Warsaw on September 2?,Warsaw,2026-09-02,4018393,highest-temperature-in-warsaw-on-september-2-2026-23c,Will the highest temperature in Warsaw be 23°C on September 2?,"[""Yes"", ""No""]","[""0.465"", ""0.535""]",510.61824699999994,1,23.2,21.0,22.9,0.987
1788224338.8,Highest temperature in Warsaw on September 2?,Warsaw,2026-09-02,4018394,highest-temperature-in-warsaw-on-september-2-2026-24c,Will the highest temperature in Warsaw be 24°C on September 2?,"[""Yes"", ""No""]","[""0.135"", ""0.865""]",57.098642,1,23.2,21.0,22.9,0.987
1788224338.8,Highest temperature in Warsaw on September 2?,Warsaw,2026-09-02,4018395,highest-temperature-in-warsaw-on-september-2-2026-25c,Will the highest temperature in Warsaw be 25°C on September 2?,"[""Yes"", ""No""]","[""0.015"", ""0.985""]",203.72465,1,23.2,21.0,22.9,0.987
1788224338.8,Highest temperature in Warsaw on September 2?,Warsaw,2026-09-02,4018396,highest-temperature-in-warsaw-on-september-2-2026-26c,Will the highest temperature in Warsaw be 26°C on September 2?,"[""Yes"", ""No""]","[""0.005"", ""0.995""]",88.335,1,23.2,21.0,22.9,0.987
1788224338.8,Highest temperature in Warsaw on September 2?,Warsaw,2026-09-02,4018397,highest-temperature-in-warsaw-on-september-2-2026-27corhigher,Will the highest temperature in Warsaw be 27°C or higher on September 2?,"[""Yes"", ""No""]","[""0.002"", ""0.998""]",153.521,1,23.2,21.0,22.9,0.987
1788224338.8,Highest temperature in Taipei on September 2?,Taipei,2026-09-02,4018398,highest-temperature-in-taipei-on-september-2-2026-28corbelow,Will the highest temperature in Taipei be 28°C or below on September 2?,"[""Yes"", ""No""]","[""0.011"", ""0.989""]",206.163,1,32.7,33.7,33.0,1.369
1788224338.8,Highest temperature in Taipei on September 2?,Taipei,2026-09-02,4018399,highest-temperature-in-taipei-on-september-2-2026-29c,Will the highest temperature in Taipei be 29°C on September 2?,"[""Yes"", ""No""]","[""0.01"", ""0.99""]",448.2524,1,32.7,33.7,33.0,1.369
1788224338.8,Highest temperature in Taipei on September 2?,Taipei,2026-09-02,4018400,highest-temperature-in-taipei-on-september-2-2026-30c,Will the highest temperature in Taipei be 30°C on September 2?,"[""Yes"", ""No""]","[""0.011"", ""0.989""]",636.23998,1,32.7,33.7,33.0,1.369
1788224338.8,Highest temperature in Taipei on September 2?,Taipei,2026-09-02,4018401,highest-temperature-in-taipei-on-september-2-2026-31c,Will the highest temperature in Taipei be 31°C on September 2?,"[""Yes"", ""No""]","[""0.015"", ""0.985""]",5,1,32.7,33.7,33.0,1.369
1788224338.8,Highest temperature in Taipei on September 2?,Taipei,2026-09-02,4018402,highest-temperature-in-taipei-on-september-2-2026-32c,Will the highest temperature in Taipei be 32°C on September 2?,"[""Yes"", ""No""]","[""0.085"", ""0.915""]",225.83721599999998,1,32.7,33.7,33.0,1.369
1788224338.8,Highest temperature in Taipei on September 2?,Taipei,2026-09-02,4018403,highest-temperature-in-taipei-on-september-2-2026-33c,Will the highest temperature in Taipei be 33°C on September 2?,"[""Yes"", ""No""]","[""0.245"", ""0.755""]",465.895961,1,32.7,33.7,33.0,1.369
1788224338.8,Highest temperature in Taipei on September 2?,Taipei,2026-09-02,4018404,highest-temperature-in-taipei-on-september-2-2026-34c,Will the highest temperature in Taipei be 34°C on September 2?,"[""Yes"", ""No""]","[""0.39"", ""0.61""]",442.12218,1,32.7,33.7,33.0,1.369
1788224338.8,Highest temperature in Taipei on September 2?,Taipei,2026-09-02,4018405,highest-temperature-in-taipei-on-september-2-2026-35c,Will the highest temperature in Taipei be 35°C on September 2?,"[""Yes"", ""No""]","[""0.2"", ""0.8""]",908.1269769999999,1,32.7,33.7,33.0,1.369
1788224338.8,Highest temperature in Taipei on September 2?,Taipei,2026-09-02,4018406,highest-temperature-in-taipei-on-september-2-2026-36c,Will the highest temperature in Taipei be 36°C on September 2?,"[""Yes"", ""No""]","[""0.04"", ""0.96""]",159.46491,1,32.7,33.7,33.0,1.369
1788224338.8,Highest temperature in Taipei on September 2?,Taipei,2026-09-02,4018407,highest-temperature-in-taipei-on-september-2-2026-37c,Will the highest temperature in Taipei be 37°C on September 2?,"[""Yes"", ""No""]","[""0.019"", ""0.981""]",111.49475,1,32.7,33.7,33.0,1.369
1788224338.8,Highest temperature in Taipei on September 2?,Taipei,2026-09-02,4018408,highest-temperature-in-taipei-on-september-2-2026-38corhigher,Will the highest temperature in Taipei be 38°C or higher on September 2?,"[""Yes"", ""No""]","[""0.0025"", ""0.9975""]",227.016,1,32.7,33.7,33.0,1.369
1788224338.8,Highest temperature in Chongqing on September 2?,Chongqing,2026-09-02,4018409,highest-temperature-in-chongqing-on-september-2-2026-28corbelow,Will the highest temperature in Chongqing be 28°C or below on September 2?,"[""Yes"", ""No""]","[""0.009"", ""0.991""]",380.993004,1,34.8,32.7,34.6,0.301
1788224338.8,Highest temperature in Chongqing on September 2?,Chongqing,2026-09-02,4018410,highest-temperature-in-chongqing-on-september-2-2026-29c,Will the highest temperature in Chongqing be 29°C on September 2?,"[""Yes"", ""No""]","[""0.0095"", ""0.9905""]",254.994,1,34.8,32.7,34.6,0.301
1788224338.8,Highest temperature in Chongqing on September 2?,Chongqing,2026-09-02,4018411,highest-temperature-in-chongqing-on-september-2-2026-30c,Will the highest temperature in Chongqing be 30°C on September 2?,"[""Yes"", ""No""]","[""0.02"", ""0.98""]",129.1817,1,34.8,32.7,34.6,0.301
1788224338.8,Highest temperature in Chongqing on September 2?,Chongqing,2026-09-02,4018412,highest-temperature-in-chongqing-on-september-2-2026-31c,Will the highest temperature in Chongqing be 31°C on September 2?,"[""Yes"", ""No""]","[""0.02"", ""0.98""]",72.99000000000001,1,34.8,32.7,34.6,0.301
1788224338.8,Highest temperature in Chongqing on September 2?,Chongqing,2026-09-02,4018413,highest-temperature-in-chongqing-on-september-2-2026-32c,Will the highest temperature in Chongqing be 32°C on September 2?,"[""Yes"", ""No""]","[""0.03"", ""0.97""]",93.99368,1,34.8,32.7,34.6,0.301
1788224338.8,Highest temperature in Chongqing on September 2?,Chongqing,2026-09-02,4018414,highest-temperature-in-chongqing-on-september-2-2026-33c,Will the highest temperature in Chongqing be 33°C on September 2?,"[""Yes"", ""No""]","[""0.12"", ""0.88""]",121.5,1,34.8,32.7,34.6,0.301
1788224338.8,Highest temperature in Chongqing on September 2?,Chongqing,2026-09-02,4018415,highest-temperature-in-chongqing-on-september-2-2026-34c,Will the highest temperature in Chongqing be 34°C on September 2?,"[""Yes"", ""No""]","[""0.405"", ""0.595""]",103.61116799999999,1,34.8,32.7,34.6,0.301
1788224338.8,Highest temperature in Chongqing on September 2?,Chongqing,2026-09-02,4018416,highest-temperature-in-chongqing-on-september-2-2026-35c,Will the highest temperature in Chongqing be 35°C on September 2?,"[""Yes"", ""No""]","[""0.38"", ""0.62""]",229.981759,1,34.8,32.7,34.6,0.301
1788224338.8,Highest temperature in Chongqing on September 2?,Chongqing,2026-09-02,4018417,highest-temperature-in-chongqing-on-september-2-2026-36c,Will the highest temperature in Chongqing be 36°C on September 2?,"[""Yes"", ""No""]","[""0.09"", ""0.91""]",144.721766,1,34.8,32.7,34.6,0.301
1788224338.8,Highest temperature in Chongqing on September 2?,Chongqing,2026-09-02,4018418,highest-temperature-in-chongqing-on-september-2-2026-37c,Will the highest temperature in Chongqing be 37°C on September 2?,"[""Yes"", ""No""]","[""0.025"", ""0.975""]",103.9901,1,34.8,32.7,34.6,0.301
1788224338.8,Highest temperature in Chongqing on September 2?,Chongqing,2026-09-02,4018419,highest-temperature-in-chongqing-on-september-2-2026-38corhigher,Will the highest temperature in Chongqing be 38°C or higher on September 2?,"[""Yes"", ""No""]","[""0.02"", ""0.98""]",260.138983,1,34.8,32.7,34.6,0.301
1788224338.8,Highest temperature in Beijing on September 2?,Beijing,2026-09-02,4018420,highest-temperature-in-beijing-on-september-2-2026-25corbelow,Will the highest temperature in Beijing be 25°C or below on September 2?,"[""Yes"", ""No""]","[""0.002"", ""0.998""]",120.962,1,31.8,29.3,30.8,0.948
1788224338.8,Highest temperature in Beijing on September 2?,Beijing,2026-09-02,4018421,highest-temperature-in-beijing-on-september-2-2026-26c,Will the highest temperature in Beijing be 26°C on September 2?,"[""Yes"", ""No""]","[""0.016"", ""0.984""]",175.959,1,31.8,29.3,30.8,0.948
1788224338.8,Highest temperature in Beijing on September 2?,Beijing,2026-09-02,4018422,highest-temperature-in-beijing-on-september-2-2026-27c,Will the highest temperature in Beijing be 27°C on September 2?,"[""Yes"", ""No""]","[""0.015"", ""0.985""]",140.486575,1,31.8,29.3,30.8,0.948
1788224338.8,Highest temperature in Beijing on September 2?,Beijing,2026-09-02,4018423,highest-temperature-in-beijing-on-september-2-2026-28c,Will the highest temperature in Beijing be 28°C on September 2?,"[""Yes"", ""No""]","[""0.025"", ""0.975""]",203.0265,1,31.8,29.3,30.8,0.948
1788224338.8,Highest temperature in Beijing on September 2?,Beijing,2026-09-02,4018424,highest-temperature-in-beijing-on-september-2-2026-29c,Will the highest temperature in Beijing be 29°C on September 2?,"[""Yes"", ""No""]","[""0.105"", ""0.895""]",150.516048,1,31.8,29.3,30.8,0.948
1788224338.8,Highest temperature in Beijing on September 2?,Beijing,2026-09-02,4018425,highest-temperature-in-beijing-on-september-2-2026-30c,Will the highest temperature in Beijing be 30°C on September 2?,"[""Yes"", ""No""]","[""0.275"", ""0.725""]",228.19034200000002,1,31.8,29.3,30.8,0.948
1788224338.8,Highest temperature in Beijing on September 2?,Beijing,2026-09-02,4018426,highest-temperature-in-beijing-on-september-2-2026-31c,Will the highest temperature in Beijing be 31°C on September 2?,"[""Yes"", ""No""]","[""0.4"", ""0.6""]",499.174715,1,31.8,29.3,30.8,0.948
1788224338.8,Highest temperature in Beijing on September 2?,Beijing,2026-09-02,4018427,highest-temperature-in-beijing-on-september-2-2026-32c,Will the highest temperature in Beijing be 32°C on September 2?,"[""Yes"", ""No""]","[""0.185"", ""0.815""]",173.06964,1,31.8,29.3,30.8,0.948
1788224338.8,Highest temperature in Beijing on September 2?,Beijing,2026-09-02,4018428,highest-temperature-in-beijing-on-september-2-2026-33c,Will the highest temperature in Beijing be 33°C on September 2?,"[""Yes"", ""No""]","[""0.045"", ""0.955""]",130.164465,1,31.8,29.3,30.8,0.948
1788224338.8,Highest temperature in Beijing on September 2?,Beijing,2026-09-02,4018429,highest-temperature-in-beijing-on-september-2-2026-34c,Will the highest temperature in Beijing be 34°C on September 2?,"[""Yes"", ""No""]","[""0.045"", ""0.955""]",212.55585,1,31.8,29.3,30.8,0.948
1788224338.8,Highest temperature in Beijing on September 2?,Beijing,2026-09-02,4018430,highest-temperature-in-beijing-on-september-2-2026-35corhigher,Will the highest temperature in Beijing be 35°C or higher on September 2?,"[""Yes"", ""No""]","[""0.01"", ""0.99""]",180.4607,1,31.8,29.3,30.8,0.948
1788224338.8,Highest temperature in Wuhan on September 2?,Wuhan,2026-09-02,4018431,highest-temperature-in-wuhan-on-september-2-2026-23corbelow,Will the highest temperature in Wuhan be 23°C or below on September 2?,"[""Yes"", ""No""]","[""0.003"", ""0.997""]",341.98440000000005,1,31.2,29.8,27.8,1.527
1788224338.8,Highest temperature in Wuhan on September 2?,Wuhan,2026-09-02,4018432,highest-temperature-in-wuhan-on-september-2-2026-24c,Will the highest temperature in Wuhan be 24°C on September 2?,"[""Yes"", ""No""]","[""0.0025"", ""0.9975""]",336.998,1,31.2,29.8,27.8,1.527
1788224338.8,Highest temperature in Wuhan on September 2?,Wuhan,2026-09-02,4018433,highest-temperature-in-wuhan-on-september-2-2026-25c,Will the highest temperature in Wuhan be 25°C on September 2?,"[""Yes"", ""No""]","[""0.0105"", ""0.9895""]",973.3962829999999,1,31.2,29.8,27.8,1.527
1788224338.8,Highest temperature in Wuhan on September 2?,Wuhan,2026-09-02,4018434,highest-temperature-in-wuhan-on-september-2-2026-26c,Will the highest temperature in Wuhan be 26°C on September 2?,"[""Yes"", ""No""]","[""0.02"", ""0.98""]",301.327933,1,31.2,29.8,27.8,1.527
1788224338.8,Highest temperature in Wuhan on September 2?,Wuhan,2026-09-02,4018435,highest-temperature-in-wuhan-on-september-2-2026-27c,Will the highest temperature in Wuhan be 27°C on September 2?,"[""Yes"", ""No""]","[""0.055"", ""0.945""]",40,1,31.2,29.8,27.8,1.527
1788224338.8,Highest temperature in Wuhan on September 2?,Wuhan,2026-09-02,4018436,highest-temperature-in-wuhan-on-september-2-2026-28c,Will the highest temperature in Wuhan be 28°C on September 2?,"[""Yes"", ""No""]","[""0.065"", ""0.935""]",299.230063,1,31.2,29.8,27.8,1.527
1788224338.8,Highest temperature in Wuhan on September 2?,Wuhan,2026-09-02,4018437,highest-temperature-in-wuhan-on-september-2-2026-29c,Will the highest temperature in Wuhan be 29°C on September 2?,"[""Yes"", ""No""]","[""0.225"", ""0.775""]",1329.628355,1,31.2,29.8,27.8,1.527
1788224338.8,Highest temperature in Wuhan on September 2?,Wuhan,2026-09-02,4018438,highest-temperature-in-wuhan-on-september-2-2026-30c,Will the highest temperature in Wuhan be 30°C on September 2?,"[""Yes"", ""No""]","[""0.375"", ""0.625""]",455.04285200000004,1,31.2,29.8,27.8,1.527
1788224338.8,Highest temperature in Wuhan on September 2?,Wuhan,2026-09-02,4018439,highest-temperature-in-wuhan-on-september-2-2026-31c,Will the highest temperature in Wuhan be 31°C on September 2?,"[""Yes"", ""No""]","[""0.235"", ""0.765""]",325.05295,1,31.2,29.8,27.8,1.527
1788224338.8,Highest temperature in Wuhan on September 2?,Wuhan,2026-09-02,4018440,highest-temperature-in-wuhan-on-september-2-2026-32c,Will the highest temperature in Wuhan be 32°C on September 2?,"[""Yes"", ""No""]","[""0.09"", ""0.91""]",151.81375500000001,1,31.2,29.8,27.8,1.527
1788224338.8,Highest temperature in Wuhan on September 2?,Wuhan,2026-09-02,4018441,highest-temperature-in-wuhan-on-september-2-2026-33corhigher,Will the highest temperature in Wuhan be 33°C or higher on September 2?,"[""Yes"", ""No""]","[""0.0355"", ""0.9645""]",31.107,1,31.2,29.8,27.8,1.527
1788224338.8,Highest temperature in Chengdu on September 2?,Chengdu,2026-09-02,4018448,highest-temperature-in-chengdu-on-september-2-2026-28corbelow,Will the highest temperature in Chengdu be 28°C or below on September 2?,"[""Yes"", ""No""]","[""0.01"", ""0.99""]",391.3,1,32.8,33.1,32.9,0.599
1788224338.8,Highest temperature in Chengdu on September 2?,Chengdu,2026-09-02,4018451,highest-temperature-in-chengdu-on-september-2-2026-29c,Will the highest temperature in Chengdu be 29°C on September 2?,"[""Yes"", ""No""]","[""0.0105"", ""0.9895""]",191.549888,1,32.8,33.1,32.9,0.599
1788224338.8,Highest temperature in Chengdu on September 2?,Chengdu,2026-09-02,4018452,highest-temperature-in-chengdu-on-september-2-2026-30c,Will the highest temperature in Chengdu be 30°C on September 2?,"[""Yes"", ""No""]","[""0.03"", ""0.97""]",330.2201,1,32.8,33.1,32.9,0.599
1788224338.8,Highest temperature in Chengdu on September 2?,Chengdu,2026-09-02,4018453,highest-temperature-in-chengdu-on-september-2-2026-31c,Will the highest temperature in Chengdu be 31°C on September 2?,"[""Yes"", ""No""]","[""0.04"", ""0.96""]",206.83504,1,32.8,33.1,32.9,0.599
1788224338.8,Highest temperature in Chengdu on September 2?,Chengdu,2026-09-02,4018454,highest-temperature-in-chengdu-on-september-2-2026-32c,Will the highest temperature in Chengdu be 32°C on September 2?,"[""Yes"", ""No""]","[""0.12"", ""0.88""]",839.836178,1,32.8,33.1,32.9,0.599
1788224338.8,Highest temperature in Chengdu on September 2?,Chengdu,2026-09-02,4018455,highest-temperature-in-chengdu-on-september-2-2026-33c,Will the highest temperature in Chengdu be 33°C on September 2?,"[""Yes"", ""No""]","[""0.27"", ""0.73""]",216.57565599999998,1,32.8,33.1,32.9,0.599
1788224338.8,Highest temperature in Chengdu on September 2?,Chengdu,2026-09-02,4018456,highest-temperature-in-chengdu-on-september-2-2026-34c,Will the highest temperature in Chengdu be 34°C on September 2?,"[""Yes"", ""No""]","[""0.37"", ""0.63""]",302.404432,1,32.8,33.1,32.9,0.599
1788224338.8,Highest temperature in Chengdu on September 2?,Chengdu,2026-09-02,4018457,highest-temperature-in-chengdu-on-september-2-2026-35c,Will the highest temperature in Chengdu be 35°C on September 2?,"[""Yes"", ""No""]","[""0.24"", ""0.76""]",698.5616489999999,1,32.8,33.1,32.9,0.599
1788224338.8,Highest temperature in Chengdu on September 2?,Chengdu,2026-09-02,4018458,highest-temperature-in-chengdu-on-september-2-2026-36c,Will the highest temperature in Chengdu be 36°C on September 2?,"[""Yes"", ""No""]","[""0.02"", ""0.98""]",247.00573999999997,1,32.8,33.1,32.9,0.599
1788224338.8,Highest temperature in Chengdu on September 2?,Chengdu,2026-09-02,4018459,highest-temperature-in-chengdu-on-september-2-2026-37c,Will the highest temperature in Chengdu be 37°C on September 2?,"[""Yes"", ""No""]","[""0.01"", ""0.99""]",403.555,1,32.8,33.1,32.9,0.599
1788224338.8,Highest temperature in Chengdu on September 2?,Chengdu,2026-09-02,4018460,highest-temperature-in-chengdu-on-september-2-2026-38corhigher,Will the highest temperature in Chengdu be 38°C or higher on September 2?,"[""Yes"", ""No""]","[""0.01"", ""0.99""]",934.7819999999999,1,32.8,33.1,32.9,0.599
1788224338.8,Highest temperature in Shenzhen on September 2?,Shenzhen,2026-09-02,4018461,highest-temperature-in-shenzhen-on-september-2-2026-24corbelow,Will the highest temperature in Shenzhen be 24°C or below on September 2?,"[""Yes"", ""No""]","[""0.0055"", ""0.9945""]",290.0165,1,28.3,31.8,27.6,1.398
1788224338.8,Highest temperature in Shenzhen on September 2?,Shenzhen,2026-09-02,4018462,highest-temperature-in-shenzhen-on-september-2-2026-25c,Will the highest temperature in Shenzhen be 25°C on September 2?,"[""Yes"", ""No""]","[""0.003"", ""0.997""]",355.997,1,28.3,31.8,27.6,1.398
1788224338.8,Highest temperature in Shenzhen on September 2?,Shenzhen,2026-09-02,4018463,highest-temperature-in-shenzhen-on-september-2-2026-26c,Will the highest temperature in Shenzhen be 26°C on September 2?,"[""Yes"", ""No""]","[""0.0135"", ""0.9865""]",304.91200000000003,1,28.3,31.8,27.6,1.398
1788224338.8,Highest temperature in Shenzhen on September 2?,Shenzhen,2026-09-02,4018464,highest-temperature-in-shenzhen-on-september-2-2026-27c,Will the highest temperature in Shenzhen be 27°C on September 2?,"[""Yes"", ""No""]","[""0.119"", ""0.881""]",114.78918999999999,1,28.3,31.8,27.6,1.398
1788224338.8,Highest temperature in Shenzhen on September 2?,Shenzhen,2026-09-02,4018465,highest-temperature-in-shenzhen-on-september-2-2026-28c,Will the highest temperature in Shenzhen be 28°C on September 2?,"[""Yes"", ""No""]","[""0.1"", ""0.9""]",92.102384,1,28.3,31.8,27.6,1.398
1788224338.8,Highest temperature in Shenzhen on September 2?,Shenzhen,2026-09-02,4018466,highest-temperature-in-shenzhen-on-september-2-2026-29c,Will the highest temperature in Shenzhen be 29°C on September 2?,"[""Yes"", ""No""]","[""0.27"", ""0.73""]",121.99001299999999,1,28.3,31.8,27.6,1.398
1788224338.8,Highest temperature in Shenzhen on September 2?,Shenzhen,2026-09-02,4018467,highest-temperature-in-shenzhen-on-september-2-2026-30c,Will the highest temperature in Shenzhen be 30°C on September 2?,"[""Yes"", ""No""]","[""0.275"", ""0.725""]",292.197444,1,28.3,31.8,27.6,1.398
1788224338.8,Highest temperature in Shenzhen on September 2?,Shenzhen,2026-09-02,4018468,highest-temperature-in-shenzhen-on-september-2-2026-31c,Will the highest temperature in Shenzhen be 31°C on September 2?,"[""Yes"", ""No""]","[""0.185"", ""0.815""]",205.84157699999997,1,28.3,31.8,27.6,1.398
1788224338.8,Highest temperature in Shenzhen on September 2?,Shenzhen,2026-09-02,4018469,highest-temperature-in-shenzhen-on-september-2-2026-32c,Will the highest temperature in Shenzhen be 32°C on September 2?,"[""Yes"", ""No""]","[""0.065"", ""0.935""]",161.336079,1,28.3,31.8,27.6,1.398
1788224338.8,Highest temperature in Shenzhen on September 2?,Shenzhen,2026-09-02,4018470,highest-temperature-in-shenzhen-on-september-2-2026-33c,Will the highest temperature in Shenzhen be 33°C on September 2?,"[""Yes"", ""No""]","[""0.035"", ""0.965""]",433.59299999999996,1,28.3,31.8,27.6,1.398
1788224338.8,Highest temperature in Shenzhen on September 2?,Shenzhen,2026-09-02,4018471,highest-temperature-in-shenzhen-on-september-2-2026-34corhigher,Will the highest temperature in Shenzhen be 34°C or higher on September 2?,"[""Yes"", ""No""]","[""0.048"", ""0.952""]",144.562775,1,28.3,31.8,27.6,1.398
1788224338.8,Highest temperature in Moscow on September 2?,Moscow,2026-09-02,4018472,highest-temperature-in-moscow-on-september-2-2026-15corbelow,Will the highest temperature in Moscow be 15°C or below on September 2?,"[""Yes"", ""No""]","[""0.003"", ""0.997""]",160.708,1,23.6,21.1,21.0,0.921
1788224338.8,Highest temperature in Moscow on September 2?,Moscow,2026-09-02,4018473,highest-temperature-in-moscow-on-september-2-2026-16c,Will the highest temperature in Moscow be 16°C on September 2?,"[""Yes"", ""No""]","[""0.0035"", ""0.9965""]",181.70800400000002,1,23.6,21.1,21.0,0.921
1788224338.8,Highest temperature in Moscow on September 2?,Moscow,2026-09-02,4018474,highest-temperature-in-moscow-on-september-2-2026-17c,Will the highest temperature in Moscow be 17°C on September 2?,"[""Yes"", ""No""]","[""0.011"", ""0.989""]",345.58930399999997,1,23.6,21.1,21.0,0.921
1788224338.8,Highest temperature in Moscow on September 2?,Moscow,2026-09-02,4018475,highest-temperature-in-moscow-on-september-2-2026-18c,Will the highest temperature in Moscow be 18°C on September 2?,"[""Yes"", ""No""]","[""0.015"", ""0.985""]",553.2355999999999,1,23.6,21.1,21.0,0.921
1788224338.8,Highest temperature in Moscow on September 2?,Moscow,2026-09-02,4018476,highest-temperature-in-moscow-on-september-2-2026-19c,Will the highest temperature in Moscow be 19°C on September 2?,"[""Yes"", ""No""]","[""0.09"", ""0.91""]",107.28156200000001,1,23.6,21.1,21.0,0.921
1788224338.8,Highest temperature in Moscow on September 2?,Moscow,2026-09-02,4018477,highest-temperature-in-moscow-on-september-2-2026-20c,Will the highest temperature in Moscow be 20°C on September 2?,"[""Yes"", ""No""]","[""0.335"", ""0.665""]",154.001261,1,23.6,21.1,21.0,0.921
1788224338.8,Highest temperature in Moscow on September 2?,Moscow,2026-09-02,4018478,highest-temperature-in-moscow-on-september-2-2026-21c,Will the highest temperature in Moscow be 21°C on September 2?,"[""Yes"", ""No""]","[""0.43"", ""0.57""]",341.67032,1,23.6,21.1,21.0,0.921
1788224338.8,Highest temperature in Moscow on September 2?,Moscow,2026-09-02,4018479,highest-temperature-in-moscow-on-september-2-2026-22c,Will the highest temperature in Moscow be 22°C on September 2?,"[""Yes"", ""No""]","[""0.12"", ""0.88""]",213.91162100000003,1,23.6,21.1,21.0,0.921
1788224338.8,Highest temperature in Moscow on September 2?,Moscow,2026-09-02,4018480,highest-temperature-in-moscow-on-september-2-2026-23c,Will the highest temperature in Moscow be 23°C on September 2?,"[""Yes"", ""No""]","[""0.03"", ""0.97""]",43.92375,1,23.6,21.1,21.0,0.921
1788224338.8,Highest temperature in Moscow on September 2?,Moscow,2026-09-02,4018481,highest-temperature-in-moscow-on-september-2-2026-24c,Will the highest temperature in Moscow be 24°C on September 2?,"[""Yes"", ""No""]","[""0.011"", ""0.989""]",54.9902,1,23.6,21.1,21.0,0.921
1788224338.8,Highest temperature in Moscow on September 2?,Moscow,2026-09-02,4018482,highest-temperature-in-moscow-on-september-2-2026-25corhigher,Will the highest temperature in Moscow be 25°C or higher on September 2?,"[""Yes"", ""No""]","[""0.0155"", ""0.9845""]",317.5698,1,23.6,21.1,21.0,0.921
1788224338.8,Highest temperature in Istanbul on September 2?,Istanbul,2026-09-02,4018483,highest-temperature-in-istanbul-on-september-2-2026-22corbelow,Will the highest temperature in Istanbul be 22°C or below on September 2?,"[""Yes"", ""No""]","[""0.0065"", ""0.9935""]",191.2412,1,29.6,28.3,28.5,0.459
1788224338.8,Highest temperature in Istanbul on September 2?,Istanbul,2026-09-02,4018484,highest-temperature-in-istanbul-on-september-2-2026-23c,Will the highest temperature in Istanbul be 23°C on September 2?,"[""Yes"", ""No""]","[""0.013"", ""0.987""]",191.96050000000002,1,29.6,28.3,28.5,0.459
1788224338.8,Highest temperature in Istanbul on September 2?,Istanbul,2026-09-02,4018485,highest-temperature-in-istanbul-on-september-2-2026-24c,Will the highest temperature in Istanbul be 24°C on September 2?,"[""Yes"", ""No""]","[""0.021"", ""0.979""]",144.514066,1,29.6,28.3,28.5,0.459
1788224338.8,Highest temperature in Istanbul on September 2?,Istanbul,2026-09-02,4018486,highest-temperature-in-istanbul-on-september-2-2026-25c,Will the highest temperature in Istanbul be 25°C on September 2?,"[""Yes"", ""No""]","[""0.05"", ""0.95""]",217.1655,1,29.6,28.3,28.5,0.459
1788224338.8,Highest temperature in Istanbul on September 2?,Istanbul,2026-09-02,4018487,highest-temperature-in-istanbul-on-september-2-2026-26c,Will the highest temperature in Istanbul be 26°C on September 2?,"[""Yes"", ""No""]","[""0.48"", ""0.52""]",218.738443,1,29.6,28.3,28.5,0.459
1788224338.8,Highest temperature in Istanbul on September 2?,Istanbul,2026-09-02,4018488,highest-temperature-in-istanbul-on-september-2-2026-27c,Will the highest temperature in Istanbul be 27°C on September 2?,"[""Yes"", ""No""]","[""0.405"", ""0.595""]",556.025536,1,29.6,28.3,28.5,0.459
1788224338.8,Highest temperature in Istanbul on September 2?,Istanbul,2026-09-02,4018489,highest-temperature-in-istanbul-on-september-2-2026-28c,Will the highest temperature in Istanbul be 28°C on September 2?,"[""Yes"", ""No""]","[""0.05"", ""0.95""]",181.660563,1,29.6,28.3,28.5,0.459
1788224338.8,Highest temperature in Istanbul on September 2?,Istanbul,2026-09-02,4018490,highest-temperature-in-istanbul-on-september-2-2026-29c,Will the highest temperature in Istanbul be 29°C on September 2?,"[""Yes"", ""No""]","[""0.0255"", ""0.9745""]",78.3622,1,29.6,28.3,28.5,0.459
1788224338.8,Highest temperature in Istanbul on September 2?,Istanbul,2026-09-02,4018491,highest-temperature-in-istanbul-on-september-2-2026-30c,Will the highest temperature in Istanbul be 30°C on September 2?,"[""Yes"", ""No""]","[""0.0055"", ""0.9945""]",478.945,1,29.6,28.3,28.5,0.459
1788224338.8,Highest temperature in Istanbul on September 2?,Istanbul,2026-09-02,4018492,highest-temperature-in-istanbul-on-september-2-2026-31c,Will the highest temperature in Istanbul be 31°C on September 2?,"[""Yes"", ""No""]","[""0.0025"", ""0.9975""]",96.62,1,29.6,28.3,28.5,0.459
1788224338.8,Highest temperature in Istanbul on September 2?,Istanbul,2026-09-02,4018493,highest-temperature-in-istanbul-on-september-2-2026-32corhigher,Will the highest temperature in Istanbul be 32°C or higher on September 2?,"[""Yes"", ""No""]","[""0.0025"", ""0.9975""]",101.63000000000001,1,29.6,28.3,28.5,0.459
1788224338.8,Highest temperature in Busan on September 2?,Busan,2026-09-02,4018494,highest-temperature-in-busan-on-september-2-2026-27corbelow,Will the highest temperature in Busan be 27°C or below on September 2?,"[""Yes"", ""No""]","[""0.0085"", ""0.9915""]",848.88,1,29.2,31.6,30.5,0.908
1788224338.8,Highest temperature in Busan on September 2?,Busan,2026-09-02,4018495,highest-temperature-in-busan-on-september-2-2026-28c,Will the highest temperature in Busan be 28°C on September 2?,"[""Yes"", ""No""]","[""0.025"", ""0.975""]",268.79789999999997,1,29.2,31.6,30.5,0.908
1788224338.8,Highest temperature in Busan on September 2?,Busan,2026-09-02,4018496,highest-temperature-in-busan-on-september-2-2026-29c,Will the highest temperature in Busan be 29°C on September 2?,"[""Yes"", ""No""]","[""0.02"", ""0.98""]",443.552075,1,29.2,31.6,30.5,0.908
1788224338.8,Highest temperature in Busan on September 2?,Busan,2026-09-02,4018497,highest-temperature-in-busan-on-september-2-2026-30c,Will the highest temperature in Busan be 30°C on September 2?,"[""Yes"", ""No""]","[""0.05"", ""0.95""]",329.23935,1,29.2,31.6,30.5,0.908
1788224338.8,Highest temperature in Busan on September 2?,Busan,2026-09-02,4018498,highest-temperature-in-busan-on-september-2-2026-31c,Will the highest temperature in Busan be 31°C on September 2?,"[""Yes"", ""No""]","[""0.205"", ""0.795""]",653.106714,1,29.2,31.6,30.5,0.908
1788224338.8,Highest temperature in Busan on September 2?,Busan,2026-09-02,4018499,highest-temperature-in-busan-on-september-2-2026-32c,Will the highest temperature in Busan be 32°C on September 2?,"[""Yes"", ""No""]","[""0.465"", ""0.535""]",161.49730200000002,1,29.2,31.6,30.5,0.908
1788224338.8,Highest temperature in Busan on September 2?,Busan,2026-09-02,4018500,highest-temperature-in-busan-on-september-2-2026-33c,Will the highest temperature in Busan be 33°C on September 2?,"[""Yes"", ""No""]","[""0.22"", ""0.78""]",117.35516299999999,1,29.2,31.6,30.5,0.908
1788224338.8,Highest temperature in Busan on September 2?,Busan,2026-09-02,4018501,highest-temperature-in-busan-on-september-2-2026-34c,Will the highest temperature in Busan be 34°C on September 2?,"[""Yes"", ""No""]","[""0.055"", ""0.945""]",122.97892000000002,1,29.2,31.6,30.5,0.908
1788224338.8,Highest temperature in Busan on September 2?,Busan,2026-09-02,4018502,highest-temperature-in-busan-on-september-2-2026-35c,Will the highest temperature in Busan be 35°C on September 2?,"[""Yes"", ""No""]","[""0.02"", ""0.98""]",80.18368299999999,1,29.2,31.6,30.5,0.908
1788224338.8,Highest temperature in Busan on September 2?,Busan,2026-09-02,4018503,highest-temperature-in-busan-on-september-2-2026-36c,Will the highest temperature in Busan be 36°C on September 2?,"[""Yes"", ""No""]","[""0.016"", ""0.984""]",191.2359,1,29.2,31.6,30.5,0.908
1788224338.8,Highest temperature in Busan on September 2?,Busan,2026-09-02,4018504,highest-temperature-in-busan-on-september-2-2026-37corhigher,Will the highest temperature in Busan be 37°C or higher on September 2?,"[""Yes"", ""No""]","[""0.006"", ""0.994""]",82.022,1,29.2,31.6,30.5,0.908
1788224338.8,Highest temperature in Amsterdam on September 2?,Amsterdam,2026-09-02,4018505,highest-temperature-in-amsterdam-on-september-2-2026-16corbelow,Will the highest temperature in Amsterdam be 16°C or below on September 2?,"[""Yes"", ""No""]","[""0.002"", ""0.998""]",214.006,1,21.4,18.8,20.6,0.853
1788224338.8,Highest temperature in Amsterdam on September 2?,Amsterdam,2026-09-02,4018506,highest-temperature-in-amsterdam-on-september-2-2026-17c,Will the highest temperature in Amsterdam be 17°C on September 2?,"[""Yes"", ""No""]","[""0.005"", ""0.995""]",208.79100000000003,1,21.4,18.8,20.6,0.853
1788224338.8,Highest temperature in Amsterdam on September 2?,Amsterdam,2026-09-02,4018507,highest-temperature-in-amsterdam-on-september-2-2026-18c,Will the highest temperature in Amsterdam be 18°C on September 2?,"[""Yes"", ""No""]","[""0.04"", ""0.96""]",69.35405,1,21.4,18.8,20.6,0.853
1788224338.8,Highest temperature in Amsterdam on September 2?,Amsterdam,2026-09-02,4018508,highest-temperature-in-amsterdam-on-september-2-2026-19c,Will the highest temperature in Amsterdam be 19°C on September 2?,"[""Yes"", ""No""]","[""0.02"", ""0.98""]",169.655,1,21.4,18.8,20.6,0.853
1788224338.8,Highest temperature in Amsterdam on September 2?,Amsterdam,2026-09-02,4018509,highest-temperature-in-amsterdam-on-september-2-2026-20c,Will the highest temperature in Amsterdam be 20°C on September 2?,"[""Yes"", ""No""]","[""0.13"", ""0.87""]",227.192486,1,21.4,18.8,20.6,0.853
1788224338.8,Highest temperature in Amsterdam on September 2?,Amsterdam,2026-09-02,4018510,highest-temperature-in-amsterdam-on-september-2-2026-21c,Will the highest temperature in Amsterdam be 21°C on September 2?,"[""Yes"", ""No""]","[""0.53"", ""0.47""]",596.8799819999999,1,21.4,18.8,20.6,0.853
1788224338.8,Highest temperature in Amsterdam on September 2?,Amsterdam,2026-09-02,4018511,highest-temperature-in-amsterdam-on-september-2-2026-22c,Will the highest temperature in Amsterdam be 22°C on September 2?,"[""Yes"", ""No""]","[""0.32"", ""0.68""]",436.51589600000005,1,21.4,18.8,20.6,0.853
1788224338.8,Highest temperature in Amsterdam on September 2?,Amsterdam,2026-09-02,4018512,highest-temperature-in-amsterdam-on-september-2-2026-23c,Will the highest temperature in Amsterdam be 23°C on September 2?,"[""Yes"", ""No""]","[""0.025"", ""0.975""]",137.03,1,21.4,18.8,20.6,0.853
1788224338.8,Highest temperature in Amsterdam on September 2?,Amsterdam,2026-09-02,4018513,highest-temperature-in-amsterdam-on-september-2-2026-24c,Will the highest temperature in Amsterdam be 24°C on September 2?,"[""Yes"", ""No""]","[""0.02"", ""0.98""]",55.18275,1,21.4,18.8,20.6,0.853
1788224338.8,Highest temperature in Amsterdam on September 2?,Amsterdam,2026-09-02,4018514,highest-temperature-in-amsterdam-on-september-2-2026-25c,Will the highest temperature in Amsterdam be 25°C on September 2?,"[""Yes"", ""No""]","[""0.002"", ""0.998""]",251.744,1,21.4,18.8,20.6,0.853
1788224338.8,Highest temperature in Amsterdam on September 2?,Amsterdam,2026-09-02,4018515,highest-temperature-in-amsterdam-on-september-2-2026-26corhigher,Will the highest temperature in Amsterdam be 26°C or higher on September 2?,"[""Yes"", ""No""]","[""0.002"", ""0.998""]",306.889,1,21.4,18.8,20.6,0.853
1788224338.8,Highest temperature in Helsinki on September 2?,Helsinki,2026-09-02,4018516,highest-temperature-in-helsinki-on-september-2-2026-14corbelow,Will the highest temperature in Helsinki be 14°C or below on September 2?,"[""Yes"", ""No""]","[""0.0025"", ""0.9975""]",353.892,1,20.8,19.5,18.6,0.627
1788224338.8,Highest temperature in Helsinki on September 2?,Helsinki,2026-09-02,4018517,highest-temperature-in-helsinki-on-september-2-2026-15c,Will the highest temperature in Helsinki be 15°C on September 2?,"[""Yes"", ""No""]","[""0.003"", ""0.997""]",12.901,1,20.8,19.5,18.6,0.627
1788224338.8,Highest temperature in Helsinki on September 2?,Helsinki,2026-09-02,4018518,highest-temperature-in-helsinki-on-september-2-2026-16c,Will the highest temperature in Helsinki be 16°C on September 2?,"[""Yes"", ""No""]","[""0.006"", ""0.994""]",220.540209,1,20.8,19.5,18.6,0.627
1788224338.8,Highest temperature in Helsinki on September 2?,Helsinki,2026-09-02,4018519,highest-temperature-in-helsinki-on-september-2-2026-17c,Will the highest temperature in Helsinki be 17°C on September 2?,"[""Yes"", ""No""]","[""0.04"", ""0.96""]",62,1,20.8,19.5,18.6,0.627
1788224338.8,Highest temperature in Helsinki on September 2?,Helsinki,2026-09-02,4018520,highest-temperature-in-helsinki-on-september-2-2026-18c,Will the highest temperature in Helsinki be 18°C on September 2?,"[""Yes"", ""No""]","[""0.045"", ""0.955""]",196.321532,1,20.8,19.5,18.6,0.627
1788224338.8,Highest temperature in Helsinki on September 2?,Helsinki,2026-09-02,4018521,highest-temperature-in-helsinki-on-september-2-2026-19c,Will the highest temperature in Helsinki be 19°C on September 2?,"[""Yes"", ""No""]","[""0.165"", ""0.835""]",229.268467,1,20.8,19.5,18.6,0.627
1788224338.8,Highest temperature in Helsinki on September 2?,Helsinki,2026-09-02,4018522,highest-temperature-in-helsinki-on-september-2-2026-20c,Will the highest temperature in Helsinki be 20°C on September 2?,"[""Yes"", ""No""]","[""0.405"", ""0.595""]",146.229777,1,20.8,19.5,18.6,0.627
1788224338.8,Highest temperature in Helsinki on September 2?,Helsinki,2026-09-02,4018523,highest-temperature-in-helsinki-on-september-2-2026-21c,Will the highest temperature in Helsinki be 21°C on September 2?,"[""Yes"", ""No""]","[""0.355"", ""0.645""]",589.2486129999999,1,20.8,19.5,18.6,0.627
1788224338.8,Highest temperature in Helsinki on September 2?,Helsinki,2026-09-02,4018524,highest-temperature-in-helsinki-on-september-2-2026-22c,Will the highest temperature in Helsinki be 22°C on September 2?,"[""Yes"", ""No""]","[""0.055"", ""0.945""]",135.558629,1,20.8,19.5,18.6,0.627
1788224338.8,Highest temperature in Helsinki on September 2?,Helsinki,2026-09-02,4018525,highest-temperature-in-helsinki-on-september-2-2026-23c,Will the highest temperature in Helsinki be 23°C on September 2?,"[""Yes"", ""No""]","[""0.03"", ""0.97""]",188.439351,1,20.8,19.5,18.6,0.627
1788224338.8,Highest temperature in Helsinki on September 2?,Helsinki,2026-09-02,4018526,highest-temperature-in-helsinki-on-september-2-2026-24corhigher,Will the highest temperature in Helsinki be 24°C or higher on September 2?,"[""Yes"", ""No""]","[""0.011"", ""0.989""]",142.902004,1,20.8,19.5,18.6,0.627
1788224338.8,Highest temperature in Kuala Lumpur on September 2?,Kuala Lumpur,2026-09-02,4018527,highest-temperature-in-kuala-lumpur-on-september-2-2026-29corbelow,Will the highest temperature in Kuala Lumpur be 29°C or below on September 2?,"[""Yes"", ""No""]","[""0.0155"", ""0.9845""]",49.4855,1,34.3,33.1,33.8,0.812
1788224338.8,Highest temperature in Kuala Lumpur on September 2?,Kuala Lumpur,2026-09-02,4018528,highest-temperature-in-kuala-lumpur-on-september-2-2026-30c,Will the highest temperature in Kuala Lumpur be 30°C on September 2?,"[""Yes"", ""No""]","[""0.021"", ""0.979""]",348.15339100000006,1,34.3,33.1,33.8,0.812
1788224338.8,Highest temperature in Kuala Lumpur on September 2?,Kuala Lumpur,2026-09-02,4018529,highest-temperature-in-kuala-lumpur-on-september-2-2026-31c,Will the highest temperature in Kuala Lumpur be 31°C on September 2?,"[""Yes"", ""No""]","[""0.025"", ""0.975""]",380.52684,1,34.3,33.1,33.8,0.812
1788224338.8,Highest temperature in Kuala Lumpur on September 2?,Kuala Lumpur,2026-09-02,4018530,highest-temperature-in-kuala-lumpur-on-september-2-2026-32c,Will the highest temperature in Kuala Lumpur be 32°C on September 2?,"[""Yes"", ""No""]","[""0.085"", ""0.915""]",283.53094699999997,1,34.3,33.1,33.8,0.812
1788224338.8,Highest temperature in Kuala Lumpur on September 2?,Kuala Lumpur,2026-09-02,4018531,highest-temperature-in-kuala-lumpur-on-september-2-2026-33c,Will the highest temperature in Kuala Lumpur be 33°C on September 2?,"[""Yes"", ""No""]","[""0.405"", ""0.595""]",490.182234,1,34.3,33.1,33.8,0.812
1788224338.8,Highest temperature in Kuala Lumpur on September 2?,Kuala Lumpur,2026-09-02,4018532,highest-temperature-in-kuala-lumpur-on-september-2-2026-34c,Will the highest temperature in Kuala Lumpur be 34°C on September 2?,"[""Yes"", ""No""]","[""0.405"", ""0.595""]",395.215815,1,34.3,33.1,33.8,0.812
1788224338.8,Highest temperature in Kuala Lumpur on September 2?,Kuala Lumpur,2026-09-02,4018533,highest-temperature-in-kuala-lumpur-on-september-2-2026-35c,Will the highest temperature in Kuala Lumpur be 35°C on September 2?,"[""Yes"", ""No""]","[""0.045"", ""0.955""]",7809.940715,1,34.3,33.1,33.8,0.812
1788224338.8,Highest temperature in Kuala Lumpur on September 2?,Kuala Lumpur,2026-09-02,4018534,highest-temperature-in-kuala-lumpur-on-september-2-2026-36c,Will the highest temperature in Kuala Lumpur be 36°C on September 2?,"[""Yes"", ""No""]","[""0.015"", ""0.985""]",187.41414999999998,1,34.3,33.1,33.8,0.812
1788224338.8,Highest temperature in Kuala Lumpur on September 2?,Kuala Lumpur,2026-09-02,4018535,highest-temperature-in-kuala-lumpur-on-september-2-2026-37c,Will the highest temperature in Kuala Lumpur be 37°C on September 2?,"[""Yes"", ""No""]","[""0.002"", ""0.998""]",114.10799999999999,1,34.3,33.1,33.8,0.812
1788224338.8,Highest temperature in Kuala Lumpur on September 2?,Kuala Lumpur,2026-09-02,4018536,highest-temperature-in-kuala-lumpur-on-september-2-2026-38c,Will the highest temperature in Kuala Lumpur be 38°C on September 2?,"[""Yes"", ""No""]","[""0.0015"", ""0.9985""]",37.012,1,34.3,33.1,33.8,0.812
1788224338.8,Highest temperature in Kuala Lumpur on September 2?,Kuala Lumpur,2026-09-02,4018537,highest-temperature-in-kuala-lumpur-on-september-2-2026-39corhigher,Will the highest temperature in Kuala Lumpur be 39°C or higher on September 2?,"[""Yes"", ""No""]","[""0.001"", ""0.999""]",489.306,1,34.3,33.1,33.8,0.812
1788224338.8,Highest temperature in Jeddah on September 2?,Jeddah,2026-09-02,4018538,highest-temperature-in-jeddah-on-september-2-2026-30corbelow,Will the highest temperature in Jeddah be 30°C or below on September 2?,"[""Yes"", ""No""]","[""0.0025"", ""0.9975""]",360.9155,1,36.4,38.0,37.5,0.566
1788224338.8,Highest temperature in Jeddah on September 2?,Jeddah,2026-09-02,4018539,highest-temperature-in-jeddah-on-september-2-2026-31c,Will the highest temperature in Jeddah be 31°C on September 2?,"[""Yes"", ""No""]","[""0.0025"", ""0.9975""]",352.916,1,36.4,38.0,37.5,0.566
1788224338.8,Highest temperature in Jeddah on September 2?,Jeddah,2026-09-02,4018540,highest-temperature-in-jeddah-on-september-2-2026-32c,Will the highest temperature in Jeddah be 32°C on September 2?,"[""Yes"", ""No""]","[""0.0025"", ""0.9975""]",352.92199999999997,1,36.4,38.0,37.5,0.566
1788224338.8,Highest temperature in Jeddah on September 2?,Jeddah,2026-09-02,4018541,highest-temperature-in-jeddah-on-september-2-2026-33c,Will the highest temperature in Jeddah be 33°C on September 2?,"[""Yes"", ""No""]","[""0.01"", ""0.99""]",191.297891,1,36.4,38.0,37.5,0.566
1788224338.8,Highest temperature in Jeddah on September 2?,Jeddah,2026-09-02,4018542,highest-temperature-in-jeddah-on-september-2-2026-34c,Will the highest temperature in Jeddah be 34°C on September 2?,"[""Yes"", ""No""]","[""0.04"", ""0.96""]",221.00157299999998,1,36.4,38.0,37.5,0.566
1788224338.8,Highest temperature in Jeddah on September 2?,Jeddah,2026-09-02,4018543,highest-temperature-in-jeddah-on-september-2-2026-35c,Will the highest temperature in Jeddah be 35°C on September 2?,"[""Yes"", ""No""]","[""0.0155"", ""0.9845""]",70.4574,1,36.4,38.0,37.5,0.566
1788224338.8,Highest temperature in Jeddah on September 2?,Jeddah,2026-09-02,4018544,highest-temperature-in-jeddah-on-september-2-2026-36c,Will the highest temperature in Jeddah be 36°C on September 2?,"[""Yes"", ""No""]","[""0.13"", ""0.87""]",88.23562199999999,1,36.4,38.0,37.5,0.566
1788224338.8,Highest temperature in Jeddah on September 2?,Jeddah,2026-09-02,4018545,highest-temperature-in-jeddah-on-september-2-2026-37c,Will the highest temperature in Jeddah be 37°C on September 2?,"[""Yes"", ""No""]","[""0.315"", ""0.685""]",145.81857,1,36.4,38.0,37.5,0.566
1788224338.8,Highest temperature in Jeddah on September 2?,Jeddah,2026-09-02,4018546,highest-temperature-in-jeddah-on-september-2-2026-38c,Will the highest temperature in Jeddah be 38°C on September 2?,"[""Yes"", ""No""]","[""0.385"", ""0.615""]",150.40246299999998,1,36.4,38.0,37.5,0.566
1788224338.8,Highest temperature in Jeddah on September 2?,Jeddah,2026-09-02,4018547,highest-temperature-in-jeddah-on-september-2-2026-39c,Will the highest temperature in Jeddah be 39°C on September 2?,"[""Yes"", ""No""]","[""0.16"", ""0.84""]",221.26229900000004,1,36.4,38.0,37.5,0.566
1788224338.8,Highest temperature in Jeddah on September 2?,Jeddah,2026-09-02,4018548,highest-temperature-in-jeddah-on-september-2-2026-40corhigher,Will the highest temperature in Jeddah be 40°C or higher on September 2?,"[""Yes"", ""No""]","[""0.04"", ""0.96""]",89.571883,1,36.4,38.0,37.5,0.566
1788224338.8,Highest temperature in Cape Town on September 2?,Cape Town,2026-09-02,4018549,highest-temperature-in-cape-town-on-september-2-2026-15corbelow,Will the highest temperature in Cape Town be 15°C or below on September 2?,"[""Yes"", ""No""]","[""0.0105"", ""0.9895""]",106.5048,1,20.2,19.1,19.1,0.492
1788224338.8,Highest temperature in Cape Town on September 2?,Cape Town,2026-09-02,4018550,highest-temperature-in-cape-town-on-september-2-2026-16c,Will the highest temperature in Cape Town be 16°C on September 2?,"[""Yes"", ""No""]","[""0.035"", ""0.965""]",44.229150000000004,1,20.2,19.1,19.1,0.492
1788224338.8,Highest temperature in Cape Town on September 2?,Cape Town,2026-09-02,4018551,highest-temperature-in-cape-town-on-september-2-2026-17c,Will the highest temperature in Cape Town be 17°C on September 2?,"[""Yes"", ""No""]","[""0.035"", ""0.965""]",71.158116,1,20.2,19.1,19.1,0.492
1788224338.8,Highest temperature in Cape Town on September 2?,Cape Town,2026-09-02,4018552,highest-temperature-in-cape-town-on-september-2-2026-18c,Will the highest temperature in Cape Town be 18°C on September 2?,"[""Yes"", ""No""]","[""0.13"", ""0.87""]",59.399487,1,20.2,19.1,19.1,0.492
1788224338.8,Highest temperature in Cape Town on September 2?,Cape Town,2026-09-02,4018553,highest-temperature-in-cape-town-on-september-2-2026-19c,Will the highest temperature in Cape Town be 19°C on September 2?,"[""Yes"", ""No""]","[""0.44"", ""0.56""]",110.03648500000001,1,20.2,19.1,19.1,0.492
1788224338.8,Highest temperature in Cape Town on September 2?,Cape Town,2026-09-02,4018554,highest-temperature-in-cape-town-on-september-2-2026-20c,Will the highest temperature in Cape Town be 20°C on September 2?,"[""Yes"", ""No""]","[""0.36"", ""0.64""]",85.653845,1,20.2,19.1,19.1,0.492
1788224338.8,Highest temperature in Cape Town on September 2?,Cape Town,2026-09-02,4018555,highest-temperature-in-cape-town-on-september-2-2026-21c,Will the highest temperature in Cape Town be 21°C on September 2?,"[""Yes"", ""No""]","[""0.07"", ""0.93""]",192.053243,1,20.2,19.1,19.1,0.492
1788224338.8,Highest temperature in Cape Town on September 2?,Cape Town,2026-09-02,4018556,highest-temperature-in-cape-town-on-september-2-2026-22c,Will the highest temperature in Cape Town be 22°C on September 2?,"[""Yes"", ""No""]","[""0.03"", ""0.97""]",62.138600000000004,1,20.2,19.1,19.1,0.492
1788224338.8,Highest temperature in Cape Town on September 2?,Cape Town,2026-09-02,4018557,highest-temperature-in-cape-town-on-september-2-2026-23c,Will the highest temperature in Cape Town be 23°C on September 2?,"[""Yes"", ""No""]","[""0.0035"", ""0.9965""]",106.002004,1,20.2,19.1,19.1,0.492
1788224338.8,Highest temperature in Cape Town on September 2?,Cape Town,2026-09-02,4018558,highest-temperature-in-cape-town-on-september-2-2026-24c,Will the highest temperature in Cape Town be 24°C on September 2?,"[""Yes"", ""No""]","[""0.002"", ""0.998""]",211.21099999999998,1,20.2,19.1,19.1,0.492
1788224338.8,Highest temperature in Cape Town on September 2?,Cape Town,2026-09-02,4018559,highest-temperature-in-cape-town-on-september-2-2026-25corhigher,Will the highest temperature in Cape Town be 25°C or higher on September 2?,"[""Yes"", ""No""]","[""0.002"", ""0.998""]",406.005,1,20.2,19.1,19.1,0.492
1788224338.8,Highest temperature in Guangzhou on September 2?,Guangzhou,2026-09-02,4018560,highest-temperature-in-guangzhou-on-september-2-2026-25corbelow,Will the highest temperature in Guangzhou be 25°C or below on September 2?,"[""Yes"", ""No""]","[""0.0005"", ""0.9995""]",318.991,1,29.3,31.1,29.0,1.573
1788224338.8,Highest temperature in Guangzhou on September 2?,Guangzhou,2026-09-02,4018561,highest-temperature-in-guangzhou-on-september-2-2026-26c,Will the highest temperature in Guangzhou be 26°C on September 2?,"[""Yes"", ""No""]","[""0.0115"", ""0.9885""]",171.492,1,29.3,31.1,29.0,1.573
1788224338.8,Highest temperature in Guangzhou on September 2?,Guangzhou,2026-09-02,4018562,highest-temperature-in-guangzhou-on-september-2-2026-27c,Will the highest temperature in Guangzhou be 27°C on September 2?,"[""Yes"", ""No""]","[""0.025"", ""0.975""]",22,1,29.3,31.1,29.0,1.573
1788224338.8,Highest temperature in Guangzhou on September 2?,Guangzhou,2026-09-02,4018563,highest-temperature-in-guangzhou-on-september-2-2026-28c,Will the highest temperature in Guangzhou be 28°C on September 2?,"[""Yes"", ""No""]","[""0.12"", ""0.88""]",271.4854,1,29.3,31.1,29.0,1.573
1788224338.8,Highest temperature in Guangzhou on September 2?,Guangzhou,2026-09-02,4018564,highest-temperature-in-guangzhou-on-september-2-2026-29c,Will the highest temperature in Guangzhou be 29°C on September 2?,"[""Yes"", ""No""]","[""0.225"", ""0.775""]",302.489009,1,29.3,31.1,29.0,1.573
1788224338.8,Highest temperature in Guangzhou on September 2?,Guangzhou,2026-09-02,4018565,highest-temperature-in-guangzhou-on-september-2-2026-30c,Will the highest temperature in Guangzhou be 30°C on September 2?,"[""Yes"", ""No""]","[""0.23"", ""0.77""]",367.468385,1,29.3,31.1,29.0,1.573
1788224338.8,Highest temperature in Guangzhou on September 2?,Guangzhou,2026-09-02,4018566,highest-temperature-in-guangzhou-on-september-2-2026-31c,Will the highest temperature in Guangzhou be 31°C on September 2?,"[""Yes"", ""No""]","[""0.135"", ""0.865""]",1243.310755,1,29.3,31.1,29.0,1.573
1788224338.8,Highest temperature in Guangzhou on September 2?,Guangzhou,2026-09-02,4018567,highest-temperature-in-guangzhou-on-september-2-2026-32c,Will the highest temperature in Guangzhou be 32°C on September 2?,"[""Yes"", ""No""]","[""0.075"", ""0.925""]",664.118161,1,29.3,31.1,29.0,1.573
1788224338.8,Highest temperature in Guangzhou on September 2?,Guangzhou,2026-09-02,4018568,highest-temperature-in-guangzhou-on-september-2-2026-33c,Will the highest temperature in Guangzhou be 33°C on September 2?,"[""Yes"", ""No""]","[""0.055"", ""0.945""]",425.203675,1,29.3,31.1,29.0,1.573
1788224338.8,Highest temperature in Guangzhou on September 2?,Guangzhou,2026-09-02,4018569,highest-temperature-in-guangzhou-on-september-2-2026-34c,Will the highest temperature in Guangzhou be 34°C on September 2?,"[""Yes"", ""No""]","[""0.0115"", ""0.9885""]",964.5180939999999,1,29.3,31.1,29.0,1.573
1788224338.8,Highest temperature in Guangzhou on September 2?,Guangzhou,2026-09-02,4018570,highest-temperature-in-guangzhou-on-september-2-2026-35corhigher,Will the highest temperature in Guangzhou be 35°C or higher on September 2?,"[""Yes"", ""No""]","[""0.007"", ""0.993""]",114.30741600000002,1,29.3,31.1,29.0,1.573
1788224338.8,Highest temperature in Qingdao on September 2?,Qingdao,2026-09-02,4018571,highest-temperature-in-qingdao-on-september-2-2026-24corbelow,Will the highest temperature in Qingdao be 24°C or below on September 2?,"[""Yes"", ""No""]","[""0.006"", ""0.994""]",328.112,1,29.2,28.3,28.3,0.685
1788224338.8,Highest temperature in Qingdao on September 2?,Qingdao,2026-09-02,4018572,highest-temperature-in-qingdao-on-september-2-2026-25c,Will the highest temperature in Qingdao be 25°C on September 2?,"[""Yes"", ""No""]","[""0.0295"", ""0.9705""]",196.279925,1,29.2,28.3,28.3,0.685
1788224338.8,Highest temperature in Qingdao on September 2?,Qingdao,2026-09-02,4018573,highest-temperature-in-qingdao-on-september-2-2026-26c,Will the highest temperature in Qingdao be 26°C on September 2?,"[""Yes"", ""No""]","[""0.035"", ""0.965""]",304.5439,1,29.2,28.3,28.3,0.685
1788224338.8,Highest temperature in Qingdao on September 2?,Qingdao,2026-09-02,4018574,highest-temperature-in-qingdao-on-september-2-2026-27c,Will the highest temperature in Qingdao be 27°C on September 2?,"[""Yes"", ""No""]","[""0.055"", ""0.945""]",57.153,1,29.2,28.3,28.3,0.685
1788224338.8,Highest temperature in Qingdao on September 2?,Qingdao,2026-09-02,4018575,highest-temperature-in-qingdao-on-september-2-2026-28c,Will the highest temperature in Qingdao be 28°C on September 2?,"[""Yes"", ""No""]","[""0.17"", ""0.83""]",46.1,1,29.2,28.3,28.3,0.685
1788224338.8,Highest temperature in Qingdao on September 2?,Qingdao,2026-09-02,4018576,highest-temperature-in-qingdao-on-september-2-2026-29c,Will the highest temperature in Qingdao be 29°C on September 2?,"[""Yes"", ""No""]","[""0.4"", ""0.6""]",295.426444,1,29.2,28.3,28.3,0.685
1788224338.8,Highest temperature in Qingdao on September 2?,Qingdao,2026-09-02,4018577,highest-temperature-in-qingdao-on-september-2-2026-30c,Will the highest temperature in Qingdao be 30°C on September 2?,"[""Yes"", ""No""]","[""0.365"", ""0.635""]",590.7197870000001,1,29.2,28.3,28.3,0.685
1788224338.8,Highest temperature in Qingdao on September 2?,Qingdao,2026-09-02,4018578,highest-temperature-in-qingdao-on-september-2-2026-31c,Will the highest temperature in Qingdao be 31°C on September 2?,"[""Yes"", ""No""]","[""0.065"", ""0.93""]",61.168532,1,29.2,28.3,28.3,0.685
1788224338.8,Highest temperature in Qingdao on September 2?,Qingdao,2026-09-02,4018579,highest-temperature-in-qingdao-on-september-2-2026-32c,Will the highest temperature in Qingdao be 32°C on September 2?,"[""Yes"", ""No""]","[""0.05"", ""0.95""]",121.00155000000001,1,29.2,28.3,28.3,0.685
1788224338.8,Highest temperature in Qingdao on September 2?,Qingdao,2026-09-02,4018580,highest-temperature-in-qingdao-on-september-2-2026-33c,Will the highest temperature in Qingdao be 33°C on September 2?,"[""Yes"", ""No""]","[""0.02"", ""0.98""]",80.1006,1,29.2,28.3,28.3,0.685
1788224338.8,Highest temperature in Qingdao on September 2?,Qingdao,2026-09-02,4018581,highest-temperature-in-qingdao-on-september-2-2026-34corhigher,Will the highest temperature in Qingdao be 34°C or higher on September 2?,"[""Yes"", ""No""]","[""0.014"", ""0.986""]",789.1576,1,29.2,28.3,28.3,0.685
1788224338.8,Highest temperature in Karachi on September 2?,Karachi,2026-09-02,4018582,highest-temperature-in-karachi-on-september-2-2026-26corbelow,Will the highest temperature in Karachi be 26°C or below on September 2?,"[""Yes"", ""No""]","[""0.0105"", ""0.9895""]",361.99699999999996,1,31.0,31.3,30.8,0.958
1788224338.8,Highest temperature in Karachi on September 2?,Karachi,2026-09-02,4018583,highest-temperature-in-karachi-on-september-2-2026-27c,Will the highest temperature in Karachi be 27°C on September 2?,"[""Yes"", ""No""]","[""0.004"", ""0.996""]",215.396485,1,31.0,31.3,30.8,0.958
1788224338.8,Highest temperature in Karachi on September 2?,Karachi,2026-09-02,4018584,highest-temperature-in-karachi-on-september-2-2026-28c,Will the highest temperature in Karachi be 28°C on September 2?,"[""Yes"", ""No""]","[""0.0055"", ""0.9945""]",112.8175,1,31.0,31.3,30.8,0.958
1788224338.8,Highest temperature in Karachi on September 2?,Karachi,2026-09-02,4018585,highest-temperature-in-karachi-on-september-2-2026-29c,Will the highest temperature in Karachi be 29°C on September 2?,"[""Yes"", ""No""]","[""0.07"", ""0.93""]",45.08695,1,31.0,31.3,30.8,0.958
1788224338.8,Highest temperature in Karachi on September 2?,Karachi,2026-09-02,4018586,highest-temperature-in-karachi-on-september-2-2026-30c,Will the highest temperature in Karachi be 30°C on September 2?,"[""Yes"", ""No""]","[""0.26"", ""0.74""]",192.35127300000002,1,31.0,31.3,30.8,0.958
1788224338.8,Highest temperature in Karachi on September 2?,Karachi,2026-09-02,4018587,highest-temperature-in-karachi-on-september-2-2026-31c,Will the highest temperature in Karachi be 31°C on September 2?,"[""Yes"", ""No""]","[""0.535"", ""0.465""]",185.663359,1,31.0,31.3,30.8,0.958
1788224338.8,Highest temperature in Karachi on September 2?,Karachi,2026-09-02,4018588,highest-temperature-in-karachi-on-september-2-2026-32c,Will the highest temperature in Karachi be 32°C on September 2?,"[""Yes"", ""No""]","[""0.17"", ""0.83""]",198.129703,1,31.0,31.3,30.8,0.958
1788224338.8,Highest temperature in Karachi on September 2?,Karachi,2026-09-02,4018589,highest-temperature-in-karachi-on-september-2-2026-33c,Will the highest temperature in Karachi be 33°C on September 2?,"[""Yes"", ""No""]","[""0.025"", ""0.975""]",80.554599,1,31.0,31.3,30.8,0.958
1788224338.8,Highest temperature in Karachi on September 2?,Karachi,2026-09-02,4018590,highest-temperature-in-karachi-on-september-2-2026-34c,Will the highest temperature in Karachi be 34°C on September 2?,"[""Yes"", ""No""]","[""0.03"", ""0.97""]",46.988550000000004,1,31.0,31.3,30.8,0.958
1788224338.8,Highest temperature in Karachi on September 2?,Karachi,2026-09-02,4018591,highest-temperature-in-karachi-on-september-2-2026-35c,Will the highest temperature in Karachi be 35°C on September 2?,"[""Yes"", ""No""]","[""0.0025"", ""0.9975""]",98.921,1,31.0,31.3,30.8,0.958
1788224338.8,Highest temperature in Karachi on September 2?,Karachi,2026-09-02,4018592,highest-temperature-in-karachi-on-september-2-2026-36corhigher,Will the highest temperature in Karachi be 36°C or higher on September 2?,"[""Yes"", ""No""]","[""0.003"", ""0.997""]",91.991,1,31.0,31.3,30.8,0.958
1788224338.8,Highest temperature in Manila on September 2?,Manila,2026-09-02,4018593,highest-temperature-in-manila-on-september-2-2026-25corbelow,Will the highest temperature in Manila be 25°C or below on September 2?,"[""Yes"", ""No""]","[""0.0055"", ""0.9945""]",2242.807569,1,30.1,29.0,30.3,0.383
1788224338.8,Highest temperature in Manila on September 2?,Manila,2026-09-02,4018594,highest-temperature-in-manila-on-september-2-2026-26c,Will the highest temperature in Manila be 26°C on September 2?,"[""Yes"", ""No""]","[""0.0085"", ""0.9915""]",232.56799999999998,1,30.1,29.0,30.3,0.383
1788224338.8,Highest temperature in Manila on September 2?,Manila,2026-09-02,4018595,highest-temperature-in-manila-on-september-2-2026-27c,Will the highest temperature in Manila be 27°C on September 2?,"[""Yes"", ""No""]","[""0.0085"", ""0.9915""]",436.779937,1,30.1,29.0,30.3,0.383
1788224338.8,Highest temperature in Manila on September 2?,Manila,2026-09-02,4018596,highest-temperature-in-manila-on-september-2-2026-28c,Will the highest temperature in Manila be 28°C on September 2?,"[""Yes"", ""No""]","[""0.016"", ""0.984""]",108.809,1,30.1,29.0,30.3,0.383
1788224338.8,Highest temperature in Manila on September 2?,Manila,2026-09-02,4018597,highest-temperature-in-manila-on-september-2-2026-29c,Will the highest temperature in Manila be 29°C on September 2?,"[""Yes"", ""No""]","[""0.05"", ""0.95""]",40.45,1,30.1,29.0,30.3,0.383
1788224338.8,Highest temperature in Manila on September 2?,Manila,2026-09-02,4018598,highest-temperature-in-manila-on-september-2-2026-30c,Will the highest temperature in Manila be 30°C on September 2?,"[""Yes"", ""No""]","[""0.095"", ""0.905""]",195.236534,1,30.1,29.0,30.3,0.383
1788224338.8,Highest temperature in Manila on September 2?,Manila,2026-09-02,4018599,highest-temperature-in-manila-on-september-2-2026-31c,Will the highest temperature in Manila be 31°C on September 2?,"[""Yes"", ""No""]","[""0.155"", ""0.845""]",3422.1487619999994,1,30.1,29.0,30.3,0.383
1788224338.8,Highest temperature in Manila on September 2?,Manila,2026-09-02,4018600,highest-temperature-in-manila-on-september-2-2026-32c,Will the highest temperature in Manila be 32°C on September 2?,"[""Yes"", ""No""]","[""0.385"", ""0.615""]",389.78783999999996,1,30.1,29.0,30.3,0.383
1788224338.8,Highest temperature in Manila on September 2?,Manila,2026-09-02,4018601,highest-temperature-in-manila-on-september-2-2026-33c,Will the highest temperature in Manila be 33°C on September 2?,"[""Yes"", ""No""]","[""0.12"", ""0.88""]",145.681968,1,30.1,29.0,30.3,0.383
1788224338.8,Highest temperature in Manila on September 2?,Manila,2026-09-02,4018602,highest-temperature-in-manila-on-september-2-2026-34c,Will the highest temperature in Manila be 34°C on September 2?,"[""Yes"", ""No""]","[""0.0115"", ""0.9885""]",242.93256599999998,1,30.1,29.0,30.3,0.383
1788224338.8,Highest temperature in Manila on September 2?,Manila,2026-09-02,4018603,highest-temperature-in-manila-on-september-2-2026-35corhigher,Will the highest temperature in Manila be 35°C or higher on September 2?,"[""Yes"", ""No""]","[""0.0115"", ""0.9885""]",149.85890899999998,1,30.1,29.0,30.3,0.383
1788224338.8,Highest temperature in Dallas on September 2?,Dallas,2026-09-02,4020662,highest-temperature-in-dallas-on-september-2-2026-87forbelow,Will the highest temperature in Dallas be 87°F or below on September 2?,"[""Yes"", ""No""]","[""0.0055"", ""0.9945""]",102.46297999999999,1,32.4,37.4,36.9,2.525
1788224338.8,Highest temperature in Dallas on September 2?,Dallas,2026-09-02,4020663,highest-temperature-in-dallas-on-september-2-2026-88-89f,Will the highest temperature in Dallas be between 88-89°F on September 2?,"[""Yes"", ""No""]","[""0.025"", ""0.975""]",110.317866,1,32.4,37.4,36.9,2.525
1788224338.8,Highest temperature in Dallas on September 2?,Dallas,2026-09-02,4020664,highest-temperature-in-dallas-on-september-2-2026-90-91f,Will the highest temperature in Dallas be between 90-91°F on September 2?,"[""Yes"", ""No""]","[""0.115"", ""0.885""]",223.76,1,32.4,37.4,36.9,2.525
1788224338.8,Highest temperature in Dallas on September 2?,Dallas,2026-09-02,4020665,highest-temperature-in-dallas-on-september-2-2026-92-93f,Will the highest temperature in Dallas be between 92-93°F on September 2?,"[""Yes"", ""No""]","[""0.22"", ""0.78""]",271.408309,1,32.4,37.4,36.9,2.525
1788224338.8,Highest temperature in Dallas on September 2?,Dallas,2026-09-02,4020666,highest-temperature-in-dallas-on-september-2-2026-94-95f,Will the highest temperature in Dallas be between 94-95°F on September 2?,"[""Yes"", ""No""]","[""0.31"", ""0.69""]",846.686733,1,32.4,37.4,36.9,2.525
1788224338.8,Highest temperature in Dallas on September 2?,Dallas,2026-09-02,4020667,highest-temperature-in-dallas-on-september-2-2026-96-97f,Will the highest temperature in Dallas be between 96-97°F on September 2?,"[""Yes"", ""No""]","[""0.27"", ""0.73""]",209.60589500000003,1,32.4,37.4,36.9,2.525
1788224338.8,Highest temperature in Dallas on September 2?,Dallas,2026-09-02,4020668,highest-temperature-in-dallas-on-september-2-2026-98-99f,Will the highest temperature in Dallas be between 98-99°F on September 2?,"[""Yes"", ""No""]","[""0.13"", ""0.87""]",51.5,1,32.4,37.4,36.9,2.525
1788224338.8,Highest temperature in Dallas on September 2?,Dallas,2026-09-02,4020669,highest-temperature-in-dallas-on-september-2-2026-100-101f,Will the highest temperature in Dallas be between 100-101°F on September 2?,"[""Yes"", ""No""]","[""0.045"", ""0.955""]",46,1,32.4,37.4,36.9,2.525
1788224338.8,Highest temperature in Dallas on September 2?,Dallas,2026-09-02,4020670,highest-temperature-in-dallas-on-september-2-2026-102-103f,Will the highest temperature in Dallas be between 102-103°F on September 2?,"[""Yes"", ""No""]","[""0.021"", ""0.979""]",91.67609999999999,1,32.4,37.4,36.9,2.525
1788224338.8,Highest temperature in Dallas on September 2?,Dallas,2026-09-02,4020671,highest-temperature-in-dallas-on-september-2-2026-104-105f,Will the highest temperature in Dallas be between 104-105°F on September 2?,"[""Yes"", ""No""]","[""0.0185"", ""0.9815""]",34.9985,1,32.4,37.4,36.9,2.525
1788224338.8,Highest temperature in Dallas on September 2?,Dallas,2026-09-02,4020672,highest-temperature-in-dallas-on-september-2-2026-106forhigher,Will the highest temperature in Dallas be 106°F or higher on September 2?,"[""Yes"", ""No""]","[""0.0025"", ""0.9975""]",254.995,1,32.4,37.4,36.9,2.525
1788224338.8,Highest temperature in Miami on September 2?,Miami,2026-09-02,4020673,highest-temperature-in-miami-on-september-2-2026-81forbelow,Will the highest temperature in Miami be 81°F or below on September 2?,"[""Yes"", ""No""]","[""0.0015"", ""0.9985""]",184.454,1,31.8,30.5,32.4,0.486
1788224338.8,Highest temperature in Miami on September 2?,Miami,2026-09-02,4020674,highest-temperature-in-miami-on-september-2-2026-82-83f,Will the highest temperature in Miami be between 82-83°F on September 2?,"[""Yes"", ""No""]","[""0.01"", ""0.99""]",74.51995,1,31.8,30.5,32.4,0.486
1788224338.8,Highest temperature in Miami on September 2?,Miami,2026-09-02,4020675,highest-temperature-in-miami-on-september-2-2026-84-85f,Will the highest temperature in Miami be between 84-85°F on September 2?,"[""Yes"", ""No""]","[""0.02"", ""0.98""]",127.480366,1,31.8,30.5,32.4,0.486
1788224338.8,Highest temperature in Miami on September 2?,Miami,2026-09-02,4020676,highest-temperature-in-miami-on-september-2-2026-86-87f,Will the highest temperature in Miami be between 86-87°F on September 2?,"[""Yes"", ""No""]","[""0.035"", ""0.965""]",30.303166,1,31.8,30.5,32.4,0.486
1788224338.8,Highest temperature in Miami on September 2?,Miami,2026-09-02,4020677,highest-temperature-in-miami-on-september-2-2026-88-89f,Will the highest temperature in Miami be between 88-89°F on September 2?,"[""Yes"", ""No""]","[""0.13"", ""0.87""]",407.611261,1,31.8,30.5,32.4,0.486
1788224338.8,Highest temperature in Miami on September 2?,Miami,2026-09-02,4020678,highest-temperature-in-miami-on-september-2-2026-90-91f,Will the highest temperature in Miami be between 90-91°F on September 2?,"[""Yes"", ""No""]","[""0.5"", ""0.5""]",368.709149,1,31.8,30.5,32.4,0.486
1788224338.8,Highest temperature in Miami on September 2?,Miami,2026-09-02,4020679,highest-temperature-in-miami-on-september-2-2026-92-93f,Will the highest temperature in Miami be between 92-93°F on September 2?,"[""Yes"", ""No""]","[""0.3"", ""0.7""]",1405.7115840000001,1,31.8,30.5,32.4,0.486
1788224338.8,Highest temperature in Miami on September 2?,Miami,2026-09-02,4020680,highest-temperature-in-miami-on-september-2-2026-94-95f,Will the highest temperature in Miami be between 94-95°F on September 2?,"[""Yes"", ""No""]","[""0.06"", ""0.94""]",62.089562,1,31.8,30.5,32.4,0.486
1788224338.8,Highest temperature in Miami on September 2?,Miami,2026-09-02,4020681,highest-temperature-in-miami-on-september-2-2026-96-97f,Will the highest temperature in Miami be between 96-97°F on September 2?,"[""Yes"", ""No""]","[""0.01"", ""0.99""]",81.54635999999999,1,31.8,30.5,32.4,0.486
1788224338.8,Highest temperature in Miami on September 2?,Miami,2026-09-02,4020682,highest-temperature-in-miami-on-september-2-2026-98-99f,Will the highest temperature in Miami be between 98-99°F on September 2?,"[""Yes"", ""No""]","[""0.002"", ""0.998""]",157.381406,1,31.8,30.5,32.4,0.486
1788224338.8,Highest temperature in Miami on September 2?,Miami,2026-09-02,4020683,highest-temperature-in-miami-on-september-2-2026-100forhigher,Will the highest temperature in Miami be 100°F or higher on September 2?,"[""Yes"", ""No""]","[""0.0025"", ""0.9975""]",390.01,1,31.8,30.5,32.4,0.486
1788224338.8,Highest temperature in NYC on September 2?,NYC,2026-09-02,4021605,highest-temperature-in-nyc-on-september-2-2026-69forbelow,Will the highest temperature in New York City be 69°F or below on September 2?,"[""Yes"", ""No""]","[""0.01"", ""0.99""]",80,1,24.9,25.2,23.8,1.353
1788224338.8,Highest temperature in NYC on September 2?,NYC,2026-09-02,4021606,highest-temperature-in-nyc-on-september-2-2026-70-71f,Will the highest temperature in New York City be between 70-71°F on September 2?,"[""Yes"", ""No""]","[""0.08"", ""0.92""]",82.88153299999999,1,24.9,25.2,23.8,1.353
1788224338.8,Highest temperature in NYC on September 2?,NYC,2026-09-02,4021607,highest-temperature-in-nyc-on-september-2-2026-72-73f,Will the highest temperature in New York City be between 72-73°F on September 2?,"[""Yes"", ""No""]","[""0.215"", ""0.785""]",50.219942,1,24.9,25.2,23.8,1.353
1788224338.8,Highest temperature in NYC on September 2?,NYC,2026-09-02,4021608,highest-temperature-in-nyc-on-september-2-2026-74-75f,Will the highest temperature in New York City be between 74-75°F on September 2?,"[""Yes"", ""No""]","[""0.31"", ""0.69""]",25.64968,1,24.9,25.2,23.8,1.353
1788224338.8,Highest temperature in NYC on September 2?,NYC,2026-09-02,4021609,highest-temperature-in-nyc-on-september-2-2026-76-77f,Will the highest temperature in New York City be between 76-77°F on September 2?,"[""Yes"", ""No""]","[""0.305"", ""0.695""]",89.609123,1,24.9,25.2,23.8,1.353
1788224338.8,Highest temperature in NYC on September 2?,NYC,2026-09-02,4021610,highest-temperature-in-nyc-on-september-2-2026-78-79f,Will the highest temperature in New York City be between 78-79°F on September 2?,"[""Yes"", ""No""]","[""0.08"", ""0.92""]",55.218946,1,24.9,25.2,23.8,1.353
1788224338.8,Highest temperature in NYC on September 2?,NYC,2026-09-02,4021611,highest-temperature-in-nyc-on-september-2-2026-80-81f,Will the highest temperature in New York City be between 80-81°F on September 2?,"[""Yes"", ""No""]","[""0.075"", ""0.925""]",75.06684,1,24.9,25.2,23.8,1.353
1788224338.8,Highest temperature in NYC on September 2?,NYC,2026-09-02,4021612,highest-temperature-in-nyc-on-september-2-2026-82-83f,Will the highest temperature in New York City be between 82-83°F on September 2?,"[""Yes"", ""No""]","[""0.055"", ""0.945""]",32.704049999999995,1,24.9,25.2,23.8,1.353
1788224338.8,Highest temperature in NYC on September 2?,NYC,2026-09-02,4021613,highest-temperature-in-nyc-on-september-2-2026-84-85f,Will the highest temperature in New York City be between 84-85°F on September 2?,"[""Yes"", ""No""]","[""0.0055"", ""0.9945""]",149.191,1,24.9,25.2,23.8,1.353
1788224338.8,Highest temperature in NYC on September 2?,NYC,2026-09-02,4021614,highest-temperature-in-nyc-on-september-2-2026-86-87f,Will the highest temperature in New York City be between 86-87°F on September 2?,"[""Yes"", ""No""]","[""0.0025"", ""0.9975""]",336.164888,1,24.9,25.2,23.8,1.353
1788224338.8,Highest temperature in NYC on September 2?,NYC,2026-09-02,4021615,highest-temperature-in-nyc-on-september-2-2026-88forhigher,Will the highest temperature in New York City be 88°F or higher on September 2?,"[""Yes"", ""No""]","[""0.0025"", ""0.9975""]",313.999,1,24.9,25.2,23.8,1.353
1788224338.8,Highest temperature in Atlanta on September 2?,Atlanta,2026-09-02,4021616,highest-temperature-in-atlanta-on-september-2-2026-85forbelow,Will the highest temperature in Atlanta be 85°F or below on September 2?,"[""Yes"", ""No""]","[""0.0025"", ""0.9975""]",275.277,1,36.6,36.4,35.2,1.009
1788224338.8,Highest temperature in Atlanta on September 2?,Atlanta,2026-09-02,4021617,highest-temperature-in-atlanta-on-september-2-2026-86-87f,Will the highest temperature in Atlanta be between 86-87°F on September 2?,"[""Yes"", ""No""]","[""0.003"", ""0.997""]",28.683999999999997,1,36.6,36.4,35.2,1.009
1788224338.8,Highest temperature in Atlanta on September 2?,Atlanta,2026-09-02,4021618,highest-temperature-in-atlanta-on-september-2-2026-88-89f,Will the highest temperature in Atlanta be between 88-89°F on September 2?,"[""Yes"", ""No""]","[""0.01"", ""0.99""]",126.684733,1,36.6,36.4,35.2,1.009
1788224338.8,Highest temperature in Atlanta on September 2?,Atlanta,2026-09-02,4021619,highest-temperature-in-atlanta-on-september-2-2026-90-91f,Will the highest temperature in Atlanta be between 90-91°F on September 2?,"[""Yes"", ""No""]","[""0.015"", ""0.985""]",83.67,1,36.6,36.4,35.2,1.009
1788224338.8,Highest temperature in Atlanta on September 2?,Atlanta,2026-09-02,4021620,highest-temperature-in-atlanta-on-september-2-2026-92-93f,Will the highest temperature in Atlanta be between 92-93°F on September 2?,"[""Yes"", ""No""]","[""0.065"", ""0.935""]",8,1,36.6,36.4,35.2,1.009
1788224338.8,Highest temperature in Atlanta on September 2?,Atlanta,2026-09-02,4021621,highest-temperature-in-atlanta-on-september-2-2026-94-95f,Will the highest temperature in Atlanta be between 94-95°F on September 2?,"[""Yes"", ""No""]","[""0.225"", ""0.775""]",142.876495,1,36.6,36.4,35.2,1.009
1788224338.8,Highest temperature in Atlanta on September 2?,Atlanta,2026-09-02,4021622,highest-temperature-in-atlanta-on-september-2-2026-96-97f,Will the highest temperature in Atlanta be between 96-97°F on September 2?,"[""Yes"", ""No""]","[""0.435"", ""0.565""]",78.68456499999999,1,36.6,36.4,35.2,1.009
1788224338.8,Highest temperature in Atlanta on September 2?,Atlanta,2026-09-02,4021623,highest-temperature-in-atlanta-on-september-2-2026-98-99f,Will the highest temperature in Atlanta be between 98-99°F on September 2?,"[""Yes"", ""No""]","[""0.295"", ""0.705""]",386.11833199999995,1,36.6,36.4,35.2,1.009
1788224338.8,Highest temperature in Atlanta on September 2?,Atlanta,2026-09-02,4021624,highest-temperature-in-atlanta-on-september-2-2026-100-101f,Will the highest temperature in Atlanta be between 100-101°F on September 2?,"[""Yes"", ""No""]","[""0.105"", ""0.895""]",31.279027999999997,1,36.6,36.4,35.2,1.009
1788224338.8,Highest temperature in Atlanta on September 2?,Atlanta,2026-09-02,4021625,highest-temperature-in-atlanta-on-september-2-2026-102-103f,Will the highest temperature in Atlanta be between 102-103°F on September 2?,"[""Yes"", ""No""]","[""0.003"", ""0.997""]",36.6,1,36.6,36.4,35.2,1.009
1788224338.8,Highest temperature in Atlanta on September 2?,Atlanta,2026-09-02,4021626,highest-temperature-in-atlanta-on-september-2-2026-104forhigher,Will the highest temperature in Atlanta be 104°F or higher on September 2?,"[""Yes"", ""No""]","[""0.0025"", ""0.9975""]",205.69641499999997,1,36.6,36.4,35.2,1.009
1788224338.8,Highest temperature in Chicago on September 2?,Chicago,2026-09-02,4021627,highest-temperature-in-chicago-on-september-2-2026-83forbelow,Will the highest temperature in Chicago be 83°F or below on September 2?,"[""Yes"", ""No""]","[""0.0005"", ""0.9995""]",172.167,1,35.3,33.4,35.6,0.938
1788224338.8,Highest temperature in Chicago on September 2?,Chicago,2026-09-02,4021628,highest-temperature-in-chicago-on-september-2-2026-84-85f,Will the highest temperature in Chicago be between 84-85°F on September 2?,"[""Yes"", ""No""]","[""0.0015"", ""0.9985""]",229.013,1,35.3,33.4,35.6,0.938
1788224338.8,Highest temperature in Chicago on September 2?,Chicago,2026-09-02,4021629,highest-temperature-in-chicago-on-september-2-2026-86-87f,Will the highest temperature in Chicago be between 86-87°F on September 2?,"[""Yes"", ""No""]","[""0.015"", ""0.985""]",295.98977,1,35.3,33.4,35.6,0.938
1788224338.8,Highest temperature in Chicago on September 2?,Chicago,2026-09-02,4021630,highest-temperature-in-chicago-on-september-2-2026-88-89f,Will the highest temperature in Chicago be between 88-89°F on September 2?,"[""Yes"", ""No""]","[""0.04"", ""0.96""]",317.188085,1,35.3,33.4,35.6,0.938
1788224338.8,Highest temperature in Chicago on September 2?,Chicago,2026-09-02,4021631,highest-temperature-in-chicago-on-september-2-2026-90-91f,Will the highest temperature in Chicago be between 90-91°F on September 2?,"[""Yes"", ""No""]","[""0.185"", ""0.815""]",36.255807000000004,1,35.3,33.4,35.6,0.938
1788224338.8,Highest temperature in Chicago on September 2?,Chicago,2026-09-02,4021632,highest-temperature-in-chicago-on-september-2-2026-92-93f,Will the highest temperature in Chicago be between 92-93°F on September 2?,"[""Yes"", ""No""]","[""0.42"", ""0.58""]",120.800398,1,35.3,33.4,35.6,0.938
1788224338.8,Highest temperature in Chicago on September 2?,Chicago,2026-09-02,4021633,highest-temperature-in-chicago-on-september-2-2026-94-95f,Will the highest temperature in Chicago be between 94-95°F on September 2?,"[""Yes"", ""No""]","[""0.28"", ""0.72""]",263.4082440000001,1,35.3,33.4,35.6,0.938
1788224338.8,Highest temperature in Chicago on September 2?,Chicago,2026-09-02,4021634,highest-temperature-in-chicago-on-september-2-2026-96-97f,Will the highest temperature in Chicago be between 96-97°F on September 2?,"[""Yes"", ""No""]","[""0.075"", ""0.925""]",57.72,1,35.3,33.4,35.6,0.938
1788224338.8,Highest temperature in Chicago on September 2?,Chicago,2026-09-02,4021635,highest-temperature-in-chicago-on-september-2-2026-98-99f,Will the highest temperature in Chicago be between 98-99°F on September 2?,"[""Yes"", ""No""]","[""0.018"", ""0.982""]",194.183399,1,35.3,33.4,35.6,0.938
1788224338.8,Highest temperature in Chicago on September 2?,Chicago,2026-09-02,4021636,highest-temperature-in-chicago-on-september-2-2026-100-101f,Will the highest temperature in Chicago be between 100-101°F on September 2?,"[""Yes"", ""No""]","[""0.0055"", ""0.9945""]",60,1,35.3,33.4,35.6,0.938
1788224338.8,Highest temperature in Chicago on September 2?,Chicago,2026-09-02,4021637,highest-temperature-in-chicago-on-september-2-2026-102forhigher,Will the highest temperature in Chicago be 102°F or higher on September 2?,"[""Yes"", ""No""]","[""0.003"", ""0.997""]",146.111,1,35.3,33.4,35.6,0.938
1788224338.8,Highest temperature in Austin on September 2?,Austin,2026-09-02,4021638,highest-temperature-in-austin-on-september-2-2026-87forbelow,Will the highest temperature in Austin be 87°F or below on September 2?,"[""Yes"", ""No""]","[""0.002"", ""0.998""]",490.99100000000004,1,38.4,38.0,37.2,1.379
1788224338.8,Highest temperature in Austin on September 2?,Austin,2026-09-02,4021639,highest-temperature-in-austin-on-september-2-2026-88-89f,Will the highest temperature in Austin be between 88-89°F on September 2?,"[""Yes"", ""No""]","[""0.002"", ""0.998""]",17.017,1,38.4,38.0,37.2,1.379
1788224338.8,Highest temperature in Austin on September 2?,Austin,2026-09-02,4021640,highest-temperature-in-austin-on-september-2-2026-90-91f,Will the highest temperature in Austin be between 90-91°F on September 2?,"[""Yes"", ""No""]","[""0.0205"", ""0.9795""]",25,1,38.4,38.0,37.2,1.379
1788224338.8,Highest temperature in Austin on September 2?,Austin,2026-09-02,4021641,highest-temperature-in-austin-on-september-2-2026-92-93f,Will the highest temperature in Austin be between 92-93°F on September 2?,"[""Yes"", ""No""]","[""0.045"", ""0.955""]",26,1,38.4,38.0,37.2,1.379
1788224338.8,Highest temperature in Austin on September 2?,Austin,2026-09-02,4021642,highest-temperature-in-austin-on-september-2-2026-94-95f,Will the highest temperature in Austin be between 94-95°F on September 2?,"[""Yes"", ""No""]","[""0.065"", ""0.935""]",101,1,38.4,38.0,37.2,1.379
1788224338.8,Highest temperature in Austin on September 2?,Austin,2026-09-02,4021643,highest-temperature-in-austin-on-september-2-2026-96-97f,Will the highest temperature in Austin be between 96-97°F on September 2?,"[""Yes"", ""No""]","[""0.275"", ""0.725""]",12.87359,1,38.4,38.0,37.2,1.379
1788224338.8,Highest temperature in Austin on September 2?,Austin,2026-09-02,4021644,highest-temperature-in-austin-on-september-2-2026-98-99f,Will the highest temperature in Austin be between 98-99°F on September 2?,"[""Yes"", ""No""]","[""0.41"", ""0.59""]",137.21,1,38.4,38.0,37.2,1.379
1788224338.8,Highest temperature in Austin on September 2?,Austin,2026-09-02,4021645,highest-temperature-in-austin-on-september-2-2026-100-101f,Will the highest temperature in Austin be between 100-101°F on September 2?,"[""Yes"", ""No""]","[""0.24"", ""0.76""]",26.648244999999996,1,38.4,38.0,37.2,1.379
1788224338.8,Highest temperature in Austin on September 2?,Austin,2026-09-02,4021646,highest-temperature-in-austin-on-september-2-2026-102-103f,Will the highest temperature in Austin be between 102-103°F on September 2?,"[""Yes"", ""No""]","[""0.075"", ""0.925""]",8,1,38.4,38.0,37.2,1.379
1788224338.8,Highest temperature in Austin on September 2?,Austin,2026-09-02,4021647,highest-temperature-in-austin-on-september-2-2026-104-105f,Will the highest temperature in Austin be between 104-105°F on September 2?,"[""Yes"", ""No""]","[""0.02"", ""0.98""]",14.985499999999998,1,38.4,38.0,37.2,1.379
1788224338.8,Highest temperature in Austin on September 2?,Austin,2026-09-02,4021648,highest-temperature-in-austin-on-september-2-2026-106forhigher,Will the highest temperature in Austin be 106°F or higher on September 2?,"[""Yes"", ""No""]","[""0.0205"", ""0.9795""]",36.245400000000004,1,38.4,38.0,37.2,1.379
1788224338.8,Highest temperature in Denver on September 2?,Denver,2026-09-02,4021649,highest-temperature-in-denver-on-september-2-2026-77forbelow,Will the highest temperature in Denver be 77°F or below on September 2?,"[""Yes"", ""No""]","[""0.0005"", ""0.9995""]",434.99100000000004,1,32.5,32.5,31.2,1.048
1788224338.8,Highest temperature in Denver on September 2?,Denver,2026-09-02,4021650,highest-temperature-in-denver-on-september-2-2026-78-79f,Will the highest temperature in Denver be between 78-79°F on September 2?,"[""Yes"", ""No""]","[""0.0065"", ""0.9935""]",116.99159999999999,1,32.5,32.5,31.2,1.048
1788224338.8,Highest temperature in Denver on September 2?,Denver,2026-09-02,4021651,highest-temperature-in-denver-on-september-2-2026-80-81f,Will the highest temperature in Denver be between 80-81°F on September 2?,"[""Yes"", ""No""]","[""0.006"", ""0.994""]",194.62446099999997,1,32.5,32.5,31.2,1.048
1788224338.8,Highest temperature in Denver on September 2?,Denver,2026-09-02,4021652,highest-temperature-in-denver-on-september-2-2026-82-83f,Will the highest temperature in Denver be between 82-83°F on September 2?,"[""Yes"", ""No""]","[""0.016"", ""0.984""]",99.99405,1,32.5,32.5,31.2,1.048
1788224338.8,Highest temperature in Denver on September 2?,Denver,2026-09-02,4021653,highest-temperature-in-denver-on-september-2-2026-84-85f,Will the highest temperature in Denver be between 84-85°F on September 2?,"[""Yes"", ""No""]","[""0.105"", ""0.895""]",203.06928299999998,1,32.5,32.5,31.2,1.048
1788224338.8,Highest temperature in Denver on September 2?,Denver,2026-09-02,4021654,highest-temperature-in-denver-on-september-2-2026-86-87f,Will the highest temperature in Denver be between 86-87°F on September 2?,"[""Yes"", ""No""]","[""0.165"", ""0.835""]",217.029333,1,32.5,32.5,31.2,1.048
1788224338.8,Highest temperature in Denver on September 2?,Denver,2026-09-02,4021655,highest-temperature-in-denver-on-september-2-2026-88-89f,Will the highest temperature in Denver be between 88-89°F on September 2?,"[""Yes"", ""No""]","[""0.28"", ""0.72""]",1649.810111,1,32.5,32.5,31.2,1.048
1788224338.8,Highest temperature in Denver on September 2?,Denver,2026-09-02,4021656,highest-temperature-in-denver-on-september-2-2026-90-91f,Will the highest temperature in Denver be between 90-91°F on September 2?,"[""Yes"", ""No""]","[""0.4"", ""0.6""]",322.714018,1,32.5,32.5,31.2,1.048
1788224338.8,Highest temperature in Denver on September 2?,Denver,2026-09-02,4021657,highest-temperature-in-denver-on-september-2-2026-92-93f,Will the highest temperature in Denver be between 92-93°F on September 2?,"[""Yes"", ""No""]","[""0.08"", ""0.92""]",263.428437,1,32.5,32.5,31.2,1.048
1788224338.8,Highest temperature in Denver on September 2?,Denver,2026-09-02,4021658,highest-temperature-in-denver-on-september-2-2026-94-95f,Will the highest temperature in Denver be between 94-95°F on September 2?,"[""Yes"", ""No""]","[""0.013"", ""0.987""]",174.425332,1,32.5,32.5,31.2,1.048
1788224338.8,Highest temperature in Denver on September 2?,Denver,2026-09-02,4021659,highest-temperature-in-denver-on-september-2-2026-96forhigher,Will the highest temperature in Denver be 96°F or higher on September 2?,"[""Yes"", ""No""]","[""0.005"", ""0.995""]",194.29275,1,32.5,32.5,31.2,1.048
1788224338.8,Highest temperature in Houston on September 2?,Houston,2026-09-02,4021660,highest-temperature-in-houston-on-september-2-2026-79forbelow,Will the highest temperature in Houston be 79°F or below on September 2?,"[""Yes"", ""No""]","[""0.0025"", ""0.9975""]",280.997,1,35.0,28.4,32.5,1.38
1788224338.8,Highest temperature in Houston on September 2?,Houston,2026-09-02,4021661,highest-temperature-in-houston-on-september-2-2026-80-81f,Will the highest temperature in Houston be between 80-81°F on September 2?,"[""Yes"", ""No""]","[""0.002"", ""0.998""]",63.062999999999995,1,35.0,28.4,32.5,1.38
1788224338.8,Highest temperature in Houston on September 2?,Houston,2026-09-02,4021662,highest-temperature-in-houston-on-september-2-2026-82-83f,Will the highest temperature in Houston be between 82-83°F on September 2?,"[""Yes"", ""No""]","[""0.002"", ""0.998""]",158.423894,1,35.0,28.4,32.5,1.38
1788224338.8,Highest temperature in Houston on September 2?,Houston,2026-09-02,4021663,highest-temperature-in-houston-on-september-2-2026-84-85f,Will the highest temperature in Houston be between 84-85°F on September 2?,"[""Yes"", ""No""]","[""0.195"", ""0.805""]",98.33099899999999,1,35.0,28.4,32.5,1.38
1788224338.8,Highest temperature in Houston on September 2?,Houston,2026-09-02,4021664,highest-temperature-in-houston-on-september-2-2026-86-87f,Will the highest temperature in Houston be between 86-87°F on September 2?,"[""Yes"", ""No""]","[""0.325"", ""0.675""]",119.84381499999999,1,35.0,28.4,32.5,1.38
1788224338.8,Highest temperature in Houston on September 2?,Houston,2026-09-02,4021665,highest-temperature-in-houston-on-september-2-2026-88-89f,Will the highest temperature in Houston be between 88-89°F on September 2?,"[""Yes"", ""No""]","[""0.27"", ""0.73""]",503.99710999999996,1,35.0,28.4,32.5,1.38
1788224338.8,Highest temperature in Houston on September 2?,Houston,2026-09-02,4021666,highest-temperature-in-houston-on-september-2-2026-90-91f,Will the highest temperature in Houston be between 90-91°F on September 2?,"[""Yes"", ""No""]","[""0.195"", ""0.805""]",558.923991,1,35.0,28.4,32.5,1.38
1788224338.8,Highest temperature in Houston on September 2?,Houston,2026-09-02,4021667,highest-temperature-in-houston-on-september-2-2026-92-93f,Will the highest temperature in Houston be between 92-93°F on September 2?,"[""Yes"", ""No""]","[""0.09"", ""0.91""]",58.199406,1,35.0,28.4,32.5,1.38
1788224338.8,Highest temperature in Houston on September 2?,Houston,2026-09-02,4021668,highest-temperature-in-houston-on-september-2-2026-94-95f,Will the highest temperature in Houston be between 94-95°F on September 2?,"[""Yes"", ""No""]","[""0.03"", ""0.97""]",27,1,35.0,28.4,32.5,1.38
1788224338.8,Highest temperature in Houston on September 2?,Houston,2026-09-02,4021669,highest-temperature-in-houston-on-september-2-2026-96-97f,Will the highest temperature in Houston be between 96-97°F on September 2?,"[""Yes"", ""No""]","[""0.01"", ""0.99""]",65,1,35.0,28.4,32.5,1.38
1788224338.8,Highest temperature in Houston on September 2?,Houston,2026-09-02,4021670,highest-temperature-in-houston-on-september-2-2026-98forhigher,Will the highest temperature in Houston be 98°F or higher on September 2?,"[""Yes"", ""No""]","[""0.005"", ""0.995""]",111.11099999999999,1,35.0,28.4,32.5,1.38
1788224338.8,Highest temperature in Seattle on September 2?,Seattle,2026-09-02,4024574,highest-temperature-in-seattle-on-september-2-2026-55forbelow,Will the highest temperature in Seattle be 55°F or below on September 2?,"[""Yes"", ""No""]","[""0.0025"", ""0.9975""]",,1,16.5,18.6,17.0,1.827
1788224338.8,Highest temperature in Seattle on September 2?,Seattle,2026-09-02,4024575,highest-temperature-in-seattle-on-september-2-2026-56-57f,Will the highest temperature in Seattle be between 56-57°F on September 2?,"[""Yes"", ""No""]","[""0.0145"", ""0.9855""]",59.342466,1,16.5,18.6,17.0,1.827
1788224338.8,Highest temperature in Seattle on September 2?,Seattle,2026-09-02,4024576,highest-temperature-in-seattle-on-september-2-2026-58-59f,Will the highest temperature in Seattle be between 58-59°F on September 2?,"[""Yes"", ""No""]","[""0.03"", ""0.97""]",45.333325,1,16.5,18.6,17.0,1.827
1788224338.8,Highest temperature in Seattle on September 2?,Seattle,2026-09-02,4024577,highest-temperature-in-seattle-on-september-2-2026-60-61f,Will the highest temperature in Seattle be between 60-61°F on September 2?,"[""Yes"", ""No""]","[""0.105"", ""0.895""]",,1,16.5,18.6,17.0,1.827
1788224338.8,Highest temperature in Seattle on September 2?,Seattle,2026-09-02,4024578,highest-temperature-in-seattle-on-september-2-2026-62-63f,Will the highest temperature in Seattle be between 62-63°F on September 2?,"[""Yes"", ""No""]","[""0.1"", ""0.9""]",44.08,1,16.5,18.6,17.0,1.827
1788224338.8,Highest temperature in Seattle on September 2?,Seattle,2026-09-02,4024579,highest-temperature-in-seattle-on-september-2-2026-64-65f,Will the highest temperature in Seattle be between 64-65°F on September 2?,"[""Yes"", ""No""]","[""0.27"", ""0.73""]",913.2916080000001,1,16.5,18.6,17.0,1.827
1788224338.8,Highest temperature in Seattle on September 2?,Seattle,2026-09-02,4024580,highest-temperature-in-seattle-on-september-2-2026-66-67f,Will the highest temperature in Seattle be between 66-67°F on September 2?,"[""Yes"", ""No""]","[""0.365"", ""0.635""]",228.277462,1,16.5,18.6,17.0,1.827
1788224338.8,Highest temperature in Seattle on September 2?,Seattle,2026-09-02,4024581,highest-temperature-in-seattle-on-september-2-2026-68-69f,Will the highest temperature in Seattle be between 68-69°F on September 2?,"[""Yes"", ""No""]","[""0.205"", ""0.795""]",754.433833,1,16.5,18.6,17.0,1.827
1788224338.8,Highest temperature in Seattle on September 2?,Seattle,2026-09-02,4024582,highest-temperature-in-seattle-on-september-2-2026-70-71f,Will the highest temperature in Seattle be between 70-71°F on September 2?,"[""Yes"", ""No""]","[""0.045"", ""0.955""]",353.72,1,16.5,18.6,17.0,1.827
1788224338.8,Highest temperature in Seattle on September 2?,Seattle,2026-09-02,4024583,highest-temperature-in-seattle-on-september-2-2026-72-73f,Will the highest temperature in Seattle be between 72-73°F on September 2?,"[""Yes"", ""No""]","[""0.0105"", ""0.9895""]",93.673225,1,16.5,18.6,17.0,1.827
1788224338.8,Highest temperature in Seattle on September 2?,Seattle,2026-09-02,4024584,highest-temperature-in-seattle-on-september-2-2026-74forhigher,Will the highest temperature in Seattle be 74°F or higher on September 2?,"[""Yes"", ""No""]","[""0.0245"", ""0.9755""]",81.11099999999999,1,16.5,18.6,17.0,1.827
1788224338.8,Highest temperature in Los Angeles on September 2?,Los Angeles,2026-09-02,4024585,highest-temperature-in-los-angeles-on-september-2-2026-65forbelow,Will the highest temperature in Los Angeles be 65°F or below on September 2?,"[""Yes"", ""No""]","[""0.0025"", ""0.9975""]",926.0409999999999,1,28.6,28.9,27.3,0.686
1788224338.8,Highest temperature in Los Angeles on September 2?,Los Angeles,2026-09-02,4024586,highest-temperature-in-los-angeles-on-september-2-2026-66-67f,Will the highest temperature in Los Angeles be between 66-67°F on September 2?,"[""Yes"", ""No""]","[""0.0025"", ""0.9975""]",512.9970000000001,1,28.6,28.9,27.3,0.686
1788224338.8,Highest temperature in Los Angeles on September 2?,Los Angeles,2026-09-02,4024587,highest-temperature-in-los-angeles-on-september-2-2026-68-69f,Will the highest temperature in Los Angeles be between 68-69°F on September 2?,"[""Yes"", ""No""]","[""0.003"", ""0.997""]",256.063,1,28.6,28.9,27.3,0.686
1788224338.8,Highest temperature in Los Angeles on September 2?,Los Angeles,2026-09-02,4024588,highest-temperature-in-los-angeles-on-september-2-2026-70-71f,Will the highest temperature in Los Angeles be between 70-71°F on September 2?,"[""Yes"", ""No""]","[""0.055"", ""0.945""]",81.529,1,28.6,28.9,27.3,0.686
1788224338.8,Highest temperature in Los Angeles on September 2?,Los Angeles,2026-09-02,4024589,highest-temperature-in-los-angeles-on-september-2-2026-72-73f,Will the highest temperature in Los Angeles be between 72-73°F on September 2?,"[""Yes"", ""No""]","[""0.0585"", ""0.9415""]",49.02104,1,28.6,28.9,27.3,0.686
1788224338.8,Highest temperature in Los Angeles on September 2?,Los Angeles,2026-09-02,4024590,highest-temperature-in-los-angeles-on-september-2-2026-74-75f,Will the highest temperature in Los Angeles be between 74-75°F on September 2?,"[""Yes"", ""No""]","[""0.255"", ""0.745""]",386.977021,1,28.6,28.9,27.3,0.686
1788224338.8,Highest temperature in Los Angeles on September 2?,Los Angeles,2026-09-02,4024591,highest-temperature-in-los-angeles-on-september-2-2026-76-77f,Will the highest temperature in Los Angeles be between 76-77°F on September 2?,"[""Yes"", ""No""]","[""0.42"", ""0.58""]",416.23244600000004,1,28.6,28.9,27.3,0.686
1788224338.8,Highest temperature in Los Angeles on September 2?,Los Angeles,2026-09-02,4024592,highest-temperature-in-los-angeles-on-september-2-2026-78-79f,Will the highest temperature in Los Angeles be between 78-79°F on September 2?,"[""Yes"", ""No""]","[""0.29"", ""0.71""]",348.549486,1,28.6,28.9,27.3,0.686
1788224338.8,Highest temperature in Los Angeles on September 2?,Los Angeles,2026-09-02,4024593,highest-temperature-in-los-angeles-on-september-2-2026-80-81f,Will the highest temperature in Los Angeles be between 80-81°F on September 2?,"[""Yes"", ""No""]","[""0.065"", ""0.935""]",33,1,28.6,28.9,27.3,0.686
1788224338.8,Highest temperature in Los Angeles on September 2?,Los Angeles,2026-09-02,4024594,highest-temperature-in-los-angeles-on-september-2-2026-82-83f,Will the highest temperature in Los Angeles be between 82-83°F on September 2?,"[""Yes"", ""No""]","[""0.02"", ""0.98""]",23,1,28.6,28.9,27.3,0.686
1788224338.8,Highest temperature in Los Angeles on September 2?,Los Angeles,2026-09-02,4024595,highest-temperature-in-los-angeles-on-september-2-2026-84forhigher,Will the highest temperature in Los Angeles be 84°F or higher on September 2?,"[""Yes"", ""No""]","[""0.051"", ""0.949""]",47,1,28.6,28.9,27.3,0.686
1788224338.8,Highest temperature in San Francisco on September 2?,San Francisco,2026-09-02,4024596,highest-temperature-in-san-francisco-on-september-2-2026-63forbelow,Will the highest temperature in San Francisco be 63°F or below on September 2?,"[""Yes"", ""No""]","[""0.0505"", ""0.9495""]",308.31125,1,20.7,20.1,19.7,0.764
1788224338.8,Highest temperature in San Francisco on September 2?,San Francisco,2026-09-02,4024597,highest-temperature-in-san-francisco-on-september-2-2026-64-65f,Will the highest temperature in San Francisco be between 64-65°F on September 2?,"[""Yes"", ""No""]","[""0.075"", ""0.925""]",25,1,20.7,20.1,19.7,0.764
1788224338.8,Highest temperature in San Francisco on September 2?,San Francisco,2026-09-02,4024598,highest-temperature-in-san-francisco-on-september-2-2026-66-67f,Will the highest temperature in San Francisco be between 66-67°F on September 2?,"[""Yes"", ""No""]","[""0.095"", ""0.905""]",88.36906400000001,1,20.7,20.1,19.7,0.764
1788224338.8,Highest temperature in San Francisco on September 2?,San Francisco,2026-09-02,4024599,highest-temperature-in-san-francisco-on-september-2-2026-68-69f,Will the highest temperature in San Francisco be between 68-69°F on September 2?,"[""Yes"", ""No""]","[""0.265"", ""0.735""]",83.13589300000001,1,20.7,20.1,19.7,0.764
1788224338.8,Highest temperature in San Francisco on September 2?,San Francisco,2026-09-02,4024600,highest-temperature-in-san-francisco-on-september-2-2026-70-71f,Will the highest temperature in San Francisco be between 70-71°F on September 2?,"[""Yes"", ""No""]","[""0.27"", ""0.73""]",,1,20.7,20.1,19.7,0.764
1788224338.8,Highest temperature in San Francisco on September 2?,San Francisco,2026-09-02,4024601,highest-temperature-in-san-francisco-on-september-2-2026-72-73f,Will the highest temperature in San Francisco be between 72-73°F on September 2?,"[""Yes"", ""No""]","[""0.29"", ""0.71""]",,1,20.7,20.1,19.7,0.764
1788224338.8,Highest temperature in San Francisco on September 2?,San Francisco,2026-09-02,4024602,highest-temperature-in-san-francisco-on-september-2-2026-74-75f,Will the highest temperature in San Francisco be between 74-75°F on September 2?,"[""Yes"", ""No""]","[""0.04"", ""0.96""]",15.67,1,20.7,20.1,19.7,0.764
1788224338.8,Highest temperature in San Francisco on September 2?,San Francisco,2026-09-02,4024603,highest-temperature-in-san-francisco-on-september-2-2026-76-77f,Will the highest temperature in San Francisco be between 76-77°F on September 2?,"[""Yes"", ""No""]","[""0.0035"", ""0.9965""]",66.1152,1,20.7,20.1,19.7,0.764
1788224338.8,Highest temperature in San Francisco on September 2?,San Francisco,2026-09-02,4024604,highest-temperature-in-san-francisco-on-september-2-2026-78-79f,Will the highest temperature in San Francisco be between 78-79°F on September 2?,"[""Yes"", ""No""]","[""0.0035"", ""0.9965""]",182.38830000000002,1,20.7,20.1,19.7,0.764
1788224338.8,Highest temperature in San Francisco on September 2?,San Francisco,2026-09-02,4024605,highest-temperature-in-san-francisco-on-september-2-2026-80-81f,Will the highest temperature in San Francisco be between 80-81°F on September 2?,"[""Yes"", ""No""]","[""0.002"", ""0.998""]",5.005,1,20.7,20.1,19.7,0.764
1788224338.8,Highest temperature in San Francisco on September 2?,San Francisco,2026-09-02,4024606,highest-temperature-in-san-francisco-on-september-2-2026-82forhigher,Will the highest temperature in San Francisco be 82°F or higher on September 2?,"[""Yes"", ""No""]","[""0.002"", ""0.998""]",5.005,1,20.7,20.1,19.7,0.764
1788224338.8,Highest temperature in Sao Paulo on September 2?,Sao Paulo,2026-09-02,4026137,highest-temperature-in-sao-paulo-on-september-2-2026-14corbelow,Will the highest temperature in Sao Paulo be 14°C or below on September 2?,"[""Yes"", ""No""]","[""0.0105"", ""0.9895""]",105.5,1,17.8,19.8,19.6,0.796
1788224338.8,Highest temperature in Sao Paulo on September 2?,Sao Paulo,2026-09-02,4026138,highest-temperature-in-sao-paulo-on-september-2-2026-15c,Will the highest temperature in Sao Paulo be 15°C on September 2?,"[""Yes"", ""No""]","[""0.0055"", ""0.9945""]",59.073,1,17.8,19.8,19.6,0.796
1788224338.8,Highest temperature in Sao Paulo on September 2?,Sao Paulo,2026-09-02,4026139,highest-temperature-in-sao-paulo-on-september-2-2026-16c,Will the highest temperature in Sao Paulo be 16°C on September 2?,"[""Yes"", ""No""]","[""0.01"", ""0.99""]",80,1,17.8,19.8,19.6,0.796
1788224338.8,Highest temperature in Sao Paulo on September 2?,Sao Paulo,2026-09-02,4026140,highest-temperature-in-sao-paulo-on-september-2-2026-17c,Will the highest temperature in Sao Paulo be 17°C on September 2?,"[""Yes"", ""No""]","[""0.01"", ""0.99""]",91,1,17.8,19.8,19.6,0.796
1788224338.8,Highest temperature in Sao Paulo on September 2?,Sao Paulo,2026-09-02,4026141,highest-temperature-in-sao-paulo-on-september-2-2026-18c,Will the highest temperature in Sao Paulo be 18°C on September 2?,"[""Yes"", ""No""]","[""0.075"", ""0.925""]",108.55381799999999,1,17.8,19.8,19.6,0.796
1788224338.8,Highest temperature in Sao Paulo on September 2?,Sao Paulo,2026-09-02,4026142,highest-temperature-in-sao-paulo-on-september-2-2026-19c,Will the highest temperature in Sao Paulo be 19°C on September 2?,"[""Yes"", ""No""]","[""0.16"", ""0.84""]",178.293127,1,17.8,19.8,19.6,0.796
1788224338.8,Highest temperature in Sao Paulo on September 2?,Sao Paulo,2026-09-02,4026143,highest-temperature-in-sao-paulo-on-september-2-2026-20c,Will the highest temperature in Sao Paulo be 20°C on September 2?,"[""Yes"", ""No""]","[""0.29"", ""0.71""]",736.73409,1,17.8,19.8,19.6,0.796
1788224338.8,Highest temperature in Sao Paulo on September 2?,Sao Paulo,2026-09-02,4026144,highest-temperature-in-sao-paulo-on-september-2-2026-21c,Will the highest temperature in Sao Paulo be 21°C on September 2?,"[""Yes"", ""No""]","[""0.315"", ""0.685""]",248.67313700000003,1,17.8,19.8,19.6,0.796
1788224338.8,Highest temperature in Sao Paulo on September 2?,Sao Paulo,2026-09-02,4026145,highest-temperature-in-sao-paulo-on-september-2-2026-22c,Will the highest temperature in Sao Paulo be 22°C on September 2?,"[""Yes"", ""No""]","[""0.2"", ""0.8""]",317.56534,1,17.8,19.8,19.6,0.796
1788224338.8,Highest temperature in Sao Paulo on September 2?,Sao Paulo,2026-09-02,4026146,highest-temperature-in-sao-paulo-on-september-2-2026-23c,Will the highest temperature in Sao Paulo be 23°C on September 2?,"[""Yes"", ""No""]","[""0.05"", ""0.95""]",99.32730099999999,1,17.8,19.8,19.6,0.796
1788224338.8,Highest temperature in Sao Paulo on September 2?,Sao Paulo,2026-09-02,4026147,highest-temperature-in-sao-paulo-on-september-2-2026-24corhigher,Will the highest temperature in Sao Paulo be 24°C or higher on September 2?,"[""Yes"", ""No""]","[""0.0025"", ""0.9975""]",139.111,1,17.8,19.8,19.6,0.796
1788224338.8,Highest temperature in Buenos Aires on September 2?,Buenos Aires,2026-09-02,4026148,highest-temperature-in-buenos-aires-on-september-2-2026-16corbelow,Will the highest temperature in Buenos Aires be 16°C or below on September 2?,"[""Yes"", ""No""]","[""0.0025"", ""0.9975""]",116.185,1,19.6,22.3,22.9,1.158
1788224338.8,Highest temperature in Buenos Aires on September 2?,Buenos Aires,2026-09-02,4026149,highest-temperature-in-buenos-aires-on-september-2-2026-17c,Will the highest temperature in Buenos Aires be 17°C on September 2?,"[""Yes"", ""No""]","[""0.002"", ""0.998""]",250.57100000000003,1,19.6,22.3,22.9,1.158
1788224338.8,Highest temperature in Buenos Aires on September 2?,Buenos Aires,2026-09-02,4026150,highest-temperature-in-buenos-aires-on-september-2-2026-18c,Will the highest temperature in Buenos Aires be 18°C on September 2?,"[""Yes"", ""No""]","[""0.0025"", ""0.9975""]",191.14970000000002,1,19.6,22.3,22.9,1.158
1788224338.8,Highest temperature in Buenos Aires on September 2?,Buenos Aires,2026-09-02,4026151,highest-temperature-in-buenos-aires-on-september-2-2026-19c,Will the highest temperature in Buenos Aires be 19°C on September 2?,"[""Yes"", ""No""]","[""0.02"", ""0.98""]",14.16305,1,19.6,22.3,22.9,1.158
1788224338.8,Highest temperature in Buenos Aires on September 2?,Buenos Aires,2026-09-02,4026152,highest-temperature-in-buenos-aires-on-september-2-2026-20c,Will the highest temperature in Buenos Aires be 20°C on September 2?,"[""Yes"", ""No""]","[""0.185"", ""0.815""]",15.5976,1,19.6,22.3,22.9,1.158
1788224338.8,Highest temperature in Buenos Aires on September 2?,Buenos Aires,2026-09-02,4026153,highest-temperature-in-buenos-aires-on-september-2-2026-21c,Will the highest temperature in Buenos Aires be 21°C on September 2?,"[""Yes"", ""No""]","[""0.2"", ""0.8""]",107.35604000000001,1,19.6,22.3,22.9,1.158
1788224338.8,Highest temperature in Buenos Aires on September 2?,Buenos Aires,2026-09-02,4026154,highest-temperature-in-buenos-aires-on-september-2-2026-22c,Will the highest temperature in Buenos Aires be 22°C on September 2?,"[""Yes"", ""No""]","[""0.155"", ""0.845""]",72.24922600000001,1,19.6,22.3,22.9,1.158
1788224338.8,Highest temperature in Buenos Aires on September 2?,Buenos Aires,2026-09-02,4026155,highest-temperature-in-buenos-aires-on-september-2-2026-23c,Will the highest temperature in Buenos Aires be 23°C on September 2?,"[""Yes"", ""No""]","[""0.315"", ""0.685""]",54.706740999999994,1,19.6,22.3,22.9,1.158
1788224338.8,Highest temperature in Buenos Aires on September 2?,Buenos Aires,2026-09-02,4026156,highest-temperature-in-buenos-aires-on-september-2-2026-24c,Will the highest temperature in Buenos Aires be 24°C on September 2?,"[""Yes"", ""No""]","[""0.35"", ""0.65""]",15.634263,1,19.6,22.3,22.9,1.158
1788224338.8,Highest temperature in Buenos Aires on September 2?,Buenos Aires,2026-09-02,4026157,highest-temperature-in-buenos-aires-on-september-2-2026-25c,Will the highest temperature in Buenos Aires be 25°C on September 2?,"[""Yes"", ""No""]","[""0.085"", ""0.915""]",40.611599999999996,1,19.6,22.3,22.9,1.158
1788224338.8,Highest temperature in Buenos Aires on September 2?,Buenos Aires,2026-09-02,4026158,highest-temperature-in-buenos-aires-on-september-2-2026-26corhigher,Will the highest temperature in Buenos Aires be 26°C or higher on September 2?,"[""Yes"", ""No""]","[""0.08"", ""0.92""]",36.7873,1,19.6,22.3,22.9,1.158
1788224338.8,Highest temperature in Toronto on September 2?,Toronto,2026-09-02,4026159,highest-temperature-in-toronto-on-september-2-2026-25corbelow,Will the highest temperature in Toronto be 25°C or below on September 2?,"[""Yes"", ""No""]","[""0.03"", ""0.97""]",152.534978,1,25.2,29.1,28.4,2.189
1788224338.8,Highest temperature in Toronto on September 2?,Toronto,2026-09-02,4026160,highest-temperature-in-toronto-on-september-2-2026-26c,Will the highest temperature in Toronto be 26°C on September 2?,"[""Yes"", ""No""]","[""0.045"", ""0.955""]",189,1,25.2,29.1,28.4,2.189
1788224338.8,Highest temperature in Toronto on September 2?,Toronto,2026-09-02,4026161,highest-temperature-in-toronto-on-september-2-2026-27c,Will the highest temperature in Toronto be 27°C on September 2?,"[""Yes"", ""No""]","[""0.21"", ""0.79""]",235.169851,1,25.2,29.1,28.4,2.189
1788224338.8,Highest temperature in Toronto on September 2?,Toronto,2026-09-02,4026162,highest-temperature-in-toronto-on-september-2-2026-28c,Will the highest temperature in Toronto be 28°C on September 2?,"[""Yes"", ""No""]","[""0.25"", ""0.75""]",174.40314199999997,1,25.2,29.1,28.4,2.189
1788224338.8,Highest temperature in Toronto on September 2?,Toronto,2026-09-02,4026163,highest-temperature-in-toronto-on-september-2-2026-29c,Will the highest temperature in Toronto be 29°C on September 2?,"[""Yes"", ""No""]","[""0.26"", ""0.74""]",406.817618,1,25.2,29.1,28.4,2.189
1788224338.8,Highest temperature in Toronto on September 2?,Toronto,2026-09-02,4026165,highest-temperature-in-toronto-on-september-2-2026-30c,Will the highest temperature in Toronto be 30°C on September 2?,"[""Yes"", ""No""]","[""0.135"", ""0.865""]",293.839868,1,25.2,29.1,28.4,2.189
1788224338.8,Highest temperature in Toronto on September 2?,Toronto,2026-09-02,4026167,highest-temperature-in-toronto-on-september-2-2026-31c,Will the highest temperature in Toronto be 31°C on September 2?,"[""Yes"", ""No""]","[""0.09"", ""0.91""]",123.00999999999999,1,25.2,29.1,28.4,2.189
1788224338.8,Highest temperature in Toronto on September 2?,Toronto,2026-09-02,4026168,highest-temperature-in-toronto-on-september-2-2026-32c,Will the highest temperature in Toronto be 32°C on September 2?,"[""Yes"", ""No""]","[""0.035"", ""0.965""]",268.882966,1,25.2,29.1,28.4,2.189
1788224338.8,Highest temperature in Toronto on September 2?,Toronto,2026-09-02,4026170,highest-temperature-in-toronto-on-september-2-2026-33c,Will the highest temperature in Toronto be 33°C on September 2?,"[""Yes"", ""No""]","[""0.006"", ""0.994""]",190.60512,1,25.2,29.1,28.4,2.189
1788224338.8,Highest temperature in Toronto on September 2?,Toronto,2026-09-02,4026171,highest-temperature-in-toronto-on-september-2-2026-34c,Will the highest temperature in Toronto be 34°C on September 2?,"[""Yes"", ""No""]","[""0.003"", ""0.997""]",120.269625,1,25.2,29.1,28.4,2.189
1788224338.8,Highest temperature in Toronto on September 2?,Toronto,2026-09-02,4026172,highest-temperature-in-toronto-on-september-2-2026-35corhigher,Will the highest temperature in Toronto be 35°C or higher on September 2?,"[""Yes"", ""No""]","[""0.002"", ""0.998""]",347.4062,1,25.2,29.1,28.4,2.189
1788224338.8,Highest temperature in Mexico City on September 2?,Mexico City,2026-09-02,4026199,highest-temperature-in-mexico-city-on-september-2-2026-16corbelow,Will the highest temperature in Mexico City be 16°C or below on September 2?,"[""Yes"", ""No""]","[""0.0055"", ""0.9945""]",144.995,1,24.0,21.7,25.0,1.634
1788224338.8,Highest temperature in Mexico City on September 2?,Mexico City,2026-09-02,4026200,highest-temperature-in-mexico-city-on-september-2-2026-17c,Will the highest temperature in Mexico City be 17°C on September 2?,"[""Yes"", ""No""]","[""0.0055"", ""0.9945""]",144.991,1,24.0,21.7,25.0,1.634
1788224338.8,Highest temperature in Mexico City on September 2?,Mexico City,2026-09-02,4026201,highest-temperature-in-mexico-city-on-september-2-2026-18c,Will the highest temperature in Mexico City be 18°C on September 2?,"[""Yes"", ""No""]","[""0.003"", ""0.997""]",154.99699999999999,1,24.0,21.7,25.0,1.634
1788224338.8,Highest temperature in Mexico City on September 2?,Mexico City,2026-09-02,4026202,highest-temperature-in-mexico-city-on-september-2-2026-19c,Will the highest temperature in Mexico City be 19°C on September 2?,"[""Yes"", ""No""]","[""0.079"", ""0.921""]",72.11099999999999,1,24.0,21.7,25.0,1.634
1788224338.8,Highest temperature in Mexico City on September 2?,Mexico City,2026-09-02,4026203,highest-temperature-in-mexico-city-on-september-2-2026-20c,Will the highest temperature in Mexico City be 20°C on September 2?,"[""Yes"", ""No""]","[""0.08"", ""0.92""]",4.9932,1,24.0,21.7,25.0,1.634
1788224338.8,Highest temperature in Mexico City on September 2?,Mexico City,2026-09-02,4026204,highest-temperature-in-mexico-city-on-september-2-2026-21c,Will the highest temperature in Mexico City be 21°C on September 2?,"[""Yes"", ""No""]","[""0.085"", ""0.915""]",15.935300000000002,1,24.0,21.7,25.0,1.634
1788224338.8,Highest temperature in Mexico City on September 2?,Mexico City,2026-09-02,4026205,highest-temperature-in-mexico-city-on-september-2-2026-22c,Will the highest temperature in Mexico City be 22°C on September 2?,"[""Yes"", ""No""]","[""0.05"", ""0.95""]",17.009999999999998,1,24.0,21.7,25.0,1.634
1788224338.8,Highest temperature in Mexico City on September 2?,Mexico City,2026-09-02,4026206,highest-temperature-in-mexico-city-on-september-2-2026-23c,Will the highest temperature in Mexico City be 23°C on September 2?,"[""Yes"", ""No""]","[""0.33"", ""0.67""]",60.02663,1,24.0,21.7,25.0,1.634
1788224338.8,Highest temperature in Mexico City on September 2?,Mexico City,2026-09-02,4026207,highest-temperature-in-mexico-city-on-september-2-2026-24c,Will the highest temperature in Mexico City be 24°C on September 2?,"[""Yes"", ""No""]","[""0.37"", ""0.63""]",49.400225,1,24.0,21.7,25.0,1.634
1788224338.8,Highest temperature in Mexico City on September 2?,Mexico City,2026-09-02,4026208,highest-temperature-in-mexico-city-on-september-2-2026-25c,Will the highest temperature in Mexico City be 25°C on September 2?,"[""Yes"", ""No""]","[""0.23"", ""0.77""]",92.933762,1,24.0,21.7,25.0,1.634
1788224338.8,Highest temperature in Mexico City on September 2?,Mexico City,2026-09-02,4026209,highest-temperature-in-mexico-city-on-september-2-2026-26corhigher,Will the highest temperature in Mexico City be 26°C or higher on September 2?,"[""Yes"", ""No""]","[""0.1"", ""0.9""]",10,1,24.0,21.7,25.0,1.634
1788224338.8,Highest temperature in Panama City on September 2?,Panama City,2026-09-02,4026210,highest-temperature-in-panama-city-on-september-2-2026-23corbelow,Will the highest temperature in Panama City be 23°C or below on September 2?,"[""Yes"", ""No""]","[""0.0015"", ""0.9985""]",2298.1192490000003,1,28.9,29.0,32.2,0.559
1788224338.8,Highest temperature in Panama City on September 2?,Panama City,2026-09-02,4026211,highest-temperature-in-panama-city-on-september-2-2026-24c,Will the highest temperature in Panama City be 24°C on September 2?,"[""Yes"", ""No""]","[""0.0025"", ""0.9975""]",180.995,1,28.9,29.0,32.2,0.559
1788224338.8,Highest temperature in Panama City on September 2?,Panama City,2026-09-02,4026212,highest-temperature-in-panama-city-on-september-2-2026-25c,Will the highest temperature in Panama City be 25°C on September 2?,"[""Yes"", ""No""]","[""0.0025"", ""0.9975""]",201.93366600000002,1,28.9,29.0,32.2,0.559
1788224338.8,Highest temperature in Panama City on September 2?,Panama City,2026-09-02,4026213,highest-temperature-in-panama-city-on-september-2-2026-26c,Will the highest temperature in Panama City be 26°C on September 2?,"[""Yes"", ""No""]","[""0.0025"", ""0.9975""]",201.939666,1,28.9,29.0,32.2,0.559
1788224338.8,Highest temperature in Panama City on September 2?,Panama City,2026-09-02,4026214,highest-temperature-in-panama-city-on-september-2-2026-27c,Will the highest temperature in Panama City be 27°C on September 2?,"[""Yes"", ""No""]","[""0.011"", ""0.989""]",168.636406,1,28.9,29.0,32.2,0.559
1788224338.8,Highest temperature in Panama City on September 2?,Panama City,2026-09-02,4026215,highest-temperature-in-panama-city-on-september-2-2026-28c,Will the highest temperature in Panama City be 28°C on September 2?,"[""Yes"", ""No""]","[""0.03"", ""0.97""]",24.865966,1,28.9,29.0,32.2,0.559
1788224338.8,Highest temperature in Panama City on September 2?,Panama City,2026-09-02,4026216,highest-temperature-in-panama-city-on-september-2-2026-29c,Will the highest temperature in Panama City be 29°C on September 2?,"[""Yes"", ""No""]","[""0.09"", ""0.91""]",54.609266,1,28.9,29.0,32.2,0.559
1788224338.8,Highest temperature in Panama City on September 2?,Panama City,2026-09-02,4026217,highest-temperature-in-panama-city-on-september-2-2026-30c,Will the highest temperature in Panama City be 30°C on September 2?,"[""Yes"", ""No""]","[""0.135"", ""0.865""]",45,1,28.9,29.0,32.2,0.559
1788224338.8,Highest temperature in Panama City on September 2?,Panama City,2026-09-02,4026218,highest-temperature-in-panama-city-on-september-2-2026-31c,Will the highest temperature in Panama City be 31°C on September 2?,"[""Yes"", ""No""]","[""0.34"", ""0.66""]",546.079009,1,28.9,29.0,32.2,0.559
1788224338.8,Highest temperature in Panama City on September 2?,Panama City,2026-09-02,4026219,highest-temperature-in-panama-city-on-september-2-2026-32c,Will the highest temperature in Panama City be 32°C on September 2?,"[""Yes"", ""No""]","[""0.36"", ""0.64""]",74.982035,1,28.9,29.0,32.2,0.559
1788224338.8,Highest temperature in Panama City on September 2?,Panama City,2026-09-02,4026220,highest-temperature-in-panama-city-on-september-2-2026-33corhigher,Will the highest temperature in Panama City be 33°C or higher on September 2?,"[""Yes"", ""No""]","[""0.245"", ""0.755""]",543.254153,1,28.9,29.0,32.2,0.559
