t,event_title,city,target_date,market_id,slug,question,outcomes,prices,volume,neg_risk,fc_gfs_c,fc_ecmwf_c,fc_icon_c
1788187733.7,Highest temperature in London on August 31?,London,2026-08-31,3967367,highest-temperature-in-london-on-august-31-2026-16corbelow,Will the highest temperature in London be 16°C or below on August 31?,"[""Yes"", ""No""]","[""0.0005"", ""0.9995""]",583.395579,1,21.0,22.0,22.3
1788187733.7,Highest temperature in London on August 31?,London,2026-08-31,3967368,highest-temperature-in-london-on-august-31-2026-17c,Will the highest temperature in London be 17°C on August 31?,"[""Yes"", ""No""]","[""0.0005"", ""0.9995""]",304.98900000000003,1,21.0,22.0,22.3
1788187733.7,Highest temperature in London on August 31?,London,2026-08-31,3967369,highest-temperature-in-london-on-august-31-2026-18c,Will the highest temperature in London be 18°C on August 31?,"[""Yes"", ""No""]","[""0.0005"", ""0.9995""]",458.018531,1,21.0,22.0,22.3
1788187733.7,Highest temperature in London on August 31?,London,2026-08-31,3967370,highest-temperature-in-london-on-august-31-2026-19c,Will the highest temperature in London be 19°C on August 31?,"[""Yes"", ""No""]","[""0.0005"", ""0.9995""]",1758.944941,1,21.0,22.0,22.3
1788187733.7,Highest temperature in London on August 31?,London,2026-08-31,3967371,highest-temperature-in-london-on-august-31-2026-20c,Will the highest temperature in London be 20°C on August 31?,"[""Yes"", ""No""]","[""0.0005"", ""0.9995""]",2273.712152,1,21.0,22.0,22.3
1788187733.7,Highest temperature in London on August 31?,London,2026-08-31,3967372,highest-temperature-in-london-on-august-31-2026-21c,Will the highest temperature in London be 21°C on August 31?,"[""Yes"", ""No""]","[""0.0005"", ""0.9995""]",8845.049972000003,1,21.0,22.0,22.3
1788187733.7,Highest temperature in London on August 31?,London,2026-08-31,3967373,highest-temperature-in-london-on-august-31-2026-22c,Will the highest temperature in London be 22°C on August 31?,"[""Yes"", ""No""]","[""0.0005"", ""0.9995""]",17884.766144,1,21.0,22.0,22.3
1788187733.7,Highest temperature in London on August 31?,London,2026-08-31,3967374,highest-temperature-in-london-on-august-31-2026-23c,Will the highest temperature in London be 23°C on August 31?,"[""Yes"", ""No""]","[""0.0005"", ""0.9995""]",13561.831331,1,21.0,22.0,22.3
1788187733.7,Highest temperature in London on August 31?,London,2026-08-31,3967375,highest-temperature-in-london-on-august-31-2026-24c,Will the highest temperature in London be 24°C on August 31?,"[""Yes"", ""No""]","[""0.96"", ""0.04""]",12681.574401000002,1,21.0,22.0,22.3
1788187733.7,Highest temperature in London on August 31?,London,2026-08-31,3967376,highest-temperature-in-london-on-august-31-2026-25c,Will the highest temperature in London be 25°C on August 31?,"[""Yes"", ""No""]","[""0.041"", ""0.959""]",6809.659087000001,1,21.0,22.0,22.3
1788187733.7,Highest temperature in London on August 31?,London,2026-08-31,3967377,highest-temperature-in-london-on-august-31-2026-26corhigher,Will the highest temperature in London be 26°C or higher on August 31?,"[""Yes"", ""No""]","[""0.005"", ""0.995""]",3909.497021,1,21.0,22.0,22.3
1788187733.7,Highest temperature in Paris on August 31?,Paris,2026-08-31,3967378,highest-temperature-in-paris-on-august-31-2026-19corbelow,Will the highest temperature in Paris be 19°C or below on August 31?,"[""Yes"", ""No""]","[""0.0005"", ""0.9995""]",241.97799999999998,1,23.3,23.0,23.4
1788187733.7,Highest temperature in Paris on August 31?,Paris,2026-08-31,3967379,highest-temperature-in-paris-on-august-31-2026-20c,Will the highest temperature in Paris be 20°C on August 31?,"[""Yes"", ""No""]","[""0.0005"", ""0.9995""]",1335.6047,1,23.3,23.0,23.4
1788187733.7,Highest temperature in Paris on August 31?,Paris,2026-08-31,3967380,highest-temperature-in-paris-on-august-31-2026-21c,Will the highest temperature in Paris be 21°C on August 31?,"[""Yes"", ""No""]","[""0.0005"", ""0.9995""]",2181.462263,1,23.3,23.0,23.4
1788187733.7,Highest temperature in Paris on August 31?,Paris,2026-08-31,3967381,highest-temperature-in-paris-on-august-31-2026-22c,Will the highest temperature in Paris be 22°C on August 31?,"[""Yes"", ""No""]","[""0.0005"", ""0.9995""]",11975.131484999996,1,23.3,23.0,23.4
1788187733.7,Highest temperature in Paris on August 31?,Paris,2026-08-31,3967382,highest-temperature-in-paris-on-august-31-2026-23c,Will the highest temperature in Paris be 23°C on August 31?,"[""Yes"", ""No""]","[""0.885"", ""0.115""]",11530.965300999998,1,23.3,23.0,23.4
1788187733.7,Highest temperature in Paris on August 31?,Paris,2026-08-31,3967383,highest-temperature-in-paris-on-august-31-2026-24c,Will the highest temperature in Paris be 24°C on August 31?,"[""Yes"", ""No""]","[""0.145"", ""0.855""]",8439.115496999999,1,23.3,23.0,23.4
1788187733.7,Highest temperature in Paris on August 31?,Paris,2026-08-31,3967384,highest-temperature-in-paris-on-august-31-2026-25c,Will the highest temperature in Paris be 25°C on August 31?,"[""Yes"", ""No""]","[""0.0045"", ""0.9955""]",8298.812813999999,1,23.3,23.0,23.4
1788187733.7,Highest temperature in Paris on August 31?,Paris,2026-08-31,3967385,highest-temperature-in-paris-on-august-31-2026-26c,Will the highest temperature in Paris be 26°C on August 31?,"[""Yes"", ""No""]","[""0.0005"", ""0.9995""]",3363.106809,1,23.3,23.0,23.4
1788187733.7,Highest temperature in Paris on August 31?,Paris,2026-08-31,3967386,highest-temperature-in-paris-on-august-31-2026-27c,Will the highest temperature in Paris be 27°C on August 31?,"[""Yes"", ""No""]","[""0.0005"", ""0.9995""]",1435.729133,1,23.3,23.0,23.4
1788187733.7,Highest temperature in Paris on August 31?,Paris,2026-08-31,3967387,highest-temperature-in-paris-on-august-31-2026-28c,Will the highest temperature in Paris be 28°C on August 31?,"[""Yes"", ""No""]","[""0.0005"", ""0.9995""]",1312.3519999999999,1,23.3,23.0,23.4
1788187733.7,Highest temperature in Paris on August 31?,Paris,2026-08-31,3967388,highest-temperature-in-paris-on-august-31-2026-29corhigher,Will the highest temperature in Paris be 29°C or higher on August 31?,"[""Yes"", ""No""]","[""0.0005"", ""0.9995""]",1397.874313,1,23.3,23.0,23.4
1788187733.7,Highest temperature in Seoul (Incheon) on August 31?,Seoul (Incheon),2026-08-31,3967389,highest-temperature-in-seoul-on-august-31-2026-19corbelow,Will the highest temperature in Seoul (Incheon) be 19°C or below on August 31?,"[""Yes"", ""No""]","[""0.0005"", ""0.9995""]",13334.335923,1,,,
1788187733.7,Highest temperature in Seoul (Incheon) on August 31?,Seoul (Incheon),2026-08-31,3967390,highest-temperature-in-seoul-on-august-31-2026-20c,Will the highest temperature in Seoul (Incheon) be 20°C on August 31?,"[""Yes"", ""No""]","[""0.0005"", ""0.9995""]",260.997,1,,,
1788187733.7,Highest temperature in Seoul (Incheon) on August 31?,Seoul (Incheon),2026-08-31,3967391,highest-temperature-in-seoul-on-august-31-2026-21c,Will the highest temperature in Seoul (Incheon) be 21°C on August 31?,"[""Yes"", ""No""]","[""0.0005"", ""0.9995""]",524,1,,,
1788187733.7,Highest temperature in Seoul (Incheon) on August 31?,Seoul (Incheon),2026-08-31,3967392,highest-temperature-in-seoul-on-august-31-2026-22c,Will the highest temperature in Seoul (Incheon) be 22°C on August 31?,"[""Yes"", ""No""]","[""0.0005"", ""0.9995""]",2504.574196,1,,,
1788187733.7,Highest temperature in Seoul (Incheon) on August 31?,Seoul (Incheon),2026-08-31,3967393,highest-temperature-in-seoul-on-august-31-2026-23c,Will the highest temperature in Seoul (Incheon) be 23°C on August 31?,"[""Yes"", ""No""]","[""0.0005"", ""0.9995""]",3122.4913659999997,1,,,
1788187733.7,Highest temperature in Seoul (Incheon) on August 31?,Seoul (Incheon),2026-08-31,3967394,highest-temperature-in-seoul-on-august-31-2026-24c,Will the highest temperature in Seoul (Incheon) be 24°C on August 31?,"[""Yes"", ""No""]","[""0.0005"", ""0.9995""]",17530.110953,1,,,
1788187733.7,Highest temperature in Seoul (Incheon) on August 31?,Seoul (Incheon),2026-08-31,3967395,highest-temperature-in-seoul-on-august-31-2026-25c,Will the highest temperature in Seoul (Incheon) be 25°C on August 31?,"[""Yes"", ""No""]","[""0.998"", ""0.002""]",34033.80099700001,1,,,
1788187733.7,Highest temperature in Seoul (Incheon) on August 31?,Seoul (Incheon),2026-08-31,3967396,highest-temperature-in-seoul-on-august-31-2026-26c,Will the highest temperature in Seoul (Incheon) be 26°C on August 31?,"[""Yes"", ""No""]","[""0.0005"", ""0.9995""]",12093.001019000001,1,,,
1788187733.7,Highest temperature in Seoul (Incheon) on August 31?,Seoul (Incheon),2026-08-31,3967397,highest-temperature-in-seoul-on-august-31-2026-27c,Will the highest temperature in Seoul (Incheon) be 27°C on August 31?,"[""Yes"", ""No""]","[""0.0005"", ""0.9995""]",9556.184109000002,1,,,
1788187733.7,Highest temperature in Seoul (Incheon) on August 31?,Seoul (Incheon),2026-08-31,3967398,highest-temperature-in-seoul-on-august-31-2026-28c,Will the highest temperature in Seoul (Incheon) be 28°C on August 31?,"[""Yes"", ""No""]","[""0.0005"", ""0.9995""]",6199.752042,1,,,
1788187733.7,Highest temperature in Seoul (Incheon) on August 31?,Seoul (Incheon),2026-08-31,3967399,highest-temperature-in-seoul-on-august-31-2026-29corhigher,Will the highest temperature in Seoul (Incheon) be 29°C or higher on August 31?,"[""Yes"", ""No""]","[""0.0005"", ""0.9995""]",3688.8710620000006,1,,,
1788187733.7,Highest temperature in Ankara on August 31?,Ankara,2026-08-31,3967400,highest-temperature-in-ankara-on-august-31-2026-24corbelow,Will the highest temperature in Ankara be 24°C or below on August 31?,"[""Yes"", ""No""]","[""0.0005"", ""0.9995""]",449.18498999999997,1,29.1,29.5,27.5
1788187733.7,Highest temperature in Ankara on August 31?,Ankara,2026-08-31,3967401,highest-temperature-in-ankara-on-august-31-2026-25c,Will the highest temperature in Ankara be 25°C on August 31?,"[""Yes"", ""No""]","[""0.0005"", ""0.9995""]",635.073066,1,29.1,29.5,27.5
1788187733.7,Highest temperature in Ankara on August 31?,Ankara,2026-08-31,3967402,highest-temperature-in-ankara-on-august-31-2026-26c,Will the highest temperature in Ankara be 26°C on August 31?,"[""Yes"", ""No""]","[""0.0005"", ""0.9995""]",1762.903083,1,29.1,29.5,27.5
1788187733.7,Highest temperature in Ankara on August 31?,Ankara,2026-08-31,3967403,highest-temperature-in-ankara-on-august-31-2026-27c,Will the highest temperature in Ankara be 27°C on August 31?,"[""Yes"", ""No""]","[""0.0005"", ""0.9995""]",6030.069066,1,29.1,29.5,27.5
1788187733.7,Highest temperature in Ankara on August 31?,Ankara,2026-08-31,3967404,highest-temperature-in-ankara-on-august-31-2026-28c,Will the highest temperature in Ankara be 28°C on August 31?,"[""Yes"", ""No""]","[""0.0005"", ""0.9995""]",8270.74705,1,29.1,29.5,27.5
1788187733.7,Highest temperature in Ankara on August 31?,Ankara,2026-08-31,3967405,highest-temperature-in-ankara-on-august-31-2026-29c,Will the highest temperature in Ankara be 29°C on August 31?,"[""Yes"", ""No""]","[""0.975"", ""0.025""]",7223.504163,1,29.1,29.5,27.5
1788187733.7,Highest temperature in Ankara on August 31?,Ankara,2026-08-31,3967406,highest-temperature-in-ankara-on-august-31-2026-30c,Will the highest temperature in Ankara be 30°C on August 31?,"[""Yes"", ""No""]","[""0.0275"", ""0.9725""]",3482.0445329999993,1,29.1,29.5,27.5
1788187733.7,Highest temperature in Ankara on August 31?,Ankara,2026-08-31,3967407,highest-temperature-in-ankara-on-august-31-2026-31c,Will the highest temperature in Ankara be 31°C on August 31?,"[""Yes"", ""No""]","[""0.0015"", ""0.9985""]",965.216215,1,29.1,29.5,27.5
1788187733.7,Highest temperature in Ankara on August 31?,Ankara,2026-08-31,3967408,highest-temperature-in-ankara-on-august-31-2026-32c,Will the highest temperature in Ankara be 32°C on August 31?,"[""Yes"", ""No""]","[""0.0005"", ""0.9995""]",129.982,1,29.1,29.5,27.5
1788187733.7,Highest temperature in Ankara on August 31?,Ankara,2026-08-31,3967409,highest-temperature-in-ankara-on-august-31-2026-33c,Will the highest temperature in Ankara be 33°C on August 31?,"[""Yes"", ""No""]","[""0.0005"", ""0.9995""]",151.111,1,29.1,29.5,27.5
1788187733.7,Highest temperature in Ankara on August 31?,Ankara,2026-08-31,3967410,highest-temperature-in-ankara-on-august-31-2026-34corhigher,Will the highest temperature in Ankara be 34°C or higher on August 31?,"[""Yes"", ""No""]","[""0.0005"", ""0.9995""]",285.995,1,29.1,29.5,27.5
1788187733.7,Highest temperature in Lucknow on August 31?,Lucknow,2026-08-31,3967422,highest-temperature-in-lucknow-on-august-31-2026-24corbelow,Will the highest temperature in Lucknow be 24°C or below on August 31?,"[""Yes"", ""No""]","[""0.0005"", ""0.9995""]",292.953,1,35.3,31.1,31.1
1788187733.7,Highest temperature in Lucknow on August 31?,Lucknow,2026-08-31,3967423,highest-temperature-in-lucknow-on-august-31-2026-25c,Will the highest temperature in Lucknow be 25°C on August 31?,"[""Yes"", ""No""]","[""0.0005"", ""0.9995""]",295.96,1,35.3,31.1,31.1
1788187733.7,Highest temperature in Lucknow on August 31?,Lucknow,2026-08-31,3967424,highest-temperature-in-lucknow-on-august-31-2026-26c,Will the highest temperature in Lucknow be 26°C on August 31?,"[""Yes"", ""No""]","[""0.0005"", ""0.9995""]",395.97999999999996,1,35.3,31.1,31.1
1788187733.7,Highest temperature in Lucknow on August 31?,Lucknow,2026-08-31,3967425,highest-temperature-in-lucknow-on-august-31-2026-27c,Will the highest temperature in Lucknow be 27°C on August 31?,"[""Yes"", ""No""]","[""0.0005"", ""0.9995""]",267.9368,1,35.3,31.1,31.1
1788187733.7,Highest temperature in Lucknow on August 31?,Lucknow,2026-08-31,3967426,highest-temperature-in-lucknow-on-august-31-2026-28c,Will the highest temperature in Lucknow be 28°C on August 31?,"[""Yes"", ""No""]","[""0.0005"", ""0.9995""]",427.68175300000007,1,35.3,31.1,31.1
1788187733.7,Highest temperature in Lucknow on August 31?,Lucknow,2026-08-31,3967427,highest-temperature-in-lucknow-on-august-31-2026-29c,Will the highest temperature in Lucknow be 29°C on August 31?,"[""Yes"", ""No""]","[""0.0005"", ""0.9995""]",5866.474994,1,35.3,31.1,31.1
1788187733.7,Highest temperature in Lucknow on August 31?,Lucknow,2026-08-31,3967428,highest-temperature-in-lucknow-on-august-31-2026-30c,Will the highest temperature in Lucknow be 30°C on August 31?,"[""Yes"", ""No""]","[""0.0005"", ""0.9995""]",4627.640888000001,1,35.3,31.1,31.1
1788187733.7,Highest temperature in Lucknow on August 31?,Lucknow,2026-08-31,3967429,highest-temperature-in-lucknow-on-august-31-2026-31c,Will the highest temperature in Lucknow be 31°C on August 31?,"[""Yes"", ""No""]","[""0.9995"", ""0.0005""]",1709.4003129999999,1,35.3,31.1,31.1
1788187733.7,Highest temperature in Lucknow on August 31?,Lucknow,2026-08-31,3967430,highest-temperature-in-lucknow-on-august-31-2026-32c,Will the highest temperature in Lucknow be 32°C on August 31?,"[""Yes"", ""No""]","[""0.0005"", ""0.9995""]",2910.2935629999997,1,35.3,31.1,31.1
1788187733.7,Highest temperature in Lucknow on August 31?,Lucknow,2026-08-31,3967431,highest-temperature-in-lucknow-on-august-31-2026-33c,Will the highest temperature in Lucknow be 33°C on August 31?,"[""Yes"", ""No""]","[""0.0005"", ""0.9995""]",2820.675848,1,35.3,31.1,31.1
1788187733.7,Highest temperature in Lucknow on August 31?,Lucknow,2026-08-31,3967432,highest-temperature-in-lucknow-on-august-31-2026-34corhigher,Will the highest temperature in Lucknow be 34°C or higher on August 31?,"[""Yes"", ""No""]","[""0.0005"", ""0.9995""]",2403.5959940000002,1,35.3,31.1,31.1
1788187733.7,Highest temperature in Munich on August 31?,Munich,2026-08-31,3967433,highest-temperature-in-munich-on-august-31-2026-18corbelow,Will the highest temperature in Munich be 18°C or below on August 31?,"[""Yes"", ""No""]","[""0.0005"", ""0.9995""]",2293.4700000000003,1,23.7,23.8,24.6
1788187733.7,Highest temperature in Munich on August 31?,Munich,2026-08-31,3967434,highest-temperature-in-munich-on-august-31-2026-19c,Will the highest temperature in Munich be 19°C on August 31?,"[""Yes"", ""No""]","[""0.0005"", ""0.9995""]",2238.952,1,23.7,23.8,24.6
1788187733.7,Highest temperature in Munich on August 31?,Munich,2026-08-31,3967435,highest-temperature-in-munich-on-august-31-2026-20c,Will the highest temperature in Munich be 20°C on August 31?,"[""Yes"", ""No""]","[""0.0005"", ""0.9995""]",1433.441,1,23.7,23.8,24.6
1788187733.7,Highest temperature in Munich on August 31?,Munich,2026-08-31,3967436,highest-temperature-in-munich-on-august-31-2026-21c,Will the highest temperature in Munich be 21°C on August 31?,"[""Yes"", ""No""]","[""0.0005"", ""0.9995""]",414.053,1,23.7,23.8,24.6
1788187733.7,Highest temperature in Munich on August 31?,Munich,2026-08-31,3967437,highest-temperature-in-munich-on-august-31-2026-22c,Will the highest temperature in Munich be 22°C on August 31?,"[""Yes"", ""No""]","[""0.0005"", ""0.9995""]",1038.366211,1,23.7,23.8,24.6
1788187733.7,Highest temperature in Munich on August 31?,Munich,2026-08-31,3967438,highest-temperature-in-munich-on-august-31-2026-23c,Will the highest temperature in Munich be 23°C on August 31?,"[""Yes"", ""No""]","[""0.0005"", ""0.9995""]",3843.271618,1,23.7,23.8,24.6
1788187733.7,Highest temperature in Munich on August 31?,Munich,2026-08-31,3967439,highest-temperature-in-munich-on-august-31-2026-24c,Will the highest temperature in Munich be 24°C on August 31?,"[""Yes"", ""No""]","[""0.0005"", ""0.9995""]",8078.097665999998,1,23.7,23.8,24.6
1788187733.7,Highest temperature in Munich on August 31?,Munich,2026-08-31,3967440,highest-temperature-in-munich-on-august-31-2026-25c,Will the highest temperature in Munich be 25°C on August 31?,"[""Yes"", ""No""]","[""0.987"", ""0.013""]",6197.793994999999,1,23.7,23.8,24.6
1788187733.7,Highest temperature in Munich on August 31?,Munich,2026-08-31,3967441,highest-temperature-in-munich-on-august-31-2026-26c,Will the highest temperature in Munich be 26°C on August 31?,"[""Yes"", ""No""]","[""0.011"", ""0.989""]",4772.7390129999985,1,23.7,23.8,24.6
1788187733.7,Highest temperature in Munich on August 31?,Munich,2026-08-31,3967442,highest-temperature-in-munich-on-august-31-2026-27c,Will the highest temperature in Munich be 27°C on August 31?,"[""Yes"", ""No""]","[""0.0015"", ""0.9985""]",2876.0280649999995,1,23.7,23.8,24.6
1788187733.7,Highest temperature in Munich on August 31?,Munich,2026-08-31,3967443,highest-temperature-in-munich-on-august-31-2026-28corhigher,Will the highest temperature in Munich be 28°C or higher on August 31?,"[""Yes"", ""No""]","[""0.0005"", ""0.9995""]",1367.731146,1,23.7,23.8,24.6
1788187733.7,Highest temperature in Tel Aviv on August 31?,Tel Aviv,2026-08-31,3967444,highest-temperature-in-tel-aviv-on-august-31-2026-29corbelow,Will the highest temperature in Tel Aviv be 29°C or below on August 31?,"[""Yes"", ""No""]","[""0.0005"", ""0.9995""]",736.5138999999999,1,30.5,29.4,31.1
1788187733.7,Highest temperature in Tel Aviv on August 31?,Tel Aviv,2026-08-31,3967445,highest-temperature-in-tel-aviv-on-august-31-2026-30c,Will the highest temperature in Tel Aviv be 30°C on August 31?,"[""Yes"", ""No""]","[""0.0005"", ""0.9995""]",1428.0941480000001,1,30.5,29.4,31.1
1788187733.7,Highest temperature in Tel Aviv on August 31?,Tel Aviv,2026-08-31,3967446,highest-temperature-in-tel-aviv-on-august-31-2026-31c,Will the highest temperature in Tel Aviv be 31°C on August 31?,"[""Yes"", ""No""]","[""0.0005"", ""0.9995""]",6634.680494,1,30.5,29.4,31.1
1788187733.7,Highest temperature in Tel Aviv on August 31?,Tel Aviv,2026-08-31,3967447,highest-temperature-in-tel-aviv-on-august-31-2026-32c,Will the highest temperature in Tel Aviv be 32°C on August 31?,"[""Yes"", ""No""]","[""0.999"", ""0.001""]",8151.048122,1,30.5,29.4,31.1
1788187733.7,Highest temperature in Tel Aviv on August 31?,Tel Aviv,2026-08-31,3967448,highest-temperature-in-tel-aviv-on-august-31-2026-33c,Will the highest temperature in Tel Aviv be 33°C on August 31?,"[""Yes"", ""No""]","[""0.0005"", ""0.9995""]",2053.804017,1,30.5,29.4,31.1
1788187733.7,Highest temperature in Tel Aviv on August 31?,Tel Aviv,2026-08-31,3967449,highest-temperature-in-tel-aviv-on-august-31-2026-34c,Will the highest temperature in Tel Aviv be 34°C on August 31?,"[""Yes"", ""No""]","[""0.001"", ""0.999""]",1548.9229999999998,1,30.5,29.4,31.1
1788187733.7,Highest temperature in Tel Aviv on August 31?,Tel Aviv,2026-08-31,3967450,highest-temperature-in-tel-aviv-on-august-31-2026-35c,Will the highest temperature in Tel Aviv be 35°C on August 31?,"[""Yes"", ""No""]","[""0.0005"", ""0.9995""]",1144.9009999999998,1,30.5,29.4,31.1
1788187733.7,Highest temperature in Tel Aviv on August 31?,Tel Aviv,2026-08-31,3967451,highest-temperature-in-tel-aviv-on-august-31-2026-36c,Will the highest temperature in Tel Aviv be 36°C on August 31?,"[""Yes"", ""No""]","[""0.0005"", ""0.9995""]",1194.896,1,30.5,29.4,31.1
1788187733.7,Highest temperature in Tel Aviv on August 31?,Tel Aviv,2026-08-31,3967452,highest-temperature-in-tel-aviv-on-august-31-2026-37c,Will the highest temperature in Tel Aviv be 37°C on August 31?,"[""Yes"", ""No""]","[""0.0005"", ""0.9995""]",204.111,1,30.5,29.4,31.1
1788187733.7,Highest temperature in Tel Aviv on August 31?,Tel Aviv,2026-08-31,3967453,highest-temperature-in-tel-aviv-on-august-31-2026-38c,Will the highest temperature in Tel Aviv be 38°C on August 31?,"[""Yes"", ""No""]","[""0.0005"", ""0.9995""]",285.995,1,30.5,29.4,31.1
1788187733.7,Highest temperature in Tel Aviv on August 31?,Tel Aviv,2026-08-31,3967454,highest-temperature-in-tel-aviv-on-august-31-2026-39corhigher,Will the highest temperature in Tel Aviv be 39°C or higher on August 31?,"[""Yes"", ""No""]","[""0.0005"", ""0.9995""]",275.99899999999997,1,30.5,29.4,31.1
1788187733.7,Highest temperature in Tokyo on August 31?,Tokyo,2026-08-31,3967455,highest-temperature-in-tokyo-on-august-31-2026-25corbelow,Will the highest temperature in Tokyo be 25°C or below on August 31?,"[""Yes"", ""No""]","[""0.0005"", ""0.9995""]",6796.914281000001,1,27.5,26.7,28.4
1788187733.7,Highest temperature in Tokyo on August 31?,Tokyo,2026-08-31,3967456,highest-temperature-in-tokyo-on-august-31-2026-26c,Will the highest temperature in Tokyo be 26°C on August 31?,"[""Yes"", ""No""]","[""0.0005"", ""0.9995""]",9566.439550000001,1,27.5,26.7,28.4
1788187733.7,Highest temperature in Tokyo on August 31?,Tokyo,2026-08-31,3967457,highest-temperature-in-tokyo-on-august-31-2026-27c,Will the highest temperature in Tokyo be 27°C on August 31?,"[""Yes"", ""No""]","[""0.9995"", ""0.0005""]",13853.755250999999,1,27.5,26.7,28.4
1788187733.7,Highest temperature in Tokyo on August 31?,Tokyo,2026-08-31,3967458,highest-temperature-in-tokyo-on-august-31-2026-28c,Will the highest temperature in Tokyo be 28°C on August 31?,"[""Yes"", ""No""]","[""0.0005"", ""0.9995""]",8876.623801,1,27.5,26.7,28.4
1788187733.7,Highest temperature in Tokyo on August 31?,Tokyo,2026-08-31,3967459,highest-temperature-in-tokyo-on-august-31-2026-29c,Will the highest temperature in Tokyo be 29°C on August 31?,"[""Yes"", ""No""]","[""0.0005"", ""0.9995""]",9457.169877999999,1,27.5,26.7,28.4
1788187733.7,Highest temperature in Tokyo on August 31?,Tokyo,2026-08-31,3967460,highest-temperature-in-tokyo-on-august-31-2026-30c,Will the highest temperature in Tokyo be 30°C on August 31?,"[""Yes"", ""No""]","[""0.0005"", ""0.9995""]",13603.791341,1,27.5,26.7,28.4
1788187733.7,Highest temperature in Tokyo on August 31?,Tokyo,2026-08-31,3967461,highest-temperature-in-tokyo-on-august-31-2026-31c,Will the highest temperature in Tokyo be 31°C on August 31?,"[""Yes"", ""No""]","[""0.0005"", ""0.9995""]",8097.456737999999,1,27.5,26.7,28.4
1788187733.7,Highest temperature in Tokyo on August 31?,Tokyo,2026-08-31,3967462,highest-temperature-in-tokyo-on-august-31-2026-32c,Will the highest temperature in Tokyo be 32°C on August 31?,"[""Yes"", ""No""]","[""0.0005"", ""0.9995""]",8114.2900930000005,1,27.5,26.7,28.4
1788187733.7,Highest temperature in Tokyo on August 31?,Tokyo,2026-08-31,3967463,highest-temperature-in-tokyo-on-august-31-2026-33c,Will the highest temperature in Tokyo be 33°C on August 31?,"[""Yes"", ""No""]","[""0.0005"", ""0.9995""]",2567.280141,1,27.5,26.7,28.4
1788187733.7,Highest temperature in Tokyo on August 31?,Tokyo,2026-08-31,3967464,highest-temperature-in-tokyo-on-august-31-2026-34c,Will the highest temperature in Tokyo be 34°C on August 31?,"[""Yes"", ""No""]","[""0.0005"", ""0.9995""]",195.002004,1,27.5,26.7,28.4
1788187733.7,Highest temperature in Tokyo on August 31?,Tokyo,2026-08-31,3967465,highest-temperature-in-tokyo-on-august-31-2026-35corhigher,Will the highest temperature in Tokyo be 35°C or higher on August 31?,"[""Yes"", ""No""]","[""0.0005"", ""0.9995""]",1409.8878989999998,1,27.5,26.7,28.4
1788187733.7,Highest temperature in Hong Kong on August 31?,Hong Kong,2026-08-31,3967466,highest-temperature-in-hong-kong-on-august-31-2026-24corbelow,Will the highest temperature in Hong Kong be 24°C or below on August 31?,"[""Yes"", ""No""]","[""0.0005"", ""0.9995""]",1177.941,1,29.5,28.9,29.8
1788187733.7,Highest temperature in Hong Kong on August 31?,Hong Kong,2026-08-31,3967467,highest-temperature-in-hong-kong-on-august-31-2026-25c,Will the highest temperature in Hong Kong be 25°C on August 31?,"[""Yes"", ""No""]","[""0.0005"", ""0.9995""]",167.99099999999999,1,29.5,28.9,29.8
1788187733.7,Highest temperature in Hong Kong on August 31?,Hong Kong,2026-08-31,3967468,highest-temperature-in-hong-kong-on-august-31-2026-26c,Will the highest temperature in Hong Kong be 26°C on August 31?,"[""Yes"", ""No""]","[""0.0005"", ""0.9995""]",1552.2570030000002,1,29.5,28.9,29.8
1788187733.7,Highest temperature in Hong Kong on August 31?,Hong Kong,2026-08-31,3967469,highest-temperature-in-hong-kong-on-august-31-2026-27c,Will the highest temperature in Hong Kong be 27°C on August 31?,"[""Yes"", ""No""]","[""0.0005"", ""0.9995""]",5196.757278,1,29.5,28.9,29.8
1788187733.7,Highest temperature in Hong Kong on August 31?,Hong Kong,2026-08-31,3967470,highest-temperature-in-hong-kong-on-august-31-2026-28c,Will the highest temperature in Hong Kong be 28°C on August 31?,"[""Yes"", ""No""]","[""0.0005"", ""0.9995""]",16335.437290000003,1,29.5,28.9,29.8
1788187733.7,Highest temperature in Hong Kong on August 31?,Hong Kong,2026-08-31,3967471,highest-temperature-in-hong-kong-on-august-31-2026-29c,Will the highest temperature in Hong Kong be 29°C on August 31?,"[""Yes"", ""No""]","[""0.9995"", ""0.0005""]",41841.61796100001,1,29.5,28.9,29.8
1788187733.7,Highest temperature in Hong Kong on August 31?,Hong Kong,2026-08-31,3967472,highest-temperature-in-hong-kong-on-august-31-2026-30c,Will the highest temperature in Hong Kong be 30°C on August 31?,"[""Yes"", ""No""]","[""0.0005"", ""0.9995""]",17230.855627000004,1,29.5,28.9,29.8
1788187733.7,Highest temperature in Hong Kong on August 31?,Hong Kong,2026-08-31,3967473,highest-temperature-in-hong-kong-on-august-31-2026-31c,Will the highest temperature in Hong Kong be 31°C on August 31?,"[""Yes"", ""No""]","[""0.0005"", ""0.9995""]",13543.507933,1,29.5,28.9,29.8
1788187733.7,Highest temperature in Hong Kong on August 31?,Hong Kong,2026-08-31,3967474,highest-temperature-in-hong-kong-on-august-31-2026-32c,Will the highest temperature in Hong Kong be 32°C on August 31?,"[""Yes"", ""No""]","[""0.0005"", ""0.9995""]",10477.443731000001,1,29.5,28.9,29.8
1788187733.7,Highest temperature in Hong Kong on August 31?,Hong Kong,2026-08-31,3967475,highest-temperature-in-hong-kong-on-august-31-2026-33c,Will the highest temperature in Hong Kong be 33°C on August 31?,"[""Yes"", ""No""]","[""0.0005"", ""0.9995""]",6804.157467999999,1,29.5,28.9,29.8
1788187733.7,Highest temperature in Hong Kong on August 31?,Hong Kong,2026-08-31,3967476,highest-temperature-in-hong-kong-on-august-31-2026-34corhigher,Will the highest temperature in Hong Kong be 34°C or higher on August 31?,"[""Yes"", ""No""]","[""0.0005"", ""0.9995""]",965.6343969999999,1,29.5,28.9,29.8
1788187733.7,Highest temperature in Shanghai on August 31?,Shanghai,2026-08-31,3967478,highest-temperature-in-shanghai-on-august-31-2026-26corbelow,Will the highest temperature in Shanghai be 26°C or below on August 31?,"[""Yes"", ""No""]","[""0.0005"", ""0.9995""]",293.209,1,34.0,33.0,33.4
1788187733.7,Highest temperature in Shanghai on August 31?,Shanghai,2026-08-31,3967479,highest-temperature-in-shanghai-on-august-31-2026-27c,Will the highest temperature in Shanghai be 27°C on August 31?,"[""Yes"", ""No""]","[""0.0005"", ""0.9995""]",185.283,1,34.0,33.0,33.4
1788187733.7,Highest temperature in Shanghai on August 31?,Shanghai,2026-08-31,3967480,highest-temperature-in-shanghai-on-august-31-2026-28c,Will the highest temperature in Shanghai be 28°C on August 31?,"[""Yes"", ""No""]","[""0.0005"", ""0.9995""]",1521.2779999999998,1,34.0,33.0,33.4
1788187733.7,Highest temperature in Shanghai on August 31?,Shanghai,2026-08-31,3967481,highest-temperature-in-shanghai-on-august-31-2026-29c,Will the highest temperature in Shanghai be 29°C on August 31?,"[""Yes"", ""No""]","[""0.0005"", ""0.9995""]",5733.82365,1,34.0,33.0,33.4
1788187733.7,Highest temperature in Shanghai on August 31?,Shanghai,2026-08-31,3967482,highest-temperature-in-shanghai-on-august-31-2026-30c,Will the highest temperature in Shanghai be 30°C on August 31?,"[""Yes"", ""No""]","[""0.0005"", ""0.9995""]",2256.97935,1,34.0,33.0,33.4
1788187733.7,Highest temperature in Shanghai on August 31?,Shanghai,2026-08-31,3967483,highest-temperature-in-shanghai-on-august-31-2026-31c,Will the highest temperature in Shanghai be 31°C on August 31?,"[""Yes"", ""No""]","[""0.0005"", ""0.9995""]",10653.932730999999,1,34.0,33.0,33.4
1788187733.7,Highest temperature in Shanghai on August 31?,Shanghai,2026-08-31,3967484,highest-temperature-in-shanghai-on-august-31-2026-32c,Will the highest temperature in Shanghai be 32°C on August 31?,"[""Yes"", ""No""]","[""0.0005"", ""0.9995""]",13001.403427999998,1,34.0,33.0,33.4
1788187733.7,Highest temperature in Shanghai on August 31?,Shanghai,2026-08-31,3967485,highest-temperature-in-shanghai-on-august-31-2026-33c,Will the highest temperature in Shanghai be 33°C on August 31?,"[""Yes"", ""No""]","[""0.9995"", ""0.0005""]",23704.864799000003,1,34.0,33.0,33.4
1788187733.7,Highest temperature in Shanghai on August 31?,Shanghai,2026-08-31,3967486,highest-temperature-in-shanghai-on-august-31-2026-34c,Will the highest temperature in Shanghai be 34°C on August 31?,"[""Yes"", ""No""]","[""0.0005"", ""0.9995""]",9193.542302000002,1,34.0,33.0,33.4
1788187733.7,Highest temperature in Shanghai on August 31?,Shanghai,2026-08-31,3967487,highest-temperature-in-shanghai-on-august-31-2026-35c,Will the highest temperature in Shanghai be 35°C on August 31?,"[""Yes"", ""No""]","[""0.0005"", ""0.9995""]",1164.712,1,34.0,33.0,33.4
1788187733.7,Highest temperature in Shanghai on August 31?,Shanghai,2026-08-31,3967488,highest-temperature-in-shanghai-on-august-31-2026-36corhigher,Will the highest temperature in Shanghai be 36°C or higher on August 31?,"[""Yes"", ""No""]","[""0.0005"", ""0.9995""]",223.231,1,34.0,33.0,33.4
1788187733.7,Highest temperature in Singapore on August 31?,Singapore,2026-08-31,3967489,highest-temperature-in-singapore-on-august-31-2026-27corbelow,Will the highest temperature in Singapore be 27°C or below on August 31?,"[""Yes"", ""No""]","[""0.0005"", ""0.9995""]",1161.218,1,31.2,30.3,32.6
1788187733.7,Highest temperature in Singapore on August 31?,Singapore,2026-08-31,3967490,highest-temperature-in-singapore-on-august-31-2026-28c,Will the highest temperature in Singapore be 28°C on August 31?,"[""Yes"", ""No""]","[""0.0005"", ""0.9995""]",135.473,1,31.2,30.3,32.6
1788187733.7,Highest temperature in Singapore on August 31?,Singapore,2026-08-31,3967491,highest-temperature-in-singapore-on-august-31-2026-29c,Will the highest temperature in Singapore be 29°C on August 31?,"[""Yes"", ""No""]","[""0.0005"", ""0.9995""]",7047.459907,1,31.2,30.3,32.6
1788187733.7,Highest temperature in Singapore on August 31?,Singapore,2026-08-31,3967492,highest-temperature-in-singapore-on-august-31-2026-30c,Will the highest temperature in Singapore be 30°C on August 31?,"[""Yes"", ""No""]","[""0.9995"", ""0.0005""]",9861.058753000001,1,31.2,30.3,32.6
1788187733.7,Highest temperature in Singapore on August 31?,Singapore,2026-08-31,3967493,highest-temperature-in-singapore-on-august-31-2026-31c,Will the highest temperature in Singapore be 31°C on August 31?,"[""Yes"", ""No""]","[""0.001"", ""0.999""]",5623.810231000001,1,31.2,30.3,32.6
1788187733.7,Highest temperature in Singapore on August 31?,Singapore,2026-08-31,3967494,highest-temperature-in-singapore-on-august-31-2026-32c,Will the highest temperature in Singapore be 32°C on August 31?,"[""Yes"", ""No""]","[""0.0005"", ""0.9995""]",6030.094654999999,1,31.2,30.3,32.6
1788187733.7,Highest temperature in Singapore on August 31?,Singapore,2026-08-31,3967495,highest-temperature-in-singapore-on-august-31-2026-33c,Will the highest temperature in Singapore be 33°C on August 31?,"[""Yes"", ""No""]","[""0.0005"", ""0.9995""]",8076.468020000001,1,31.2,30.3,32.6
1788187733.7,Highest temperature in Singapore on August 31?,Singapore,2026-08-31,3967496,highest-temperature-in-singapore-on-august-31-2026-34c,Will the highest temperature in Singapore be 34°C on August 31?,"[""Yes"", ""No""]","[""0.0005"", ""0.9995""]",6180.9809430000005,1,31.2,30.3,32.6
1788187733.7,Highest temperature in Singapore on August 31?,Singapore,2026-08-31,3967497,highest-temperature-in-singapore-on-august-31-2026-35c,Will the highest temperature in Singapore be 35°C on August 31?,"[""Yes"", ""No""]","[""0.0005"", ""0.9995""]",86.687,1,31.2,30.3,32.6
1788187733.7,Highest temperature in Singapore on August 31?,Singapore,2026-08-31,3967498,highest-temperature-in-singapore-on-august-31-2026-36c,Will the highest temperature in Singapore be 36°C on August 31?,"[""Yes"", ""No""]","[""0.0005"", ""0.9995""]",316.229,1,31.2,30.3,32.6
1788187733.7,Highest temperature in Singapore on August 31?,Singapore,2026-08-31,3967499,highest-temperature-in-singapore-on-august-31-2026-37corhigher,Will the highest temperature in Singapore be 37°C or higher on August 31?,"[""Yes"", ""No""]","[""0.0005"", ""0.9995""]",246.21300000000002,1,31.2,30.3,32.6
1788187733.7,Highest temperature in Milan on August 31?,Milan,2026-08-31,3967500,highest-temperature-in-milan-on-august-31-2026-24corbelow,Will the highest temperature in Milan be 24°C or below on August 31?,"[""Yes"", ""No""]","[""0.0005"", ""0.9995""]",2246.209189,1,31.7,31.9,32.1
1788187733.7,Highest temperature in Milan on August 31?,Milan,2026-08-31,3967501,highest-temperature-in-milan-on-august-31-2026-25c,Will the highest temperature in Milan be 25°C on August 31?,"[""Yes"", ""No""]","[""0.379"", ""0.621""]",36602.07264699999,1,31.7,31.9,32.1
1788187733.7,Highest temperature in Milan on August 31?,Milan,2026-08-31,3967502,highest-temperature-in-milan-on-august-31-2026-26c,Will the highest temperature in Milan be 26°C on August 31?,"[""Yes"", ""No""]","[""0.0705"", ""0.9295""]",10589.332907999997,1,31.7,31.9,32.1
1788187733.7,Highest temperature in Milan on August 31?,Milan,2026-08-31,3967503,highest-temperature-in-milan-on-august-31-2026-27c,Will the highest temperature in Milan be 27°C on August 31?,"[""Yes"", ""No""]","[""0.033"", ""0.967""]",5902.691110999998,1,31.7,31.9,32.1
1788187733.7,Highest temperature in Milan on August 31?,Milan,2026-08-31,3967504,highest-temperature-in-milan-on-august-31-2026-28c,Will the highest temperature in Milan be 28°C on August 31?,"[""Yes"", ""No""]","[""0.0425"", ""0.9575""]",2424.452888,1,31.7,31.9,32.1
1788187733.7,Highest temperature in Milan on August 31?,Milan,2026-08-31,3967505,highest-temperature-in-milan-on-august-31-2026-29c,Will the highest temperature in Milan be 29°C on August 31?,"[""Yes"", ""No""]","[""0.028"", ""0.972""]",3028.929525,1,31.7,31.9,32.1
1788187733.7,Highest temperature in Milan on August 31?,Milan,2026-08-31,3967506,highest-temperature-in-milan-on-august-31-2026-30c,Will the highest temperature in Milan be 30°C on August 31?,"[""Yes"", ""No""]","[""0.055"", ""0.945""]",5048.1157,1,31.7,31.9,32.1
1788187733.7,Highest temperature in Milan on August 31?,Milan,2026-08-31,3967507,highest-temperature-in-milan-on-august-31-2026-31c,Will the highest temperature in Milan be 31°C on August 31?,"[""Yes"", ""No""]","[""0.215"", ""0.785""]",8448.16577,1,31.7,31.9,32.1
1788187733.7,Highest temperature in Milan on August 31?,Milan,2026-08-31,3967508,highest-temperature-in-milan-on-august-31-2026-32c,Will the highest temperature in Milan be 32°C on August 31?,"[""Yes"", ""No""]","[""0.06"", ""0.94""]",4809.503675,1,31.7,31.9,32.1
1788187733.7,Highest temperature in Milan on August 31?,Milan,2026-08-31,3967509,highest-temperature-in-milan-on-august-31-2026-33c,Will the highest temperature in Milan be 33°C on August 31?,"[""Yes"", ""No""]","[""0.0045"", ""0.9955""]",1121.191428,1,31.7,31.9,32.1
1788187733.7,Highest temperature in Milan on August 31?,Milan,2026-08-31,3967510,highest-temperature-in-milan-on-august-31-2026-34corhigher,Will the highest temperature in Milan be 34°C or higher on August 31?,"[""Yes"", ""No""]","[""0.0025"", ""0.9975""]",474.8843,1,31.7,31.9,32.1
1788187733.7,Highest temperature in Madrid on August 31?,Madrid,2026-08-31,3967511,highest-temperature-in-madrid-on-august-31-2026-29corbelow,Will the highest temperature in Madrid be 29°C or below on August 31?,"[""Yes"", ""No""]","[""0.0005"", ""0.9995""]",1083.9470000000001,1,32.3,32.6,32.8
1788187733.7,Highest temperature in Madrid on August 31?,Madrid,2026-08-31,3967512,highest-temperature-in-madrid-on-august-31-2026-30c,Will the highest temperature in Madrid be 30°C on August 31?,"[""Yes"", ""No""]","[""0.0005"", ""0.9995""]",170.18039999999996,1,32.3,32.6,32.8
1788187733.7,Highest temperature in Madrid on August 31?,Madrid,2026-08-31,3967513,highest-temperature-in-madrid-on-august-31-2026-31c,Will the highest temperature in Madrid be 31°C on August 31?,"[""Yes"", ""No""]","[""0.0005"", ""0.9995""]",767.9959999999999,1,32.3,32.6,32.8
1788187733.7,Highest temperature in Madrid on August 31?,Madrid,2026-08-31,3967514,highest-temperature-in-madrid-on-august-31-2026-32c,Will the highest temperature in Madrid be 32°C on August 31?,"[""Yes"", ""No""]","[""0.0005"", ""0.9995""]",1653.163015,1,32.3,32.6,32.8
1788187733.7,Highest temperature in Madrid on August 31?,Madrid,2026-08-31,3967515,highest-temperature-in-madrid-on-august-31-2026-33c,Will the highest temperature in Madrid be 33°C on August 31?,"[""Yes"", ""No""]","[""0.2"", ""0.8""]",4503.950368,1,32.3,32.6,32.8
1788187733.7,Highest temperature in Madrid on August 31?,Madrid,2026-08-31,3967516,highest-temperature-in-madrid-on-august-31-2026-34c,Will the highest temperature in Madrid be 34°C on August 31?,"[""Yes"", ""No""]","[""0.765"", ""0.235""]",3380.2908260000004,1,32.3,32.6,32.8
1788187733.7,Highest temperature in Madrid on August 31?,Madrid,2026-08-31,3967521,highest-temperature-in-madrid-on-august-31-2026-35c,Will the highest temperature in Madrid be 35°C on August 31?,"[""Yes"", ""No""]","[""0.045"", ""0.955""]",5285.588760999999,1,32.3,32.6,32.8
1788187733.7,Highest temperature in Madrid on August 31?,Madrid,2026-08-31,3967523,highest-temperature-in-madrid-on-august-31-2026-36c,Will the highest temperature in Madrid be 36°C on August 31?,"[""Yes"", ""No""]","[""0.0015"", ""0.9985""]",1482.412028,1,32.3,32.6,32.8
1788187733.7,Highest temperature in Madrid on August 31?,Madrid,2026-08-31,3967524,highest-temperature-in-madrid-on-august-31-2026-37c,Will the highest temperature in Madrid be 37°C on August 31?,"[""Yes"", ""No""]","[""0.0015"", ""0.9985""]",834.176,1,32.3,32.6,32.8
1788187733.7,Highest temperature in Madrid on August 31?,Madrid,2026-08-31,3967528,highest-temperature-in-madrid-on-august-31-2026-38c,Will the highest temperature in Madrid be 38°C on August 31?,"[""Yes"", ""No""]","[""0.0005"", ""0.9995""]",254.97699999999998,1,32.3,32.6,32.8
1788187733.7,Highest temperature in Madrid on August 31?,Madrid,2026-08-31,3967529,highest-temperature-in-madrid-on-august-31-2026-39corhigher,Will the highest temperature in Madrid be 39°C or higher on August 31?,"[""Yes"", ""No""]","[""0.0005"", ""0.9995""]",166.64,1,32.3,32.6,32.8
1788187733.7,Highest temperature in Warsaw on August 31?,Warsaw,2026-08-31,3967530,highest-temperature-in-warsaw-on-august-31-2026-17corbelow,Will the highest temperature in Warsaw be 17°C or below on August 31?,"[""Yes"", ""No""]","[""0.0005"", ""0.9995""]",250.976,1,28.4,25.2,26.0
1788187733.7,Highest temperature in Warsaw on August 31?,Warsaw,2026-08-31,3967531,highest-temperature-in-warsaw-on-august-31-2026-18c,Will the highest temperature in Warsaw be 18°C on August 31?,"[""Yes"", ""No""]","[""0.0005"", ""0.9995""]",253.886,1,28.4,25.2,26.0
1788187733.7,Highest temperature in Warsaw on August 31?,Warsaw,2026-08-31,3967532,highest-temperature-in-warsaw-on-august-31-2026-19c,Will the highest temperature in Warsaw be 19°C on August 31?,"[""Yes"", ""No""]","[""0.0005"", ""0.9995""]",350.915,1,28.4,25.2,26.0
1788187733.7,Highest temperature in Warsaw on August 31?,Warsaw,2026-08-31,3967533,highest-temperature-in-warsaw-on-august-31-2026-20c,Will the highest temperature in Warsaw be 20°C on August 31?,"[""Yes"", ""No""]","[""0.0005"", ""0.9995""]",350.927,1,28.4,25.2,26.0
1788187733.7,Highest temperature in Warsaw on August 31?,Warsaw,2026-08-31,3967534,highest-temperature-in-warsaw-on-august-31-2026-21c,Will the highest temperature in Warsaw be 21°C on August 31?,"[""Yes"", ""No""]","[""0.0005"", ""0.9995""]",215.1952,1,28.4,25.2,26.0
1788187733.7,Highest temperature in Warsaw on August 31?,Warsaw,2026-08-31,3967535,highest-temperature-in-warsaw-on-august-31-2026-22c,Will the highest temperature in Warsaw be 22°C on August 31?,"[""Yes"", ""No""]","[""0.0005"", ""0.9995""]",701.312927,1,28.4,25.2,26.0
1788187733.7,Highest temperature in Warsaw on August 31?,Warsaw,2026-08-31,3967536,highest-temperature-in-warsaw-on-august-31-2026-23c,Will the highest temperature in Warsaw be 23°C on August 31?,"[""Yes"", ""No""]","[""0.0005"", ""0.9995""]",657.5002460000001,1,28.4,25.2,26.0
1788187733.7,Highest temperature in Warsaw on August 31?,Warsaw,2026-08-31,3967537,highest-temperature-in-warsaw-on-august-31-2026-24c,Will the highest temperature in Warsaw be 24°C on August 31?,"[""Yes"", ""No""]","[""0.0005"", ""0.9995""]",1071.305053,1,28.4,25.2,26.0
1788187733.7,Highest temperature in Warsaw on August 31?,Warsaw,2026-08-31,3967538,highest-temperature-in-warsaw-on-august-31-2026-25c,Will the highest temperature in Warsaw be 25°C on August 31?,"[""Yes"", ""No""]","[""0.0005"", ""0.9995""]",2979.8781109999995,1,28.4,25.2,26.0
1788187733.7,Highest temperature in Warsaw on August 31?,Warsaw,2026-08-31,3967539,highest-temperature-in-warsaw-on-august-31-2026-26c,Will the highest temperature in Warsaw be 26°C on August 31?,"[""Yes"", ""No""]","[""0.0005"", ""0.9995""]",5181.988962000001,1,28.4,25.2,26.0
1788187733.7,Highest temperature in Warsaw on August 31?,Warsaw,2026-08-31,3967540,highest-temperature-in-warsaw-on-august-31-2026-27corhigher,Will the highest temperature in Warsaw be 27°C or higher on August 31?,"[""Yes"", ""No""]","[""0.9995"", ""0.0005""]",23851.581331,1,28.4,25.2,26.0
1788187733.7,Highest temperature in Taipei on August 31?,Taipei,2026-08-31,3967541,highest-temperature-in-taipei-on-august-31-2026-28corbelow,Will the highest temperature in Taipei be 28°C or below on August 31?,"[""Yes"", ""No""]","[""0.0005"", ""0.9995""]",187.919,1,33.3,32.9,33.6
1788187733.7,Highest temperature in Taipei on August 31?,Taipei,2026-08-31,3967542,highest-temperature-in-taipei-on-august-31-2026-29c,Will the highest temperature in Taipei be 29°C on August 31?,"[""Yes"", ""No""]","[""0.0005"", ""0.9995""]",676.9685,1,33.3,32.9,33.6
1788187733.7,Highest temperature in Taipei on August 31?,Taipei,2026-08-31,3967543,highest-temperature-in-taipei-on-august-31-2026-30c,Will the highest temperature in Taipei be 30°C on August 31?,"[""Yes"", ""No""]","[""0.0005"", ""0.9995""]",606.953,1,33.3,32.9,33.6
1788187733.7,Highest temperature in Taipei on August 31?,Taipei,2026-08-31,3967544,highest-temperature-in-taipei-on-august-31-2026-31c,Will the highest temperature in Taipei be 31°C on August 31?,"[""Yes"", ""No""]","[""0.0005"", ""0.9995""]",1505.3546999999999,1,33.3,32.9,33.6
1788187733.7,Highest temperature in Taipei on August 31?,Taipei,2026-08-31,3967545,highest-temperature-in-taipei-on-august-31-2026-32c,Will the highest temperature in Taipei be 32°C on August 31?,"[""Yes"", ""No""]","[""0.0005"", ""0.9995""]",6640.455301,1,33.3,32.9,33.6
1788187733.7,Highest temperature in Taipei on August 31?,Taipei,2026-08-31,3967546,highest-temperature-in-taipei-on-august-31-2026-33c,Will the highest temperature in Taipei be 33°C on August 31?,"[""Yes"", ""No""]","[""0.0005"", ""0.9995""]",6412.614736,1,33.3,32.9,33.6
1788187733.7,Highest temperature in Taipei on August 31?,Taipei,2026-08-31,3967547,highest-temperature-in-taipei-on-august-31-2026-34c,Will the highest temperature in Taipei be 34°C on August 31?,"[""Yes"", ""No""]","[""0.9995"", ""0.0005""]",5600.356629,1,33.3,32.9,33.6
1788187733.7,Highest temperature in Taipei on August 31?,Taipei,2026-08-31,3967548,highest-temperature-in-taipei-on-august-31-2026-35c,Will the highest temperature in Taipei be 35°C on August 31?,"[""Yes"", ""No""]","[""0.0005"", ""0.9995""]",3568.080825,1,33.3,32.9,33.6
1788187733.7,Highest temperature in Taipei on August 31?,Taipei,2026-08-31,3967549,highest-temperature-in-taipei-on-august-31-2026-36c,Will the highest temperature in Taipei be 36°C on August 31?,"[""Yes"", ""No""]","[""0.0005"", ""0.9995""]",4003.5211659999995,1,33.3,32.9,33.6
1788187733.7,Highest temperature in Taipei on August 31?,Taipei,2026-08-31,3967550,highest-temperature-in-taipei-on-august-31-2026-37c,Will the highest temperature in Taipei be 37°C on August 31?,"[""Yes"", ""No""]","[""0.0005"", ""0.9995""]",1588.158927,1,33.3,32.9,33.6
1788187733.7,Highest temperature in Taipei on August 31?,Taipei,2026-08-31,3967551,highest-temperature-in-taipei-on-august-31-2026-38corhigher,Will the highest temperature in Taipei be 38°C or higher on August 31?,"[""Yes"", ""No""]","[""0.0005"", ""0.9995""]",580.956841,1,33.3,32.9,33.6
1788187733.7,Highest temperature in Chongqing on August 31?,Chongqing,2026-08-31,3967552,highest-temperature-in-chongqing-on-august-31-2026-29corbelow,Will the highest temperature in Chongqing be 29°C or below on August 31?,"[""Yes"", ""No""]","[""0.0005"", ""0.9995""]",255.9508,1,34.9,32.9,35.0
1788187733.7,Highest temperature in Chongqing on August 31?,Chongqing,2026-08-31,3967553,highest-temperature-in-chongqing-on-august-31-2026-30c,Will the highest temperature in Chongqing be 30°C on August 31?,"[""Yes"", ""No""]","[""0.0005"", ""0.9995""]",319.74,1,34.9,32.9,35.0
1788187733.7,Highest temperature in Chongqing on August 31?,Chongqing,2026-08-31,3967554,highest-temperature-in-chongqing-on-august-31-2026-31c,Will the highest temperature in Chongqing be 31°C on August 31?,"[""Yes"", ""No""]","[""0.0005"", ""0.9995""]",604.6164,1,34.9,32.9,35.0
1788187733.7,Highest temperature in Chongqing on August 31?,Chongqing,2026-08-31,3967555,highest-temperature-in-chongqing-on-august-31-2026-32c,Will the highest temperature in Chongqing be 32°C on August 31?,"[""Yes"", ""No""]","[""0.0005"", ""0.9995""]",2597.5645019999997,1,34.9,32.9,35.0
1788187733.7,Highest temperature in Chongqing on August 31?,Chongqing,2026-08-31,3967556,highest-temperature-in-chongqing-on-august-31-2026-33c,Will the highest temperature in Chongqing be 33°C on August 31?,"[""Yes"", ""No""]","[""0.0005"", ""0.9995""]",2165.108781,1,34.9,32.9,35.0
1788187733.7,Highest temperature in Chongqing on August 31?,Chongqing,2026-08-31,3967557,highest-temperature-in-chongqing-on-august-31-2026-34c,Will the highest temperature in Chongqing be 34°C on August 31?,"[""Yes"", ""No""]","[""0.9995"", ""0.0005""]",3052.1475680000003,1,34.9,32.9,35.0
1788187733.7,Highest temperature in Chongqing on August 31?,Chongqing,2026-08-31,3967558,highest-temperature-in-chongqing-on-august-31-2026-35c,Will the highest temperature in Chongqing be 35°C on August 31?,"[""Yes"", ""No""]","[""0.0005"", ""0.9995""]",3967.727909,1,34.9,32.9,35.0
1788187733.7,Highest temperature in Chongqing on August 31?,Chongqing,2026-08-31,3967559,highest-temperature-in-chongqing-on-august-31-2026-36c,Will the highest temperature in Chongqing be 36°C on August 31?,"[""Yes"", ""No""]","[""0.0005"", ""0.9995""]",2693.6983069999997,1,34.9,32.9,35.0
1788187733.7,Highest temperature in Chongqing on August 31?,Chongqing,2026-08-31,3967560,highest-temperature-in-chongqing-on-august-31-2026-37c,Will the highest temperature in Chongqing be 37°C on August 31?,"[""Yes"", ""No""]","[""0.0005"", ""0.9995""]",2730.477143,1,34.9,32.9,35.0
1788187733.7,Highest temperature in Chongqing on August 31?,Chongqing,2026-08-31,3967561,highest-temperature-in-chongqing-on-august-31-2026-38c,Will the highest temperature in Chongqing be 38°C on August 31?,"[""Yes"", ""No""]","[""0.0005"", ""0.9995""]",373.23310000000004,1,34.9,32.9,35.0
1788187733.7,Highest temperature in Chongqing on August 31?,Chongqing,2026-08-31,3967562,highest-temperature-in-chongqing-on-august-31-2026-39corhigher,Will the highest temperature in Chongqing be 39°C or higher on August 31?,"[""Yes"", ""No""]","[""0.0005"", ""0.9995""]",1127.445,1,34.9,32.9,35.0
1788187733.7,Highest temperature in Beijing on August 31?,Beijing,2026-08-31,3967563,highest-temperature-in-beijing-on-august-31-2026-25corbelow,Will the highest temperature in Beijing be 25°C or below on August 31?,"[""Yes"", ""No""]","[""0.0005"", ""0.9995""]",813.0359,1,31.2,28.8,30.5
1788187733.7,Highest temperature in Beijing on August 31?,Beijing,2026-08-31,3967564,highest-temperature-in-beijing-on-august-31-2026-26c,Will the highest temperature in Beijing be 26°C on August 31?,"[""Yes"", ""No""]","[""0.0005"", ""0.9995""]",608.602,1,31.2,28.8,30.5
1788187733.7,Highest temperature in Beijing on August 31?,Beijing,2026-08-31,3967565,highest-temperature-in-beijing-on-august-31-2026-27c,Will the highest temperature in Beijing be 27°C on August 31?,"[""Yes"", ""No""]","[""0.0005"", ""0.9995""]",1553.41988,1,31.2,28.8,30.5
1788187733.7,Highest temperature in Beijing on August 31?,Beijing,2026-08-31,3967566,highest-temperature-in-beijing-on-august-31-2026-28c,Will the highest temperature in Beijing be 28°C on August 31?,"[""Yes"", ""No""]","[""0.0005"", ""0.9995""]",3271.6109939999997,1,31.2,28.8,30.5
1788187733.7,Highest temperature in Beijing on August 31?,Beijing,2026-08-31,3967567,highest-temperature-in-beijing-on-august-31-2026-29c,Will the highest temperature in Beijing be 29°C on August 31?,"[""Yes"", ""No""]","[""0.0005"", ""0.9995""]",6852.781628000002,1,31.2,28.8,30.5
1788187733.7,Highest temperature in Beijing on August 31?,Beijing,2026-08-31,3967568,highest-temperature-in-beijing-on-august-31-2026-30c,Will the highest temperature in Beijing be 30°C on August 31?,"[""Yes"", ""No""]","[""0.0005"", ""0.9995""]",9022.724699999999,1,31.2,28.8,30.5
1788187733.7,Highest temperature in Beijing on August 31?,Beijing,2026-08-31,3967569,highest-temperature-in-beijing-on-august-31-2026-31c,Will the highest temperature in Beijing be 31°C on August 31?,"[""Yes"", ""No""]","[""0.9995"", ""0.0005""]",7941.247715000001,1,31.2,28.8,30.5
1788187733.7,Highest temperature in Beijing on August 31?,Beijing,2026-08-31,3967570,highest-temperature-in-beijing-on-august-31-2026-32c,Will the highest temperature in Beijing be 32°C on August 31?,"[""Yes"", ""No""]","[""0.0005"", ""0.9995""]",5220.847287999999,1,31.2,28.8,30.5
1788187733.7,Highest temperature in Beijing on August 31?,Beijing,2026-08-31,3967571,highest-temperature-in-beijing-on-august-31-2026-33c,Will the highest temperature in Beijing be 33°C on August 31?,"[""Yes"", ""No""]","[""0.0005"", ""0.9995""]",6219.824049000001,1,31.2,28.8,30.5
1788187733.7,Highest temperature in Beijing on August 31?,Beijing,2026-08-31,3967572,highest-temperature-in-beijing-on-august-31-2026-34c,Will the highest temperature in Beijing be 34°C on August 31?,"[""Yes"", ""No""]","[""0.0005"", ""0.9995""]",7428.332178999997,1,31.2,28.8,30.5
1788187733.7,Highest temperature in Beijing on August 31?,Beijing,2026-08-31,3967573,highest-temperature-in-beijing-on-august-31-2026-35corhigher,Will the highest temperature in Beijing be 35°C or higher on August 31?,"[""Yes"", ""No""]","[""0.0005"", ""0.9995""]",6972.4801179999995,1,31.2,28.8,30.5
1788187733.7,Highest temperature in Wuhan on August 31?,Wuhan,2026-08-31,3967574,highest-temperature-in-wuhan-on-august-31-2026-27corbelow,Will the highest temperature in Wuhan be 27°C or below on August 31?,"[""Yes"", ""No""]","[""0.0005"", ""0.9995""]",370.92580699999996,1,31.6,29.6,31.2
1788187733.7,Highest temperature in Wuhan on August 31?,Wuhan,2026-08-31,3967575,highest-temperature-in-wuhan-on-august-31-2026-28c,Will the highest temperature in Wuhan be 28°C on August 31?,"[""Yes"", ""No""]","[""0.0005"", ""0.9995""]",930.2636779999999,1,31.6,29.6,31.2
1788187733.7,Highest temperature in Wuhan on August 31?,Wuhan,2026-08-31,3967576,highest-temperature-in-wuhan-on-august-31-2026-29c,Will the highest temperature in Wuhan be 29°C on August 31?,"[""Yes"", ""No""]","[""0.0005"", ""0.9995""]",1702.87129,1,31.6,29.6,31.2
1788187733.7,Highest temperature in Wuhan on August 31?,Wuhan,2026-08-31,3967577,highest-temperature-in-wuhan-on-august-31-2026-30c,Will the highest temperature in Wuhan be 30°C on August 31?,"[""Yes"", ""No""]","[""0.0005"", ""0.9995""]",1654.4886779999997,1,31.6,29.6,31.2
1788187733.7,Highest temperature in Wuhan on August 31?,Wuhan,2026-08-31,3967578,highest-temperature-in-wuhan-on-august-31-2026-31c,Will the highest temperature in Wuhan be 31°C on August 31?,"[""Yes"", ""No""]","[""0.0005"", ""0.9995""]",3518.1041070000006,1,31.6,29.6,31.2
1788187733.7,Highest temperature in Wuhan on August 31?,Wuhan,2026-08-31,3967579,highest-temperature-in-wuhan-on-august-31-2026-32c,Will the highest temperature in Wuhan be 32°C on August 31?,"[""Yes"", ""No""]","[""0.0005"", ""0.9995""]",37379.78089799999,1,31.6,29.6,31.2
1788187733.7,Highest temperature in Wuhan on August 31?,Wuhan,2026-08-31,3967580,highest-temperature-in-wuhan-on-august-31-2026-33c,Will the highest temperature in Wuhan be 33°C on August 31?,"[""Yes"", ""No""]","[""0.0005"", ""0.9995""]",4721.791504000001,1,31.6,29.6,31.2
1788187733.7,Highest temperature in Wuhan on August 31?,Wuhan,2026-08-31,3967581,highest-temperature-in-wuhan-on-august-31-2026-34c,Will the highest temperature in Wuhan be 34°C on August 31?,"[""Yes"", ""No""]","[""0.9995"", ""0.0005""]",3831.600082000001,1,31.6,29.6,31.2
1788187733.7,Highest temperature in Wuhan on August 31?,Wuhan,2026-08-31,3967582,highest-temperature-in-wuhan-on-august-31-2026-35c,Will the highest temperature in Wuhan be 35°C on August 31?,"[""Yes"", ""No""]","[""0.0005"", ""0.9995""]",3632.257952,1,31.6,29.6,31.2
1788187733.7,Highest temperature in Wuhan on August 31?,Wuhan,2026-08-31,3967583,highest-temperature-in-wuhan-on-august-31-2026-36c,Will the highest temperature in Wuhan be 36°C on August 31?,"[""Yes"", ""No""]","[""0.0005"", ""0.9995""]",885.7134999999998,1,31.6,29.6,31.2
1788187733.7,Highest temperature in Wuhan on August 31?,Wuhan,2026-08-31,3967584,highest-temperature-in-wuhan-on-august-31-2026-37corhigher,Will the highest temperature in Wuhan be 37°C or higher on August 31?,"[""Yes"", ""No""]","[""0.0005"", ""0.9995""]",367.959,1,31.6,29.6,31.2
1788187733.7,Highest temperature in Chengdu on August 31?,Chengdu,2026-08-31,3967585,highest-temperature-in-chengdu-on-august-31-2026-29corbelow,Will the highest temperature in Chengdu be 29°C or below on August 31?,"[""Yes"", ""No""]","[""0.0005"", ""0.9995""]",657.9306,1,34.3,33.0,35.3
1788187733.7,Highest temperature in Chengdu on August 31?,Chengdu,2026-08-31,3967586,highest-temperature-in-chengdu-on-august-31-2026-30c,Will the highest temperature in Chengdu be 30°C on August 31?,"[""Yes"", ""No""]","[""0.0005"", ""0.9995""]",1358.980571,1,34.3,33.0,35.3
1788187733.7,Highest temperature in Chengdu on August 31?,Chengdu,2026-08-31,3967587,highest-temperature-in-chengdu-on-august-31-2026-31c,Will the highest temperature in Chengdu be 31°C on August 31?,"[""Yes"", ""No""]","[""0.0005"", ""0.9995""]",948.473,1,34.3,33.0,35.3
1788187733.7,Highest temperature in Chengdu on August 31?,Chengdu,2026-08-31,3967588,highest-temperature-in-chengdu-on-august-31-2026-32c,Will the highest temperature in Chengdu be 32°C on August 31?,"[""Yes"", ""No""]","[""0.0005"", ""0.9995""]",2498.008894,1,34.3,33.0,35.3
1788187733.7,Highest temperature in Chengdu on August 31?,Chengdu,2026-08-31,3967589,highest-temperature-in-chengdu-on-august-31-2026-33c,Will the highest temperature in Chengdu be 33°C on August 31?,"[""Yes"", ""No""]","[""0.0005"", ""0.9995""]",2938.4806559999997,1,34.3,33.0,35.3
1788187733.7,Highest temperature in Chengdu on August 31?,Chengdu,2026-08-31,3967590,highest-temperature-in-chengdu-on-august-31-2026-34c,Will the highest temperature in Chengdu be 34°C on August 31?,"[""Yes"", ""No""]","[""0.0005"", ""0.9995""]",5918.954393999999,1,34.3,33.0,35.3
1788187733.7,Highest temperature in Chengdu on August 31?,Chengdu,2026-08-31,3967591,highest-temperature-in-chengdu-on-august-31-2026-35c,Will the highest temperature in Chengdu be 35°C on August 31?,"[""Yes"", ""No""]","[""0.9995"", ""0.0005""]",6665.472451,1,34.3,33.0,35.3
1788187733.7,Highest temperature in Chengdu on August 31?,Chengdu,2026-08-31,3967592,highest-temperature-in-chengdu-on-august-31-2026-36c,Will the highest temperature in Chengdu be 36°C on August 31?,"[""Yes"", ""No""]","[""0.0005"", ""0.9995""]",5214.714355,1,34.3,33.0,35.3
1788187733.7,Highest temperature in Chengdu on August 31?,Chengdu,2026-08-31,3967593,highest-temperature-in-chengdu-on-august-31-2026-37c,Will the highest temperature in Chengdu be 37°C on August 31?,"[""Yes"", ""No""]","[""0.0005"", ""0.9995""]",4676.063784999999,1,34.3,33.0,35.3
1788187733.7,Highest temperature in Chengdu on August 31?,Chengdu,2026-08-31,3967594,highest-temperature-in-chengdu-on-august-31-2026-38c,Will the highest temperature in Chengdu be 38°C on August 31?,"[""Yes"", ""No""]","[""0.0005"", ""0.9995""]",5478.673178000001,1,34.3,33.0,35.3
1788187733.7,Highest temperature in Chengdu on August 31?,Chengdu,2026-08-31,3967595,highest-temperature-in-chengdu-on-august-31-2026-39corhigher,Will the highest temperature in Chengdu be 39°C or higher on August 31?,"[""Yes"", ""No""]","[""0.0005"", ""0.9995""]",2602.059712,1,34.3,33.0,35.3
1788187733.7,Highest temperature in Shenzhen on August 31?,Shenzhen,2026-08-31,3967596,highest-temperature-in-shenzhen-on-august-31-2026-24corbelow,Will the highest temperature in Shenzhen be 24°C or below on August 31?,"[""Yes"", ""No""]","[""0.0005"", ""0.9995""]",567.606,1,30.9,30.1,29.5
1788187733.7,Highest temperature in Shenzhen on August 31?,Shenzhen,2026-08-31,3967597,highest-temperature-in-shenzhen-on-august-31-2026-25c,Will the highest temperature in Shenzhen be 25°C on August 31?,"[""Yes"", ""No""]","[""0.0005"", ""0.9995""]",515.989,1,30.9,30.1,29.5
1788187733.7,Highest temperature in Shenzhen on August 31?,Shenzhen,2026-08-31,3967598,highest-temperature-in-shenzhen-on-august-31-2026-26c,Will the highest temperature in Shenzhen be 26°C on August 31?,"[""Yes"", ""No""]","[""0.0005"", ""0.9995""]",622.6110000000001,1,30.9,30.1,29.5
1788187733.7,Highest temperature in Shenzhen on August 31?,Shenzhen,2026-08-31,3967599,highest-temperature-in-shenzhen-on-august-31-2026-27c,Will the highest temperature in Shenzhen be 27°C on August 31?,"[""Yes"", ""No""]","[""0.0005"", ""0.9995""]",10270.684275,1,30.9,30.1,29.5
1788187733.7,Highest temperature in Shenzhen on August 31?,Shenzhen,2026-08-31,3967600,highest-temperature-in-shenzhen-on-august-31-2026-28c,Will the highest temperature in Shenzhen be 28°C on August 31?,"[""Yes"", ""No""]","[""0.0005"", ""0.9995""]",7341.214905000001,1,30.9,30.1,29.5
1788187733.7,Highest temperature in Shenzhen on August 31?,Shenzhen,2026-08-31,3967601,highest-temperature-in-shenzhen-on-august-31-2026-29c,Will the highest temperature in Shenzhen be 29°C on August 31?,"[""Yes"", ""No""]","[""0.0005"", ""0.9995""]",7578.019833000001,1,30.9,30.1,29.5
1788187733.7,Highest temperature in Shenzhen on August 31?,Shenzhen,2026-08-31,3967602,highest-temperature-in-shenzhen-on-august-31-2026-30c,Will the highest temperature in Shenzhen be 30°C on August 31?,"[""Yes"", ""No""]","[""0.9995"", ""0.0005""]",7535.923001,1,30.9,30.1,29.5
1788187733.7,Highest temperature in Shenzhen on August 31?,Shenzhen,2026-08-31,3967603,highest-temperature-in-shenzhen-on-august-31-2026-31c,Will the highest temperature in Shenzhen be 31°C on August 31?,"[""Yes"", ""No""]","[""0.0005"", ""0.9995""]",6582.413200000001,1,30.9,30.1,29.5
1788187733.7,Highest temperature in Shenzhen on August 31?,Shenzhen,2026-08-31,3967604,highest-temperature-in-shenzhen-on-august-31-2026-32c,Will the highest temperature in Shenzhen be 32°C on August 31?,"[""Yes"", ""No""]","[""0.0005"", ""0.9995""]",4019.7116530000003,1,30.9,30.1,29.5
1788187733.7,Highest temperature in Shenzhen on August 31?,Shenzhen,2026-08-31,3967605,highest-temperature-in-shenzhen-on-august-31-2026-33c,Will the highest temperature in Shenzhen be 33°C on August 31?,"[""Yes"", ""No""]","[""0.0005"", ""0.9995""]",3378.100315,1,30.9,30.1,29.5
1788187733.7,Highest temperature in Shenzhen on August 31?,Shenzhen,2026-08-31,3967606,highest-temperature-in-shenzhen-on-august-31-2026-34corhigher,Will the highest temperature in Shenzhen be 34°C or higher on August 31?,"[""Yes"", ""No""]","[""0.0005"", ""0.9995""]",1097.6045029999998,1,30.9,30.1,29.5
1788187733.7,Highest temperature in Moscow on August 31?,Moscow,2026-08-31,3967607,highest-temperature-in-moscow-on-august-31-2026-17corbelow,Will the highest temperature in Moscow be 17°C or below on August 31?,"[""Yes"", ""No""]","[""0.0005"", ""0.9995""]",203.089,1,24.1,22.1,21.0
1788187733.7,Highest temperature in Moscow on August 31?,Moscow,2026-08-31,3967608,highest-temperature-in-moscow-on-august-31-2026-18c,Will the highest temperature in Moscow be 18°C on August 31?,"[""Yes"", ""No""]","[""0.0005"", ""0.9995""]",2155.252339,1,24.1,22.1,21.0
1788187733.7,Highest temperature in Moscow on August 31?,Moscow,2026-08-31,3967609,highest-temperature-in-moscow-on-august-31-2026-19c,Will the highest temperature in Moscow be 19°C on August 31?,"[""Yes"", ""No""]","[""0.7755"", ""0.2245""]",2920.4242259999996,1,24.1,22.1,21.0
1788187733.7,Highest temperature in Moscow on August 31?,Moscow,2026-08-31,3967610,highest-temperature-in-moscow-on-august-31-2026-20c,Will the highest temperature in Moscow be 20°C on August 31?,"[""Yes"", ""No""]","[""0.2145"", ""0.7855""]",2111.2540989999993,1,24.1,22.1,21.0
1788187733.7,Highest temperature in Moscow on August 31?,Moscow,2026-08-31,3967611,highest-temperature-in-moscow-on-august-31-2026-21c,Will the highest temperature in Moscow be 21°C on August 31?,"[""Yes"", ""No""]","[""0.0035"", ""0.9965""]",3343.529932,1,24.1,22.1,21.0
1788187733.7,Highest temperature in Moscow on August 31?,Moscow,2026-08-31,3967612,highest-temperature-in-moscow-on-august-31-2026-22c,Will the highest temperature in Moscow be 22°C on August 31?,"[""Yes"", ""No""]","[""0.01"", ""0.99""]",5477.261641,1,24.1,22.1,21.0
1788187733.7,Highest temperature in Moscow on August 31?,Moscow,2026-08-31,3967613,highest-temperature-in-moscow-on-august-31-2026-23c,Will the highest temperature in Moscow be 23°C on August 31?,"[""Yes"", ""No""]","[""0.0025"", ""0.9975""]",2568.165465,1,24.1,22.1,21.0
1788187733.7,Highest temperature in Moscow on August 31?,Moscow,2026-08-31,3967614,highest-temperature-in-moscow-on-august-31-2026-24c,Will the highest temperature in Moscow be 24°C on August 31?,"[""Yes"", ""No""]","[""0.001"", ""0.999""]",2645.723581,1,24.1,22.1,21.0
1788187733.7,Highest temperature in Moscow on August 31?,Moscow,2026-08-31,3967615,highest-temperature-in-moscow-on-august-31-2026-25c,Will the highest temperature in Moscow be 25°C on August 31?,"[""Yes"", ""No""]","[""0.0005"", ""0.9995""]",1853.767671,1,24.1,22.1,21.0
1788187733.7,Highest temperature in Moscow on August 31?,Moscow,2026-08-31,3967616,highest-temperature-in-moscow-on-august-31-2026-26c,Will the highest temperature in Moscow be 26°C on August 31?,"[""Yes"", ""No""]","[""0.0005"", ""0.9995""]",520.44105,1,24.1,22.1,21.0
1788187733.7,Highest temperature in Moscow on August 31?,Moscow,2026-08-31,3967617,highest-temperature-in-moscow-on-august-31-2026-27corhigher,Will the highest temperature in Moscow be 27°C or higher on August 31?,"[""Yes"", ""No""]","[""0.0005"", ""0.9995""]",243.012,1,24.1,22.1,21.0
1788187733.7,Highest temperature in Istanbul on August 31?,Istanbul,2026-08-31,3967618,highest-temperature-in-istanbul-on-august-31-2026-23corbelow,Will the highest temperature in Istanbul be 23°C or below on August 31?,"[""Yes"", ""No""]","[""0.0005"", ""0.9995""]",427.542707,1,28.5,28.6,27.5
1788187733.7,Highest temperature in Istanbul on August 31?,Istanbul,2026-08-31,3967619,highest-temperature-in-istanbul-on-august-31-2026-24c,Will the highest temperature in Istanbul be 24°C on August 31?,"[""Yes"", ""No""]","[""0.0005"", ""0.9995""]",261.41675,1,28.5,28.6,27.5
1788187733.7,Highest temperature in Istanbul on August 31?,Istanbul,2026-08-31,3967620,highest-temperature-in-istanbul-on-august-31-2026-25c,Will the highest temperature in Istanbul be 25°C on August 31?,"[""Yes"", ""No""]","[""0.0005"", ""0.9995""]",1220.8492919999999,1,28.5,28.6,27.5
1788187733.7,Highest temperature in Istanbul on August 31?,Istanbul,2026-08-31,3967621,highest-temperature-in-istanbul-on-august-31-2026-26c,Will the highest temperature in Istanbul be 26°C on August 31?,"[""Yes"", ""No""]","[""0.995"", ""0.005""]",11171.720476000002,1,28.5,28.6,27.5
1788187733.7,Highest temperature in Istanbul on August 31?,Istanbul,2026-08-31,3967622,highest-temperature-in-istanbul-on-august-31-2026-27c,Will the highest temperature in Istanbul be 27°C on August 31?,"[""Yes"", ""No""]","[""0.006"", ""0.994""]",3115.594971,1,28.5,28.6,27.5
1788187733.7,Highest temperature in Istanbul on August 31?,Istanbul,2026-08-31,3967623,highest-temperature-in-istanbul-on-august-31-2026-28c,Will the highest temperature in Istanbul be 28°C on August 31?,"[""Yes"", ""No""]","[""0.001"", ""0.999""]",1440.278352,1,28.5,28.6,27.5
1788187733.7,Highest temperature in Istanbul on August 31?,Istanbul,2026-08-31,3967624,highest-temperature-in-istanbul-on-august-31-2026-29c,Will the highest temperature in Istanbul be 29°C on August 31?,"[""Yes"", ""No""]","[""0.0005"", ""0.9995""]",693.3189130000001,1,28.5,28.6,27.5
1788187733.7,Highest temperature in Istanbul on August 31?,Istanbul,2026-08-31,3967625,highest-temperature-in-istanbul-on-august-31-2026-30c,Will the highest temperature in Istanbul be 30°C on August 31?,"[""Yes"", ""No""]","[""0.0005"", ""0.9995""]",896.9549319999999,1,28.5,28.6,27.5
1788187733.7,Highest temperature in Istanbul on August 31?,Istanbul,2026-08-31,3967626,highest-temperature-in-istanbul-on-august-31-2026-31c,Will the highest temperature in Istanbul be 31°C on August 31?,"[""Yes"", ""No""]","[""0.0005"", ""0.9995""]",1405.403007,1,28.5,28.6,27.5
1788187733.7,Highest temperature in Istanbul on August 31?,Istanbul,2026-08-31,3967627,highest-temperature-in-istanbul-on-august-31-2026-32c,Will the highest temperature in Istanbul be 32°C on August 31?,"[""Yes"", ""No""]","[""0.0005"", ""0.9995""]",163.41199999999998,1,28.5,28.6,27.5
1788187733.7,Highest temperature in Istanbul on August 31?,Istanbul,2026-08-31,3967628,highest-temperature-in-istanbul-on-august-31-2026-33corhigher,Will the highest temperature in Istanbul be 33°C or higher on August 31?,"[""Yes"", ""No""]","[""0.0005"", ""0.9995""]",211.41299999999998,1,28.5,28.6,27.5
1788187733.7,Highest temperature in Busan on August 31?,Busan,2026-08-31,3967629,highest-temperature-in-busan-on-august-31-2026-26corbelow,Will the highest temperature in Busan be 26°C or below on August 31?,"[""Yes"", ""No""]","[""0.0005"", ""0.9995""]",196.997,1,29.2,31.3,30.2
1788187733.7,Highest temperature in Busan on August 31?,Busan,2026-08-31,3967630,highest-temperature-in-busan-on-august-31-2026-27c,Will the highest temperature in Busan be 27°C on August 31?,"[""Yes"", ""No""]","[""0.0005"", ""0.9995""]",129.9937,1,29.2,31.3,30.2
1788187733.7,Highest temperature in Busan on August 31?,Busan,2026-08-31,3967631,highest-temperature-in-busan-on-august-31-2026-28c,Will the highest temperature in Busan be 28°C on August 31?,"[""Yes"", ""No""]","[""0.0005"", ""0.9995""]",764.06915,1,29.2,31.3,30.2
1788187733.7,Highest temperature in Busan on August 31?,Busan,2026-08-31,3967632,highest-temperature-in-busan-on-august-31-2026-29c,Will the highest temperature in Busan be 29°C on August 31?,"[""Yes"", ""No""]","[""0.0005"", ""0.9995""]",1694.5573,1,29.2,31.3,30.2
1788187733.7,Highest temperature in Busan on August 31?,Busan,2026-08-31,3967633,highest-temperature-in-busan-on-august-31-2026-30c,Will the highest temperature in Busan be 30°C on August 31?,"[""Yes"", ""No""]","[""0.0005"", ""0.9995""]",3521.108465,1,29.2,31.3,30.2
1788187733.7,Highest temperature in Busan on August 31?,Busan,2026-08-31,3967634,highest-temperature-in-busan-on-august-31-2026-31c,Will the highest temperature in Busan be 31°C on August 31?,"[""Yes"", ""No""]","[""0.0005"", ""0.9995""]",4150.027679000001,1,29.2,31.3,30.2
1788187733.7,Highest temperature in Busan on August 31?,Busan,2026-08-31,3967635,highest-temperature-in-busan-on-august-31-2026-32c,Will the highest temperature in Busan be 32°C on August 31?,"[""Yes"", ""No""]","[""0.9995"", ""0.0005""]",6765.437774,1,29.2,31.3,30.2
1788187733.7,Highest temperature in Busan on August 31?,Busan,2026-08-31,3967636,highest-temperature-in-busan-on-august-31-2026-33c,Will the highest temperature in Busan be 33°C on August 31?,"[""Yes"", ""No""]","[""0.0005"", ""0.9995""]",3396.7115890000005,1,29.2,31.3,30.2
1788187733.7,Highest temperature in Busan on August 31?,Busan,2026-08-31,3967637,highest-temperature-in-busan-on-august-31-2026-34c,Will the highest temperature in Busan be 34°C on August 31?,"[""Yes"", ""No""]","[""0.0005"", ""0.9995""]",2812.253431,1,29.2,31.3,30.2
1788187733.7,Highest temperature in Busan on August 31?,Busan,2026-08-31,3967638,highest-temperature-in-busan-on-august-31-2026-35c,Will the highest temperature in Busan be 35°C on August 31?,"[""Yes"", ""No""]","[""0.0005"", ""0.9995""]",371.09611,1,29.2,31.3,30.2
1788187733.7,Highest temperature in Busan on August 31?,Busan,2026-08-31,3967639,highest-temperature-in-busan-on-august-31-2026-36corhigher,Will the highest temperature in Busan be 36°C or higher on August 31?,"[""Yes"", ""No""]","[""0.0005"", ""0.9995""]",461.308972,1,29.2,31.3,30.2
1788187733.7,Highest temperature in Amsterdam on August 31?,Amsterdam,2026-08-31,3967640,highest-temperature-in-amsterdam-on-august-31-2026-14corbelow,Will the highest temperature in Amsterdam be 14°C or below on August 31?,"[""Yes"", ""No""]","[""0.0005"", ""0.9995""]",66.98599999999999,1,18.4,17.7,19.1
1788187733.7,Highest temperature in Amsterdam on August 31?,Amsterdam,2026-08-31,3967641,highest-temperature-in-amsterdam-on-august-31-2026-15c,Will the highest temperature in Amsterdam be 15°C on August 31?,"[""Yes"", ""No""]","[""0.0005"", ""0.9995""]",67,1,18.4,17.7,19.1
1788187733.7,Highest temperature in Amsterdam on August 31?,Amsterdam,2026-08-31,3967642,highest-temperature-in-amsterdam-on-august-31-2026-16c,Will the highest temperature in Amsterdam be 16°C on August 31?,"[""Yes"", ""No""]","[""0.0005"", ""0.9995""]",310.760416,1,18.4,17.7,19.1
1788187733.7,Highest temperature in Amsterdam on August 31?,Amsterdam,2026-08-31,3967643,highest-temperature-in-amsterdam-on-august-31-2026-17c,Will the highest temperature in Amsterdam be 17°C on August 31?,"[""Yes"", ""No""]","[""0.0005"", ""0.9995""]",4932.137618999999,1,18.4,17.7,19.1
1788187733.7,Highest temperature in Amsterdam on August 31?,Amsterdam,2026-08-31,3967644,highest-temperature-in-amsterdam-on-august-31-2026-18c,Will the highest temperature in Amsterdam be 18°C on August 31?,"[""Yes"", ""No""]","[""0.0005"", ""0.9995""]",3138.673006,1,18.4,17.7,19.1
1788187733.7,Highest temperature in Amsterdam on August 31?,Amsterdam,2026-08-31,3967645,highest-temperature-in-amsterdam-on-august-31-2026-19c,Will the highest temperature in Amsterdam be 19°C on August 31?,"[""Yes"", ""No""]","[""0.0005"", ""0.9995""]",7474.931551999998,1,18.4,17.7,19.1
1788187733.7,Highest temperature in Amsterdam on August 31?,Amsterdam,2026-08-31,3967646,highest-temperature-in-amsterdam-on-august-31-2026-20c,Will the highest temperature in Amsterdam be 20°C on August 31?,"[""Yes"", ""No""]","[""0.84"", ""0.16""]",6243.242323999999,1,18.4,17.7,19.1
1788187733.7,Highest temperature in Amsterdam on August 31?,Amsterdam,2026-08-31,3967647,highest-temperature-in-amsterdam-on-august-31-2026-21c,Will the highest temperature in Amsterdam be 21°C on August 31?,"[""Yes"", ""No""]","[""0.125"", ""0.875""]",4874.478617999999,1,18.4,17.7,19.1
1788187733.7,Highest temperature in Amsterdam on August 31?,Amsterdam,2026-08-31,3967648,highest-temperature-in-amsterdam-on-august-31-2026-22c,Will the highest temperature in Amsterdam be 22°C on August 31?,"[""Yes"", ""No""]","[""0.0105"", ""0.9895""]",3436.3749320000006,1,18.4,17.7,19.1
1788187733.7,Highest temperature in Amsterdam on August 31?,Amsterdam,2026-08-31,3967649,highest-temperature-in-amsterdam-on-august-31-2026-23c,Will the highest temperature in Amsterdam be 23°C on August 31?,"[""Yes"", ""No""]","[""0.0005"", ""0.9995""]",1612.550554,1,18.4,17.7,19.1
1788187733.7,Highest temperature in Amsterdam on August 31?,Amsterdam,2026-08-31,3967650,highest-temperature-in-amsterdam-on-august-31-2026-24corhigher,Will the highest temperature in Amsterdam be 24°C or higher on August 31?,"[""Yes"", ""No""]","[""0.0005"", ""0.9995""]",418.691611,1,18.4,17.7,19.1
1788187733.7,Highest temperature in Helsinki on August 31?,Helsinki,2026-08-31,3967651,highest-temperature-in-helsinki-on-august-31-2026-12corbelow,Will the highest temperature in Helsinki be 12°C or below on August 31?,"[""Yes"", ""No""]","[""0.0005"", ""0.9995""]",293.995,1,18.5,19.5,18.8
1788187733.7,Highest temperature in Helsinki on August 31?,Helsinki,2026-08-31,3967652,highest-temperature-in-helsinki-on-august-31-2026-13c,Will the highest temperature in Helsinki be 13°C on August 31?,"[""Yes"", ""No""]","[""0.0005"", ""0.9995""]",293.99100000000004,1,18.5,19.5,18.8
1788187733.7,Highest temperature in Helsinki on August 31?,Helsinki,2026-08-31,3967653,highest-temperature-in-helsinki-on-august-31-2026-14c,Will the highest temperature in Helsinki be 14°C on August 31?,"[""Yes"", ""No""]","[""0.0005"", ""0.9995""]",77.98700000000001,1,18.5,19.5,18.8
1788187733.7,Highest temperature in Helsinki on August 31?,Helsinki,2026-08-31,3967654,highest-temperature-in-helsinki-on-august-31-2026-15c,Will the highest temperature in Helsinki be 15°C on August 31?,"[""Yes"", ""No""]","[""0.0005"", ""0.9995""]",151.70100000000002,1,18.5,19.5,18.8
1788187733.7,Highest temperature in Helsinki on August 31?,Helsinki,2026-08-31,3967655,highest-temperature-in-helsinki-on-august-31-2026-16c,Will the highest temperature in Helsinki be 16°C on August 31?,"[""Yes"", ""No""]","[""0.0005"", ""0.9995""]",689.7324,1,18.5,19.5,18.8
1788187733.7,Highest temperature in Helsinki on August 31?,Helsinki,2026-08-31,3967656,highest-temperature-in-helsinki-on-august-31-2026-17c,Will the highest temperature in Helsinki be 17°C on August 31?,"[""Yes"", ""No""]","[""0.0005"", ""0.9995""]",1214.719436,1,18.5,19.5,18.8
1788187733.7,Highest temperature in Helsinki on August 31?,Helsinki,2026-08-31,3967657,highest-temperature-in-helsinki-on-august-31-2026-18c,Will the highest temperature in Helsinki be 18°C on August 31?,"[""Yes"", ""No""]","[""0.0005"", ""0.9995""]",13464.160441,1,18.5,19.5,18.8
1788187733.7,Highest temperature in Helsinki on August 31?,Helsinki,2026-08-31,3967658,highest-temperature-in-helsinki-on-august-31-2026-19c,Will the highest temperature in Helsinki be 19°C on August 31?,"[""Yes"", ""No""]","[""0.995"", ""0.005""]",7545.336484000002,1,18.5,19.5,18.8
1788187733.7,Highest temperature in Helsinki on August 31?,Helsinki,2026-08-31,3967659,highest-temperature-in-helsinki-on-august-31-2026-20c,Will the highest temperature in Helsinki be 20°C on August 31?,"[""Yes"", ""No""]","[""0.0035"", ""0.9965""]",3490.7805399999997,1,18.5,19.5,18.8
1788187733.7,Highest temperature in Helsinki on August 31?,Helsinki,2026-08-31,3967660,highest-temperature-in-helsinki-on-august-31-2026-21c,Will the highest temperature in Helsinki be 21°C on August 31?,"[""Yes"", ""No""]","[""0.0005"", ""0.9995""]",2573.217122,1,18.5,19.5,18.8
1788187733.7,Highest temperature in Helsinki on August 31?,Helsinki,2026-08-31,3967661,highest-temperature-in-helsinki-on-august-31-2026-22corhigher,Will the highest temperature in Helsinki be 22°C or higher on August 31?,"[""Yes"", ""No""]","[""0.0005"", ""0.9995""]",384.98035500000003,1,18.5,19.5,18.8
1788187733.7,Highest temperature in Kuala Lumpur on August 31?,Kuala Lumpur,2026-08-31,3967662,highest-temperature-in-kuala-lumpur-on-august-31-2026-27corbelow,Will the highest temperature in Kuala Lumpur be 27°C or below on August 31?,"[""Yes"", ""No""]","[""0.0005"", ""0.9995""]",766.2040279999999,1,34.1,34.8,34.2
1788187733.7,Highest temperature in Kuala Lumpur on August 31?,Kuala Lumpur,2026-08-31,3967663,highest-temperature-in-kuala-lumpur-on-august-31-2026-28c,Will the highest temperature in Kuala Lumpur be 28°C on August 31?,"[""Yes"", ""No""]","[""0.0005"", ""0.9995""]",667.1430599999999,1,34.1,34.8,34.2
1788187733.7,Highest temperature in Kuala Lumpur on August 31?,Kuala Lumpur,2026-08-31,3967664,highest-temperature-in-kuala-lumpur-on-august-31-2026-29c,Will the highest temperature in Kuala Lumpur be 29°C on August 31?,"[""Yes"", ""No""]","[""0.0005"", ""0.9995""]",448.033648,1,34.1,34.8,34.2
1788187733.7,Highest temperature in Kuala Lumpur on August 31?,Kuala Lumpur,2026-08-31,3967665,highest-temperature-in-kuala-lumpur-on-august-31-2026-30c,Will the highest temperature in Kuala Lumpur be 30°C on August 31?,"[""Yes"", ""No""]","[""0.0005"", ""0.9995""]",1715.438039,1,34.1,34.8,34.2
1788187733.7,Highest temperature in Kuala Lumpur on August 31?,Kuala Lumpur,2026-08-31,3967666,highest-temperature-in-kuala-lumpur-on-august-31-2026-31c,Will the highest temperature in Kuala Lumpur be 31°C on August 31?,"[""Yes"", ""No""]","[""0.0005"", ""0.9995""]",1455.399766,1,34.1,34.8,34.2
1788187733.7,Highest temperature in Kuala Lumpur on August 31?,Kuala Lumpur,2026-08-31,3967667,highest-temperature-in-kuala-lumpur-on-august-31-2026-32c,Will the highest temperature in Kuala Lumpur be 32°C on August 31?,"[""Yes"", ""No""]","[""0.0005"", ""0.9995""]",4094.8614350000003,1,34.1,34.8,34.2
1788187733.7,Highest temperature in Kuala Lumpur on August 31?,Kuala Lumpur,2026-08-31,3967668,highest-temperature-in-kuala-lumpur-on-august-31-2026-33c,Will the highest temperature in Kuala Lumpur be 33°C on August 31?,"[""Yes"", ""No""]","[""0.9995"", ""0.0005""]",4655.130727999999,1,34.1,34.8,34.2
1788187733.7,Highest temperature in Kuala Lumpur on August 31?,Kuala Lumpur,2026-08-31,3967669,highest-temperature-in-kuala-lumpur-on-august-31-2026-34c,Will the highest temperature in Kuala Lumpur be 34°C on August 31?,"[""Yes"", ""No""]","[""0.0005"", ""0.9995""]",4311.82593,1,34.1,34.8,34.2
1788187733.7,Highest temperature in Kuala Lumpur on August 31?,Kuala Lumpur,2026-08-31,3967670,highest-temperature-in-kuala-lumpur-on-august-31-2026-35c,Will the highest temperature in Kuala Lumpur be 35°C on August 31?,"[""Yes"", ""No""]","[""0.0005"", ""0.9995""]",6258.494218000002,1,34.1,34.8,34.2
1788187733.7,Highest temperature in Kuala Lumpur on August 31?,Kuala Lumpur,2026-08-31,3967671,highest-temperature-in-kuala-lumpur-on-august-31-2026-36c,Will the highest temperature in Kuala Lumpur be 36°C on August 31?,"[""Yes"", ""No""]","[""0.0005"", ""0.9995""]",750.746956,1,34.1,34.8,34.2
1788187733.7,Highest temperature in Kuala Lumpur on August 31?,Kuala Lumpur,2026-08-31,3967672,highest-temperature-in-kuala-lumpur-on-august-31-2026-37corhigher,Will the highest temperature in Kuala Lumpur be 37°C or higher on August 31?,"[""Yes"", ""No""]","[""0.0005"", ""0.9995""]",566.8018709999999,1,34.1,34.8,34.2
1788187733.7,Highest temperature in Jeddah on August 31?,Jeddah,2026-08-31,3967673,highest-temperature-in-jeddah-on-august-31-2026-31corbelow,Will the highest temperature in Jeddah be 31°C or below on August 31?,"[""Yes"", ""No""]","[""0.0005"", ""0.9995""]",373.958,1,37.1,40.6,37.1
1788187733.7,Highest temperature in Jeddah on August 31?,Jeddah,2026-08-31,3967674,highest-temperature-in-jeddah-on-august-31-2026-32c,Will the highest temperature in Jeddah be 32°C on August 31?,"[""Yes"", ""No""]","[""0.0005"", ""0.9995""]",324.015,1,37.1,40.6,37.1
1788187733.7,Highest temperature in Jeddah on August 31?,Jeddah,2026-08-31,3967675,highest-temperature-in-jeddah-on-august-31-2026-33c,Will the highest temperature in Jeddah be 33°C on August 31?,"[""Yes"", ""No""]","[""0.0005"", ""0.9995""]",374.92199999999997,1,37.1,40.6,37.1
1788187733.7,Highest temperature in Jeddah on August 31?,Jeddah,2026-08-31,3967676,highest-temperature-in-jeddah-on-august-31-2026-34c,Will the highest temperature in Jeddah be 34°C on August 31?,"[""Yes"", ""No""]","[""0.0005"", ""0.9995""]",317.976,1,37.1,40.6,37.1
1788187733.7,Highest temperature in Jeddah on August 31?,Jeddah,2026-08-31,3967677,highest-temperature-in-jeddah-on-august-31-2026-35c,Will the highest temperature in Jeddah be 35°C on August 31?,"[""Yes"", ""No""]","[""0.0005"", ""0.9995""]",773.2797999999999,1,37.1,40.6,37.1
1788187733.7,Highest temperature in Jeddah on August 31?,Jeddah,2026-08-31,3967678,highest-temperature-in-jeddah-on-august-31-2026-36c,Will the highest temperature in Jeddah be 36°C on August 31?,"[""Yes"", ""No""]","[""0.0005"", ""0.9995""]",774.657298,1,37.1,40.6,37.1
1788187733.7,Highest temperature in Jeddah on August 31?,Jeddah,2026-08-31,3967679,highest-temperature-in-jeddah-on-august-31-2026-37c,Will the highest temperature in Jeddah be 37°C on August 31?,"[""Yes"", ""No""]","[""0.0005"", ""0.9995""]",1193.00599,1,37.1,40.6,37.1
1788187733.7,Highest temperature in Jeddah on August 31?,Jeddah,2026-08-31,3967680,highest-temperature-in-jeddah-on-august-31-2026-38c,Will the highest temperature in Jeddah be 38°C on August 31?,"[""Yes"", ""No""]","[""0.9985"", ""0.0015""]",3992.952131,1,37.1,40.6,37.1
1788187733.7,Highest temperature in Jeddah on August 31?,Jeddah,2026-08-31,3967681,highest-temperature-in-jeddah-on-august-31-2026-39c,Will the highest temperature in Jeddah be 39°C on August 31?,"[""Yes"", ""No""]","[""0.0005"", ""0.9995""]",1887.0938099999998,1,37.1,40.6,37.1
1788187733.7,Highest temperature in Jeddah on August 31?,Jeddah,2026-08-31,3967682,highest-temperature-in-jeddah-on-august-31-2026-40c,Will the highest temperature in Jeddah be 40°C on August 31?,"[""Yes"", ""No""]","[""0.0005"", ""0.9995""]",1924.3240399999995,1,37.1,40.6,37.1
1788187733.7,Highest temperature in Jeddah on August 31?,Jeddah,2026-08-31,3967683,highest-temperature-in-jeddah-on-august-31-2026-41corhigher,Will the highest temperature in Jeddah be 41°C or higher on August 31?,"[""Yes"", ""No""]","[""0.0005"", ""0.9995""]",2380.5319710000003,1,37.1,40.6,37.1
1788187733.7,Highest temperature in Cape Town on August 31?,Cape Town,2026-08-31,3967684,highest-temperature-in-cape-town-on-august-31-2026-12corbelow,Will the highest temperature in Cape Town be 12°C or below on August 31?,"[""Yes"", ""No""]","[""0.0005"", ""0.9995""]",1328.929,1,17.2,16.9,16.8
1788187733.7,Highest temperature in Cape Town on August 31?,Cape Town,2026-08-31,3967685,highest-temperature-in-cape-town-on-august-31-2026-13c,Will the highest temperature in Cape Town be 13°C on August 31?,"[""Yes"", ""No""]","[""0.0005"", ""0.9995""]",450.29999999999995,1,17.2,16.9,16.8
1788187733.7,Highest temperature in Cape Town on August 31?,Cape Town,2026-08-31,3967686,highest-temperature-in-cape-town-on-august-31-2026-14c,Will the highest temperature in Cape Town be 14°C on August 31?,"[""Yes"", ""No""]","[""0.0005"", ""0.9995""]",184.939,1,17.2,16.9,16.8
1788187733.7,Highest temperature in Cape Town on August 31?,Cape Town,2026-08-31,3967687,highest-temperature-in-cape-town-on-august-31-2026-15c,Will the highest temperature in Cape Town be 15°C on August 31?,"[""Yes"", ""No""]","[""0.0005"", ""0.9995""]",893.740749,1,17.2,16.9,16.8
1788187733.7,Highest temperature in Cape Town on August 31?,Cape Town,2026-08-31,3967688,highest-temperature-in-cape-town-on-august-31-2026-16c,Will the highest temperature in Cape Town be 16°C on August 31?,"[""Yes"", ""No""]","[""0.0005"", ""0.9995""]",1954.798472,1,17.2,16.9,16.8
1788187733.7,Highest temperature in Cape Town on August 31?,Cape Town,2026-08-31,3967689,highest-temperature-in-cape-town-on-august-31-2026-17c,Will the highest temperature in Cape Town be 17°C on August 31?,"[""Yes"", ""No""]","[""0.0005"", ""0.9995""]",5908.1190910000005,1,17.2,16.9,16.8
1788187733.7,Highest temperature in Cape Town on August 31?,Cape Town,2026-08-31,3967690,highest-temperature-in-cape-town-on-august-31-2026-18c,Will the highest temperature in Cape Town be 18°C on August 31?,"[""Yes"", ""No""]","[""0.998"", ""0.002""]",4398.498234000001,1,17.2,16.9,16.8
1788187733.7,Highest temperature in Cape Town on August 31?,Cape Town,2026-08-31,3967691,highest-temperature-in-cape-town-on-august-31-2026-19c,Will the highest temperature in Cape Town be 19°C on August 31?,"[""Yes"", ""No""]","[""0.002"", ""0.998""]",3828.130287,1,17.2,16.9,16.8
1788187733.7,Highest temperature in Cape Town on August 31?,Cape Town,2026-08-31,3967692,highest-temperature-in-cape-town-on-august-31-2026-20c,Will the highest temperature in Cape Town be 20°C on August 31?,"[""Yes"", ""No""]","[""0.001"", ""0.999""]",1136.1776,1,17.2,16.9,16.8
1788187733.7,Highest temperature in Cape Town on August 31?,Cape Town,2026-08-31,3967693,highest-temperature-in-cape-town-on-august-31-2026-21c,Will the highest temperature in Cape Town be 21°C on August 31?,"[""Yes"", ""No""]","[""0.0005"", ""0.9995""]",1552.774516,1,17.2,16.9,16.8
1788187733.7,Highest temperature in Cape Town on August 31?,Cape Town,2026-08-31,3967694,highest-temperature-in-cape-town-on-august-31-2026-22corhigher,Will the highest temperature in Cape Town be 22°C or higher on August 31?,"[""Yes"", ""No""]","[""0.0005"", ""0.9995""]",1140.8999999999999,1,17.2,16.9,16.8
1788187733.7,Highest temperature in Guangzhou on August 31?,Guangzhou,2026-08-31,3967695,highest-temperature-in-guangzhou-on-august-31-2026-26corbelow,Will the highest temperature in Guangzhou be 26°C or below on August 31?,"[""Yes"", ""No""]","[""0.0005"", ""0.9995""]",1862.722,1,32.6,30.5,29.6
1788187733.7,Highest temperature in Guangzhou on August 31?,Guangzhou,2026-08-31,3967696,highest-temperature-in-guangzhou-on-august-31-2026-27c,Will the highest temperature in Guangzhou be 27°C on August 31?,"[""Yes"", ""No""]","[""0.0005"", ""0.9995""]",2501.6193829999997,1,32.6,30.5,29.6
1788187733.7,Highest temperature in Guangzhou on August 31?,Guangzhou,2026-08-31,3967697,highest-temperature-in-guangzhou-on-august-31-2026-28c,Will the highest temperature in Guangzhou be 28°C on August 31?,"[""Yes"", ""No""]","[""0.0005"", ""0.9995""]",3835.9717419999997,1,32.6,30.5,29.6
1788187733.7,Highest temperature in Guangzhou on August 31?,Guangzhou,2026-08-31,3967698,highest-temperature-in-guangzhou-on-august-31-2026-29c,Will the highest temperature in Guangzhou be 29°C on August 31?,"[""Yes"", ""No""]","[""0.0005"", ""0.9995""]",2854.3958050000006,1,32.6,30.5,29.6
1788187733.7,Highest temperature in Guangzhou on August 31?,Guangzhou,2026-08-31,3967699,highest-temperature-in-guangzhou-on-august-31-2026-30c,Will the highest temperature in Guangzhou be 30°C on August 31?,"[""Yes"", ""No""]","[""0.0005"", ""0.9995""]",5389.384752999999,1,32.6,30.5,29.6
1788187733.7,Highest temperature in Guangzhou on August 31?,Guangzhou,2026-08-31,3967700,highest-temperature-in-guangzhou-on-august-31-2026-31c,Will the highest temperature in Guangzhou be 31°C on August 31?,"[""Yes"", ""No""]","[""0.0005"", ""0.9995""]",6777.859979000001,1,32.6,30.5,29.6
1788187733.7,Highest temperature in Guangzhou on August 31?,Guangzhou,2026-08-31,3967701,highest-temperature-in-guangzhou-on-august-31-2026-32c,Will the highest temperature in Guangzhou be 32°C on August 31?,"[""Yes"", ""No""]","[""0.0005"", ""0.9995""]",4615.861152000001,1,32.6,30.5,29.6
1788187733.7,Highest temperature in Guangzhou on August 31?,Guangzhou,2026-08-31,3967702,highest-temperature-in-guangzhou-on-august-31-2026-33c,Will the highest temperature in Guangzhou be 33°C on August 31?,"[""Yes"", ""No""]","[""0.9995"", ""0.0005""]",5782.806725,1,32.6,30.5,29.6
1788187733.7,Highest temperature in Guangzhou on August 31?,Guangzhou,2026-08-31,3967703,highest-temperature-in-guangzhou-on-august-31-2026-34c,Will the highest temperature in Guangzhou be 34°C on August 31?,"[""Yes"", ""No""]","[""0.0005"", ""0.9995""]",6121.561583999999,1,32.6,30.5,29.6
1788187733.7,Highest temperature in Guangzhou on August 31?,Guangzhou,2026-08-31,3967704,highest-temperature-in-guangzhou-on-august-31-2026-35c,Will the highest temperature in Guangzhou be 35°C on August 31?,"[""Yes"", ""No""]","[""0.0005"", ""0.9995""]",5302.594789000002,1,32.6,30.5,29.6
1788187733.7,Highest temperature in Guangzhou on August 31?,Guangzhou,2026-08-31,3967705,highest-temperature-in-guangzhou-on-august-31-2026-36corhigher,Will the highest temperature in Guangzhou be 36°C or higher on August 31?,"[""Yes"", ""No""]","[""0.0005"", ""0.9995""]",4985.175562,1,32.6,30.5,29.6
1788187733.7,Highest temperature in Qingdao on August 31?,Qingdao,2026-08-31,3967706,highest-temperature-in-qingdao-on-august-31-2026-25corbelow,Will the highest temperature in Qingdao be 25°C or below on August 31?,"[""Yes"", ""No""]","[""0.0005"", ""0.9995""]",389.22479999999996,1,29.9,29.5,29.7
1788187733.7,Highest temperature in Qingdao on August 31?,Qingdao,2026-08-31,3967707,highest-temperature-in-qingdao-on-august-31-2026-26c,Will the highest temperature in Qingdao be 26°C on August 31?,"[""Yes"", ""No""]","[""0.0005"", ""0.9995""]",242.986,1,29.9,29.5,29.7
1788187733.7,Highest temperature in Qingdao on August 31?,Qingdao,2026-08-31,3967708,highest-temperature-in-qingdao-on-august-31-2026-27c,Will the highest temperature in Qingdao be 27°C on August 31?,"[""Yes"", ""No""]","[""0.0005"", ""0.9995""]",6630.974666,1,29.9,29.5,29.7
1788187733.7,Highest temperature in Qingdao on August 31?,Qingdao,2026-08-31,3967709,highest-temperature-in-qingdao-on-august-31-2026-28c,Will the highest temperature in Qingdao be 28°C on August 31?,"[""Yes"", ""No""]","[""0.0005"", ""0.9995""]",1514.981601,1,29.9,29.5,29.7
1788187733.7,Highest temperature in Qingdao on August 31?,Qingdao,2026-08-31,3967710,highest-temperature-in-qingdao-on-august-31-2026-29c,Will the highest temperature in Qingdao be 29°C on August 31?,"[""Yes"", ""No""]","[""0.0005"", ""0.9995""]",2342.344617,1,29.9,29.5,29.7
1788187733.7,Highest temperature in Qingdao on August 31?,Qingdao,2026-08-31,3967711,highest-temperature-in-qingdao-on-august-31-2026-30c,Will the highest temperature in Qingdao be 30°C on August 31?,"[""Yes"", ""No""]","[""0.0005"", ""0.9995""]",7615.914907999999,1,29.9,29.5,29.7
1788187733.7,Highest temperature in Qingdao on August 31?,Qingdao,2026-08-31,3967712,highest-temperature-in-qingdao-on-august-31-2026-31c,Will the highest temperature in Qingdao be 31°C on August 31?,"[""Yes"", ""No""]","[""0.9995"", ""0.0005""]",11270.025982,1,29.9,29.5,29.7
1788187733.7,Highest temperature in Qingdao on August 31?,Qingdao,2026-08-31,3967713,highest-temperature-in-qingdao-on-august-31-2026-32c,Will the highest temperature in Qingdao be 32°C on August 31?,"[""Yes"", ""No""]","[""0.0005"", ""0.9995""]",1667.2909399999999,1,29.9,29.5,29.7
1788187733.7,Highest temperature in Qingdao on August 31?,Qingdao,2026-08-31,3967714,highest-temperature-in-qingdao-on-august-31-2026-33c,Will the highest temperature in Qingdao be 33°C on August 31?,"[""Yes"", ""No""]","[""0.0005"", ""0.9995""]",1518.1587849999999,1,29.9,29.5,29.7
1788187733.7,Highest temperature in Qingdao on August 31?,Qingdao,2026-08-31,3967715,highest-temperature-in-qingdao-on-august-31-2026-34c,Will the highest temperature in Qingdao be 34°C on August 31?,"[""Yes"", ""No""]","[""0.0005"", ""0.9995""]",188.962,1,29.9,29.5,29.7
1788187733.7,Highest temperature in Qingdao on August 31?,Qingdao,2026-08-31,3967716,highest-temperature-in-qingdao-on-august-31-2026-35corhigher,Will the highest temperature in Qingdao be 35°C or higher on August 31?,"[""Yes"", ""No""]","[""0.0005"", ""0.9995""]",320.99100000000004,1,29.9,29.5,29.7
1788187733.7,Highest temperature in Karachi on August 31?,Karachi,2026-08-31,3967717,highest-temperature-in-karachi-on-august-31-2026-26corbelow,Will the highest temperature in Karachi be 26°C or below on August 31?,"[""Yes"", ""No""]","[""0.0005"", ""0.9995""]",957.478,1,30.3,30.8,30.3
1788187733.7,Highest temperature in Karachi on August 31?,Karachi,2026-08-31,3967718,highest-temperature-in-karachi-on-august-31-2026-27c,Will the highest temperature in Karachi be 27°C on August 31?,"[""Yes"", ""No""]","[""0.0005"", ""0.9995""]",226.36919999999998,1,30.3,30.8,30.3
1788187733.7,Highest temperature in Karachi on August 31?,Karachi,2026-08-31,3967719,highest-temperature-in-karachi-on-august-31-2026-28c,Will the highest temperature in Karachi be 28°C on August 31?,"[""Yes"", ""No""]","[""0.0005"", ""0.9995""]",418.4362,1,30.3,30.8,30.3
1788187733.7,Highest temperature in Karachi on August 31?,Karachi,2026-08-31,3967720,highest-temperature-in-karachi-on-august-31-2026-29c,Will the highest temperature in Karachi be 29°C on August 31?,"[""Yes"", ""No""]","[""0.0005"", ""0.9995""]",2688.37388,1,30.3,30.8,30.3
1788187733.7,Highest temperature in Karachi on August 31?,Karachi,2026-08-31,3967721,highest-temperature-in-karachi-on-august-31-2026-30c,Will the highest temperature in Karachi be 30°C on August 31?,"[""Yes"", ""No""]","[""0.9995"", ""0.0005""]",6026.196067000001,1,30.3,30.8,30.3
1788187733.7,Highest temperature in Karachi on August 31?,Karachi,2026-08-31,3967722,highest-temperature-in-karachi-on-august-31-2026-31c,Will the highest temperature in Karachi be 31°C on August 31?,"[""Yes"", ""No""]","[""0.0005"", ""0.9995""]",1459.21034,1,30.3,30.8,30.3
1788187733.7,Highest temperature in Karachi on August 31?,Karachi,2026-08-31,3967723,highest-temperature-in-karachi-on-august-31-2026-32c,Will the highest temperature in Karachi be 32°C on August 31?,"[""Yes"", ""No""]","[""0.0005"", ""0.9995""]",2270.0281,1,30.3,30.8,30.3
1788187733.7,Highest temperature in Karachi on August 31?,Karachi,2026-08-31,3967724,highest-temperature-in-karachi-on-august-31-2026-33c,Will the highest temperature in Karachi be 33°C on August 31?,"[""Yes"", ""No""]","[""0.0005"", ""0.9995""]",3212.0129490000004,1,30.3,30.8,30.3
1788187733.7,Highest temperature in Karachi on August 31?,Karachi,2026-08-31,3967725,highest-temperature-in-karachi-on-august-31-2026-34c,Will the highest temperature in Karachi be 34°C on August 31?,"[""Yes"", ""No""]","[""0.0005"", ""0.9995""]",317.84831299999996,1,30.3,30.8,30.3
1788187733.7,Highest temperature in Karachi on August 31?,Karachi,2026-08-31,3967726,highest-temperature-in-karachi-on-august-31-2026-35c,Will the highest temperature in Karachi be 35°C on August 31?,"[""Yes"", ""No""]","[""0.0005"", ""0.9995""]",151.02599999999998,1,30.3,30.8,30.3
1788187733.7,Highest temperature in Karachi on August 31?,Karachi,2026-08-31,3967727,highest-temperature-in-karachi-on-august-31-2026-36corhigher,Will the highest temperature in Karachi be 36°C or higher on August 31?,"[""Yes"", ""No""]","[""0.0005"", ""0.9995""]",276,1,30.3,30.8,30.3
1788187733.7,Highest temperature in Manila on August 31?,Manila,2026-08-31,3967728,highest-temperature-in-manila-on-august-31-2026-25corbelow,Will the highest temperature in Manila be 25°C or below on August 31?,"[""Yes"", ""No""]","[""0.0005"", ""0.9995""]",224.081,1,30.3,30.9,32.2
1788187733.7,Highest temperature in Manila on August 31?,Manila,2026-08-31,3967729,highest-temperature-in-manila-on-august-31-2026-26c,Will the highest temperature in Manila be 26°C on August 31?,"[""Yes"", ""No""]","[""0.0005"", ""0.9995""]",285.9722,1,30.3,30.9,32.2
1788187733.7,Highest temperature in Manila on August 31?,Manila,2026-08-31,3967730,highest-temperature-in-manila-on-august-31-2026-27c,Will the highest temperature in Manila be 27°C on August 31?,"[""Yes"", ""No""]","[""0.0005"", ""0.9995""]",482.20799999999997,1,30.3,30.9,32.2
1788187733.7,Highest temperature in Manila on August 31?,Manila,2026-08-31,3967731,highest-temperature-in-manila-on-august-31-2026-28c,Will the highest temperature in Manila be 28°C on August 31?,"[""Yes"", ""No""]","[""0.0005"", ""0.9995""]",507.833332,1,30.3,30.9,32.2
1788187733.7,Highest temperature in Manila on August 31?,Manila,2026-08-31,3967732,highest-temperature-in-manila-on-august-31-2026-29c,Will the highest temperature in Manila be 29°C on August 31?,"[""Yes"", ""No""]","[""0.0005"", ""0.9995""]",1358.725482,1,30.3,30.9,32.2
1788187733.7,Highest temperature in Manila on August 31?,Manila,2026-08-31,3967733,highest-temperature-in-manila-on-august-31-2026-30c,Will the highest temperature in Manila be 30°C on August 31?,"[""Yes"", ""No""]","[""0.0005"", ""0.9995""]",1924.9719409999998,1,30.3,30.9,32.2
1788187733.7,Highest temperature in Manila on August 31?,Manila,2026-08-31,3967734,highest-temperature-in-manila-on-august-31-2026-31c,Will the highest temperature in Manila be 31°C on August 31?,"[""Yes"", ""No""]","[""0.0005"", ""0.9995""]",2541.3396869999992,1,30.3,30.9,32.2
1788187733.7,Highest temperature in Manila on August 31?,Manila,2026-08-31,3967735,highest-temperature-in-manila-on-august-31-2026-32c,Will the highest temperature in Manila be 32°C on August 31?,"[""Yes"", ""No""]","[""0.0005"", ""0.9995""]",15575.678575,1,30.3,30.9,32.2
1788187733.7,Highest temperature in Manila on August 31?,Manila,2026-08-31,3967736,highest-temperature-in-manila-on-august-31-2026-33c,Will the highest temperature in Manila be 33°C on August 31?,"[""Yes"", ""No""]","[""0.9995"", ""0.0005""]",2492.4358760000005,1,30.3,30.9,32.2
1788187733.7,Highest temperature in Manila on August 31?,Manila,2026-08-31,3967737,highest-temperature-in-manila-on-august-31-2026-34c,Will the highest temperature in Manila be 34°C on August 31?,"[""Yes"", ""No""]","[""0.0005"", ""0.9995""]",941.638829,1,30.3,30.9,32.2
1788187733.7,Highest temperature in Manila on August 31?,Manila,2026-08-31,3967738,highest-temperature-in-manila-on-august-31-2026-35corhigher,Will the highest temperature in Manila be 35°C or higher on August 31?,"[""Yes"", ""No""]","[""0.0005"", ""0.9995""]",185.07,1,30.3,30.9,32.2
1788187733.7,Highest temperature in NYC on August 31?,NYC,2026-08-31,3968599,highest-temperature-in-nyc-on-august-31-2026-73forbelow,Will the highest temperature in New York City be 73°F or below on August 31?,"[""Yes"", ""No""]","[""0.0005"", ""0.9995""]",3380.548894,1,25.1,27.2,24.6
1788187733.7,Highest temperature in NYC on August 31?,NYC,2026-08-31,3968600,highest-temperature-in-nyc-on-august-31-2026-74-75f,Will the highest temperature in New York City be between 74-75°F on August 31?,"[""Yes"", ""No""]","[""0.1"", ""0.9""]",7379.949602000001,1,25.1,27.2,24.6
1788187733.7,Highest temperature in NYC on August 31?,NYC,2026-08-31,3968601,highest-temperature-in-nyc-on-august-31-2026-76-77f,Will the highest temperature in New York City be between 76-77°F on August 31?,"[""Yes"", ""No""]","[""0.365"", ""0.635""]",4703.598463,1,25.1,27.2,24.6
1788187733.7,Highest temperature in NYC on August 31?,NYC,2026-08-31,3968602,highest-temperature-in-nyc-on-august-31-2026-78-79f,Will the highest temperature in New York City be between 78-79°F on August 31?,"[""Yes"", ""No""]","[""0.45"", ""0.55""]",6266.148879,1,25.1,27.2,24.6
1788187733.7,Highest temperature in NYC on August 31?,NYC,2026-08-31,3968603,highest-temperature-in-nyc-on-august-31-2026-80-81f,Will the highest temperature in New York City be between 80-81°F on August 31?,"[""Yes"", ""No""]","[""0.085"", ""0.915""]",5973.181531,1,25.1,27.2,24.6
1788187733.7,Highest temperature in NYC on August 31?,NYC,2026-08-31,3968604,highest-temperature-in-nyc-on-august-31-2026-82-83f,Will the highest temperature in New York City be between 82-83°F on August 31?,"[""Yes"", ""No""]","[""0.035"", ""0.965""]",2830.0450299999998,1,25.1,27.2,24.6
1788187733.7,Highest temperature in NYC on August 31?,NYC,2026-08-31,3968605,highest-temperature-in-nyc-on-august-31-2026-84-85f,Will the highest temperature in New York City be between 84-85°F on August 31?,"[""Yes"", ""No""]","[""0.0105"", ""0.9895""]",2897.0998489999997,1,25.1,27.2,24.6
1788187733.7,Highest temperature in NYC on August 31?,NYC,2026-08-31,3968606,highest-temperature-in-nyc-on-august-31-2026-86-87f,Will the highest temperature in New York City be between 86-87°F on August 31?,"[""Yes"", ""No""]","[""0.0015"", ""0.9985""]",525.1585,1,25.1,27.2,24.6
1788187733.7,Highest temperature in NYC on August 31?,NYC,2026-08-31,3968607,highest-temperature-in-nyc-on-august-31-2026-88-89f,Will the highest temperature in New York City be between 88-89°F on August 31?,"[""Yes"", ""No""]","[""0.0005"", ""0.9995""]",339.801847,1,25.1,27.2,24.6
1788187733.7,Highest temperature in NYC on August 31?,NYC,2026-08-31,3968608,highest-temperature-in-nyc-on-august-31-2026-90-91f,Will the highest temperature in New York City be between 90-91°F on August 31?,"[""Yes"", ""No""]","[""0.0005"", ""0.9995""]",2398.753272,1,25.1,27.2,24.6
1788187733.7,Highest temperature in NYC on August 31?,NYC,2026-08-31,3968609,highest-temperature-in-nyc-on-august-31-2026-92forhigher,Will the highest temperature in New York City be 92°F or higher on August 31?,"[""Yes"", ""No""]","[""0.0005"", ""0.9995""]",1117.2549999999999,1,25.1,27.2,24.6
1788187733.7,Highest temperature in Dallas on August 31?,Dallas,2026-08-31,3968610,highest-temperature-in-dallas-on-august-31-2026-89forbelow,Will the highest temperature in Dallas be 89°F or below on August 31?,"[""Yes"", ""No""]","[""0.0005"", ""0.9995""]",914.9540000000001,1,37.9,37.8,37.5
1788187733.7,Highest temperature in Dallas on August 31?,Dallas,2026-08-31,3968611,highest-temperature-in-dallas-on-august-31-2026-90-91f,Will the highest temperature in Dallas be between 90-91°F on August 31?,"[""Yes"", ""No""]","[""0.0005"", ""0.9995""]",139.95999999999998,1,37.9,37.8,37.5
1788187733.7,Highest temperature in Dallas on August 31?,Dallas,2026-08-31,3968612,highest-temperature-in-dallas-on-august-31-2026-92-93f,Will the highest temperature in Dallas be between 92-93°F on August 31?,"[""Yes"", ""No""]","[""0.0005"", ""0.9995""]",570.617,1,37.9,37.8,37.5
1788187733.7,Highest temperature in Dallas on August 31?,Dallas,2026-08-31,3968613,highest-temperature-in-dallas-on-august-31-2026-94-95f,Will the highest temperature in Dallas be between 94-95°F on August 31?,"[""Yes"", ""No""]","[""0.0025"", ""0.9975""]",849.2386629999999,1,37.9,37.8,37.5
1788187733.7,Highest temperature in Dallas on August 31?,Dallas,2026-08-31,3968614,highest-temperature-in-dallas-on-august-31-2026-96-97f,Will the highest temperature in Dallas be between 96-97°F on August 31?,"[""Yes"", ""No""]","[""0.015"", ""0.985""]",2157.081836,1,37.9,37.8,37.5
1788187733.7,Highest temperature in Dallas on August 31?,Dallas,2026-08-31,3968615,highest-temperature-in-dallas-on-august-31-2026-98-99f,Will the highest temperature in Dallas be between 98-99°F on August 31?,"[""Yes"", ""No""]","[""0.485"", ""0.515""]",5203.919159,1,37.9,37.8,37.5
1788187733.7,Highest temperature in Dallas on August 31?,Dallas,2026-08-31,3968616,highest-temperature-in-dallas-on-august-31-2026-100-101f,Will the highest temperature in Dallas be between 100-101°F on August 31?,"[""Yes"", ""No""]","[""0.505"", ""0.495""]",8420.131379999993,1,37.9,37.8,37.5
1788187733.7,Highest temperature in Dallas on August 31?,Dallas,2026-08-31,3968617,highest-temperature-in-dallas-on-august-31-2026-102-103f,Will the highest temperature in Dallas be between 102-103°F on August 31?,"[""Yes"", ""No""]","[""0.035"", ""0.965""]",1273.183262,1,37.9,37.8,37.5
1788187733.7,Highest temperature in Dallas on August 31?,Dallas,2026-08-31,3968618,highest-temperature-in-dallas-on-august-31-2026-104-105f,Will the highest temperature in Dallas be between 104-105°F on August 31?,"[""Yes"", ""No""]","[""0.0055"", ""0.9945""]",1132.436887,1,37.9,37.8,37.5
1788187733.7,Highest temperature in Dallas on August 31?,Dallas,2026-08-31,3968619,highest-temperature-in-dallas-on-august-31-2026-106-107f,Will the highest temperature in Dallas be between 106-107°F on August 31?,"[""Yes"", ""No""]","[""0.0015"", ""0.9985""]",283.521,1,37.9,37.8,37.5
1788187733.7,Highest temperature in Dallas on August 31?,Dallas,2026-08-31,3968620,highest-temperature-in-dallas-on-august-31-2026-108forhigher,Will the highest temperature in Dallas be 108°F or higher on August 31?,"[""Yes"", ""No""]","[""0.0005"", ""0.9995""]",485.419529,1,37.9,37.8,37.5
1788187733.7,Highest temperature in Atlanta on August 31?,Atlanta,2026-08-31,3968621,highest-temperature-in-atlanta-on-august-31-2026-81forbelow,Will the highest temperature in Atlanta be 81°F or below on August 31?,"[""Yes"", ""No""]","[""0.0005"", ""0.9995""]",87.997,1,34.1,32.8,33.6
1788187733.7,Highest temperature in Atlanta on August 31?,Atlanta,2026-08-31,3968622,highest-temperature-in-atlanta-on-august-31-2026-82-83f,Will the highest temperature in Atlanta be between 82-83°F on August 31?,"[""Yes"", ""No""]","[""0.0005"", ""0.9995""]",783.9799999999999,1,34.1,32.8,33.6
1788187733.7,Highest temperature in Atlanta on August 31?,Atlanta,2026-08-31,3968623,highest-temperature-in-atlanta-on-august-31-2026-84-85f,Will the highest temperature in Atlanta be between 84-85°F on August 31?,"[""Yes"", ""No""]","[""0.0005"", ""0.9995""]",232.405,1,34.1,32.8,33.6
1788187733.7,Highest temperature in Atlanta on August 31?,Atlanta,2026-08-31,3968624,highest-temperature-in-atlanta-on-august-31-2026-86-87f,Will the highest temperature in Atlanta be between 86-87°F on August 31?,"[""Yes"", ""No""]","[""0.0035"", ""0.9965""]",824.6835,1,34.1,32.8,33.6
1788187733.7,Highest temperature in Atlanta on August 31?,Atlanta,2026-08-31,3968625,highest-temperature-in-atlanta-on-august-31-2026-88-89f,Will the highest temperature in Atlanta be between 88-89°F on August 31?,"[""Yes"", ""No""]","[""0.0045"", ""0.9955""]",880.8052,1,34.1,32.8,33.6
1788187733.7,Highest temperature in Atlanta on August 31?,Atlanta,2026-08-31,3968626,highest-temperature-in-atlanta-on-august-31-2026-90-91f,Will the highest temperature in Atlanta be between 90-91°F on August 31?,"[""Yes"", ""No""]","[""0.035"", ""0.965""]",1662.365562,1,34.1,32.8,33.6
1788187733.7,Highest temperature in Atlanta on August 31?,Atlanta,2026-08-31,3968627,highest-temperature-in-atlanta-on-august-31-2026-92-93f,Will the highest temperature in Atlanta be between 92-93°F on August 31?,"[""Yes"", ""No""]","[""0.455"", ""0.545""]",3925.061581,1,34.1,32.8,33.6
1788187733.7,Highest temperature in Atlanta on August 31?,Atlanta,2026-08-31,3968628,highest-temperature-in-atlanta-on-august-31-2026-94-95f,Will the highest temperature in Atlanta be between 94-95°F on August 31?,"[""Yes"", ""No""]","[""0.5"", ""0.5""]",3230.0547610000003,1,34.1,32.8,33.6
1788187733.7,Highest temperature in Atlanta on August 31?,Atlanta,2026-08-31,3968629,highest-temperature-in-atlanta-on-august-31-2026-96-97f,Will the highest temperature in Atlanta be between 96-97°F on August 31?,"[""Yes"", ""No""]","[""0.01"", ""0.99""]",1129.920096,1,34.1,32.8,33.6
1788187733.7,Highest temperature in Atlanta on August 31?,Atlanta,2026-08-31,3968630,highest-temperature-in-atlanta-on-august-31-2026-98-99f,Will the highest temperature in Atlanta be between 98-99°F on August 31?,"[""Yes"", ""No""]","[""0.004"", ""0.996""]",1396.2687110000002,1,34.1,32.8,33.6
1788187733.7,Highest temperature in Atlanta on August 31?,Atlanta,2026-08-31,3968631,highest-temperature-in-atlanta-on-august-31-2026-100forhigher,Will the highest temperature in Atlanta be 100°F or higher on August 31?,"[""Yes"", ""No""]","[""0.0005"", ""0.9995""]",480.604,1,34.1,32.8,33.6
1788187733.7,Highest temperature in Miami on August 31?,Miami,2026-08-31,3969356,highest-temperature-in-miami-on-august-31-2026-79forbelow,Will the highest temperature in Miami be 79°F or below on August 31?,"[""Yes"", ""No""]","[""0.0005"", ""0.9995""]",3264.751,1,30.5,30.0,32.4
1788187733.7,Highest temperature in Miami on August 31?,Miami,2026-08-31,3969357,highest-temperature-in-miami-on-august-31-2026-80-81f,Will the highest temperature in Miami be between 80-81°F on August 31?,"[""Yes"", ""No""]","[""0.0005"", ""0.9995""]",2274.863332,1,30.5,30.0,32.4
1788187733.7,Highest temperature in Miami on August 31?,Miami,2026-08-31,3969358,highest-temperature-in-miami-on-august-31-2026-82-83f,Will the highest temperature in Miami be between 82-83°F on August 31?,"[""Yes"", ""No""]","[""0.0005"", ""0.9995""]",2261.0664960000004,1,30.5,30.0,32.4
1788187733.7,Highest temperature in Miami on August 31?,Miami,2026-08-31,3969359,highest-temperature-in-miami-on-august-31-2026-84-85f,Will the highest temperature in Miami be between 84-85°F on August 31?,"[""Yes"", ""No""]","[""0.0005"", ""0.9995""]",2327.730988,1,30.5,30.0,32.4
1788187733.7,Highest temperature in Miami on August 31?,Miami,2026-08-31,3969360,highest-temperature-in-miami-on-august-31-2026-86-87f,Will the highest temperature in Miami be between 86-87°F on August 31?,"[""Yes"", ""No""]","[""0.02"", ""0.98""]",1723.0095000000001,1,30.5,30.0,32.4
1788187733.7,Highest temperature in Miami on August 31?,Miami,2026-08-31,3969361,highest-temperature-in-miami-on-august-31-2026-88-89f,Will the highest temperature in Miami be between 88-89°F on August 31?,"[""Yes"", ""No""]","[""0.13"", ""0.87""]",2622.9803779999997,1,30.5,30.0,32.4
1788187733.7,Highest temperature in Miami on August 31?,Miami,2026-08-31,3969362,highest-temperature-in-miami-on-august-31-2026-90-91f,Will the highest temperature in Miami be between 90-91°F on August 31?,"[""Yes"", ""No""]","[""0.655"", ""0.345""]",4745.900446,1,30.5,30.0,32.4
1788187733.7,Highest temperature in Miami on August 31?,Miami,2026-08-31,3969363,highest-temperature-in-miami-on-august-31-2026-92-93f,Will the highest temperature in Miami be between 92-93°F on August 31?,"[""Yes"", ""No""]","[""0.21"", ""0.79""]",5426.387264999999,1,30.5,30.0,32.4
1788187733.7,Highest temperature in Miami on August 31?,Miami,2026-08-31,3969364,highest-temperature-in-miami-on-august-31-2026-94-95f,Will the highest temperature in Miami be between 94-95°F on August 31?,"[""Yes"", ""No""]","[""0.02"", ""0.98""]",1043.5766,1,30.5,30.0,32.4
1788187733.7,Highest temperature in Miami on August 31?,Miami,2026-08-31,3969365,highest-temperature-in-miami-on-august-31-2026-96-97f,Will the highest temperature in Miami be between 96-97°F on August 31?,"[""Yes"", ""No""]","[""0.005"", ""0.995""]",811.053281,1,30.5,30.0,32.4
1788187733.7,Highest temperature in Miami on August 31?,Miami,2026-08-31,3969366,highest-temperature-in-miami-on-august-31-2026-98forhigher,Will the highest temperature in Miami be 98°F or higher on August 31?,"[""Yes"", ""No""]","[""0.0015"", ""0.9985""]",1003.659,1,30.5,30.0,32.4
1788187733.7,Highest temperature in Chicago on August 31?,Chicago,2026-08-31,3969367,highest-temperature-in-chicago-on-august-31-2026-81forbelow,Will the highest temperature in Chicago be 81°F or below on August 31?,"[""Yes"", ""No""]","[""0.007"", ""0.993""]",382.5149,1,32.7,30.2,32.8
1788187733.7,Highest temperature in Chicago on August 31?,Chicago,2026-08-31,3969368,highest-temperature-in-chicago-on-august-31-2026-82-83f,Will the highest temperature in Chicago be between 82-83°F on August 31?,"[""Yes"", ""No""]","[""0.007"", ""0.993""]",483.8031,1,32.7,30.2,32.8
1788187733.7,Highest temperature in Chicago on August 31?,Chicago,2026-08-31,3969369,highest-temperature-in-chicago-on-august-31-2026-84-85f,Will the highest temperature in Chicago be between 84-85°F on August 31?,"[""Yes"", ""No""]","[""0.03"", ""0.97""]",1454.370387,1,32.7,30.2,32.8
1788187733.7,Highest temperature in Chicago on August 31?,Chicago,2026-08-31,3969370,highest-temperature-in-chicago-on-august-31-2026-86-87f,Will the highest temperature in Chicago be between 86-87°F on August 31?,"[""Yes"", ""No""]","[""0.165"", ""0.835""]",1414.5006039999998,1,32.7,30.2,32.8
1788187733.7,Highest temperature in Chicago on August 31?,Chicago,2026-08-31,3969371,highest-temperature-in-chicago-on-august-31-2026-88-89f,Will the highest temperature in Chicago be between 88-89°F on August 31?,"[""Yes"", ""No""]","[""0.36"", ""0.64""]",1878.8886459999999,1,32.7,30.2,32.8
1788187733.7,Highest temperature in Chicago on August 31?,Chicago,2026-08-31,3969372,highest-temperature-in-chicago-on-august-31-2026-90-91f,Will the highest temperature in Chicago be between 90-91°F on August 31?,"[""Yes"", ""No""]","[""0.285"", ""0.715""]",3828.7889889999997,1,32.7,30.2,32.8
1788187733.7,Highest temperature in Chicago on August 31?,Chicago,2026-08-31,3969373,highest-temperature-in-chicago-on-august-31-2026-92-93f,Will the highest temperature in Chicago be between 92-93°F on August 31?,"[""Yes"", ""No""]","[""0.125"", ""0.875""]",2599.951151,1,32.7,30.2,32.8
1788187733.7,Highest temperature in Chicago on August 31?,Chicago,2026-08-31,3969374,highest-temperature-in-chicago-on-august-31-2026-94-95f,Will the highest temperature in Chicago be between 94-95°F on August 31?,"[""Yes"", ""No""]","[""0.04"", ""0.96""]",1994.0504840000003,1,32.7,30.2,32.8
1788187733.7,Highest temperature in Chicago on August 31?,Chicago,2026-08-31,3969375,highest-temperature-in-chicago-on-august-31-2026-96-97f,Will the highest temperature in Chicago be between 96-97°F on August 31?,"[""Yes"", ""No""]","[""0.006"", ""0.994""]",461.16766499999994,1,32.7,30.2,32.8
1788187733.7,Highest temperature in Chicago on August 31?,Chicago,2026-08-31,3969376,highest-temperature-in-chicago-on-august-31-2026-98-99f,Will the highest temperature in Chicago be between 98-99°F on August 31?,"[""Yes"", ""No""]","[""0.0005"", ""0.9995""]",439.389,1,32.7,30.2,32.8
1788187733.7,Highest temperature in Chicago on August 31?,Chicago,2026-08-31,3969377,highest-temperature-in-chicago-on-august-31-2026-100forhigher,Will the highest temperature in Chicago be 100°F or higher on August 31?,"[""Yes"", ""No""]","[""0.0005"", ""0.9995""]",237.995,1,32.7,30.2,32.8
1788187733.7,Highest temperature in Austin on August 31?,Austin,2026-08-31,3969378,highest-temperature-in-austin-on-august-31-2026-89forbelow,Will the highest temperature in Austin be 89°F or below on August 31?,"[""Yes"", ""No""]","[""0.0005"", ""0.9995""]",59.998000000000005,1,37.3,36.4,36.7
1788187733.7,Highest temperature in Austin on August 31?,Austin,2026-08-31,3969379,highest-temperature-in-austin-on-august-31-2026-90-91f,Will the highest temperature in Austin be between 90-91°F on August 31?,"[""Yes"", ""No""]","[""0.0005"", ""0.9995""]",88.008,1,37.3,36.4,36.7
1788187733.7,Highest temperature in Austin on August 31?,Austin,2026-08-31,3969380,highest-temperature-in-austin-on-august-31-2026-92-93f,Will the highest temperature in Austin be between 92-93°F on August 31?,"[""Yes"", ""No""]","[""0.0005"", ""0.9995""]",241.43820000000002,1,37.3,36.4,36.7
1788187733.7,Highest temperature in Austin on August 31?,Austin,2026-08-31,3969381,highest-temperature-in-austin-on-august-31-2026-94-95f,Will the highest temperature in Austin be between 94-95°F on August 31?,"[""Yes"", ""No""]","[""0.004"", ""0.996""]",426.24971800000003,1,37.3,36.4,36.7
1788187733.7,Highest temperature in Austin on August 31?,Austin,2026-08-31,3969382,highest-temperature-in-austin-on-august-31-2026-96-97f,Will the highest temperature in Austin be between 96-97°F on August 31?,"[""Yes"", ""No""]","[""0.025"", ""0.975""]",873.740601,1,37.3,36.4,36.7
1788187733.7,Highest temperature in Austin on August 31?,Austin,2026-08-31,3969383,highest-temperature-in-austin-on-august-31-2026-98-99f,Will the highest temperature in Austin be between 98-99°F on August 31?,"[""Yes"", ""No""]","[""0.56"", ""0.44""]",4310.646484999999,1,37.3,36.4,36.7
1788187733.7,Highest temperature in Austin on August 31?,Austin,2026-08-31,3969384,highest-temperature-in-austin-on-august-31-2026-100-101f,Will the highest temperature in Austin be between 100-101°F on August 31?,"[""Yes"", ""No""]","[""0.415"", ""0.585""]",1903.718178,1,37.3,36.4,36.7
1788187733.7,Highest temperature in Austin on August 31?,Austin,2026-08-31,3969385,highest-temperature-in-austin-on-august-31-2026-102-103f,Will the highest temperature in Austin be between 102-103°F on August 31?,"[""Yes"", ""No""]","[""0.009"", ""0.991""]",1179.892382,1,37.3,36.4,36.7
1788187733.7,Highest temperature in Austin on August 31?,Austin,2026-08-31,3969386,highest-temperature-in-austin-on-august-31-2026-104-105f,Will the highest temperature in Austin be between 104-105°F on August 31?,"[""Yes"", ""No""]","[""0.0005"", ""0.9995""]",360.0856,1,37.3,36.4,36.7
1788187733.7,Highest temperature in Austin on August 31?,Austin,2026-08-31,3969387,highest-temperature-in-austin-on-august-31-2026-106-107f,Will the highest temperature in Austin be between 106-107°F on August 31?,"[""Yes"", ""No""]","[""0.0005"", ""0.9995""]",139.986,1,37.3,36.4,36.7
1788187733.7,Highest temperature in Austin on August 31?,Austin,2026-08-31,3969388,highest-temperature-in-austin-on-august-31-2026-108forhigher,Will the highest temperature in Austin be 108°F or higher on August 31?,"[""Yes"", ""No""]","[""0.0005"", ""0.9995""]",139.97,1,37.3,36.4,36.7
1788187733.7,Highest temperature in Denver on August 31?,Denver,2026-08-31,3969389,highest-temperature-in-denver-on-august-31-2026-71forbelow,Will the highest temperature in Denver be 71°F or below on August 31?,"[""Yes"", ""No""]","[""0.0005"", ""0.9995""]",1451.952188,1,31.4,28.4,27.3
1788187733.7,Highest temperature in Denver on August 31?,Denver,2026-08-31,3969390,highest-temperature-in-denver-on-august-31-2026-72-73f,Will the highest temperature in Denver be between 72-73°F on August 31?,"[""Yes"", ""No""]","[""0.0005"", ""0.9995""]",555.874617,1,31.4,28.4,27.3
1788187733.7,Highest temperature in Denver on August 31?,Denver,2026-08-31,3969391,highest-temperature-in-denver-on-august-31-2026-74-75f,Will the highest temperature in Denver be between 74-75°F on August 31?,"[""Yes"", ""No""]","[""0.001"", ""0.999""]",1045.36593,1,31.4,28.4,27.3
1788187733.7,Highest temperature in Denver on August 31?,Denver,2026-08-31,3969392,highest-temperature-in-denver-on-august-31-2026-76-77f,Will the highest temperature in Denver be between 76-77°F on August 31?,"[""Yes"", ""No""]","[""0.01"", ""0.99""]",918.964956,1,31.4,28.4,27.3
1788187733.7,Highest temperature in Denver on August 31?,Denver,2026-08-31,3969393,highest-temperature-in-denver-on-august-31-2026-78-79f,Will the highest temperature in Denver be between 78-79°F on August 31?,"[""Yes"", ""No""]","[""0.02"", ""0.98""]",826.8337839999999,1,31.4,28.4,27.3
1788187733.7,Highest temperature in Denver on August 31?,Denver,2026-08-31,3969394,highest-temperature-in-denver-on-august-31-2026-80-81f,Will the highest temperature in Denver be between 80-81°F on August 31?,"[""Yes"", ""No""]","[""0.055"", ""0.945""]",1922.971238,1,31.4,28.4,27.3
1788187733.7,Highest temperature in Denver on August 31?,Denver,2026-08-31,3969395,highest-temperature-in-denver-on-august-31-2026-82-83f,Will the highest temperature in Denver be between 82-83°F on August 31?,"[""Yes"", ""No""]","[""0.235"", ""0.765""]",3080.6801969999997,1,31.4,28.4,27.3
1788187733.7,Highest temperature in Denver on August 31?,Denver,2026-08-31,3969396,highest-temperature-in-denver-on-august-31-2026-84-85f,Will the highest temperature in Denver be between 84-85°F on August 31?,"[""Yes"", ""No""]","[""0.455"", ""0.545""]",1917.706631,1,31.4,28.4,27.3
1788187733.7,Highest temperature in Denver on August 31?,Denver,2026-08-31,3969397,highest-temperature-in-denver-on-august-31-2026-86-87f,Will the highest temperature in Denver be between 86-87°F on August 31?,"[""Yes"", ""No""]","[""0.16"", ""0.84""]",856.979955,1,31.4,28.4,27.3
1788187733.7,Highest temperature in Denver on August 31?,Denver,2026-08-31,3969398,highest-temperature-in-denver-on-august-31-2026-88-89f,Will the highest temperature in Denver be between 88-89°F on August 31?,"[""Yes"", ""No""]","[""0.045"", ""0.955""]",1227.61739,1,31.4,28.4,27.3
1788187733.7,Highest temperature in Denver on August 31?,Denver,2026-08-31,3969399,highest-temperature-in-denver-on-august-31-2026-90forhigher,Will the highest temperature in Denver be 90°F or higher on August 31?,"[""Yes"", ""No""]","[""0.0105"", ""0.9895""]",793.548851,1,31.4,28.4,27.3
1788187733.7,Highest temperature in Houston on August 31?,Houston,2026-08-31,3969400,highest-temperature-in-houston-on-august-31-2026-83forbelow,Will the highest temperature in Houston be 83°F or below on August 31?,"[""Yes"", ""No""]","[""0.0005"", ""0.9995""]",1298.601,1,33.9,34.5,36.1
1788187733.7,Highest temperature in Houston on August 31?,Houston,2026-08-31,3969401,highest-temperature-in-houston-on-august-31-2026-84-85f,Will the highest temperature in Houston be between 84-85°F on August 31?,"[""Yes"", ""No""]","[""0.0005"", ""0.9995""]",331.50699999999995,1,33.9,34.5,36.1
1788187733.7,Highest temperature in Houston on August 31?,Houston,2026-08-31,3969402,highest-temperature-in-houston-on-august-31-2026-86-87f,Will the highest temperature in Houston be between 86-87°F on August 31?,"[""Yes"", ""No""]","[""0.0005"", ""0.9995""]",736.541686,1,33.9,34.5,36.1
1788187733.7,Highest temperature in Houston on August 31?,Houston,2026-08-31,3969403,highest-temperature-in-houston-on-august-31-2026-88-89f,Will the highest temperature in Houston be between 88-89°F on August 31?,"[""Yes"", ""No""]","[""0.0045"", ""0.9955""]",469.317962,1,33.9,34.5,36.1
1788187733.7,Highest temperature in Houston on August 31?,Houston,2026-08-31,3969404,highest-temperature-in-houston-on-august-31-2026-90-91f,Will the highest temperature in Houston be between 90-91°F on August 31?,"[""Yes"", ""No""]","[""0.03"", ""0.97""]",1408.836666,1,33.9,34.5,36.1
1788187733.7,Highest temperature in Houston on August 31?,Houston,2026-08-31,3969405,highest-temperature-in-houston-on-august-31-2026-92-93f,Will the highest temperature in Houston be between 92-93°F on August 31?,"[""Yes"", ""No""]","[""0.2"", ""0.8""]",2776.387587,1,33.9,34.5,36.1
1788187733.7,Highest temperature in Houston on August 31?,Houston,2026-08-31,3969406,highest-temperature-in-houston-on-august-31-2026-94-95f,Will the highest temperature in Houston be between 94-95°F on August 31?,"[""Yes"", ""No""]","[""0.59"", ""0.41""]",2631.9819959999995,1,33.9,34.5,36.1
1788187733.7,Highest temperature in Houston on August 31?,Houston,2026-08-31,3969407,highest-temperature-in-houston-on-august-31-2026-96-97f,Will the highest temperature in Houston be between 96-97°F on August 31?,"[""Yes"", ""No""]","[""0.185"", ""0.815""]",3206.807305000001,1,33.9,34.5,36.1
1788187733.7,Highest temperature in Houston on August 31?,Houston,2026-08-31,3969408,highest-temperature-in-houston-on-august-31-2026-98-99f,Will the highest temperature in Houston be between 98-99°F on August 31?,"[""Yes"", ""No""]","[""0.035"", ""0.965""]",766.7362979999999,1,33.9,34.5,36.1
1788187733.7,Highest temperature in Houston on August 31?,Houston,2026-08-31,3969409,highest-temperature-in-houston-on-august-31-2026-100-101f,Will the highest temperature in Houston be between 100-101°F on August 31?,"[""Yes"", ""No""]","[""0.005"", ""0.995""]",405.40711,1,33.9,34.5,36.1
1788187733.7,Highest temperature in Houston on August 31?,Houston,2026-08-31,3969410,highest-temperature-in-houston-on-august-31-2026-102forhigher,Will the highest temperature in Houston be 102°F or higher on August 31?,"[""Yes"", ""No""]","[""0.001"", ""0.999""]",483.09810999999996,1,33.9,34.5,36.1
1788187733.7,Highest temperature in Seattle on August 31?,Seattle,2026-08-31,3972352,highest-temperature-in-seattle-on-august-31-2026-63forbelow,Will the highest temperature in Seattle be 63°F or below on August 31?,"[""Yes"", ""No""]","[""0.0005"", ""0.9995""]",133.09,1,22.8,23.1,21.0
1788187733.7,Highest temperature in Seattle on August 31?,Seattle,2026-08-31,3972353,highest-temperature-in-seattle-on-august-31-2026-64-65f,Will the highest temperature in Seattle be between 64-65°F on August 31?,"[""Yes"", ""No""]","[""0.0005"", ""0.9995""]",927.8259999999999,1,22.8,23.1,21.0
1788187733.7,Highest temperature in Seattle on August 31?,Seattle,2026-08-31,3972354,highest-temperature-in-seattle-on-august-31-2026-66-67f,Will the highest temperature in Seattle be between 66-67°F on August 31?,"[""Yes"", ""No""]","[""0.0005"", ""0.9995""]",553.274919,1,22.8,23.1,21.0
1788187733.7,Highest temperature in Seattle on August 31?,Seattle,2026-08-31,3972355,highest-temperature-in-seattle-on-august-31-2026-68-69f,Will the highest temperature in Seattle be between 68-69°F on August 31?,"[""Yes"", ""No""]","[""0.0045"", ""0.9955""]",668.1273309999999,1,22.8,23.1,21.0
1788187733.7,Highest temperature in Seattle on August 31?,Seattle,2026-08-31,3972356,highest-temperature-in-seattle-on-august-31-2026-70-71f,Will the highest temperature in Seattle be between 70-71°F on August 31?,"[""Yes"", ""No""]","[""0.015"", ""0.985""]",593.964666,1,22.8,23.1,21.0
1788187733.7,Highest temperature in Seattle on August 31?,Seattle,2026-08-31,3972357,highest-temperature-in-seattle-on-august-31-2026-72-73f,Will the highest temperature in Seattle be between 72-73°F on August 31?,"[""Yes"", ""No""]","[""0.13"", ""0.87""]",2971.550949,1,22.8,23.1,21.0
1788187733.7,Highest temperature in Seattle on August 31?,Seattle,2026-08-31,3972358,highest-temperature-in-seattle-on-august-31-2026-74-75f,Will the highest temperature in Seattle be between 74-75°F on August 31?,"[""Yes"", ""No""]","[""0.52"", ""0.48""]",2847.4239350000003,1,22.8,23.1,21.0
1788187733.7,Highest temperature in Seattle on August 31?,Seattle,2026-08-31,3972359,highest-temperature-in-seattle-on-august-31-2026-76-77f,Will the highest temperature in Seattle be between 76-77°F on August 31?,"[""Yes"", ""No""]","[""0.315"", ""0.685""]",3522.906374,1,22.8,23.1,21.0
1788187733.7,Highest temperature in Seattle on August 31?,Seattle,2026-08-31,3972360,highest-temperature-in-seattle-on-august-31-2026-78-79f,Will the highest temperature in Seattle be between 78-79°F on August 31?,"[""Yes"", ""No""]","[""0.035"", ""0.965""]",1112.3972050000002,1,22.8,23.1,21.0
1788187733.7,Highest temperature in Seattle on August 31?,Seattle,2026-08-31,3972361,highest-temperature-in-seattle-on-august-31-2026-80-81f,Will the highest temperature in Seattle be between 80-81°F on August 31?,"[""Yes"", ""No""]","[""0.0005"", ""0.9995""]",467.993,1,22.8,23.1,21.0
1788187733.7,Highest temperature in Seattle on August 31?,Seattle,2026-08-31,3972362,highest-temperature-in-seattle-on-august-31-2026-82forhigher,Will the highest temperature in Seattle be 82°F or higher on August 31?,"[""Yes"", ""No""]","[""0.0005"", ""0.9995""]",205.99699999999996,1,22.8,23.1,21.0
1788187733.7,Highest temperature in Los Angeles on August 31?,Los Angeles,2026-08-31,3972363,highest-temperature-in-los-angeles-on-august-31-2026-65forbelow,Will the highest temperature in Los Angeles be 65°F or below on August 31?,"[""Yes"", ""No""]","[""0.0005"", ""0.9995""]",1124.2410000000002,1,30.0,29.0,29.3
1788187733.7,Highest temperature in Los Angeles on August 31?,Los Angeles,2026-08-31,3972364,highest-temperature-in-los-angeles-on-august-31-2026-66-67f,Will the highest temperature in Los Angeles be between 66-67°F on August 31?,"[""Yes"", ""No""]","[""0.0005"", ""0.9995""]",1207.241,1,30.0,29.0,29.3
1788187733.7,Highest temperature in Los Angeles on August 31?,Los Angeles,2026-08-31,3972365,highest-temperature-in-los-angeles-on-august-31-2026-68-69f,Will the highest temperature in Los Angeles be between 68-69°F on August 31?,"[""Yes"", ""No""]","[""0.0005"", ""0.9995""]",1667.4160000000002,1,30.0,29.0,29.3
1788187733.7,Highest temperature in Los Angeles on August 31?,Los Angeles,2026-08-31,3972366,highest-temperature-in-los-angeles-on-august-31-2026-70-71f,Will the highest temperature in Los Angeles be between 70-71°F on August 31?,"[""Yes"", ""No""]","[""0.0025"", ""0.9975""]",459.7550369999999,1,30.0,29.0,29.3
1788187733.7,Highest temperature in Los Angeles on August 31?,Los Angeles,2026-08-31,3972367,highest-temperature-in-los-angeles-on-august-31-2026-72-73f,Will the highest temperature in Los Angeles be between 72-73°F on August 31?,"[""Yes"", ""No""]","[""0.005"", ""0.995""]",816.8340679999999,1,30.0,29.0,29.3
1788187733.7,Highest temperature in Los Angeles on August 31?,Los Angeles,2026-08-31,3972368,highest-temperature-in-los-angeles-on-august-31-2026-74-75f,Will the highest temperature in Los Angeles be between 74-75°F on August 31?,"[""Yes"", ""No""]","[""0.02"", ""0.98""]",1590.4664850000001,1,30.0,29.0,29.3
1788187733.7,Highest temperature in Los Angeles on August 31?,Los Angeles,2026-08-31,3972369,highest-temperature-in-los-angeles-on-august-31-2026-76-77f,Will the highest temperature in Los Angeles be between 76-77°F on August 31?,"[""Yes"", ""No""]","[""0.265"", ""0.735""]",4280.096775000001,1,30.0,29.0,29.3
1788187733.7,Highest temperature in Los Angeles on August 31?,Los Angeles,2026-08-31,3972370,highest-temperature-in-los-angeles-on-august-31-2026-78-79f,Will the highest temperature in Los Angeles be between 78-79°F on August 31?,"[""Yes"", ""No""]","[""0.56"", ""0.44""]",9317.975198,1,30.0,29.0,29.3
1788187733.7,Highest temperature in Los Angeles on August 31?,Los Angeles,2026-08-31,3972371,highest-temperature-in-los-angeles-on-august-31-2026-80-81f,Will the highest temperature in Los Angeles be between 80-81°F on August 31?,"[""Yes"", ""No""]","[""0.135"", ""0.865""]",3079.103808,1,30.0,29.0,29.3
1788187733.7,Highest temperature in Los Angeles on August 31?,Los Angeles,2026-08-31,3972372,highest-temperature-in-los-angeles-on-august-31-2026-82-83f,Will the highest temperature in Los Angeles be between 82-83°F on August 31?,"[""Yes"", ""No""]","[""0.015"", ""0.985""]",1737.533657,1,30.0,29.0,29.3
1788187733.7,Highest temperature in Los Angeles on August 31?,Los Angeles,2026-08-31,3972373,highest-temperature-in-los-angeles-on-august-31-2026-84forhigher,Will the highest temperature in Los Angeles be 84°F or higher on August 31?,"[""Yes"", ""No""]","[""0.0135"", ""0.9865""]",1054.273834,1,30.0,29.0,29.3
1788187733.7,Highest temperature in San Francisco on August 31?,San Francisco,2026-08-31,3972374,highest-temperature-in-san-francisco-on-august-31-2026-57forbelow,Will the highest temperature in San Francisco be 57°F or below on August 31?,"[""Yes"", ""No""]","[""0.0005"", ""0.9995""]",1382.4294730000001,1,16.8,17.6,17.3
1788187733.7,Highest temperature in San Francisco on August 31?,San Francisco,2026-08-31,3972375,highest-temperature-in-san-francisco-on-august-31-2026-58-59f,Will the highest temperature in San Francisco be between 58-59°F on August 31?,"[""Yes"", ""No""]","[""0.0015"", ""0.9985""]",498.798,1,16.8,17.6,17.3
1788187733.7,Highest temperature in San Francisco on August 31?,San Francisco,2026-08-31,3972376,highest-temperature-in-san-francisco-on-august-31-2026-60-61f,Will the highest temperature in San Francisco be between 60-61°F on August 31?,"[""Yes"", ""No""]","[""0.0025"", ""0.9975""]",386.178505,1,16.8,17.6,17.3
1788187733.7,Highest temperature in San Francisco on August 31?,San Francisco,2026-08-31,3972377,highest-temperature-in-san-francisco-on-august-31-2026-62-63f,Will the highest temperature in San Francisco be between 62-63°F on August 31?,"[""Yes"", ""No""]","[""0.05"", ""0.95""]",916.4197909999999,1,16.8,17.6,17.3
1788187733.7,Highest temperature in San Francisco on August 31?,San Francisco,2026-08-31,3972378,highest-temperature-in-san-francisco-on-august-31-2026-64-65f,Will the highest temperature in San Francisco be between 64-65°F on August 31?,"[""Yes"", ""No""]","[""0.35"", ""0.65""]",2326.797794,1,16.8,17.6,17.3
1788187733.7,Highest temperature in San Francisco on August 31?,San Francisco,2026-08-31,3972379,highest-temperature-in-san-francisco-on-august-31-2026-66-67f,Will the highest temperature in San Francisco be between 66-67°F on August 31?,"[""Yes"", ""No""]","[""0.49"", ""0.51""]",941.394781,1,16.8,17.6,17.3
1788187733.7,Highest temperature in San Francisco on August 31?,San Francisco,2026-08-31,3972380,highest-temperature-in-san-francisco-on-august-31-2026-68-69f,Will the highest temperature in San Francisco be between 68-69°F on August 31?,"[""Yes"", ""No""]","[""0.135"", ""0.865""]",2708.3668559999996,1,16.8,17.6,17.3
1788187733.7,Highest temperature in San Francisco on August 31?,San Francisco,2026-08-31,3972381,highest-temperature-in-san-francisco-on-august-31-2026-70-71f,Will the highest temperature in San Francisco be between 70-71°F on August 31?,"[""Yes"", ""No""]","[""0.02"", ""0.98""]",544.819575,1,16.8,17.6,17.3
1788187733.7,Highest temperature in San Francisco on August 31?,San Francisco,2026-08-31,3972382,highest-temperature-in-san-francisco-on-august-31-2026-72-73f,Will the highest temperature in San Francisco be between 72-73°F on August 31?,"[""Yes"", ""No""]","[""0.003"", ""0.997""]",113.78,1,16.8,17.6,17.3
1788187733.7,Highest temperature in San Francisco on August 31?,San Francisco,2026-08-31,3972383,highest-temperature-in-san-francisco-on-august-31-2026-74-75f,Will the highest temperature in San Francisco be between 74-75°F on August 31?,"[""Yes"", ""No""]","[""0.0025"", ""0.9975""]",189.20999999999998,1,16.8,17.6,17.3
1788187733.7,Highest temperature in San Francisco on August 31?,San Francisco,2026-08-31,3972384,highest-temperature-in-san-francisco-on-august-31-2026-76forhigher,Will the highest temperature in San Francisco be 76°F or higher on August 31?,"[""Yes"", ""No""]","[""0.002"", ""0.998""]",220.20999999999998,1,16.8,17.6,17.3
1788187733.7,Highest temperature in Sao Paulo on August 31?,Sao Paulo,2026-08-31,3973028,highest-temperature-in-sao-paulo-on-august-31-2026-29corbelow,Will the highest temperature in Sao Paulo be 29°C or below on August 31?,"[""Yes"", ""No""]","[""0.915"", ""0.085""]",10777.545730000002,1,32.2,26.5,30.2
1788187733.7,Highest temperature in Sao Paulo on August 31?,Sao Paulo,2026-08-31,3973029,highest-temperature-in-sao-paulo-on-august-31-2026-30c,Will the highest temperature in Sao Paulo be 30°C on August 31?,"[""Yes"", ""No""]","[""0.06"", ""0.94""]",2436.291338,1,32.2,26.5,30.2
1788187733.7,Highest temperature in Sao Paulo on August 31?,Sao Paulo,2026-08-31,3973030,highest-temperature-in-sao-paulo-on-august-31-2026-31c,Will the highest temperature in Sao Paulo be 31°C on August 31?,"[""Yes"", ""No""]","[""0.006"", ""0.994""]",1747.038478,1,32.2,26.5,30.2
1788187733.7,Highest temperature in Sao Paulo on August 31?,Sao Paulo,2026-08-31,3973031,highest-temperature-in-sao-paulo-on-august-31-2026-32c,Will the highest temperature in Sao Paulo be 32°C on August 31?,"[""Yes"", ""No""]","[""0.003"", ""0.997""]",2147.120712,1,32.2,26.5,30.2
1788187733.7,Highest temperature in Sao Paulo on August 31?,Sao Paulo,2026-08-31,3973032,highest-temperature-in-sao-paulo-on-august-31-2026-33c,Will the highest temperature in Sao Paulo be 33°C on August 31?,"[""Yes"", ""No""]","[""0.001"", ""0.999""]",2139.495918,1,32.2,26.5,30.2
1788187733.7,Highest temperature in Sao Paulo on August 31?,Sao Paulo,2026-08-31,3973033,highest-temperature-in-sao-paulo-on-august-31-2026-34c,Will the highest temperature in Sao Paulo be 34°C on August 31?,"[""Yes"", ""No""]","[""0.0025"", ""0.9975""]",4025.940373,1,32.2,26.5,30.2
1788187733.7,Highest temperature in Sao Paulo on August 31?,Sao Paulo,2026-08-31,3973034,highest-temperature-in-sao-paulo-on-august-31-2026-35c,Will the highest temperature in Sao Paulo be 35°C on August 31?,"[""Yes"", ""No""]","[""0.001"", ""0.999""]",3003.51226,1,32.2,26.5,30.2
1788187733.7,Highest temperature in Sao Paulo on August 31?,Sao Paulo,2026-08-31,3973035,highest-temperature-in-sao-paulo-on-august-31-2026-36c,Will the highest temperature in Sao Paulo be 36°C on August 31?,"[""Yes"", ""No""]","[""0.0015"", ""0.9985""]",6314.2309700000005,1,32.2,26.5,30.2
1788187733.7,Highest temperature in Sao Paulo on August 31?,Sao Paulo,2026-08-31,3973036,highest-temperature-in-sao-paulo-on-august-31-2026-37c,Will the highest temperature in Sao Paulo be 37°C on August 31?,"[""Yes"", ""No""]","[""0.0005"", ""0.9995""]",2556.955,1,32.2,26.5,30.2
1788187733.7,Highest temperature in Sao Paulo on August 31?,Sao Paulo,2026-08-31,3973037,highest-temperature-in-sao-paulo-on-august-31-2026-38c,Will the highest temperature in Sao Paulo be 38°C on August 31?,"[""Yes"", ""No""]","[""0.0005"", ""0.9995""]",1247.955,1,32.2,26.5,30.2
1788187733.7,Highest temperature in Sao Paulo on August 31?,Sao Paulo,2026-08-31,3973038,highest-temperature-in-sao-paulo-on-august-31-2026-39corhigher,Will the highest temperature in Sao Paulo be 39°C or higher on August 31?,"[""Yes"", ""No""]","[""0.0005"", ""0.9995""]",206.00900000000001,1,32.2,26.5,30.2
1788187733.7,Highest temperature in Buenos Aires on August 31?,Buenos Aires,2026-08-31,3973039,highest-temperature-in-buenos-aires-on-august-31-2026-14corbelow,Will the highest temperature in Buenos Aires be 14°C or below on August 31?,"[""Yes"", ""No""]","[""0.0005"", ""0.9995""]",237.99099999999999,1,17.9,15.7,18.2
1788187733.7,Highest temperature in Buenos Aires on August 31?,Buenos Aires,2026-08-31,3973040,highest-temperature-in-buenos-aires-on-august-31-2026-15c,Will the highest temperature in Buenos Aires be 15°C on August 31?,"[""Yes"", ""No""]","[""0.0005"", ""0.9995""]",237.99699999999999,1,17.9,15.7,18.2
1788187733.7,Highest temperature in Buenos Aires on August 31?,Buenos Aires,2026-08-31,3973041,highest-temperature-in-buenos-aires-on-august-31-2026-16c,Will the highest temperature in Buenos Aires be 16°C on August 31?,"[""Yes"", ""No""]","[""0.002"", ""0.998""]",433.4616,1,17.9,15.7,18.2
1788187733.7,Highest temperature in Buenos Aires on August 31?,Buenos Aires,2026-08-31,3973042,highest-temperature-in-buenos-aires-on-august-31-2026-17c,Will the highest temperature in Buenos Aires be 17°C on August 31?,"[""Yes"", ""No""]","[""0.0065"", ""0.9935""]",319.19809999999995,1,17.9,15.7,18.2
1788187733.7,Highest temperature in Buenos Aires on August 31?,Buenos Aires,2026-08-31,3973043,highest-temperature-in-buenos-aires-on-august-31-2026-18c,Will the highest temperature in Buenos Aires be 18°C on August 31?,"[""Yes"", ""No""]","[""0.04"", ""0.96""]",804.037916,1,17.9,15.7,18.2
1788187733.7,Highest temperature in Buenos Aires on August 31?,Buenos Aires,2026-08-31,3973044,highest-temperature-in-buenos-aires-on-august-31-2026-19c,Will the highest temperature in Buenos Aires be 19°C on August 31?,"[""Yes"", ""No""]","[""0.265"", ""0.735""]",1297.0100000000002,1,17.9,15.7,18.2
1788187733.7,Highest temperature in Buenos Aires on August 31?,Buenos Aires,2026-08-31,3973045,highest-temperature-in-buenos-aires-on-august-31-2026-20c,Will the highest temperature in Buenos Aires be 20°C on August 31?,"[""Yes"", ""No""]","[""0.625"", ""0.375""]",1730.9403559999996,1,17.9,15.7,18.2
1788187733.7,Highest temperature in Buenos Aires on August 31?,Buenos Aires,2026-08-31,3973046,highest-temperature-in-buenos-aires-on-august-31-2026-21c,Will the highest temperature in Buenos Aires be 21°C on August 31?,"[""Yes"", ""No""]","[""0.085"", ""0.915""]",3331.0831660000003,1,17.9,15.7,18.2
1788187733.7,Highest temperature in Buenos Aires on August 31?,Buenos Aires,2026-08-31,3973047,highest-temperature-in-buenos-aires-on-august-31-2026-22c,Will the highest temperature in Buenos Aires be 22°C on August 31?,"[""Yes"", ""No""]","[""0.015"", ""0.985""]",969.665482,1,17.9,15.7,18.2
1788187733.7,Highest temperature in Buenos Aires on August 31?,Buenos Aires,2026-08-31,3973048,highest-temperature-in-buenos-aires-on-august-31-2026-23c,Will the highest temperature in Buenos Aires be 23°C on August 31?,"[""Yes"", ""No""]","[""0.004"", ""0.996""]",427.136466,1,17.9,15.7,18.2
1788187733.7,Highest temperature in Buenos Aires on August 31?,Buenos Aires,2026-08-31,3973049,highest-temperature-in-buenos-aires-on-august-31-2026-24corhigher,Will the highest temperature in Buenos Aires be 24°C or higher on August 31?,"[""Yes"", ""No""]","[""0.0015"", ""0.9985""]",832.2200189999999,1,17.9,15.7,18.2
1788187733.7,Highest temperature in Toronto on August 31?,Toronto,2026-08-31,3973050,highest-temperature-in-toronto-on-august-31-2026-17corbelow,Will the highest temperature in Toronto be 17°C or below on August 31?,"[""Yes"", ""No""]","[""0.0005"", ""0.9995""]",277.991,1,20.6,22.4,22.8
1788187733.7,Highest temperature in Toronto on August 31?,Toronto,2026-08-31,3973051,highest-temperature-in-toronto-on-august-31-2026-18c,Will the highest temperature in Toronto be 18°C on August 31?,"[""Yes"", ""No""]","[""0.0005"", ""0.9995""]",227.99699999999999,1,20.6,22.4,22.8
1788187733.7,Highest temperature in Toronto on August 31?,Toronto,2026-08-31,3973052,highest-temperature-in-toronto-on-august-31-2026-19c,Will the highest temperature in Toronto be 19°C on August 31?,"[""Yes"", ""No""]","[""0.0205"", ""0.9795""]",3212.042171,1,20.6,22.4,22.8
1788187733.7,Highest temperature in Toronto on August 31?,Toronto,2026-08-31,3973053,highest-temperature-in-toronto-on-august-31-2026-20c,Will the highest temperature in Toronto be 20°C on August 31?,"[""Yes"", ""No""]","[""0.07"", ""0.93""]",4091.62803,1,20.6,22.4,22.8
1788187733.7,Highest temperature in Toronto on August 31?,Toronto,2026-08-31,3973054,highest-temperature-in-toronto-on-august-31-2026-21c,Will the highest temperature in Toronto be 21°C on August 31?,"[""Yes"", ""No""]","[""0.115"", ""0.885""]",7165.316935,1,20.6,22.4,22.8
1788187733.7,Highest temperature in Toronto on August 31?,Toronto,2026-08-31,3973055,highest-temperature-in-toronto-on-august-31-2026-22c,Will the highest temperature in Toronto be 22°C on August 31?,"[""Yes"", ""No""]","[""0.175"", ""0.825""]",7317.68072,1,20.6,22.4,22.8
1788187733.7,Highest temperature in Toronto on August 31?,Toronto,2026-08-31,3973056,highest-temperature-in-toronto-on-august-31-2026-23c,Will the highest temperature in Toronto be 23°C on August 31?,"[""Yes"", ""No""]","[""0.235"", ""0.765""]",5459.875509999999,1,20.6,22.4,22.8
1788187733.7,Highest temperature in Toronto on August 31?,Toronto,2026-08-31,3973057,highest-temperature-in-toronto-on-august-31-2026-24c,Will the highest temperature in Toronto be 24°C on August 31?,"[""Yes"", ""No""]","[""0.405"", ""0.595""]",6481.717123000002,1,20.6,22.4,22.8
1788187733.7,Highest temperature in Toronto on August 31?,Toronto,2026-08-31,3973058,highest-temperature-in-toronto-on-august-31-2026-25c,Will the highest temperature in Toronto be 25°C on August 31?,"[""Yes"", ""No""]","[""0.05"", ""0.95""]",2562.375427,1,20.6,22.4,22.8
1788187733.7,Highest temperature in Toronto on August 31?,Toronto,2026-08-31,3973059,highest-temperature-in-toronto-on-august-31-2026-26c,Will the highest temperature in Toronto be 26°C on August 31?,"[""Yes"", ""No""]","[""0.0055"", ""0.9945""]",1930.701264,1,20.6,22.4,22.8
1788187733.7,Highest temperature in Toronto on August 31?,Toronto,2026-08-31,3973060,highest-temperature-in-toronto-on-august-31-2026-27corhigher,Will the highest temperature in Toronto be 27°C or higher on August 31?,"[""Yes"", ""No""]","[""0.0025"", ""0.9975""]",1049.014134,1,20.6,22.4,22.8
1788187733.7,Highest temperature in Mexico City on August 31?,Mexico City,2026-08-31,3973061,highest-temperature-in-mexico-city-on-august-31-2026-16corbelow,Will the highest temperature in Mexico City be 16°C or below on August 31?,"[""Yes"", ""No""]","[""0.0005"", ""0.9995""]",1117.9950000000001,1,25.2,22.1,25.1
1788187733.7,Highest temperature in Mexico City on August 31?,Mexico City,2026-08-31,3973062,highest-temperature-in-mexico-city-on-august-31-2026-17c,Will the highest temperature in Mexico City be 17°C on August 31?,"[""Yes"", ""No""]","[""0.0005"", ""0.9995""]",167.99099999999999,1,25.2,22.1,25.1
1788187733.7,Highest temperature in Mexico City on August 31?,Mexico City,2026-08-31,3973063,highest-temperature-in-mexico-city-on-august-31-2026-18c,Will the highest temperature in Mexico City be 18°C on August 31?,"[""Yes"", ""No""]","[""0.0005"", ""0.9995""]",420.8105,1,25.2,22.1,25.1
1788187733.7,Highest temperature in Mexico City on August 31?,Mexico City,2026-08-31,3973064,highest-temperature-in-mexico-city-on-august-31-2026-19c,Will the highest temperature in Mexico City be 19°C on August 31?,"[""Yes"", ""No""]","[""0.0005"", ""0.9995""]",109.997,1,25.2,22.1,25.1
1788187733.7,Highest temperature in Mexico City on August 31?,Mexico City,2026-08-31,3973065,highest-temperature-in-mexico-city-on-august-31-2026-20c,Will the highest temperature in Mexico City be 20°C on August 31?,"[""Yes"", ""No""]","[""0.0005"", ""0.9995""]",369.962122,1,25.2,22.1,25.1
1788187733.7,Highest temperature in Mexico City on August 31?,Mexico City,2026-08-31,3973066,highest-temperature-in-mexico-city-on-august-31-2026-21c,Will the highest temperature in Mexico City be 21°C on August 31?,"[""Yes"", ""No""]","[""0.0005"", ""0.9995""]",394.06280000000004,1,25.2,22.1,25.1
1788187733.7,Highest temperature in Mexico City on August 31?,Mexico City,2026-08-31,3973067,highest-temperature-in-mexico-city-on-august-31-2026-22c,Will the highest temperature in Mexico City be 22°C on August 31?,"[""Yes"", ""No""]","[""0.03"", ""0.97""]",714.631132,1,25.2,22.1,25.1
1788187733.7,Highest temperature in Mexico City on August 31?,Mexico City,2026-08-31,3973068,highest-temperature-in-mexico-city-on-august-31-2026-23c,Will the highest temperature in Mexico City be 23°C on August 31?,"[""Yes"", ""No""]","[""0.05"", ""0.95""]",826.9134049999999,1,25.2,22.1,25.1
1788187733.7,Highest temperature in Mexico City on August 31?,Mexico City,2026-08-31,3973069,highest-temperature-in-mexico-city-on-august-31-2026-24c,Will the highest temperature in Mexico City be 24°C on August 31?,"[""Yes"", ""No""]","[""0.33"", ""0.67""]",2248.6875949999994,1,25.2,22.1,25.1
1788187733.7,Highest temperature in Mexico City on August 31?,Mexico City,2026-08-31,3973070,highest-temperature-in-mexico-city-on-august-31-2026-25c,Will the highest temperature in Mexico City be 25°C on August 31?,"[""Yes"", ""No""]","[""0.49"", ""0.51""]",2843.148769,1,25.2,22.1,25.1
1788187733.7,Highest temperature in Mexico City on August 31?,Mexico City,2026-08-31,3973071,highest-temperature-in-mexico-city-on-august-31-2026-26corhigher,Will the highest temperature in Mexico City be 26°C or higher on August 31?,"[""Yes"", ""No""]","[""0.11"", ""0.89""]",1648.865857,1,25.2,22.1,25.1
1788187733.7,Highest temperature in Jinan on August 31?,Jinan,2026-08-31,3992247,highest-temperature-in-jinan-on-august-31-2026-16corbelow,Will the highest temperature in Jinan be 16°C or below on August 31?,"[""Yes"", ""No""]","[""0.0005"", ""0.9995""]",969.98,1,34.1,31.5,31.8
1788187733.7,Highest temperature in Jinan on August 31?,Jinan,2026-08-31,3992248,highest-temperature-in-jinan-on-august-31-2026-17c,Will the highest temperature in Jinan be 17°C on August 31?,"[""Yes"", ""No""]","[""0.0005"", ""0.9995""]",969.985,1,34.1,31.5,31.8
1788187733.7,Highest temperature in Jinan on August 31?,Jinan,2026-08-31,3992249,highest-temperature-in-jinan-on-august-31-2026-18c,Will the highest temperature in Jinan be 18°C on August 31?,"[""Yes"", ""No""]","[""0.0005"", ""0.9995""]",970,1,34.1,31.5,31.8
1788187733.7,Highest temperature in Jinan on August 31?,Jinan,2026-08-31,3992250,highest-temperature-in-jinan-on-august-31-2026-19c,Will the highest temperature in Jinan be 19°C on August 31?,"[""Yes"", ""No""]","[""0.0005"", ""0.9995""]",970,1,34.1,31.5,31.8
1788187733.7,Highest temperature in Jinan on August 31?,Jinan,2026-08-31,3992251,highest-temperature-in-jinan-on-august-31-2026-20c,Will the highest temperature in Jinan be 20°C on August 31?,"[""Yes"", ""No""]","[""0.0005"", ""0.9995""]",220,1,34.1,31.5,31.8
1788187733.7,Highest temperature in Jinan on August 31?,Jinan,2026-08-31,3992252,highest-temperature-in-jinan-on-august-31-2026-21c,Will the highest temperature in Jinan be 21°C on August 31?,"[""Yes"", ""No""]","[""0.0005"", ""0.9995""]",319.983,1,34.1,31.5,31.8
1788187733.7,Highest temperature in Jinan on August 31?,Jinan,2026-08-31,3992253,highest-temperature-in-jinan-on-august-31-2026-22c,Will the highest temperature in Jinan be 22°C on August 31?,"[""Yes"", ""No""]","[""0.0005"", ""0.9995""]",324.981,1,34.1,31.5,31.8
1788187733.7,Highest temperature in Jinan on August 31?,Jinan,2026-08-31,3992254,highest-temperature-in-jinan-on-august-31-2026-23c,Will the highest temperature in Jinan be 23°C on August 31?,"[""Yes"", ""No""]","[""0.0005"", ""0.9995""]",329.976,1,34.1,31.5,31.8
1788187733.7,Highest temperature in Jinan on August 31?,Jinan,2026-08-31,3992255,highest-temperature-in-jinan-on-august-31-2026-24c,Will the highest temperature in Jinan be 24°C on August 31?,"[""Yes"", ""No""]","[""0.0005"", ""0.9995""]",985.9780000000001,1,34.1,31.5,31.8
1788187733.7,Highest temperature in Jinan on August 31?,Jinan,2026-08-31,3992256,highest-temperature-in-jinan-on-august-31-2026-25c,Will the highest temperature in Jinan be 25°C on August 31?,"[""Yes"", ""No""]","[""0.0005"", ""0.9995""]",251.377,1,34.1,31.5,31.8
1788187733.7,Highest temperature in Jinan on August 31?,Jinan,2026-08-31,3992257,highest-temperature-in-jinan-on-august-31-2026-26corhigher,Will the highest temperature in Jinan be 26°C or higher on August 31?,"[""Yes"", ""No""]","[""0.9995"", ""0.0005""]",2212.3654500000002,1,34.1,31.5,31.8
1788187733.7,Highest temperature in Zhengzhou on August 31?,Zhengzhou,2026-08-31,3992258,highest-temperature-in-zhengzhou-on-august-31-2026-22corbelow,Will the highest temperature in Zhengzhou be 22°C or below on August 31?,"[""Yes"", ""No""]","[""0.0005"", ""0.9995""]",969.984,1,34.7,32.7,33.7
1788187733.7,Highest temperature in Zhengzhou on August 31?,Zhengzhou,2026-08-31,3992259,highest-temperature-in-zhengzhou-on-august-31-2026-23c,Will the highest temperature in Zhengzhou be 23°C on August 31?,"[""Yes"", ""No""]","[""0.0005"", ""0.9995""]",989.9300000000001,1,34.7,32.7,33.7
1788187733.7,Highest temperature in Zhengzhou on August 31?,Zhengzhou,2026-08-31,3992260,highest-temperature-in-zhengzhou-on-august-31-2026-24c,Will the highest temperature in Zhengzhou be 24°C on August 31?,"[""Yes"", ""No""]","[""0.0005"", ""0.9995""]",1064.992,1,34.7,32.7,33.7
1788187733.7,Highest temperature in Zhengzhou on August 31?,Zhengzhou,2026-08-31,3992261,highest-temperature-in-zhengzhou-on-august-31-2026-25c,Will the highest temperature in Zhengzhou be 25°C on August 31?,"[""Yes"", ""No""]","[""0.0005"", ""0.9995""]",314.99199999999996,1,34.7,32.7,33.7
1788187733.7,Highest temperature in Zhengzhou on August 31?,Zhengzhou,2026-08-31,3992262,highest-temperature-in-zhengzhou-on-august-31-2026-26c,Will the highest temperature in Zhengzhou be 26°C on August 31?,"[""Yes"", ""No""]","[""0.0005"", ""0.9995""]",214.99200000000002,1,34.7,32.7,33.7
1788187733.7,Highest temperature in Zhengzhou on August 31?,Zhengzhou,2026-08-31,3992263,highest-temperature-in-zhengzhou-on-august-31-2026-27c,Will the highest temperature in Zhengzhou be 27°C on August 31?,"[""Yes"", ""No""]","[""0.0005"", ""0.9995""]",104.279,1,34.7,32.7,33.7
1788187733.7,Highest temperature in Zhengzhou on August 31?,Zhengzhou,2026-08-31,3992264,highest-temperature-in-zhengzhou-on-august-31-2026-28c,Will the highest temperature in Zhengzhou be 28°C on August 31?,"[""Yes"", ""No""]","[""0.0005"", ""0.9995""]",464.986,1,34.7,32.7,33.7
1788187733.7,Highest temperature in Zhengzhou on August 31?,Zhengzhou,2026-08-31,3992265,highest-temperature-in-zhengzhou-on-august-31-2026-29c,Will the highest temperature in Zhengzhou be 29°C on August 31?,"[""Yes"", ""No""]","[""0.0005"", ""0.9995""]",129.98499999999999,1,34.7,32.7,33.7
1788187733.7,Highest temperature in Zhengzhou on August 31?,Zhengzhou,2026-08-31,3992266,highest-temperature-in-zhengzhou-on-august-31-2026-30c,Will the highest temperature in Zhengzhou be 30°C on August 31?,"[""Yes"", ""No""]","[""0.0005"", ""0.9995""]",322.52236700000003,1,34.7,32.7,33.7
1788187733.7,Highest temperature in Zhengzhou on August 31?,Zhengzhou,2026-08-31,3992267,highest-temperature-in-zhengzhou-on-august-31-2026-31c,Will the highest temperature in Zhengzhou be 31°C on August 31?,"[""Yes"", ""No""]","[""0.0005"", ""0.9995""]",867.142623,1,34.7,32.7,33.7
1788187733.7,Highest temperature in Zhengzhou on August 31?,Zhengzhou,2026-08-31,3992268,highest-temperature-in-zhengzhou-on-august-31-2026-32corhigher,Will the highest temperature in Zhengzhou be 32°C or higher on August 31?,"[""Yes"", ""No""]","[""0.9995"", ""0.0005""]",2061.158501,1,34.7,32.7,33.7
1788187733.7,Highest temperature in London on September 1?,London,2026-09-01,3992269,highest-temperature-in-london-on-september-1-2026-19corbelow,Will the highest temperature in London be 19°C or below on September 1?,"[""Yes"", ""No""]","[""0.0005"", ""0.9995""]",281.8752,1,22.9,19.7,22.7
1788187733.7,Highest temperature in London on September 1?,London,2026-09-01,3992270,highest-temperature-in-london-on-september-1-2026-20c,Will the highest temperature in London be 20°C on September 1?,"[""Yes"", ""No""]","[""0.015"", ""0.985""]",546.2444,1,22.9,19.7,22.7
1788187733.7,Highest temperature in London on September 1?,London,2026-09-01,3992271,highest-temperature-in-london-on-september-1-2026-21c,Will the highest temperature in London be 21°C on September 1?,"[""Yes"", ""No""]","[""0.075"", ""0.925""]",3468.399077,1,22.9,19.7,22.7
1788187733.7,Highest temperature in London on September 1?,London,2026-09-01,3992272,highest-temperature-in-london-on-september-1-2026-22c,Will the highest temperature in London be 22°C on September 1?,"[""Yes"", ""No""]","[""0.5"", ""0.5""]",2733.8718849999996,1,22.9,19.7,22.7
1788187733.7,Highest temperature in London on September 1?,London,2026-09-01,3992273,highest-temperature-in-london-on-september-1-2026-23c,Will the highest temperature in London be 23°C on September 1?,"[""Yes"", ""No""]","[""0.39"", ""0.61""]",7433.410103,1,22.9,19.7,22.7
1788187733.7,Highest temperature in London on September 1?,London,2026-09-01,3992274,highest-temperature-in-london-on-september-1-2026-24c,Will the highest temperature in London be 24°C on September 1?,"[""Yes"", ""No""]","[""0.05"", ""0.95""]",1986.967157,1,22.9,19.7,22.7
1788187733.7,Highest temperature in London on September 1?,London,2026-09-01,3992275,highest-temperature-in-london-on-september-1-2026-25c,Will the highest temperature in London be 25°C on September 1?,"[""Yes"", ""No""]","[""0.008"", ""0.992""]",509.7714,1,22.9,19.7,22.7
1788187733.7,Highest temperature in London on September 1?,London,2026-09-01,3992276,highest-temperature-in-london-on-september-1-2026-26c,Will the highest temperature in London be 26°C on September 1?,"[""Yes"", ""No""]","[""0.0005"", ""0.9995""]",565.0844999999999,1,22.9,19.7,22.7
1788187733.7,Highest temperature in London on September 1?,London,2026-09-01,3992277,highest-temperature-in-london-on-september-1-2026-27c,Will the highest temperature in London be 27°C on September 1?,"[""Yes"", ""No""]","[""0.0015"", ""0.9985""]",684.582,1,22.9,19.7,22.7
1788187733.7,Highest temperature in London on September 1?,London,2026-09-01,3992278,highest-temperature-in-london-on-september-1-2026-28c,Will the highest temperature in London be 28°C on September 1?,"[""Yes"", ""No""]","[""0.0005"", ""0.9995""]",247.995,1,22.9,19.7,22.7
1788187733.7,Highest temperature in London on September 1?,London,2026-09-01,3992279,highest-temperature-in-london-on-september-1-2026-29corhigher,Will the highest temperature in London be 29°C or higher on September 1?,"[""Yes"", ""No""]","[""0.0005"", ""0.9995""]",244.98000000000002,1,22.9,19.7,22.7
1788187733.7,Highest temperature in Paris on September 1?,Paris,2026-09-01,3992280,highest-temperature-in-paris-on-september-1-2026-20corbelow,Will the highest temperature in Paris be 20°C or below on September 1?,"[""Yes"", ""No""]","[""0.0005"", ""0.9995""]",287.737948,1,25.3,22.3,23.3
1788187733.7,Highest temperature in Paris on September 1?,Paris,2026-09-01,3992281,highest-temperature-in-paris-on-september-1-2026-21c,Will the highest temperature in Paris be 21°C on September 1?,"[""Yes"", ""No""]","[""0.012"", ""0.988""]",1258.696032,1,25.3,22.3,23.3
1788187733.7,Highest temperature in Paris on September 1?,Paris,2026-09-01,3992282,highest-temperature-in-paris-on-september-1-2026-22c,Will the highest temperature in Paris be 22°C on September 1?,"[""Yes"", ""No""]","[""0.045"", ""0.955""]",1937.394202,1,25.3,22.3,23.3
1788187733.7,Highest temperature in Paris on September 1?,Paris,2026-09-01,3992283,highest-temperature-in-paris-on-september-1-2026-23c,Will the highest temperature in Paris be 23°C on September 1?,"[""Yes"", ""No""]","[""0.335"", ""0.665""]",2553.2417290000003,1,25.3,22.3,23.3
1788187733.7,Highest temperature in Paris on September 1?,Paris,2026-09-01,3992284,highest-temperature-in-paris-on-september-1-2026-24c,Will the highest temperature in Paris be 24°C on September 1?,"[""Yes"", ""No""]","[""0.445"", ""0.555""]",2493.575664,1,25.3,22.3,23.3
1788187733.7,Highest temperature in Paris on September 1?,Paris,2026-09-01,3992285,highest-temperature-in-paris-on-september-1-2026-25c,Will the highest temperature in Paris be 25°C on September 1?,"[""Yes"", ""No""]","[""0.14"", ""0.86""]",3198.7864449999997,1,25.3,22.3,23.3
1788187733.7,Highest temperature in Paris on September 1?,Paris,2026-09-01,3992286,highest-temperature-in-paris-on-september-1-2026-26c,Will the highest temperature in Paris be 26°C on September 1?,"[""Yes"", ""No""]","[""0.025"", ""0.975""]",988.047248,1,25.3,22.3,23.3
1788187733.7,Highest temperature in Paris on September 1?,Paris,2026-09-01,3992287,highest-temperature-in-paris-on-september-1-2026-27c,Will the highest temperature in Paris be 27°C on September 1?,"[""Yes"", ""No""]","[""0.0015"", ""0.9985""]",553.713,1,25.3,22.3,23.3
1788187733.7,Highest temperature in Paris on September 1?,Paris,2026-09-01,3992288,highest-temperature-in-paris-on-september-1-2026-28c,Will the highest temperature in Paris be 28°C on September 1?,"[""Yes"", ""No""]","[""0.0005"", ""0.9995""]",1140.8799999999999,1,25.3,22.3,23.3
1788187733.7,Highest temperature in Paris on September 1?,Paris,2026-09-01,3992289,highest-temperature-in-paris-on-september-1-2026-29c,Will the highest temperature in Paris be 29°C on September 1?,"[""Yes"", ""No""]","[""0.0005"", ""0.9995""]",1202.6170290000002,1,25.3,22.3,23.3
1788187733.7,Highest temperature in Paris on September 1?,Paris,2026-09-01,3992290,highest-temperature-in-paris-on-september-1-2026-30corhigher,Will the highest temperature in Paris be 30°C or higher on September 1?,"[""Yes"", ""No""]","[""0.0005"", ""0.9995""]",133.999,1,25.3,22.3,23.3
1788187733.7,Highest temperature in Seoul (Incheon) on September 1?,Seoul (Incheon),2026-09-01,3992291,highest-temperature-in-seoul-on-september-1-2026-21corbelow,Will the highest temperature in Seoul (Incheon) be 21°C or below on September 1?,"[""Yes"", ""No""]","[""0.0005"", ""0.9995""]",243.99099999999999,1,,,
1788187733.7,Highest temperature in Seoul (Incheon) on September 1?,Seoul (Incheon),2026-09-01,3992292,highest-temperature-in-seoul-on-september-1-2026-22c,Will the highest temperature in Seoul (Incheon) be 22°C on September 1?,"[""Yes"", ""No""]","[""0.0005"", ""0.9995""]",263.997,1,,,
1788187733.7,Highest temperature in Seoul (Incheon) on September 1?,Seoul (Incheon),2026-09-01,3992293,highest-temperature-in-seoul-on-september-1-2026-23c,Will the highest temperature in Seoul (Incheon) be 23°C on September 1?,"[""Yes"", ""No""]","[""0.0005"", ""0.9995""]",277.6636,1,,,
1788187733.7,Highest temperature in Seoul (Incheon) on September 1?,Seoul (Incheon),2026-09-01,3992294,highest-temperature-in-seoul-on-september-1-2026-24c,Will the highest temperature in Seoul (Incheon) be 24°C on September 1?,"[""Yes"", ""No""]","[""0.0065"", ""0.9935""]",513.304693,1,,,
1788187733.7,Highest temperature in Seoul (Incheon) on September 1?,Seoul (Incheon),2026-09-01,3992295,highest-temperature-in-seoul-on-september-1-2026-25c,Will the highest temperature in Seoul (Incheon) be 25°C on September 1?,"[""Yes"", ""No""]","[""0.055"", ""0.945""]",1315.962264,1,,,
1788187733.7,Highest temperature in Seoul (Incheon) on September 1?,Seoul (Incheon),2026-09-01,3992296,highest-temperature-in-seoul-on-september-1-2026-26c,Will the highest temperature in Seoul (Incheon) be 26°C on September 1?,"[""Yes"", ""No""]","[""0.275"", ""0.725""]",3955.153722,1,,,
1788187733.7,Highest temperature in Seoul (Incheon) on September 1?,Seoul (Incheon),2026-09-01,3992297,highest-temperature-in-seoul-on-september-1-2026-27c,Will the highest temperature in Seoul (Incheon) be 27°C on September 1?,"[""Yes"", ""No""]","[""0.39"", ""0.61""]",1694.601875,1,,,
1788187733.7,Highest temperature in Seoul (Incheon) on September 1?,Seoul (Incheon),2026-09-01,3992298,highest-temperature-in-seoul-on-september-1-2026-28c,Will the highest temperature in Seoul (Incheon) be 28°C on September 1?,"[""Yes"", ""No""]","[""0.215"", ""0.785""]",592.4619560000001,1,,,
1788187733.7,Highest temperature in Seoul (Incheon) on September 1?,Seoul (Incheon),2026-09-01,3992299,highest-temperature-in-seoul-on-september-1-2026-29c,Will the highest temperature in Seoul (Incheon) be 29°C on September 1?,"[""Yes"", ""No""]","[""0.075"", ""0.925""]",1372.681295,1,,,
1788187733.7,Highest temperature in Seoul (Incheon) on September 1?,Seoul (Incheon),2026-09-01,3992300,highest-temperature-in-seoul-on-september-1-2026-30c,Will the highest temperature in Seoul (Incheon) be 30°C on September 1?,"[""Yes"", ""No""]","[""0.01"", ""0.99""]",601.763368,1,,,
1788187733.7,Highest temperature in Seoul (Incheon) on September 1?,Seoul (Incheon),2026-09-01,3992301,highest-temperature-in-seoul-on-september-1-2026-31corhigher,Will the highest temperature in Seoul (Incheon) be 31°C or higher on September 1,"[""Yes"", ""No""]","[""0.0025"", ""0.9975""]",332.0934,1,,,
1788187733.7,Highest temperature in Ankara on September 1?,Ankara,2026-09-01,3992302,highest-temperature-in-ankara-on-september-1-2026-25corbelow,Will the highest temperature in Ankara be 25°C or below on September 1?,"[""Yes"", ""No""]","[""0.0005"", ""0.9995""]",132.605,1,30.5,30.4,28.4
1788187733.7,Highest temperature in Ankara on September 1?,Ankara,2026-09-01,3992303,highest-temperature-in-ankara-on-september-1-2026-26c,Will the highest temperature in Ankara be 26°C on September 1?,"[""Yes"", ""No""]","[""0.004"", ""0.996""]",855.8567999999999,1,30.5,30.4,28.4
1788187733.7,Highest temperature in Ankara on September 1?,Ankara,2026-09-01,3992304,highest-temperature-in-ankara-on-september-1-2026-27c,Will the highest temperature in Ankara be 27°C on September 1?,"[""Yes"", ""No""]","[""0.006"", ""0.994""]",252.72740000000002,1,30.5,30.4,28.4
1788187733.7,Highest temperature in Ankara on September 1?,Ankara,2026-09-01,3992305,highest-temperature-in-ankara-on-september-1-2026-28c,Will the highest temperature in Ankara be 28°C on September 1?,"[""Yes"", ""No""]","[""0.045"", ""0.955""]",958.685657,1,30.5,30.4,28.4
1788187733.7,Highest temperature in Ankara on September 1?,Ankara,2026-09-01,3992306,highest-temperature-in-ankara-on-september-1-2026-29c,Will the highest temperature in Ankara be 29°C on September 1?,"[""Yes"", ""No""]","[""0.205"", ""0.795""]",1502.9297700000002,1,30.5,30.4,28.4
1788187733.7,Highest temperature in Ankara on September 1?,Ankara,2026-09-01,3992307,highest-temperature-in-ankara-on-september-1-2026-30c,Will the highest temperature in Ankara be 30°C on September 1?,"[""Yes"", ""No""]","[""0.615"", ""0.385""]",1657.6936640000001,1,30.5,30.4,28.4
1788187733.7,Highest temperature in Ankara on September 1?,Ankara,2026-09-01,3992308,highest-temperature-in-ankara-on-september-1-2026-31c,Will the highest temperature in Ankara be 31°C on September 1?,"[""Yes"", ""No""]","[""0.165"", ""0.835""]",1756.904989,1,30.5,30.4,28.4
1788187733.7,Highest temperature in Ankara on September 1?,Ankara,2026-09-01,3992309,highest-temperature-in-ankara-on-september-1-2026-32c,Will the highest temperature in Ankara be 32°C on September 1?,"[""Yes"", ""No""]","[""0.012"", ""0.988""]",691.01405,1,30.5,30.4,28.4
1788187733.7,Highest temperature in Ankara on September 1?,Ankara,2026-09-01,3992310,highest-temperature-in-ankara-on-september-1-2026-33c,Will the highest temperature in Ankara be 33°C on September 1?,"[""Yes"", ""No""]","[""0.0025"", ""0.9975""]",272.73,1,30.5,30.4,28.4
1788187733.7,Highest temperature in Ankara on September 1?,Ankara,2026-09-01,3992311,highest-temperature-in-ankara-on-september-1-2026-34c,Will the highest temperature in Ankara be 34°C on September 1?,"[""Yes"", ""No""]","[""0.0005"", ""0.9995""]",134.982,1,30.5,30.4,28.4
1788187733.7,Highest temperature in Ankara on September 1?,Ankara,2026-09-01,3992312,highest-temperature-in-ankara-on-september-1-2026-35corhigher,Will the highest temperature in Ankara be 35°C or higher on September 1?,"[""Yes"", ""No""]","[""0.0005"", ""0.9995""]",119.976,1,30.5,30.4,28.4
1788187733.7,Highest temperature in Wellington on September 1?,Wellington,2026-09-01,3992313,highest-temperature-in-wellington-on-september-1-2026-8corbelow,Will the highest temperature in Wellington be 8°C or below on September 1?,"[""Yes"", ""No""]","[""0.0005"", ""0.9995""]",267.247,1,12.0,12.3,13.7
1788187733.7,Highest temperature in Wellington on September 1?,Wellington,2026-09-01,3992314,highest-temperature-in-wellington-on-september-1-2026-9c,Will the highest temperature in Wellington be 9°C on September 1?,"[""Yes"", ""No""]","[""0.0005"", ""0.9995""]",325.236,1,12.0,12.3,13.7
1788187733.7,Highest temperature in Wellington on September 1?,Wellington,2026-09-01,3992315,highest-temperature-in-wellington-on-september-1-2026-10c,Will the highest temperature in Wellington be 10°C on September 1?,"[""Yes"", ""No""]","[""0.0005"", ""0.9995""]",371.49,1,12.0,12.3,13.7
1788187733.7,Highest temperature in Wellington on September 1?,Wellington,2026-09-01,3992316,highest-temperature-in-wellington-on-september-1-2026-11c,Will the highest temperature in Wellington be 11°C on September 1?,"[""Yes"", ""No""]","[""0.005"", ""0.995""]",1203.1915999999999,1,12.0,12.3,13.7
1788187733.7,Highest temperature in Wellington on September 1?,Wellington,2026-09-01,3992317,highest-temperature-in-wellington-on-september-1-2026-12c,Will the highest temperature in Wellington be 12°C on September 1?,"[""Yes"", ""No""]","[""0.025"", ""0.975""]",967.412475,1,12.0,12.3,13.7
1788187733.7,Highest temperature in Wellington on September 1?,Wellington,2026-09-01,3992318,highest-temperature-in-wellington-on-september-1-2026-13c,Will the highest temperature in Wellington be 13°C on September 1?,"[""Yes"", ""No""]","[""0.155"", ""0.845""]",3188.239197,1,12.0,12.3,13.7
1788187733.7,Highest temperature in Wellington on September 1?,Wellington,2026-09-01,3992319,highest-temperature-in-wellington-on-september-1-2026-14c,Will the highest temperature in Wellington be 14°C on September 1?,"[""Yes"", ""No""]","[""0.59"", ""0.41""]",3223.7377549999997,1,12.0,12.3,13.7
1788187733.7,Highest temperature in Wellington on September 1?,Wellington,2026-09-01,3992320,highest-temperature-in-wellington-on-september-1-2026-15c,Will the highest temperature in Wellington be 15°C on September 1?,"[""Yes"", ""No""]","[""0.195"", ""0.805""]",1941.3606060000004,1,12.0,12.3,13.7
1788187733.7,Highest temperature in Wellington on September 1?,Wellington,2026-09-01,3992321,highest-temperature-in-wellington-on-september-1-2026-16c,Will the highest temperature in Wellington be 16°C on September 1?,"[""Yes"", ""No""]","[""0.0355"", ""0.9645""]",847.997535,1,12.0,12.3,13.7
1788187733.7,Highest temperature in Wellington on September 1?,Wellington,2026-09-01,3992322,highest-temperature-in-wellington-on-september-1-2026-17c,Will the highest temperature in Wellington be 17°C on September 1?,"[""Yes"", ""No""]","[""0.0025"", ""0.9975""]",834.1575,1,12.0,12.3,13.7
1788187733.7,Highest temperature in Wellington on September 1?,Wellington,2026-09-01,3992323,highest-temperature-in-wellington-on-september-1-2026-18corhigher,Will the highest temperature in Wellington be 18°C or higher on September 1?,"[""Yes"", ""No""]","[""0.002"", ""0.998""]",1621.2090249999999,1,12.0,12.3,13.7
1788187733.7,Highest temperature in Lucknow on September 1?,Lucknow,2026-09-01,3992324,highest-temperature-in-lucknow-on-september-1-2026-25corbelow,Will the highest temperature in Lucknow be 25°C or below on September 1?,"[""Yes"", ""No""]","[""0.0005"", ""0.9995""]",317.9168,1,30.3,29.6,30.7
1788187733.7,Highest temperature in Lucknow on September 1?,Lucknow,2026-09-01,3992325,highest-temperature-in-lucknow-on-september-1-2026-26c,Will the highest temperature in Lucknow be 26°C on September 1?,"[""Yes"", ""No""]","[""0.0075"", ""0.9925""]",11.055,1,30.3,29.6,30.7
1788187733.7,Highest temperature in Lucknow on September 1?,Lucknow,2026-09-01,3992326,highest-temperature-in-lucknow-on-september-1-2026-27c,Will the highest temperature in Lucknow be 27°C on September 1?,"[""Yes"", ""No""]","[""0.007"", ""0.993""]",90.1408,1,30.3,29.6,30.7
1788187733.7,Highest temperature in Lucknow on September 1?,Lucknow,2026-09-01,3992327,highest-temperature-in-lucknow-on-september-1-2026-28c,Will the highest temperature in Lucknow be 28°C on September 1?,"[""Yes"", ""No""]","[""0.065"", ""0.935""]",57.905136,1,30.3,29.6,30.7
1788187733.7,Highest temperature in Lucknow on September 1?,Lucknow,2026-09-01,3992328,highest-temperature-in-lucknow-on-september-1-2026-29c,Will the highest temperature in Lucknow be 29°C on September 1?,"[""Yes"", ""No""]","[""0.22"", ""0.78""]",124.63151600000002,1,30.3,29.6,30.7
1788187733.7,Highest temperature in Lucknow on September 1?,Lucknow,2026-09-01,3992329,highest-temperature-in-lucknow-on-september-1-2026-30c,Will the highest temperature in Lucknow be 30°C on September 1?,"[""Yes"", ""No""]","[""0.385"", ""0.615""]",97.022231,1,30.3,29.6,30.7
1788187733.7,Highest temperature in Lucknow on September 1?,Lucknow,2026-09-01,3992330,highest-temperature-in-lucknow-on-september-1-2026-31c,Will the highest temperature in Lucknow be 31°C on September 1?,"[""Yes"", ""No""]","[""0.26"", ""0.74""]",563.109474,1,30.3,29.6,30.7
1788187733.7,Highest temperature in Lucknow on September 1?,Lucknow,2026-09-01,3992331,highest-temperature-in-lucknow-on-september-1-2026-32c,Will the highest temperature in Lucknow be 32°C on September 1?,"[""Yes"", ""No""]","[""0.08"", ""0.92""]",272.515121,1,30.3,29.6,30.7
1788187733.7,Highest temperature in Lucknow on September 1?,Lucknow,2026-09-01,3992332,highest-temperature-in-lucknow-on-september-1-2026-33c,Will the highest temperature in Lucknow be 33°C on September 1?,"[""Yes"", ""No""]","[""0.025"", ""0.975""]",35.9027,1,30.3,29.6,30.7
1788187733.7,Highest temperature in Lucknow on September 1?,Lucknow,2026-09-01,3992333,highest-temperature-in-lucknow-on-september-1-2026-34c,Will the highest temperature in Lucknow be 34°C on September 1?,"[""Yes"", ""No""]","[""0.0025"", ""0.9975""]",76.076,1,30.3,29.6,30.7
1788187733.7,Highest temperature in Lucknow on September 1?,Lucknow,2026-09-01,3992334,highest-temperature-in-lucknow-on-september-1-2026-35corhigher,Will the highest temperature in Lucknow be 35°C or higher on September 1?,"[""Yes"", ""No""]","[""0.002"", ""0.998""]",157.954,1,30.3,29.6,30.7
1788187733.7,Highest temperature in Munich on September 1?,Munich,2026-09-01,3992335,highest-temperature-in-munich-on-september-1-2026-18corbelow,Will the highest temperature in Munich be 18°C or below on September 1?,"[""Yes"", ""No""]","[""0.0005"", ""0.9995""]",2074.0950000000003,1,23.0,22.4,23.3
1788187733.7,Highest temperature in Munich on September 1?,Munich,2026-09-01,3992336,highest-temperature-in-munich-on-september-1-2026-19c,Will the highest temperature in Munich be 19°C on September 1?,"[""Yes"", ""No""]","[""0.002"", ""0.998""]",111.969,1,23.0,22.4,23.3
1788187733.7,Highest temperature in Munich on September 1?,Munich,2026-09-01,3992337,highest-temperature-in-munich-on-september-1-2026-20c,Will the highest temperature in Munich be 20°C on September 1?,"[""Yes"", ""No""]","[""0.0035"", ""0.9965""]",163.1346,1,23.0,22.4,23.3
1788187733.7,Highest temperature in Munich on September 1?,Munich,2026-09-01,3992338,highest-temperature-in-munich-on-september-1-2026-21c,Will the highest temperature in Munich be 21°C on September 1?,"[""Yes"", ""No""]","[""0.007"", ""0.993""]",114.82929999999999,1,23.0,22.4,23.3
1788187733.7,Highest temperature in Munich on September 1?,Munich,2026-09-01,3992339,highest-temperature-in-munich-on-september-1-2026-22c,Will the highest temperature in Munich be 22°C on September 1?,"[""Yes"", ""No""]","[""0.04"", ""0.96""]",348.30602,1,23.0,22.4,23.3
1788187733.7,Highest temperature in Munich on September 1?,Munich,2026-09-01,3992340,highest-temperature-in-munich-on-september-1-2026-23c,Will the highest temperature in Munich be 23°C on September 1?,"[""Yes"", ""No""]","[""0.225"", ""0.775""]",1420.790766,1,23.0,22.4,23.3
1788187733.7,Highest temperature in Munich on September 1?,Munich,2026-09-01,3992341,highest-temperature-in-munich-on-september-1-2026-24c,Will the highest temperature in Munich be 24°C on September 1?,"[""Yes"", ""No""]","[""0.55"", ""0.45""]",2431.534447,1,23.0,22.4,23.3
1788187733.7,Highest temperature in Munich on September 1?,Munich,2026-09-01,3992342,highest-temperature-in-munich-on-september-1-2026-25c,Will the highest temperature in Munich be 25°C on September 1?,"[""Yes"", ""No""]","[""0.165"", ""0.835""]",329.787517,1,23.0,22.4,23.3
1788187733.7,Highest temperature in Munich on September 1?,Munich,2026-09-01,3992343,highest-temperature-in-munich-on-september-1-2026-26c,Will the highest temperature in Munich be 26°C on September 1?,"[""Yes"", ""No""]","[""0.011"", ""0.989""]",140.0301,1,23.0,22.4,23.3
1788187733.7,Highest temperature in Munich on September 1?,Munich,2026-09-01,3992344,highest-temperature-in-munich-on-september-1-2026-27c,Will the highest temperature in Munich be 27°C on September 1?,"[""Yes"", ""No""]","[""0.0015"", ""0.9985""]",32.701,1,23.0,22.4,23.3
1788187733.7,Highest temperature in Munich on September 1?,Munich,2026-09-01,3992345,highest-temperature-in-munich-on-september-1-2026-28corhigher,Will the highest temperature in Munich be 28°C or higher on September 1?,"[""Yes"", ""No""]","[""0.0015"", ""0.9985""]",47.701,1,23.0,22.4,23.3
1788187733.7,Highest temperature in Tel Aviv on September 1?,Tel Aviv,2026-09-01,3992346,highest-temperature-in-tel-aviv-on-september-1-2026-30corbelow,Will the highest temperature in Tel Aviv be 30°C or below on September 1?,"[""Yes"", ""No""]","[""0.0015"", ""0.9985""]",790.970794,1,30.7,28.6,31.2
1788187733.7,Highest temperature in Tel Aviv on September 1?,Tel Aviv,2026-09-01,3992347,highest-temperature-in-tel-aviv-on-september-1-2026-31c,Will the highest temperature in Tel Aviv be 31°C on September 1?,"[""Yes"", ""No""]","[""0.011"", ""0.989""]",720.1487999999999,1,30.7,28.6,31.2
1788187733.7,Highest temperature in Tel Aviv on September 1?,Tel Aviv,2026-09-01,3992348,highest-temperature-in-tel-aviv-on-september-1-2026-32c,Will the highest temperature in Tel Aviv be 32°C on September 1?,"[""Yes"", ""No""]","[""0.74"", ""0.26""]",3322.9106450000004,1,30.7,28.6,31.2
1788187733.7,Highest temperature in Tel Aviv on September 1?,Tel Aviv,2026-09-01,3992349,highest-temperature-in-tel-aviv-on-september-1-2026-33c,Will the highest temperature in Tel Aviv be 33°C on September 1?,"[""Yes"", ""No""]","[""0.235"", ""0.765""]",4423.213778000001,1,30.7,28.6,31.2
1788187733.7,Highest temperature in Tel Aviv on September 1?,Tel Aviv,2026-09-01,3992350,highest-temperature-in-tel-aviv-on-september-1-2026-34c,Will the highest temperature in Tel Aviv be 34°C on September 1?,"[""Yes"", ""No""]","[""0.0065"", ""0.9935""]",807.3622,1,30.7,28.6,31.2
1788187733.7,Highest temperature in Tel Aviv on September 1?,Tel Aviv,2026-09-01,3992351,highest-temperature-in-tel-aviv-on-september-1-2026-35c,Will the highest temperature in Tel Aviv be 35°C on September 1?,"[""Yes"", ""No""]","[""0.0005"", ""0.9995""]",83.3309,1,30.7,28.6,31.2
1788187733.7,Highest temperature in Tel Aviv on September 1?,Tel Aviv,2026-09-01,3992352,highest-temperature-in-tel-aviv-on-september-1-2026-36c,Will the highest temperature in Tel Aviv be 36°C on September 1?,"[""Yes"", ""No""]","[""0.0025"", ""0.9975""]",476.274,1,30.7,28.6,31.2
1788187733.7,Highest temperature in Tel Aviv on September 1?,Tel Aviv,2026-09-01,3992353,highest-temperature-in-tel-aviv-on-september-1-2026-37c,Will the highest temperature in Tel Aviv be 37°C on September 1?,"[""Yes"", ""No""]","[""0.0025"", ""0.9975""]",1069.053,1,30.7,28.6,31.2
1788187733.7,Highest temperature in Tel Aviv on September 1?,Tel Aviv,2026-09-01,3992354,highest-temperature-in-tel-aviv-on-september-1-2026-38c,Will the highest temperature in Tel Aviv be 38°C on September 1?,"[""Yes"", ""No""]","[""0.0005"", ""0.9995""]",289.986,1,30.7,28.6,31.2
1788187733.7,Highest temperature in Tel Aviv on September 1?,Tel Aviv,2026-09-01,3992355,highest-temperature-in-tel-aviv-on-september-1-2026-39c,Will the highest temperature in Tel Aviv be 39°C on September 1?,"[""Yes"", ""No""]","[""0.0005"", ""0.9995""]",289.99,1,30.7,28.6,31.2
1788187733.7,Highest temperature in Tel Aviv on September 1?,Tel Aviv,2026-09-01,3992356,highest-temperature-in-tel-aviv-on-september-1-2026-40corhigher,Will the highest temperature in Tel Aviv be 40°C or higher on September 1?,"[""Yes"", ""No""]","[""0.0005"", ""0.9995""]",289.994,1,30.7,28.6,31.2
1788187733.7,Highest temperature in Tokyo on September 1?,Tokyo,2026-09-01,3992357,highest-temperature-in-tokyo-on-september-1-2026-26corbelow,Will the highest temperature in Tokyo be 26°C or below on September 1?,"[""Yes"", ""No""]","[""0.0085"", ""0.9915""]",509.08399999999995,1,29.4,28.4,30.3
1788187733.7,Highest temperature in Tokyo on September 1?,Tokyo,2026-09-01,3992358,highest-temperature-in-tokyo-on-september-1-2026-27c,Will the highest temperature in Tokyo be 27°C on September 1?,"[""Yes"", ""No""]","[""0.03"", ""0.97""]",761.075764,1,29.4,28.4,30.3
1788187733.7,Highest temperature in Tokyo on September 1?,Tokyo,2026-09-01,3992359,highest-temperature-in-tokyo-on-september-1-2026-28c,Will the highest temperature in Tokyo be 28°C on September 1?,"[""Yes"", ""No""]","[""0.135"", ""0.865""]",1708.028189,1,29.4,28.4,30.3
1788187733.7,Highest temperature in Tokyo on September 1?,Tokyo,2026-09-01,3992360,highest-temperature-in-tokyo-on-september-1-2026-29c,Will the highest temperature in Tokyo be 29°C on September 1?,"[""Yes"", ""No""]","[""0.38"", ""0.62""]",2293.821076,1,29.4,28.4,30.3
1788187733.7,Highest temperature in Tokyo on September 1?,Tokyo,2026-09-01,3992361,highest-temperature-in-tokyo-on-september-1-2026-30c,Will the highest temperature in Tokyo be 30°C on September 1?,"[""Yes"", ""No""]","[""0.325"", ""0.675""]",1605.2780349999998,1,29.4,28.4,30.3
1788187733.7,Highest temperature in Tokyo on September 1?,Tokyo,2026-09-01,3992362,highest-temperature-in-tokyo-on-september-1-2026-31c,Will the highest temperature in Tokyo be 31°C on September 1?,"[""Yes"", ""No""]","[""0.085"", ""0.915""]",3051.2590609999997,1,29.4,28.4,30.3
1788187733.7,Highest temperature in Tokyo on September 1?,Tokyo,2026-09-01,3992363,highest-temperature-in-tokyo-on-september-1-2026-32c,Will the highest temperature in Tokyo be 32°C on September 1?,"[""Yes"", ""No""]","[""0.035"", ""0.965""]",4541.701222999999,1,29.4,28.4,30.3
1788187733.7,Highest temperature in Tokyo on September 1?,Tokyo,2026-09-01,3992364,highest-temperature-in-tokyo-on-september-1-2026-33c,Will the highest temperature in Tokyo be 33°C on September 1?,"[""Yes"", ""No""]","[""0.02"", ""0.98""]",1374.0558389999999,1,29.4,28.4,30.3
1788187733.7,Highest temperature in Tokyo on September 1?,Tokyo,2026-09-01,3992365,highest-temperature-in-tokyo-on-september-1-2026-34c,Will the highest temperature in Tokyo be 34°C on September 1?,"[""Yes"", ""No""]","[""0.0035"", ""0.9965""]",994.588683,1,29.4,28.4,30.3
1788187733.7,Highest temperature in Tokyo on September 1?,Tokyo,2026-09-01,3992366,highest-temperature-in-tokyo-on-september-1-2026-35c,Will the highest temperature in Tokyo be 35°C on September 1?,"[""Yes"", ""No""]","[""0.0005"", ""0.9995""]",1095.331302,1,29.4,28.4,30.3
1788187733.7,Highest temperature in Tokyo on September 1?,Tokyo,2026-09-01,3992367,highest-temperature-in-tokyo-on-september-1-2026-36corhigher,Will the highest temperature in Tokyo be 36°C or higher on September 1?,"[""Yes"", ""No""]","[""0.0005"", ""0.9995""]",2128.4148250000003,1,29.4,28.4,30.3
1788187733.7,Highest temperature in Hong Kong on September 1?,Hong Kong,2026-09-01,3992368,highest-temperature-in-hong-kong-on-september-1-2026-25corbelow,Will the highest temperature in Hong Kong be 25°C or below on September 1?,"[""Yes"", ""No""]","[""0.0005"", ""0.9995""]",109.991,1,30.0,29.6,30.1
1788187733.7,Highest temperature in Hong Kong on September 1?,Hong Kong,2026-09-01,3992369,highest-temperature-in-hong-kong-on-september-1-2026-26c,Will the highest temperature in Hong Kong be 26°C on September 1?,"[""Yes"", ""No""]","[""0.0005"", ""0.9995""]",119.997,1,30.0,29.6,30.1
1788187733.7,Highest temperature in Hong Kong on September 1?,Hong Kong,2026-09-01,3992370,highest-temperature-in-hong-kong-on-september-1-2026-27c,Will the highest temperature in Hong Kong be 27°C on September 1?,"[""Yes"", ""No""]","[""0.0145"", ""0.9855""]",2939.3514979999995,1,30.0,29.6,30.1
1788187733.7,Highest temperature in Hong Kong on September 1?,Hong Kong,2026-09-01,3992371,highest-temperature-in-hong-kong-on-september-1-2026-28c,Will the highest temperature in Hong Kong be 28°C on September 1?,"[""Yes"", ""No""]","[""0.2"", ""0.8""]",1186.099707,1,30.0,29.6,30.1
1788187733.7,Highest temperature in Hong Kong on September 1?,Hong Kong,2026-09-01,3992372,highest-temperature-in-hong-kong-on-september-1-2026-29c,Will the highest temperature in Hong Kong be 29°C on September 1?,"[""Yes"", ""No""]","[""0.41"", ""0.59""]",2427.545426,1,30.0,29.6,30.1
1788187733.7,Highest temperature in Hong Kong on September 1?,Hong Kong,2026-09-01,3992373,highest-temperature-in-hong-kong-on-september-1-2026-30c,Will the highest temperature in Hong Kong be 30°C on September 1?,"[""Yes"", ""No""]","[""0.3"", ""0.7""]",1663.2933439999997,1,30.0,29.6,30.1
1788187733.7,Highest temperature in Hong Kong on September 1?,Hong Kong,2026-09-01,3992374,highest-temperature-in-hong-kong-on-september-1-2026-31c,Will the highest temperature in Hong Kong be 31°C on September 1?,"[""Yes"", ""No""]","[""0.065"", ""0.935""]",1717.3283490000001,1,30.0,29.6,30.1
1788187733.7,Highest temperature in Hong Kong on September 1?,Hong Kong,2026-09-01,3992375,highest-temperature-in-hong-kong-on-september-1-2026-32c,Will the highest temperature in Hong Kong be 32°C on September 1?,"[""Yes"", ""No""]","[""0.019"", ""0.981""]",1894.4469470000001,1,30.0,29.6,30.1
1788187733.7,Highest temperature in Hong Kong on September 1?,Hong Kong,2026-09-01,3992376,highest-temperature-in-hong-kong-on-september-1-2026-33c,Will the highest temperature in Hong Kong be 33°C on September 1?,"[""Yes"", ""No""]","[""0.0065"", ""0.9935""]",921.4255159999999,1,30.0,29.6,30.1
1788187733.7,Highest temperature in Hong Kong on September 1?,Hong Kong,2026-09-01,3992377,highest-temperature-in-hong-kong-on-september-1-2026-34c,Will the highest temperature in Hong Kong be 34°C on September 1?,"[""Yes"", ""No""]","[""0.003"", ""0.997""]",364.437,1,30.0,29.6,30.1
1788187733.7,Highest temperature in Hong Kong on September 1?,Hong Kong,2026-09-01,3992378,highest-temperature-in-hong-kong-on-september-1-2026-35corhigher,Will the highest temperature in Hong Kong be 35°C or higher on September 1?,"[""Yes"", ""No""]","[""0.0005"", ""0.9995""]",218.8208,1,30.0,29.6,30.1
1788187733.7,Highest temperature in Shanghai on September 1?,Shanghai,2026-09-01,3992379,highest-temperature-in-shanghai-on-september-1-2026-25corbelow,Will the highest temperature in Shanghai be 25°C or below on September 1?,"[""Yes"", ""No""]","[""0.0005"", ""0.9995""]",2103.766332,1,34.1,31.6,32.3
1788187733.7,Highest temperature in Shanghai on September 1?,Shanghai,2026-09-01,3992380,highest-temperature-in-shanghai-on-september-1-2026-26c,Will the highest temperature in Shanghai be 26°C on September 1?,"[""Yes"", ""No""]","[""0.0005"", ""0.9995""]",746.0918,1,34.1,31.6,32.3
1788187733.7,Highest temperature in Shanghai on September 1?,Shanghai,2026-09-01,3992381,highest-temperature-in-shanghai-on-september-1-2026-27c,Will the highest temperature in Shanghai be 27°C on September 1?,"[""Yes"", ""No""]","[""0.0015"", ""0.9985""]",2065.0747680000004,1,34.1,31.6,32.3
1788187733.7,Highest temperature in Shanghai on September 1?,Shanghai,2026-09-01,3992382,highest-temperature-in-shanghai-on-september-1-2026-28c,Will the highest temperature in Shanghai be 28°C on September 1?,"[""Yes"", ""No""]","[""0.006"", ""0.994""]",2572.1385330000003,1,34.1,31.6,32.3
1788187733.7,Highest temperature in Shanghai on September 1?,Shanghai,2026-09-01,3992383,highest-temperature-in-shanghai-on-september-1-2026-29c,Will the highest temperature in Shanghai be 29°C on September 1?,"[""Yes"", ""No""]","[""0.015"", ""0.985""]",9696.629173,1,34.1,31.6,32.3
1788187733.7,Highest temperature in Shanghai on September 1?,Shanghai,2026-09-01,3992384,highest-temperature-in-shanghai-on-september-1-2026-30c,Will the highest temperature in Shanghai be 30°C on September 1?,"[""Yes"", ""No""]","[""0.1"", ""0.9""]",8090.090801,1,34.1,31.6,32.3
1788187733.7,Highest temperature in Shanghai on September 1?,Shanghai,2026-09-01,3992385,highest-temperature-in-shanghai-on-september-1-2026-31c,Will the highest temperature in Shanghai be 31°C on September 1?,"[""Yes"", ""No""]","[""0.6"", ""0.4""]",8020.895295,1,34.1,31.6,32.3
1788187733.7,Highest temperature in Shanghai on September 1?,Shanghai,2026-09-01,3992386,highest-temperature-in-shanghai-on-september-1-2026-32c,Will the highest temperature in Shanghai be 32°C on September 1?,"[""Yes"", ""No""]","[""0.285"", ""0.715""]",4402.490628000001,1,34.1,31.6,32.3
1788187733.7,Highest temperature in Shanghai on September 1?,Shanghai,2026-09-01,3992387,highest-temperature-in-shanghai-on-september-1-2026-33c,Will the highest temperature in Shanghai be 33°C on September 1?,"[""Yes"", ""No""]","[""0.026"", ""0.974""]",2247.197843,1,34.1,31.6,32.3
1788187733.7,Highest temperature in Shanghai on September 1?,Shanghai,2026-09-01,3992388,highest-temperature-in-shanghai-on-september-1-2026-34c,Will the highest temperature in Shanghai be 34°C on September 1?,"[""Yes"", ""No""]","[""0.0005"", ""0.9995""]",237.984,1,34.1,31.6,32.3
1788187733.7,Highest temperature in Shanghai on September 1?,Shanghai,2026-09-01,3992389,highest-temperature-in-shanghai-on-september-1-2026-35corhigher,Will the highest temperature in Shanghai be 35°C or higher on September 1?,"[""Yes"", ""No""]","[""0.0005"", ""0.9995""]",312.846,1,34.1,31.6,32.3
1788187733.7,Highest temperature in Singapore on September 1?,Singapore,2026-09-01,3992390,highest-temperature-in-singapore-on-september-1-2026-28corbelow,Will the highest temperature in Singapore be 28°C or below on September 1?,"[""Yes"", ""No""]","[""0.0015"", ""0.9985""]",397.283,1,31.3,31.0,33.4
1788187733.7,Highest temperature in Singapore on September 1?,Singapore,2026-09-01,3992391,highest-temperature-in-singapore-on-september-1-2026-29c,Will the highest temperature in Singapore be 29°C on September 1?,"[""Yes"", ""No""]","[""0.01"", ""0.99""]",570.07,1,31.3,31.0,33.4
1788187733.7,Highest temperature in Singapore on September 1?,Singapore,2026-09-01,3992392,highest-temperature-in-singapore-on-september-1-2026-30c,Will the highest temperature in Singapore be 30°C on September 1?,"[""Yes"", ""No""]","[""0.0195"", ""0.9805""]",4087.116655,1,31.3,31.0,33.4
1788187733.7,Highest temperature in Singapore on September 1?,Singapore,2026-09-01,3992393,highest-temperature-in-singapore-on-september-1-2026-31c,Will the highest temperature in Singapore be 31°C on September 1?,"[""Yes"", ""No""]","[""0.055"", ""0.945""]",1301.248399,1,31.3,31.0,33.4
1788187733.7,Highest temperature in Singapore on September 1?,Singapore,2026-09-01,3992394,highest-temperature-in-singapore-on-september-1-2026-32c,Will the highest temperature in Singapore be 32°C on September 1?,"[""Yes"", ""No""]","[""0.375"", ""0.625""]",1579.782407,1,31.3,31.0,33.4
1788187733.7,Highest temperature in Singapore on September 1?,Singapore,2026-09-01,3992395,highest-temperature-in-singapore-on-september-1-2026-33c,Will the highest temperature in Singapore be 33°C on September 1?,"[""Yes"", ""No""]","[""0.53"", ""0.47""]",4683.462807,1,31.3,31.0,33.4
1788187733.7,Highest temperature in Singapore on September 1?,Singapore,2026-09-01,3992396,highest-temperature-in-singapore-on-september-1-2026-34c,Will the highest temperature in Singapore be 34°C on September 1?,"[""Yes"", ""No""]","[""0.04"", ""0.96""]",4017.694262,1,31.3,31.0,33.4
1788187733.7,Highest temperature in Singapore on September 1?,Singapore,2026-09-01,3992397,highest-temperature-in-singapore-on-september-1-2026-35c,Will the highest temperature in Singapore be 35°C on September 1?,"[""Yes"", ""No""]","[""0.006"", ""0.994""]",534.656432,1,31.3,31.0,33.4
1788187733.7,Highest temperature in Singapore on September 1?,Singapore,2026-09-01,3992398,highest-temperature-in-singapore-on-september-1-2026-36c,Will the highest temperature in Singapore be 36°C on September 1?,"[""Yes"", ""No""]","[""0.004"", ""0.996""]",646.4906659999999,1,31.3,31.0,33.4
1788187733.7,Highest temperature in Singapore on September 1?,Singapore,2026-09-01,3992399,highest-temperature-in-singapore-on-september-1-2026-37c,Will the highest temperature in Singapore be 37°C on September 1?,"[""Yes"", ""No""]","[""0.0005"", ""0.9995""]",361.209,1,31.3,31.0,33.4
1788187733.7,Highest temperature in Singapore on September 1?,Singapore,2026-09-01,3992400,highest-temperature-in-singapore-on-september-1-2026-38corhigher,Will the highest temperature in Singapore be 38°C or higher on September 1?,"[""Yes"", ""No""]","[""0.0005"", ""0.9995""]",277.245,1,31.3,31.0,33.4
1788187733.7,Highest temperature in Milan on September 1?,Milan,2026-09-01,3992401,highest-temperature-in-milan-on-september-1-2026-24corbelow,Will the highest temperature in Milan be 24°C or below on September 1?,"[""Yes"", ""No""]","[""0.0105"", ""0.9895""]",3340.186465999999,1,30.0,29.6,30.9
1788187733.7,Highest temperature in Milan on September 1?,Milan,2026-09-01,3992402,highest-temperature-in-milan-on-september-1-2026-25c,Will the highest temperature in Milan be 25°C on September 1?,"[""Yes"", ""No""]","[""0.0015"", ""0.9985""]",843.557,1,30.0,29.6,30.9
1788187733.7,Highest temperature in Milan on September 1?,Milan,2026-09-01,3992403,highest-temperature-in-milan-on-september-1-2026-26c,Will the highest temperature in Milan be 26°C on September 1?,"[""Yes"", ""No""]","[""0.0005"", ""0.9995""]",293.1478,1,30.0,29.6,30.9
1788187733.7,Highest temperature in Milan on September 1?,Milan,2026-09-01,3992404,highest-temperature-in-milan-on-september-1-2026-27c,Will the highest temperature in Milan be 27°C on September 1?,"[""Yes"", ""No""]","[""0.006"", ""0.994""]",492.535663,1,30.0,29.6,30.9
1788187733.7,Highest temperature in Milan on September 1?,Milan,2026-09-01,3992405,highest-temperature-in-milan-on-september-1-2026-28c,Will the highest temperature in Milan be 28°C on September 1?,"[""Yes"", ""No""]","[""0.035"", ""0.965""]",1018.3897730000001,1,30.0,29.6,30.9
1788187733.7,Highest temperature in Milan on September 1?,Milan,2026-09-01,3992406,highest-temperature-in-milan-on-september-1-2026-29c,Will the highest temperature in Milan be 29°C on September 1?,"[""Yes"", ""No""]","[""0.3"", ""0.7""]",931.7191190000001,1,30.0,29.6,30.9
1788187733.7,Highest temperature in Milan on September 1?,Milan,2026-09-01,3992407,highest-temperature-in-milan-on-september-1-2026-30c,Will the highest temperature in Milan be 30°C on September 1?,"[""Yes"", ""No""]","[""0.49"", ""0.51""]",5436.891857,1,30.0,29.6,30.9
1788187733.7,Highest temperature in Milan on September 1?,Milan,2026-09-01,3992408,highest-temperature-in-milan-on-september-1-2026-31c,Will the highest temperature in Milan be 31°C on September 1?,"[""Yes"", ""No""]","[""0.145"", ""0.855""]",4413.967495,1,30.0,29.6,30.9
1788187733.7,Highest temperature in Milan on September 1?,Milan,2026-09-01,3992409,highest-temperature-in-milan-on-september-1-2026-32c,Will the highest temperature in Milan be 32°C on September 1?,"[""Yes"", ""No""]","[""0.02"", ""0.98""]",361.57873199999995,1,30.0,29.6,30.9
1788187733.7,Highest temperature in Milan on September 1?,Milan,2026-09-01,3992410,highest-temperature-in-milan-on-september-1-2026-33c,Will the highest temperature in Milan be 33°C on September 1?,"[""Yes"", ""No""]","[""0.0005"", ""0.9995""]",221.6422,1,30.0,29.6,30.9
1788187733.7,Highest temperature in Milan on September 1?,Milan,2026-09-01,3992411,highest-temperature-in-milan-on-september-1-2026-34corhigher,Will the highest temperature in Milan be 34°C or higher on September 1?,"[""Yes"", ""No""]","[""0.0015"", ""0.9985""]",898.5435,1,30.0,29.6,30.9
1788187733.7,Highest temperature in Madrid on September 1?,Madrid,2026-09-01,3992412,highest-temperature-in-madrid-on-september-1-2026-30corbelow,Will the highest temperature in Madrid be 30°C or below on September 1?,"[""Yes"", ""No""]","[""0.0005"", ""0.9995""]",768.9955400000001,1,33.5,33.8,34.0
1788187733.7,Highest temperature in Madrid on September 1?,Madrid,2026-09-01,3992413,highest-temperature-in-madrid-on-september-1-2026-31c,Will the highest temperature in Madrid be 31°C on September 1?,"[""Yes"", ""No""]","[""0.0005"", ""0.9995""]",192.9693,1,33.5,33.8,34.0
1788187733.7,Highest temperature in Madrid on September 1?,Madrid,2026-09-01,3992416,highest-temperature-in-madrid-on-september-1-2026-32c,Will the highest temperature in Madrid be 32°C on September 1?,"[""Yes"", ""No""]","[""0.015"", ""0.985""]",195.69945,1,33.5,33.8,34.0
1788187733.7,Highest temperature in Madrid on September 1?,Madrid,2026-09-01,3992420,highest-temperature-in-madrid-on-september-1-2026-33c,Will the highest temperature in Madrid be 33°C on September 1?,"[""Yes"", ""No""]","[""0.03"", ""0.97""]",334.155729,1,33.5,33.8,34.0
1788187733.7,Highest temperature in Madrid on September 1?,Madrid,2026-09-01,3992421,highest-temperature-in-madrid-on-september-1-2026-34c,Will the highest temperature in Madrid be 34°C on September 1?,"[""Yes"", ""No""]","[""0.415"", ""0.585""]",1101.815524,1,33.5,33.8,34.0
1788187733.7,Highest temperature in Madrid on September 1?,Madrid,2026-09-01,3992422,highest-temperature-in-madrid-on-september-1-2026-35c,Will the highest temperature in Madrid be 35°C on September 1?,"[""Yes"", ""No""]","[""0.515"", ""0.485""]",1220.784872,1,33.5,33.8,34.0
1788187733.7,Highest temperature in Madrid on September 1?,Madrid,2026-09-01,3992424,highest-temperature-in-madrid-on-september-1-2026-36c,Will the highest temperature in Madrid be 36°C on September 1?,"[""Yes"", ""No""]","[""0.075"", ""0.925""]",559.974312,1,33.5,33.8,34.0
1788187733.7,Highest temperature in Madrid on September 1?,Madrid,2026-09-01,3992427,highest-temperature-in-madrid-on-september-1-2026-37c,Will the highest temperature in Madrid be 37°C on September 1?,"[""Yes"", ""No""]","[""0.0005"", ""0.9995""]",273.7195,1,33.5,33.8,34.0
1788187733.7,Highest temperature in Madrid on September 1?,Madrid,2026-09-01,3992428,highest-temperature-in-madrid-on-september-1-2026-38c,Will the highest temperature in Madrid be 38°C on September 1?,"[""Yes"", ""No""]","[""0.002"", ""0.998""]",130.749,1,33.5,33.8,34.0
1788187733.7,Highest temperature in Madrid on September 1?,Madrid,2026-09-01,3992429,highest-temperature-in-madrid-on-september-1-2026-39c,Will the highest temperature in Madrid be 39°C on September 1?,"[""Yes"", ""No""]","[""0.002"", ""0.998""]",130.748,1,33.5,33.8,34.0
1788187733.7,Highest temperature in Madrid on September 1?,Madrid,2026-09-01,3992430,highest-temperature-in-madrid-on-september-1-2026-40corhigher,Will the highest temperature in Madrid be 40°C or higher on September 1?,"[""Yes"", ""No""]","[""0.0005"", ""0.9995""]",157.995,1,33.5,33.8,34.0
1788187733.7,Highest temperature in Warsaw on September 1?,Warsaw,2026-09-01,3992431,highest-temperature-in-warsaw-on-september-1-2026-17corbelow,Will the highest temperature in Warsaw be 17°C or below on September 1?,"[""Yes"", ""No""]","[""0.0015"", ""0.9985""]",466.6748,1,21.2,19.3,20.2
1788187733.7,Highest temperature in Warsaw on September 1?,Warsaw,2026-09-01,3992432,highest-temperature-in-warsaw-on-september-1-2026-18c,Will the highest temperature in Warsaw be 18°C on September 1?,"[""Yes"", ""No""]","[""0.009"", ""0.991""]",555.213268,1,21.2,19.3,20.2
1788187733.7,Highest temperature in Warsaw on September 1?,Warsaw,2026-09-01,3992433,highest-temperature-in-warsaw-on-september-1-2026-19c,Will the highest temperature in Warsaw be 19°C on September 1?,"[""Yes"", ""No""]","[""0.015"", ""0.985""]",732.3251479999999,1,21.2,19.3,20.2
1788187733.7,Highest temperature in Warsaw on September 1?,Warsaw,2026-09-01,3992434,highest-temperature-in-warsaw-on-september-1-2026-20c,Will the highest temperature in Warsaw be 20°C on September 1?,"[""Yes"", ""No""]","[""0.275"", ""0.725""]",1075.1847989999999,1,21.2,19.3,20.2
1788187733.7,Highest temperature in Warsaw on September 1?,Warsaw,2026-09-01,3992435,highest-temperature-in-warsaw-on-september-1-2026-21c,Will the highest temperature in Warsaw be 21°C on September 1?,"[""Yes"", ""No""]","[""0.49"", ""0.51""]",890.9574319999998,1,21.2,19.3,20.2
1788187733.7,Highest temperature in Warsaw on September 1?,Warsaw,2026-09-01,3992436,highest-temperature-in-warsaw-on-september-1-2026-22c,Will the highest temperature in Warsaw be 22°C on September 1?,"[""Yes"", ""No""]","[""0.125"", ""0.875""]",3495.7489350000005,1,21.2,19.3,20.2
1788187733.7,Highest temperature in Warsaw on September 1?,Warsaw,2026-09-01,3992437,highest-temperature-in-warsaw-on-september-1-2026-23c,Will the highest temperature in Warsaw be 23°C on September 1?,"[""Yes"", ""No""]","[""0.035"", ""0.965""]",384.79417299999994,1,21.2,19.3,20.2
1788187733.7,Highest temperature in Warsaw on September 1?,Warsaw,2026-09-01,3992438,highest-temperature-in-warsaw-on-september-1-2026-24c,Will the highest temperature in Warsaw be 24°C on September 1?,"[""Yes"", ""No""]","[""0.0015"", ""0.9985""]",240.749,1,21.2,19.3,20.2
1788187733.7,Highest temperature in Warsaw on September 1?,Warsaw,2026-09-01,3992439,highest-temperature-in-warsaw-on-september-1-2026-25c,Will the highest temperature in Warsaw be 25°C on September 1?,"[""Yes"", ""No""]","[""0.0035"", ""0.9965""]",480.3906,1,21.2,19.3,20.2
1788187733.7,Highest temperature in Warsaw on September 1?,Warsaw,2026-09-01,3992440,highest-temperature-in-warsaw-on-september-1-2026-26c,Will the highest temperature in Warsaw be 26°C on September 1?,"[""Yes"", ""No""]","[""0.0035"", ""0.9965""]",515.9559999999999,1,21.2,19.3,20.2
1788187733.7,Highest temperature in Warsaw on September 1?,Warsaw,2026-09-01,3992441,highest-temperature-in-warsaw-on-september-1-2026-27corhigher,Will the highest temperature in Warsaw be 27°C or higher on September 1?,"[""Yes"", ""No""]","[""0.0005"", ""0.9995""]",88,1,21.2,19.3,20.2
1788187733.7,Highest temperature in Taipei on September 1?,Taipei,2026-09-01,3992442,highest-temperature-in-taipei-on-september-1-2026-27corbelow,Will the highest temperature in Taipei be 27°C or below on September 1?,"[""Yes"", ""No""]","[""0.0065"", ""0.9935""]",922.3124,1,28.0,31.8,32.2
1788187733.7,Highest temperature in Taipei on September 1?,Taipei,2026-09-01,3992443,highest-temperature-in-taipei-on-september-1-2026-28c,Will the highest temperature in Taipei be 28°C on September 1?,"[""Yes"", ""No""]","[""0.011"", ""0.989""]",749.1012000000001,1,28.0,31.8,32.2
1788187733.7,Highest temperature in Taipei on September 1?,Taipei,2026-09-01,3992444,highest-temperature-in-taipei-on-september-1-2026-29c,Will the highest temperature in Taipei be 29°C on September 1?,"[""Yes"", ""No""]","[""0.035"", ""0.965""]",471.1,1,28.0,31.8,32.2
1788187733.7,Highest temperature in Taipei on September 1?,Taipei,2026-09-01,3992445,highest-temperature-in-taipei-on-september-1-2026-30c,Will the highest temperature in Taipei be 30°C on September 1?,"[""Yes"", ""No""]","[""0.105"", ""0.895""]",394.393483,1,28.0,31.8,32.2
1788187733.7,Highest temperature in Taipei on September 1?,Taipei,2026-09-01,3992446,highest-temperature-in-taipei-on-september-1-2026-31c,Will the highest temperature in Taipei be 31°C on September 1?,"[""Yes"", ""No""]","[""0.195"", ""0.805""]",1275.4095570000002,1,28.0,31.8,32.2
1788187733.7,Highest temperature in Taipei on September 1?,Taipei,2026-09-01,3992447,highest-temperature-in-taipei-on-september-1-2026-32c,Will the highest temperature in Taipei be 32°C on September 1?,"[""Yes"", ""No""]","[""0.275"", ""0.725""]",1664.09112,1,28.0,31.8,32.2
1788187733.7,Highest temperature in Taipei on September 1?,Taipei,2026-09-01,3992448,highest-temperature-in-taipei-on-september-1-2026-33c,Will the highest temperature in Taipei be 33°C on September 1?,"[""Yes"", ""No""]","[""0.25"", ""0.75""]",1227.018027,1,28.0,31.8,32.2
1788187733.7,Highest temperature in Taipei on September 1?,Taipei,2026-09-01,3992449,highest-temperature-in-taipei-on-september-1-2026-34c,Will the highest temperature in Taipei be 34°C on September 1?,"[""Yes"", ""No""]","[""0.07"", ""0.93""]",376.93808,1,28.0,31.8,32.2
1788187733.7,Highest temperature in Taipei on September 1?,Taipei,2026-09-01,3992450,highest-temperature-in-taipei-on-september-1-2026-35c,Will the highest temperature in Taipei be 35°C on September 1?,"[""Yes"", ""No""]","[""0.025"", ""0.975""]",301.0354,1,28.0,31.8,32.2
1788187733.7,Highest temperature in Taipei on September 1?,Taipei,2026-09-01,3992451,highest-temperature-in-taipei-on-september-1-2026-36c,Will the highest temperature in Taipei be 36°C on September 1?,"[""Yes"", ""No""]","[""0.003"", ""0.997""]",549.994,1,28.0,31.8,32.2
1788187733.7,Highest temperature in Taipei on September 1?,Taipei,2026-09-01,3992452,highest-temperature-in-taipei-on-september-1-2026-37corhigher,Will the highest temperature in Taipei be 37°C or higher on September 1?,"[""Yes"", ""No""]","[""0.0025"", ""0.9975""]",1001.269,1,28.0,31.8,32.2
1788187733.7,Highest temperature in Chongqing on September 1?,Chongqing,2026-09-01,3992453,highest-temperature-in-chongqing-on-september-1-2026-29corbelow,Will the highest temperature in Chongqing be 29°C or below on September 1?,"[""Yes"", ""No""]","[""0.0005"", ""0.9995""]",115.997,1,35.2,32.4,36.0
1788187733.7,Highest temperature in Chongqing on September 1?,Chongqing,2026-09-01,3992454,highest-temperature-in-chongqing-on-september-1-2026-30c,Will the highest temperature in Chongqing be 30°C on September 1?,"[""Yes"", ""No""]","[""0.0005"", ""0.9995""]",303.927009,1,35.2,32.4,36.0
1788187733.7,Highest temperature in Chongqing on September 1?,Chongqing,2026-09-01,3992455,highest-temperature-in-chongqing-on-september-1-2026-31c,Will the highest temperature in Chongqing be 31°C on September 1?,"[""Yes"", ""No""]","[""0.003"", ""0.997""]",154.69299999999998,1,35.2,32.4,36.0
1788187733.7,Highest temperature in Chongqing on September 1?,Chongqing,2026-09-01,3992456,highest-temperature-in-chongqing-on-september-1-2026-32c,Will the highest temperature in Chongqing be 32°C on September 1?,"[""Yes"", ""No""]","[""0.035"", ""0.965""]",128.2097,1,35.2,32.4,36.0
1788187733.7,Highest temperature in Chongqing on September 1?,Chongqing,2026-09-01,3992457,highest-temperature-in-chongqing-on-september-1-2026-33c,Will the highest temperature in Chongqing be 33°C on September 1?,"[""Yes"", ""No""]","[""0.055"", ""0.945""]",233.664871,1,35.2,32.4,36.0
1788187733.7,Highest temperature in Chongqing on September 1?,Chongqing,2026-09-01,3992458,highest-temperature-in-chongqing-on-september-1-2026-34c,Will the highest temperature in Chongqing be 34°C on September 1?,"[""Yes"", ""No""]","[""0.14"", ""0.86""]",430.397553,1,35.2,32.4,36.0
1788187733.7,Highest temperature in Chongqing on September 1?,Chongqing,2026-09-01,3992459,highest-temperature-in-chongqing-on-september-1-2026-35c,Will the highest temperature in Chongqing be 35°C on September 1?,"[""Yes"", ""No""]","[""0.53"", ""0.47""]",554.543422,1,35.2,32.4,36.0
1788187733.7,Highest temperature in Chongqing on September 1?,Chongqing,2026-09-01,3992460,highest-temperature-in-chongqing-on-september-1-2026-36c,Will the highest temperature in Chongqing be 36°C on September 1?,"[""Yes"", ""No""]","[""0.185"", ""0.815""]",813.622096,1,35.2,32.4,36.0
1788187733.7,Highest temperature in Chongqing on September 1?,Chongqing,2026-09-01,3992461,highest-temperature-in-chongqing-on-september-1-2026-37c,Will the highest temperature in Chongqing be 37°C on September 1?,"[""Yes"", ""No""]","[""0.02"", ""0.98""]",1422.0823799999998,1,35.2,32.4,36.0
1788187733.7,Highest temperature in Chongqing on September 1?,Chongqing,2026-09-01,3992462,highest-temperature-in-chongqing-on-september-1-2026-38c,Will the highest temperature in Chongqing be 38°C on September 1?,"[""Yes"", ""No""]","[""0.008"", ""0.992""]",528.748833,1,35.2,32.4,36.0
1788187733.7,Highest temperature in Chongqing on September 1?,Chongqing,2026-09-01,3992463,highest-temperature-in-chongqing-on-september-1-2026-39corhigher,Will the highest temperature in Chongqing be 39°C or higher on September 1?,"[""Yes"", ""No""]","[""0.002"", ""0.998""]",1019.904512,1,35.2,32.4,36.0
1788187733.7,Highest temperature in Beijing on September 1?,Beijing,2026-09-01,3992464,highest-temperature-in-beijing-on-september-1-2026-24corbelow,Will the highest temperature in Beijing be 24°C or below on September 1?,"[""Yes"", ""No""]","[""0.0005"", ""0.9995""]",330.962,1,29.9,27.8,30.1
1788187733.7,Highest temperature in Beijing on September 1?,Beijing,2026-09-01,3992465,highest-temperature-in-beijing-on-september-1-2026-25c,Will the highest temperature in Beijing be 25°C on September 1?,"[""Yes"", ""No""]","[""0.0005"", ""0.9995""]",388.96799999999996,1,29.9,27.8,30.1
1788187733.7,Highest temperature in Beijing on September 1?,Beijing,2026-09-01,3992466,highest-temperature-in-beijing-on-september-1-2026-26c,Will the highest temperature in Beijing be 26°C on September 1?,"[""Yes"", ""No""]","[""0.003"", ""0.997""]",78.98,1,29.9,27.8,30.1
1788187733.7,Highest temperature in Beijing on September 1?,Beijing,2026-09-01,3992467,highest-temperature-in-beijing-on-september-1-2026-27c,Will the highest temperature in Beijing be 27°C on September 1?,"[""Yes"", ""No""]","[""0.0065"", ""0.9935""]",622.6442330000001,1,29.9,27.8,30.1
1788187733.7,Highest temperature in Beijing on September 1?,Beijing,2026-09-01,3992468,highest-temperature-in-beijing-on-september-1-2026-28c,Will the highest temperature in Beijing be 28°C on September 1?,"[""Yes"", ""No""]","[""0.025"", ""0.975""]",1075.920836,1,29.9,27.8,30.1
1788187733.7,Highest temperature in Beijing on September 1?,Beijing,2026-09-01,3992469,highest-temperature-in-beijing-on-september-1-2026-29c,Will the highest temperature in Beijing be 29°C on September 1?,"[""Yes"", ""No""]","[""0.16"", ""0.84""]",635.8535639999999,1,29.9,27.8,30.1
1788187733.7,Highest temperature in Beijing on September 1?,Beijing,2026-09-01,3992470,highest-temperature-in-beijing-on-september-1-2026-30c,Will the highest temperature in Beijing be 30°C on September 1?,"[""Yes"", ""No""]","[""0.495"", ""0.505""]",806.514418,1,29.9,27.8,30.1
1788187733.7,Highest temperature in Beijing on September 1?,Beijing,2026-09-01,3992471,highest-temperature-in-beijing-on-september-1-2026-31c,Will the highest temperature in Beijing be 31°C on September 1?,"[""Yes"", ""No""]","[""0.275"", ""0.725""]",391.7881560000001,1,29.9,27.8,30.1
1788187733.7,Highest temperature in Beijing on September 1?,Beijing,2026-09-01,3992472,highest-temperature-in-beijing-on-september-1-2026-32c,Will the highest temperature in Beijing be 32°C on September 1?,"[""Yes"", ""No""]","[""0.07"", ""0.93""]",398.855801,1,29.9,27.8,30.1
1788187733.7,Highest temperature in Beijing on September 1?,Beijing,2026-09-01,3992473,highest-temperature-in-beijing-on-september-1-2026-33c,Will the highest temperature in Beijing be 33°C on September 1?,"[""Yes"", ""No""]","[""0.015"", ""0.985""]",513.238593,1,29.9,27.8,30.1
1788187733.7,Highest temperature in Beijing on September 1?,Beijing,2026-09-01,3992474,highest-temperature-in-beijing-on-september-1-2026-34corhigher,Will the highest temperature in Beijing be 34°C or higher on September 1?,"[""Yes"", ""No""]","[""0.004"", ""0.996""]",298.210865,1,29.9,27.8,30.1
1788187733.7,Highest temperature in Wuhan on September 1?,Wuhan,2026-09-01,3992475,highest-temperature-in-wuhan-on-september-1-2026-23corbelow,Will the highest temperature in Wuhan be 23°C or below on September 1?,"[""Yes"", ""No""]","[""0.0005"", ""0.9995""]",119.997,1,29.4,27.1,26.9
1788187733.7,Highest temperature in Wuhan on September 1?,Wuhan,2026-09-01,3992476,highest-temperature-in-wuhan-on-september-1-2026-24c,Will the highest temperature in Wuhan be 24°C on September 1?,"[""Yes"", ""No""]","[""0.0025"", ""0.9975""]",201.114,1,29.4,27.1,26.9
1788187733.7,Highest temperature in Wuhan on September 1?,Wuhan,2026-09-01,3992477,highest-temperature-in-wuhan-on-september-1-2026-25c,Will the highest temperature in Wuhan be 25°C on September 1?,"[""Yes"", ""No""]","[""0.0265"", ""0.9735""]",376.705983,1,29.4,27.1,26.9
1788187733.7,Highest temperature in Wuhan on September 1?,Wuhan,2026-09-01,3992478,highest-temperature-in-wuhan-on-september-1-2026-26c,Will the highest temperature in Wuhan be 26°C on September 1?,"[""Yes"", ""No""]","[""0.07"", ""0.93""]",450.34584499999994,1,29.4,27.1,26.9
1788187733.7,Highest temperature in Wuhan on September 1?,Wuhan,2026-09-01,3992479,highest-temperature-in-wuhan-on-september-1-2026-27c,Will the highest temperature in Wuhan be 27°C on September 1?,"[""Yes"", ""No""]","[""0.195"", ""0.805""]",1291.0359319999998,1,29.4,27.1,26.9
1788187733.7,Highest temperature in Wuhan on September 1?,Wuhan,2026-09-01,3992480,highest-temperature-in-wuhan-on-september-1-2026-28c,Will the highest temperature in Wuhan be 28°C on September 1?,"[""Yes"", ""No""]","[""0.305"", ""0.695""]",861.9827670000001,1,29.4,27.1,26.9
1788187733.7,Highest temperature in Wuhan on September 1?,Wuhan,2026-09-01,3992481,highest-temperature-in-wuhan-on-september-1-2026-29c,Will the highest temperature in Wuhan be 29°C on September 1?,"[""Yes"", ""No""]","[""0.235"", ""0.765""]",543.787596,1,29.4,27.1,26.9
1788187733.7,Highest temperature in Wuhan on September 1?,Wuhan,2026-09-01,3992482,highest-temperature-in-wuhan-on-september-1-2026-30c,Will the highest temperature in Wuhan be 30°C on September 1?,"[""Yes"", ""No""]","[""0.11"", ""0.89""]",502.088979,1,29.4,27.1,26.9
1788187733.7,Highest temperature in Wuhan on September 1?,Wuhan,2026-09-01,3992483,highest-temperature-in-wuhan-on-september-1-2026-31c,Will the highest temperature in Wuhan be 31°C on September 1?,"[""Yes"", ""No""]","[""0.03"", ""0.97""]",1184.403775,1,29.4,27.1,26.9
1788187733.7,Highest temperature in Wuhan on September 1?,Wuhan,2026-09-01,3992484,highest-temperature-in-wuhan-on-september-1-2026-32c,Will the highest temperature in Wuhan be 32°C on September 1?,"[""Yes"", ""No""]","[""0.011"", ""0.989""]",341.32086899999996,1,29.4,27.1,26.9
1788187733.7,Highest temperature in Wuhan on September 1?,Wuhan,2026-09-01,3992485,highest-temperature-in-wuhan-on-september-1-2026-33corhigher,Will the highest temperature in Wuhan be 33°C or higher on September 1?,"[""Yes"", ""No""]","[""0.011"", ""0.989""]",204.6166,1,29.4,27.1,26.9
1788187733.7,Highest temperature in Chengdu on September 1?,Chengdu,2026-09-01,3992486,highest-temperature-in-chengdu-on-september-1-2026-28corbelow,Will the highest temperature in Chengdu be 28°C or below on September 1?,"[""Yes"", ""No""]","[""0.0005"", ""0.9995""]",109.991,1,33.1,32.6,33.9
1788187733.7,Highest temperature in Chengdu on September 1?,Chengdu,2026-09-01,3992487,highest-temperature-in-chengdu-on-september-1-2026-29c,Will the highest temperature in Chengdu be 29°C on September 1?,"[""Yes"", ""No""]","[""0.0005"", ""0.9995""]",123.99099999999999,1,33.1,32.6,33.9
1788187733.7,Highest temperature in Chengdu on September 1?,Chengdu,2026-09-01,3992488,highest-temperature-in-chengdu-on-september-1-2026-30c,Will the highest temperature in Chengdu be 30°C on September 1?,"[""Yes"", ""No""]","[""0.0055"", ""0.9945""]",1113.7432,1,33.1,32.6,33.9
1788187733.7,Highest temperature in Chengdu on September 1?,Chengdu,2026-09-01,3992489,highest-temperature-in-chengdu-on-september-1-2026-31c,Will the highest temperature in Chengdu be 31°C on September 1?,"[""Yes"", ""No""]","[""0.0055"", ""0.9945""]",499.121176,1,33.1,32.6,33.9
1788187733.7,Highest temperature in Chengdu on September 1?,Chengdu,2026-09-01,3992490,highest-temperature-in-chengdu-on-september-1-2026-32c,Will the highest temperature in Chengdu be 32°C on September 1?,"[""Yes"", ""No""]","[""0.035"", ""0.965""]",715.954916,1,33.1,32.6,33.9
1788187733.7,Highest temperature in Chengdu on September 1?,Chengdu,2026-09-01,3992491,highest-temperature-in-chengdu-on-september-1-2026-33c,Will the highest temperature in Chengdu be 33°C on September 1?,"[""Yes"", ""No""]","[""0.08"", ""0.92""]",703.9127050000001,1,33.1,32.6,33.9
1788187733.7,Highest temperature in Chengdu on September 1?,Chengdu,2026-09-01,3992492,highest-temperature-in-chengdu-on-september-1-2026-34c,Will the highest temperature in Chengdu be 34°C on September 1?,"[""Yes"", ""No""]","[""0.375"", ""0.625""]",2211.936982,1,33.1,32.6,33.9
1788187733.7,Highest temperature in Chengdu on September 1?,Chengdu,2026-09-01,3992493,highest-temperature-in-chengdu-on-september-1-2026-35c,Will the highest temperature in Chengdu be 35°C on September 1?,"[""Yes"", ""No""]","[""0.395"", ""0.605""]",1988.9639690000001,1,33.1,32.6,33.9
1788187733.7,Highest temperature in Chengdu on September 1?,Chengdu,2026-09-01,3992494,highest-temperature-in-chengdu-on-september-1-2026-36c,Will the highest temperature in Chengdu be 36°C on September 1?,"[""Yes"", ""No""]","[""0.125"", ""0.875""]",1200.092194,1,33.1,32.6,33.9
1788187733.7,Highest temperature in Chengdu on September 1?,Chengdu,2026-09-01,3992495,highest-temperature-in-chengdu-on-september-1-2026-37c,Will the highest temperature in Chengdu be 37°C on September 1?,"[""Yes"", ""No""]","[""0.02"", ""0.98""]",1797.8085999999998,1,33.1,32.6,33.9
1788187733.7,Highest temperature in Chengdu on September 1?,Chengdu,2026-09-01,3992496,highest-temperature-in-chengdu-on-september-1-2026-38corhigher,Will the highest temperature in Chengdu be 38°C or higher on September 1?,"[""Yes"", ""No""]","[""0.006"", ""0.994""]",1035.411932,1,33.1,32.6,33.9
1788187733.7,Highest temperature in Shenzhen on September 1?,Shenzhen,2026-09-01,3992497,highest-temperature-in-shenzhen-on-september-1-2026-24corbelow,Will the highest temperature in Shenzhen be 24°C or below on September 1?,"[""Yes"", ""No""]","[""0.0005"", ""0.9995""]",295.995,1,30.9,29.2,29.8
1788187733.7,Highest temperature in Shenzhen on September 1?,Shenzhen,2026-09-01,3992498,highest-temperature-in-shenzhen-on-september-1-2026-25c,Will the highest temperature in Shenzhen be 25°C on September 1?,"[""Yes"", ""No""]","[""0.0005"", ""0.9995""]",237.918,1,30.9,29.2,29.8
1788187733.7,Highest temperature in Shenzhen on September 1?,Shenzhen,2026-09-01,3992499,highest-temperature-in-shenzhen-on-september-1-2026-26c,Will the highest temperature in Shenzhen be 26°C on September 1?,"[""Yes"", ""No""]","[""0.0005"", ""0.9995""]",294.844,1,30.9,29.2,29.8
1788187733.7,Highest temperature in Shenzhen on September 1?,Shenzhen,2026-09-01,3992500,highest-temperature-in-shenzhen-on-september-1-2026-27c,Will the highest temperature in Shenzhen be 27°C on September 1?,"[""Yes"", ""No""]","[""0.0065"", ""0.9935""]",488.9845999999999,1,30.9,29.2,29.8
1788187733.7,Highest temperature in Shenzhen on September 1?,Shenzhen,2026-09-01,3992501,highest-temperature-in-shenzhen-on-september-1-2026-28c,Will the highest temperature in Shenzhen be 28°C on September 1?,"[""Yes"", ""No""]","[""0.014"", ""0.986""]",5324.037,1,30.9,29.2,29.8
1788187733.7,Highest temperature in Shenzhen on September 1?,Shenzhen,2026-09-01,3992502,highest-temperature-in-shenzhen-on-september-1-2026-29c,Will the highest temperature in Shenzhen be 29°C on September 1?,"[""Yes"", ""No""]","[""0.175"", ""0.825""]",987.6169140000001,1,30.9,29.2,29.8
1788187733.7,Highest temperature in Shenzhen on September 1?,Shenzhen,2026-09-01,3992503,highest-temperature-in-shenzhen-on-september-1-2026-30c,Will the highest temperature in Shenzhen be 30°C on September 1?,"[""Yes"", ""No""]","[""0.445"", ""0.555""]",1545.6709569999998,1,30.9,29.2,29.8
1788187733.7,Highest temperature in Shenzhen on September 1?,Shenzhen,2026-09-01,3992504,highest-temperature-in-shenzhen-on-september-1-2026-31c,Will the highest temperature in Shenzhen be 31°C on September 1?,"[""Yes"", ""No""]","[""0.36"", ""0.64""]",1275.220571,1,30.9,29.2,29.8
1788187733.7,Highest temperature in Shenzhen on September 1?,Shenzhen,2026-09-01,3992505,highest-temperature-in-shenzhen-on-september-1-2026-32c,Will the highest temperature in Shenzhen be 32°C on September 1?,"[""Yes"", ""No""]","[""0.055"", ""0.945""]",2181.196754,1,30.9,29.2,29.8
1788187733.7,Highest temperature in Shenzhen on September 1?,Shenzhen,2026-09-01,3992506,highest-temperature-in-shenzhen-on-september-1-2026-33c,Will the highest temperature in Shenzhen be 33°C on September 1?,"[""Yes"", ""No""]","[""0.01"", ""0.99""]",1545.8562459999998,1,30.9,29.2,29.8
1788187733.7,Highest temperature in Shenzhen on September 1?,Shenzhen,2026-09-01,3992507,highest-temperature-in-shenzhen-on-september-1-2026-34corhigher,Will the highest temperature in Shenzhen be 34°C or higher on September 1?,"[""Yes"", ""No""]","[""0.006"", ""0.994""]",1323.3345649999997,1,30.9,29.2,29.8
1788187733.7,Highest temperature in Moscow on September 1?,Moscow,2026-09-01,3992508,highest-temperature-in-moscow-on-september-1-2026-18corbelow,Will the highest temperature in Moscow be 18°C or below on September 1?,"[""Yes"", ""No""]","[""0.0005"", ""0.9995""]",275.995,1,26.7,24.0,24.3
1788187733.7,Highest temperature in Moscow on September 1?,Moscow,2026-09-01,3992509,highest-temperature-in-moscow-on-september-1-2026-19c,Will the highest temperature in Moscow be 19°C on September 1?,"[""Yes"", ""No""]","[""0.0005"", ""0.9995""]",275.991,1,26.7,24.0,24.3
1788187733.7,Highest temperature in Moscow on September 1?,Moscow,2026-09-01,3992510,highest-temperature-in-moscow-on-september-1-2026-20c,Will the highest temperature in Moscow be 20°C on September 1?,"[""Yes"", ""No""]","[""0.0015"", ""0.9985""]",351.30100000000004,1,26.7,24.0,24.3
1788187733.7,Highest temperature in Moscow on September 1?,Moscow,2026-09-01,3992511,highest-temperature-in-moscow-on-september-1-2026-21c,Will the highest temperature in Moscow be 21°C on September 1?,"[""Yes"", ""No""]","[""0.004"", ""0.996""]",390.681704,1,26.7,24.0,24.3
1788187733.7,Highest temperature in Moscow on September 1?,Moscow,2026-09-01,3992512,highest-temperature-in-moscow-on-september-1-2026-22c,Will the highest temperature in Moscow be 22°C on September 1?,"[""Yes"", ""No""]","[""0.007"", ""0.993""]",638.0505499999999,1,26.7,24.0,24.3
1788187733.7,Highest temperature in Moscow on September 1?,Moscow,2026-09-01,3992513,highest-temperature-in-moscow-on-september-1-2026-23c,Will the highest temperature in Moscow be 23°C on September 1?,"[""Yes"", ""No""]","[""0.07"", ""0.93""]",725.8772779999999,1,26.7,24.0,24.3
1788187733.7,Highest temperature in Moscow on September 1?,Moscow,2026-09-01,3992514,highest-temperature-in-moscow-on-september-1-2026-24c,Will the highest temperature in Moscow be 24°C on September 1?,"[""Yes"", ""No""]","[""0.265"", ""0.735""]",978.6055770000002,1,26.7,24.0,24.3
1788187733.7,Highest temperature in Moscow on September 1?,Moscow,2026-09-01,3992515,highest-temperature-in-moscow-on-september-1-2026-25c,Will the highest temperature in Moscow be 25°C on September 1?,"[""Yes"", ""No""]","[""0.51"", ""0.49""]",412.148078,1,26.7,24.0,24.3
1788187733.7,Highest temperature in Moscow on September 1?,Moscow,2026-09-01,3992516,highest-temperature-in-moscow-on-september-1-2026-26c,Will the highest temperature in Moscow be 26°C on September 1?,"[""Yes"", ""No""]","[""0.105"", ""0.895""]",794.239321,1,26.7,24.0,24.3
1788187733.7,Highest temperature in Moscow on September 1?,Moscow,2026-09-01,3992517,highest-temperature-in-moscow-on-september-1-2026-27c,Will the highest temperature in Moscow be 27°C on September 1?,"[""Yes"", ""No""]","[""0.02"", ""0.98""]",431.68095299999993,1,26.7,24.0,24.3
1788187733.7,Highest temperature in Moscow on September 1?,Moscow,2026-09-01,3992518,highest-temperature-in-moscow-on-september-1-2026-28corhigher,Will the highest temperature in Moscow be 28°C or higher on September 1?,"[""Yes"", ""No""]","[""0.0055"", ""0.9945""]",298.501201,1,26.7,24.0,24.3
1788187733.7,Highest temperature in Istanbul on September 1?,Istanbul,2026-09-01,3992519,highest-temperature-in-istanbul-on-september-1-2026-22corbelow,Will the highest temperature in Istanbul be 22°C or below on September 1?,"[""Yes"", ""No""]","[""0.0015"", ""0.9985""]",158.0187,1,29.3,28.5,28.9
1788187733.7,Highest temperature in Istanbul on September 1?,Istanbul,2026-09-01,3992520,highest-temperature-in-istanbul-on-september-1-2026-23c,Will the highest temperature in Istanbul be 23°C on September 1?,"[""Yes"", ""No""]","[""0.0015"", ""0.9985""]",221.42229999999998,1,29.3,28.5,28.9
1788187733.7,Highest temperature in Istanbul on September 1?,Istanbul,2026-09-01,3992521,highest-temperature-in-istanbul-on-september-1-2026-24c,Will the highest temperature in Istanbul be 24°C on September 1?,"[""Yes"", ""No""]","[""0.0015"", ""0.9985""]",162.7525,1,29.3,28.5,28.9
1788187733.7,Highest temperature in Istanbul on September 1?,Istanbul,2026-09-01,3992522,highest-temperature-in-istanbul-on-september-1-2026-25c,Will the highest temperature in Istanbul be 25°C on September 1?,"[""Yes"", ""No""]","[""0.04"", ""0.96""]",321.09773300000006,1,29.3,28.5,28.9
1788187733.7,Highest temperature in Istanbul on September 1?,Istanbul,2026-09-01,3992523,highest-temperature-in-istanbul-on-september-1-2026-26c,Will the highest temperature in Istanbul be 26°C on September 1?,"[""Yes"", ""No""]","[""0.505"", ""0.495""]",908.2945819999999,1,29.3,28.5,28.9
1788187733.7,Highest temperature in Istanbul on September 1?,Istanbul,2026-09-01,3992524,highest-temperature-in-istanbul-on-september-1-2026-27c,Will the highest temperature in Istanbul be 27°C on September 1?,"[""Yes"", ""No""]","[""0.435"", ""0.565""]",896.06467,1,29.3,28.5,28.9
1788187733.7,Highest temperature in Istanbul on September 1?,Istanbul,2026-09-01,3992525,highest-temperature-in-istanbul-on-september-1-2026-28c,Will the highest temperature in Istanbul be 28°C on September 1?,"[""Yes"", ""No""]","[""0.045"", ""0.955""]",164.03006599999998,1,29.3,28.5,28.9
1788187733.7,Highest temperature in Istanbul on September 1?,Istanbul,2026-09-01,3992526,highest-temperature-in-istanbul-on-september-1-2026-29c,Will the highest temperature in Istanbul be 29°C on September 1?,"[""Yes"", ""No""]","[""0.005"", ""0.995""]",264.774,1,29.3,28.5,28.9
1788187733.7,Highest temperature in Istanbul on September 1?,Istanbul,2026-09-01,3992527,highest-temperature-in-istanbul-on-september-1-2026-30c,Will the highest temperature in Istanbul be 30°C on September 1?,"[""Yes"", ""No""]","[""0.0015"", ""0.9985""]",107.776,1,29.3,28.5,28.9
1788187733.7,Highest temperature in Istanbul on September 1?,Istanbul,2026-09-01,3992528,highest-temperature-in-istanbul-on-september-1-2026-31c,Will the highest temperature in Istanbul be 31°C on September 1?,"[""Yes"", ""No""]","[""0.0015"", ""0.9985""]",107.776,1,29.3,28.5,28.9
1788187733.7,Highest temperature in Istanbul on September 1?,Istanbul,2026-09-01,3992529,highest-temperature-in-istanbul-on-september-1-2026-32corhigher,Will the highest temperature in Istanbul be 32°C or higher on September 1?,"[""Yes"", ""No""]","[""0.0005"", ""0.9995""]",267.98199999999997,1,29.3,28.5,28.9
1788187733.7,Highest temperature in Busan on September 1?,Busan,2026-09-01,3992530,highest-temperature-in-busan-on-september-1-2026-26corbelow,Will the highest temperature in Busan be 26°C or below on September 1?,"[""Yes"", ""No""]","[""0.0005"", ""0.9995""]",283.33700000000005,1,29.1,29.8,29.4
1788187733.7,Highest temperature in Busan on September 1?,Busan,2026-09-01,3992531,highest-temperature-in-busan-on-september-1-2026-27c,Will the highest temperature in Busan be 27°C on September 1?,"[""Yes"", ""No""]","[""0.0025"", ""0.9975""]",204.9797,1,29.1,29.8,29.4
1788187733.7,Highest temperature in Busan on September 1?,Busan,2026-09-01,3992532,highest-temperature-in-busan-on-september-1-2026-28c,Will the highest temperature in Busan be 28°C on September 1?,"[""Yes"", ""No""]","[""0.003"", ""0.997""]",163.20094999999998,1,29.1,29.8,29.4
1788187733.7,Highest temperature in Busan on September 1?,Busan,2026-09-01,3992533,highest-temperature-in-busan-on-september-1-2026-29c,Will the highest temperature in Busan be 29°C on September 1?,"[""Yes"", ""No""]","[""0.025"", ""0.975""]",344.533766,1,29.1,29.8,29.4
1788187733.7,Highest temperature in Busan on September 1?,Busan,2026-09-01,3992534,highest-temperature-in-busan-on-september-1-2026-30c,Will the highest temperature in Busan be 30°C on September 1?,"[""Yes"", ""No""]","[""0.065"", ""0.935""]",509.82481599999994,1,29.1,29.8,29.4
1788187733.7,Highest temperature in Busan on September 1?,Busan,2026-09-01,3992535,highest-temperature-in-busan-on-september-1-2026-31c,Will the highest temperature in Busan be 31°C on September 1?,"[""Yes"", ""No""]","[""0.28"", ""0.72""]",1315.737692,1,29.1,29.8,29.4
1788187733.7,Highest temperature in Busan on September 1?,Busan,2026-09-01,3992536,highest-temperature-in-busan-on-september-1-2026-32c,Will the highest temperature in Busan be 32°C on September 1?,"[""Yes"", ""No""]","[""0.465"", ""0.535""]",2567.46547,1,29.1,29.8,29.4
1788187733.7,Highest temperature in Busan on September 1?,Busan,2026-09-01,3992537,highest-temperature-in-busan-on-september-1-2026-33c,Will the highest temperature in Busan be 33°C on September 1?,"[""Yes"", ""No""]","[""0.175"", ""0.825""]",2339.113168,1,29.1,29.8,29.4
1788187733.7,Highest temperature in Busan on September 1?,Busan,2026-09-01,3992538,highest-temperature-in-busan-on-september-1-2026-34c,Will the highest temperature in Busan be 34°C on September 1?,"[""Yes"", ""No""]","[""0.026"", ""0.974""]",483.5354,1,29.1,29.8,29.4
1788187733.7,Highest temperature in Busan on September 1?,Busan,2026-09-01,3992539,highest-temperature-in-busan-on-september-1-2026-35c,Will the highest temperature in Busan be 35°C on September 1?,"[""Yes"", ""No""]","[""0.0085"", ""0.9915""]",583.704966,1,29.1,29.8,29.4
1788187733.7,Highest temperature in Busan on September 1?,Busan,2026-09-01,3992540,highest-temperature-in-busan-on-september-1-2026-36corhigher,Will the highest temperature in Busan be 36°C or higher on September 1?,"[""Yes"", ""No""]","[""0.0005"", ""0.9995""]",187.982,1,29.1,29.8,29.4
1788187733.7,Highest temperature in Amsterdam on September 1?,Amsterdam,2026-09-01,3992541,highest-temperature-in-amsterdam-on-september-1-2026-15corbelow,Will the highest temperature in Amsterdam be 15°C or below on September 1?,"[""Yes"", ""No""]","[""0.0005"", ""0.9995""]",244.991,1,19.9,19.1,19.7
1788187733.7,Highest temperature in Amsterdam on September 1?,Amsterdam,2026-09-01,3992542,highest-temperature-in-amsterdam-on-september-1-2026-16c,Will the highest temperature in Amsterdam be 16°C on September 1?,"[""Yes"", ""No""]","[""0.0005"", ""0.9995""]",175.269,1,19.9,19.1,19.7
1788187733.7,Highest temperature in Amsterdam on September 1?,Amsterdam,2026-09-01,3992543,highest-temperature-in-amsterdam-on-september-1-2026-17c,Will the highest temperature in Amsterdam be 17°C on September 1?,"[""Yes"", ""No""]","[""0.0005"", ""0.9995""]",278.841633,1,19.9,19.1,19.7
1788187733.7,Highest temperature in Amsterdam on September 1?,Amsterdam,2026-09-01,3992544,highest-temperature-in-amsterdam-on-september-1-2026-18c,Will the highest temperature in Amsterdam be 18°C on September 1?,"[""Yes"", ""No""]","[""0.01"", ""0.99""]",435.89714999999995,1,19.9,19.1,19.7
1788187733.7,Highest temperature in Amsterdam on September 1?,Amsterdam,2026-09-01,3992545,highest-temperature-in-amsterdam-on-september-1-2026-19c,Will the highest temperature in Amsterdam be 19°C on September 1?,"[""Yes"", ""No""]","[""0.095"", ""0.905""]",851.267136,1,19.9,19.1,19.7
1788187733.7,Highest temperature in Amsterdam on September 1?,Amsterdam,2026-09-01,3992546,highest-temperature-in-amsterdam-on-september-1-2026-20c,Will the highest temperature in Amsterdam be 20°C on September 1?,"[""Yes"", ""No""]","[""0.645"", ""0.355""]",3334.8353569999995,1,19.9,19.1,19.7
1788187733.7,Highest temperature in Amsterdam on September 1?,Amsterdam,2026-09-01,3992547,highest-temperature-in-amsterdam-on-september-1-2026-21c,Will the highest temperature in Amsterdam be 21°C on September 1?,"[""Yes"", ""No""]","[""0.265"", ""0.735""]",5524.1867090000005,1,19.9,19.1,19.7
1788187733.7,Highest temperature in Amsterdam on September 1?,Amsterdam,2026-09-01,3992548,highest-temperature-in-amsterdam-on-september-1-2026-22c,Will the highest temperature in Amsterdam be 22°C on September 1?,"[""Yes"", ""No""]","[""0.03"", ""0.97""]",706.484399,1,19.9,19.1,19.7
1788187733.7,Highest temperature in Amsterdam on September 1?,Amsterdam,2026-09-01,3992549,highest-temperature-in-amsterdam-on-september-1-2026-23c,Will the highest temperature in Amsterdam be 23°C on September 1?,"[""Yes"", ""No""]","[""0.0005"", ""0.9995""]",129.537,1,19.9,19.1,19.7
1788187733.7,Highest temperature in Amsterdam on September 1?,Amsterdam,2026-09-01,3992550,highest-temperature-in-amsterdam-on-september-1-2026-24c,Will the highest temperature in Amsterdam be 24°C on September 1?,"[""Yes"", ""No""]","[""0.0005"", ""0.9995""]",214.976,1,19.9,19.1,19.7
1788187733.7,Highest temperature in Amsterdam on September 1?,Amsterdam,2026-09-01,3992551,highest-temperature-in-amsterdam-on-september-1-2026-25corhigher,Will the highest temperature in Amsterdam be 25°C or higher on September 1?,"[""Yes"", ""No""]","[""0.0005"", ""0.9995""]",144.985,1,19.9,19.1,19.7
1788187733.7,Highest temperature in Helsinki on September 1?,Helsinki,2026-09-01,3992552,highest-temperature-in-helsinki-on-september-1-2026-13corbelow,Will the highest temperature in Helsinki be 13°C or below on September 1?,"[""Yes"", ""No""]","[""0.0005"", ""0.9995""]",163.99099999999999,1,20.2,19.2,19.1
1788187733.7,Highest temperature in Helsinki on September 1?,Helsinki,2026-09-01,3992553,highest-temperature-in-helsinki-on-september-1-2026-14c,Will the highest temperature in Helsinki be 14°C on September 1?,"[""Yes"", ""No""]","[""0.002"", ""0.998""]",163.97,1,20.2,19.2,19.1
1788187733.7,Highest temperature in Helsinki on September 1?,Helsinki,2026-09-01,3992554,highest-temperature-in-helsinki-on-september-1-2026-15c,Will the highest temperature in Helsinki be 15°C on September 1?,"[""Yes"", ""No""]","[""0.0035"", ""0.9965""]",268.788099,1,20.2,19.2,19.1
1788187733.7,Highest temperature in Helsinki on September 1?,Helsinki,2026-09-01,3992555,highest-temperature-in-helsinki-on-september-1-2026-16c,Will the highest temperature in Helsinki be 16°C on September 1?,"[""Yes"", ""No""]","[""0.004"", ""0.996""]",163.406147,1,20.2,19.2,19.1
1788187733.7,Highest temperature in Helsinki on September 1?,Helsinki,2026-09-01,3992556,highest-temperature-in-helsinki-on-september-1-2026-17c,Will the highest temperature in Helsinki be 17°C on September 1?,"[""Yes"", ""No""]","[""0.012"", ""0.988""]",129.8842,1,20.2,19.2,19.1
1788187733.7,Highest temperature in Helsinki on September 1?,Helsinki,2026-09-01,3992557,highest-temperature-in-helsinki-on-september-1-2026-18c,Will the highest temperature in Helsinki be 18°C on September 1?,"[""Yes"", ""No""]","[""0.035"", ""0.965""]",448.424548,1,20.2,19.2,19.1
1788187733.7,Highest temperature in Helsinki on September 1?,Helsinki,2026-09-01,3992558,highest-temperature-in-helsinki-on-september-1-2026-19c,Will the highest temperature in Helsinki be 19°C on September 1?,"[""Yes"", ""No""]","[""0.215"", ""0.785""]",388.51671100000004,1,20.2,19.2,19.1
1788187733.7,Highest temperature in Helsinki on September 1?,Helsinki,2026-09-01,3992559,highest-temperature-in-helsinki-on-september-1-2026-20c,Will the highest temperature in Helsinki be 20°C on September 1?,"[""Yes"", ""No""]","[""0.58"", ""0.42""]",1454.6176159999998,1,20.2,19.2,19.1
1788187733.7,Highest temperature in Helsinki on September 1?,Helsinki,2026-09-01,3992560,highest-temperature-in-helsinki-on-september-1-2026-21c,Will the highest temperature in Helsinki be 21°C on September 1?,"[""Yes"", ""No""]","[""0.195"", ""0.805""]",982.0462929999999,1,20.2,19.2,19.1
1788187733.7,Highest temperature in Helsinki on September 1?,Helsinki,2026-09-01,3992561,highest-temperature-in-helsinki-on-september-1-2026-22c,Will the highest temperature in Helsinki be 22°C on September 1?,"[""Yes"", ""No""]","[""0.0125"", ""0.9875""]",371.46693300000004,1,20.2,19.2,19.1
1788187733.7,Highest temperature in Helsinki on September 1?,Helsinki,2026-09-01,3992562,highest-temperature-in-helsinki-on-september-1-2026-23corhigher,Will the highest temperature in Helsinki be 23°C or higher on September 1?,"[""Yes"", ""No""]","[""0.003"", ""0.997""]",165.0736,1,20.2,19.2,19.1
1788187733.7,Highest temperature in Kuala Lumpur on September 1?,Kuala Lumpur,2026-09-01,3992563,highest-temperature-in-kuala-lumpur-on-september-1-2026-28corbelow,Will the highest temperature in Kuala Lumpur be 28°C or below on September 1?,"[""Yes"", ""No""]","[""0.0005"", ""0.9995""]",292.453,1,34.8,33.1,33.6
1788187733.7,Highest temperature in Kuala Lumpur on September 1?,Kuala Lumpur,2026-09-01,3992564,highest-temperature-in-kuala-lumpur-on-september-1-2026-29c,Will the highest temperature in Kuala Lumpur be 29°C on September 1?,"[""Yes"", ""No""]","[""0.001"", ""0.999""]",165.20800000000003,1,34.8,33.1,33.6
1788187733.7,Highest temperature in Kuala Lumpur on September 1?,Kuala Lumpur,2026-09-01,3992565,highest-temperature-in-kuala-lumpur-on-september-1-2026-30c,Will the highest temperature in Kuala Lumpur be 30°C on September 1?,"[""Yes"", ""No""]","[""0.0015"", ""0.9985""]",236.5008,1,34.8,33.1,33.6
1788187733.7,Highest temperature in Kuala Lumpur on September 1?,Kuala Lumpur,2026-09-01,3992566,highest-temperature-in-kuala-lumpur-on-september-1-2026-31c,Will the highest temperature in Kuala Lumpur be 31°C on September 1?,"[""Yes"", ""No""]","[""0.0005"", ""0.9995""]",1848.6802500000001,1,34.8,33.1,33.6
1788187733.7,Highest temperature in Kuala Lumpur on September 1?,Kuala Lumpur,2026-09-01,3992567,highest-temperature-in-kuala-lumpur-on-september-1-2026-32c,Will the highest temperature in Kuala Lumpur be 32°C on September 1?,"[""Yes"", ""No""]","[""0.015"", ""0.985""]",4912.551157,1,34.8,33.1,33.6
1788187733.7,Highest temperature in Kuala Lumpur on September 1?,Kuala Lumpur,2026-09-01,3992568,highest-temperature-in-kuala-lumpur-on-september-1-2026-33c,Will the highest temperature in Kuala Lumpur be 33°C on September 1?,"[""Yes"", ""No""]","[""0.255"", ""0.745""]",1129.927123,1,34.8,33.1,33.6
1788187733.7,Highest temperature in Kuala Lumpur on September 1?,Kuala Lumpur,2026-09-01,3992569,highest-temperature-in-kuala-lumpur-on-september-1-2026-34c,Will the highest temperature in Kuala Lumpur be 34°C on September 1?,"[""Yes"", ""No""]","[""0.625"", ""0.375""]",978.336031,1,34.8,33.1,33.6
1788187733.7,Highest temperature in Kuala Lumpur on September 1?,Kuala Lumpur,2026-09-01,3992570,highest-temperature-in-kuala-lumpur-on-september-1-2026-35c,Will the highest temperature in Kuala Lumpur be 35°C on September 1?,"[""Yes"", ""No""]","[""0.12"", ""0.88""]",605.821338,1,34.8,33.1,33.6
1788187733.7,Highest temperature in Kuala Lumpur on September 1?,Kuala Lumpur,2026-09-01,3992571,highest-temperature-in-kuala-lumpur-on-september-1-2026-36c,Will the highest temperature in Kuala Lumpur be 36°C on September 1?,"[""Yes"", ""No""]","[""0.0105"", ""0.9895""]",517.363299,1,34.8,33.1,33.6
1788187733.7,Highest temperature in Kuala Lumpur on September 1?,Kuala Lumpur,2026-09-01,3992572,highest-temperature-in-kuala-lumpur-on-september-1-2026-37c,Will the highest temperature in Kuala Lumpur be 37°C on September 1?,"[""Yes"", ""No""]","[""0.0035"", ""0.9965""]",353.654,1,34.8,33.1,33.6
1788187733.7,Highest temperature in Kuala Lumpur on September 1?,Kuala Lumpur,2026-09-01,3992573,highest-temperature-in-kuala-lumpur-on-september-1-2026-38corhigher,Will the highest temperature in Kuala Lumpur be 38°C or higher on September 1?,"[""Yes"", ""No""]","[""0.0005"", ""0.9995""]",236.376,1,34.8,33.1,33.6
1788187733.7,Highest temperature in Jeddah on September 1?,Jeddah,2026-09-01,3992574,highest-temperature-in-jeddah-on-september-1-2026-31corbelow,Will the highest temperature in Jeddah be 31°C or below on September 1?,"[""Yes"", ""No""]","[""0.0025"", ""0.9975""]",199.002,1,37.8,38.1,36.9
1788187733.7,Highest temperature in Jeddah on September 1?,Jeddah,2026-09-01,3992575,highest-temperature-in-jeddah-on-september-1-2026-32c,Will the highest temperature in Jeddah be 32°C on September 1?,"[""Yes"", ""No""]","[""0.0025"", ""0.9975""]",194.99399999999997,1,37.8,38.1,36.9
1788187733.7,Highest temperature in Jeddah on September 1?,Jeddah,2026-09-01,3992576,highest-temperature-in-jeddah-on-september-1-2026-33c,Will the highest temperature in Jeddah be 33°C on September 1?,"[""Yes"", ""No""]","[""0.003"", ""0.997""]",199.956,1,37.8,38.1,36.9
1788187733.7,Highest temperature in Jeddah on September 1?,Jeddah,2026-09-01,3992577,highest-temperature-in-jeddah-on-september-1-2026-34c,Will the highest temperature in Jeddah be 34°C on September 1?,"[""Yes"", ""No""]","[""0.0055"", ""0.9945""]",154.9956,1,37.8,38.1,36.9
1788187733.7,Highest temperature in Jeddah on September 1?,Jeddah,2026-09-01,3992578,highest-temperature-in-jeddah-on-september-1-2026-35c,Will the highest temperature in Jeddah be 35°C on September 1?,"[""Yes"", ""No""]","[""0.0075"", ""0.9925""]",11.102,1,37.8,38.1,36.9
1788187733.7,Highest temperature in Jeddah on September 1?,Jeddah,2026-09-01,3992579,highest-temperature-in-jeddah-on-september-1-2026-36c,Will the highest temperature in Jeddah be 36°C on September 1?,"[""Yes"", ""No""]","[""0.0265"", ""0.9735""]",91.591696,1,37.8,38.1,36.9
1788187733.7,Highest temperature in Jeddah on September 1?,Jeddah,2026-09-01,3992580,highest-temperature-in-jeddah-on-september-1-2026-37c,Will the highest temperature in Jeddah be 37°C on September 1?,"[""Yes"", ""No""]","[""0.155"", ""0.845""]",402.410081,1,37.8,38.1,36.9
1788187733.7,Highest temperature in Jeddah on September 1?,Jeddah,2026-09-01,3992581,highest-temperature-in-jeddah-on-september-1-2026-38c,Will the highest temperature in Jeddah be 38°C on September 1?,"[""Yes"", ""No""]","[""0.475"", ""0.525""]",284.404813,1,37.8,38.1,36.9
1788187733.7,Highest temperature in Jeddah on September 1?,Jeddah,2026-09-01,3992582,highest-temperature-in-jeddah-on-september-1-2026-39c,Will the highest temperature in Jeddah be 39°C on September 1?,"[""Yes"", ""No""]","[""0.28"", ""0.72""]",226.573397,1,37.8,38.1,36.9
1788187733.7,Highest temperature in Jeddah on September 1?,Jeddah,2026-09-01,3992583,highest-temperature-in-jeddah-on-september-1-2026-40c,Will the highest temperature in Jeddah be 40°C on September 1?,"[""Yes"", ""No""]","[""0.065"", ""0.935""]",283.933589,1,37.8,38.1,36.9
1788187733.7,Highest temperature in Jeddah on September 1?,Jeddah,2026-09-01,3992584,highest-temperature-in-jeddah-on-september-1-2026-41corhigher,Will the highest temperature in Jeddah be 41°C or higher on September 1?,"[""Yes"", ""No""]","[""0.025"", ""0.975""]",331.85405,1,37.8,38.1,36.9
1788187733.7,Highest temperature in Cape Town on September 1?,Cape Town,2026-09-01,3992585,highest-temperature-in-cape-town-on-september-1-2026-15corbelow,Will the highest temperature in Cape Town be 15°C or below on September 1?,"[""Yes"", ""No""]","[""0.0045"", ""0.9955""]",260.41,1,19.5,19.1,18.5
1788187733.7,Highest temperature in Cape Town on September 1?,Cape Town,2026-09-01,3992586,highest-temperature-in-cape-town-on-september-1-2026-16c,Will the highest temperature in Cape Town be 16°C on September 1?,"[""Yes"", ""No""]","[""0.015"", ""0.985""]",143.998019,1,19.5,19.1,18.5
1788187733.7,Highest temperature in Cape Town on September 1?,Cape Town,2026-09-01,3992587,highest-temperature-in-cape-town-on-september-1-2026-17c,Will the highest temperature in Cape Town be 17°C on September 1?,"[""Yes"", ""No""]","[""0.055"", ""0.945""]",475.05157499999996,1,19.5,19.1,18.5
1788187733.7,Highest temperature in Cape Town on September 1?,Cape Town,2026-09-01,3992588,highest-temperature-in-cape-town-on-september-1-2026-18c,Will the highest temperature in Cape Town be 18°C on September 1?,"[""Yes"", ""No""]","[""0.435"", ""0.565""]",1968.980346,1,19.5,19.1,18.5
1788187733.7,Highest temperature in Cape Town on September 1?,Cape Town,2026-09-01,3992589,highest-temperature-in-cape-town-on-september-1-2026-19c,Will the highest temperature in Cape Town be 19°C on September 1?,"[""Yes"", ""No""]","[""0.415"", ""0.585""]",464.26456699999994,1,19.5,19.1,18.5
1788187733.7,Highest temperature in Cape Town on September 1?,Cape Town,2026-09-01,3992590,highest-temperature-in-cape-town-on-september-1-2026-20c,Will the highest temperature in Cape Town be 20°C on September 1?,"[""Yes"", ""No""]","[""0.115"", ""0.885""]",889.7182849999999,1,19.5,19.1,18.5
1788187733.7,Highest temperature in Cape Town on September 1?,Cape Town,2026-09-01,3992591,highest-temperature-in-cape-town-on-september-1-2026-21c,Will the highest temperature in Cape Town be 21°C on September 1?,"[""Yes"", ""No""]","[""0.0155"", ""0.9845""]",286.1262,1,19.5,19.1,18.5
1788187733.7,Highest temperature in Cape Town on September 1?,Cape Town,2026-09-01,3992592,highest-temperature-in-cape-town-on-september-1-2026-22c,Will the highest temperature in Cape Town be 22°C on September 1?,"[""Yes"", ""No""]","[""0.0015"", ""0.9985""]",256.411,1,19.5,19.1,18.5
1788187733.7,Highest temperature in Cape Town on September 1?,Cape Town,2026-09-01,3992593,highest-temperature-in-cape-town-on-september-1-2026-23c,Will the highest temperature in Cape Town be 23°C on September 1?,"[""Yes"", ""No""]","[""0.0015"", ""0.9985""]",544.202,1,19.5,19.1,18.5
1788187733.7,Highest temperature in Cape Town on September 1?,Cape Town,2026-09-01,3992594,highest-temperature-in-cape-town-on-september-1-2026-24c,Will the highest temperature in Cape Town be 24°C on September 1?,"[""Yes"", ""No""]","[""0.0015"", ""0.9985""]",890.1780000000001,1,19.5,19.1,18.5
1788187733.7,Highest temperature in Cape Town on September 1?,Cape Town,2026-09-01,3992595,highest-temperature-in-cape-town-on-september-1-2026-25corhigher,Will the highest temperature in Cape Town be 25°C or higher on September 1?,"[""Yes"", ""No""]","[""0.0005"", ""0.9995""]",257.999,1,19.5,19.1,18.5
1788187733.7,Highest temperature in Guangzhou on September 1?,Guangzhou,2026-09-01,3992596,highest-temperature-in-guangzhou-on-september-1-2026-26corbelow,Will the highest temperature in Guangzhou be 26°C or below on September 1?,"[""Yes"", ""No""]","[""0.0005"", ""0.9995""]",397.96600000000007,1,30.2,30.8,30.0
1788187733.7,Highest temperature in Guangzhou on September 1?,Guangzhou,2026-09-01,3992597,highest-temperature-in-guangzhou-on-september-1-2026-27c,Will the highest temperature in Guangzhou be 27°C on September 1?,"[""Yes"", ""No""]","[""0.0045"", ""0.9955""]",339.852,1,30.2,30.8,30.0
1788187733.7,Highest temperature in Guangzhou on September 1?,Guangzhou,2026-09-01,3992598,highest-temperature-in-guangzhou-on-september-1-2026-28c,Will the highest temperature in Guangzhou be 28°C on September 1?,"[""Yes"", ""No""]","[""0.0055"", ""0.9945""]",194.6,1,30.2,30.8,30.0
1788187733.7,Highest temperature in Guangzhou on September 1?,Guangzhou,2026-09-01,3992599,highest-temperature-in-guangzhou-on-september-1-2026-29c,Will the highest temperature in Guangzhou be 29°C on September 1?,"[""Yes"", ""No""]","[""0.04"", ""0.96""]",207.730798,1,30.2,30.8,30.0
1788187733.7,Highest temperature in Guangzhou on September 1?,Guangzhou,2026-09-01,3992600,highest-temperature-in-guangzhou-on-september-1-2026-30c,Will the highest temperature in Guangzhou be 30°C on September 1?,"[""Yes"", ""No""]","[""0.125"", ""0.875""]",986.320026,1,30.2,30.8,30.0
1788187733.7,Highest temperature in Guangzhou on September 1?,Guangzhou,2026-09-01,3992601,highest-temperature-in-guangzhou-on-september-1-2026-31c,Will the highest temperature in Guangzhou be 31°C on September 1?,"[""Yes"", ""No""]","[""0.295"", ""0.705""]",940.295752,1,30.2,30.8,30.0
1788187733.7,Highest temperature in Guangzhou on September 1?,Guangzhou,2026-09-01,3992602,highest-temperature-in-guangzhou-on-september-1-2026-32c,Will the highest temperature in Guangzhou be 32°C on September 1?,"[""Yes"", ""No""]","[""0.355"", ""0.645""]",928.658012,1,30.2,30.8,30.0
1788187733.7,Highest temperature in Guangzhou on September 1?,Guangzhou,2026-09-01,3992603,highest-temperature-in-guangzhou-on-september-1-2026-33c,Will the highest temperature in Guangzhou be 33°C on September 1?,"[""Yes"", ""No""]","[""0.165"", ""0.835""]",4797.926208000001,1,30.2,30.8,30.0
1788187733.7,Highest temperature in Guangzhou on September 1?,Guangzhou,2026-09-01,3992604,highest-temperature-in-guangzhou-on-september-1-2026-34c,Will the highest temperature in Guangzhou be 34°C on September 1?,"[""Yes"", ""No""]","[""0.05"", ""0.95""]",1860.6486969999999,1,30.2,30.8,30.0
1788187733.7,Highest temperature in Guangzhou on September 1?,Guangzhou,2026-09-01,3992605,highest-temperature-in-guangzhou-on-september-1-2026-35c,Will the highest temperature in Guangzhou be 35°C on September 1?,"[""Yes"", ""No""]","[""0.0055"", ""0.9945""]",1493.439412,1,30.2,30.8,30.0
1788187733.7,Highest temperature in Guangzhou on September 1?,Guangzhou,2026-09-01,3992606,highest-temperature-in-guangzhou-on-september-1-2026-36corhigher,Will the highest temperature in Guangzhou be 36°C or higher on September 1?,"[""Yes"", ""No""]","[""0.003"", ""0.997""]",2150.9193910000004,1,30.2,30.8,30.0
1788187733.7,Highest temperature in Qingdao on September 1?,Qingdao,2026-09-01,3992607,highest-temperature-in-qingdao-on-september-1-2026-22corbelow,Will the highest temperature in Qingdao be 22°C or below on September 1?,"[""Yes"", ""No""]","[""0.0005"", ""0.9995""]",375.999,1,29.4,27.8,28.8
1788187733.7,Highest temperature in Qingdao on September 1?,Qingdao,2026-09-01,3992608,highest-temperature-in-qingdao-on-september-1-2026-23c,Will the highest temperature in Qingdao be 23°C on September 1?,"[""Yes"", ""No""]","[""0.0005"", ""0.9995""]",375.995,1,29.4,27.8,28.8
1788187733.7,Highest temperature in Qingdao on September 1?,Qingdao,2026-09-01,3992609,highest-temperature-in-qingdao-on-september-1-2026-24c,Will the highest temperature in Qingdao be 24°C on September 1?,"[""Yes"", ""No""]","[""0.0005"", ""0.9995""]",375.99100000000004,1,29.4,27.8,28.8
1788187733.7,Highest temperature in Qingdao on September 1?,Qingdao,2026-09-01,3992610,highest-temperature-in-qingdao-on-september-1-2026-25c,Will the highest temperature in Qingdao be 25°C on September 1?,"[""Yes"", ""No""]","[""0.003"", ""0.997""]",512.3814,1,29.4,27.8,28.8
1788187733.7,Highest temperature in Qingdao on September 1?,Qingdao,2026-09-01,3992611,highest-temperature-in-qingdao-on-september-1-2026-26c,Will the highest temperature in Qingdao be 26°C on September 1?,"[""Yes"", ""No""]","[""0.0045"", ""0.9955""]",379.60999999999996,1,29.4,27.8,28.8
1788187733.7,Highest temperature in Qingdao on September 1?,Qingdao,2026-09-01,3992612,highest-temperature-in-qingdao-on-september-1-2026-27c,Will the highest temperature in Qingdao be 27°C on September 1?,"[""Yes"", ""No""]","[""0.015"", ""0.985""]",342.282602,1,29.4,27.8,28.8
1788187733.7,Highest temperature in Qingdao on September 1?,Qingdao,2026-09-01,3992613,highest-temperature-in-qingdao-on-september-1-2026-28c,Will the highest temperature in Qingdao be 28°C on September 1?,"[""Yes"", ""No""]","[""0.08"", ""0.92""]",827.824705,1,29.4,27.8,28.8
1788187733.7,Highest temperature in Qingdao on September 1?,Qingdao,2026-09-01,3992614,highest-temperature-in-qingdao-on-september-1-2026-29c,Will the highest temperature in Qingdao be 29°C on September 1?,"[""Yes"", ""No""]","[""0.46"", ""0.54""]",3047.3425589999997,1,29.4,27.8,28.8
1788187733.7,Highest temperature in Qingdao on September 1?,Qingdao,2026-09-01,3992615,highest-temperature-in-qingdao-on-september-1-2026-30c,Will the highest temperature in Qingdao be 30°C on September 1?,"[""Yes"", ""No""]","[""0.41"", ""0.59""]",2588.086756,1,29.4,27.8,28.8
1788187733.7,Highest temperature in Qingdao on September 1?,Qingdao,2026-09-01,3992616,highest-temperature-in-qingdao-on-september-1-2026-31c,Will the highest temperature in Qingdao be 31°C on September 1?,"[""Yes"", ""No""]","[""0.055"", ""0.945""]",573.115101,1,29.4,27.8,28.8
1788187733.7,Highest temperature in Qingdao on September 1?,Qingdao,2026-09-01,3992617,highest-temperature-in-qingdao-on-september-1-2026-32corhigher,Will the highest temperature in Qingdao be 32°C or higher on September 1?,"[""Yes"", ""No""]","[""0.004"", ""0.996""]",256.706,1,29.4,27.8,28.8
1788187733.7,Highest temperature in Karachi on September 1?,Karachi,2026-09-01,3992618,highest-temperature-in-karachi-on-september-1-2026-26corbelow,Will the highest temperature in Karachi be 26°C or below on September 1?,"[""Yes"", ""No""]","[""0.0015"", ""0.9985""]",784.144,1,30.4,31.1,30.3
1788187733.7,Highest temperature in Karachi on September 1?,Karachi,2026-09-01,3992619,highest-temperature-in-karachi-on-september-1-2026-27c,Will the highest temperature in Karachi be 27°C on September 1?,"[""Yes"", ""No""]","[""0.0055"", ""0.9945""]",183.2102,1,30.4,31.1,30.3
1788187733.7,Highest temperature in Karachi on September 1?,Karachi,2026-09-01,3992620,highest-temperature-in-karachi-on-september-1-2026-28c,Will the highest temperature in Karachi be 28°C on September 1?,"[""Yes"", ""No""]","[""0.0115"", ""0.9885""]",163.97859799999998,1,30.4,31.1,30.3
1788187733.7,Highest temperature in Karachi on September 1?,Karachi,2026-09-01,3992621,highest-temperature-in-karachi-on-september-1-2026-29c,Will the highest temperature in Karachi be 29°C on September 1?,"[""Yes"", ""No""]","[""0.055"", ""0.945""]",358.66842,1,30.4,31.1,30.3
1788187733.7,Highest temperature in Karachi on September 1?,Karachi,2026-09-01,3992622,highest-temperature-in-karachi-on-september-1-2026-30c,Will the highest temperature in Karachi be 30°C on September 1?,"[""Yes"", ""No""]","[""0.375"", ""0.625""]",1053.981874,1,30.4,31.1,30.3
1788187733.7,Highest temperature in Karachi on September 1?,Karachi,2026-09-01,3992623,highest-temperature-in-karachi-on-september-1-2026-31c,Will the highest temperature in Karachi be 31°C on September 1?,"[""Yes"", ""No""]","[""0.49"", ""0.51""]",701.8475849999999,1,30.4,31.1,30.3
1788187733.7,Highest temperature in Karachi on September 1?,Karachi,2026-09-01,3992624,highest-temperature-in-karachi-on-september-1-2026-32c,Will the highest temperature in Karachi be 32°C on September 1?,"[""Yes"", ""No""]","[""0.085"", ""0.915""]",432.09655799999996,1,30.4,31.1,30.3
1788187733.7,Highest temperature in Karachi on September 1?,Karachi,2026-09-01,3992625,highest-temperature-in-karachi-on-september-1-2026-33c,Will the highest temperature in Karachi be 33°C on September 1?,"[""Yes"", ""No""]","[""0.015"", ""0.985""]",177.32376299999999,1,30.4,31.1,30.3
1788187733.7,Highest temperature in Karachi on September 1?,Karachi,2026-09-01,3992626,highest-temperature-in-karachi-on-september-1-2026-34c,Will the highest temperature in Karachi be 34°C on September 1?,"[""Yes"", ""No""]","[""0.0055"", ""0.9945""]",299.55229999999995,1,30.4,31.1,30.3
1788187733.7,Highest temperature in Karachi on September 1?,Karachi,2026-09-01,3992627,highest-temperature-in-karachi-on-september-1-2026-35c,Will the highest temperature in Karachi be 35°C on September 1?,"[""Yes"", ""No""]","[""0.0015"", ""0.9985""]",387.76199999999994,1,30.4,31.1,30.3
1788187733.7,Highest temperature in Karachi on September 1?,Karachi,2026-09-01,3992628,highest-temperature-in-karachi-on-september-1-2026-36corhigher,Will the highest temperature in Karachi be 36°C or higher on September 1?,"[""Yes"", ""No""]","[""0.0005"", ""0.9995""]",395.995,1,30.4,31.1,30.3
1788187733.7,Highest temperature in Manila on September 1?,Manila,2026-09-01,3992629,highest-temperature-in-manila-on-september-1-2026-26corbelow,Will the highest temperature in Manila be 26°C or below on September 1?,"[""Yes"", ""No""]","[""0.0055"", ""0.9945""]",2146.1942719999997,1,30.8,28.5,29.5
1788187733.7,Highest temperature in Manila on September 1?,Manila,2026-09-01,3992630,highest-temperature-in-manila-on-september-1-2026-27c,Will the highest temperature in Manila be 27°C on September 1?,"[""Yes"", ""No""]","[""0.002"", ""0.998""]",257.98199999999997,1,30.8,28.5,29.5
1788187733.7,Highest temperature in Manila on September 1?,Manila,2026-09-01,3992631,highest-temperature-in-manila-on-september-1-2026-28c,Will the highest temperature in Manila be 28°C on September 1?,"[""Yes"", ""No""]","[""0.006"", ""0.994""]",110.751285,1,30.8,28.5,29.5
1788187733.7,Highest temperature in Manila on September 1?,Manila,2026-09-01,3992632,highest-temperature-in-manila-on-september-1-2026-29c,Will the highest temperature in Manila be 29°C on September 1?,"[""Yes"", ""No""]","[""0.015"", ""0.985""]",177.61984999999999,1,30.8,28.5,29.5
1788187733.7,Highest temperature in Manila on September 1?,Manila,2026-09-01,3992633,highest-temperature-in-manila-on-september-1-2026-30c,Will the highest temperature in Manila be 30°C on September 1?,"[""Yes"", ""No""]","[""0.06"", ""0.94""]",260.969538,1,30.8,28.5,29.5
1788187733.7,Highest temperature in Manila on September 1?,Manila,2026-09-01,3992634,highest-temperature-in-manila-on-september-1-2026-31c,Will the highest temperature in Manila be 31°C on September 1?,"[""Yes"", ""No""]","[""0.14"", ""0.86""]",1203.164284,1,30.8,28.5,29.5
1788187733.7,Highest temperature in Manila on September 1?,Manila,2026-09-01,3992635,highest-temperature-in-manila-on-september-1-2026-32c,Will the highest temperature in Manila be 32°C on September 1?,"[""Yes"", ""No""]","[""0.47"", ""0.53""]",1005.9934450000001,1,30.8,28.5,29.5
1788187733.7,Highest temperature in Manila on September 1?,Manila,2026-09-01,3992636,highest-temperature-in-manila-on-september-1-2026-33c,Will the highest temperature in Manila be 33°C on September 1?,"[""Yes"", ""No""]","[""0.235"", ""0.765""]",422.38921700000003,1,30.8,28.5,29.5
1788187733.7,Highest temperature in Manila on September 1?,Manila,2026-09-01,3992637,highest-temperature-in-manila-on-september-1-2026-34c,Will the highest temperature in Manila be 34°C on September 1?,"[""Yes"", ""No""]","[""0.055"", ""0.945""]",363.21677100000005,1,30.8,28.5,29.5
1788187733.7,Highest temperature in Manila on September 1?,Manila,2026-09-01,3992638,highest-temperature-in-manila-on-september-1-2026-35c,Will the highest temperature in Manila be 35°C on September 1?,"[""Yes"", ""No""]","[""0.007"", ""0.993""]",129.044,1,30.8,28.5,29.5
1788187733.7,Highest temperature in Manila on September 1?,Manila,2026-09-01,3992639,highest-temperature-in-manila-on-september-1-2026-36corhigher,Will the highest temperature in Manila be 36°C or higher on September 1?,"[""Yes"", ""No""]","[""0.0015"", ""0.9985""]",143.332,1,30.8,28.5,29.5
1788187733.7,Highest temperature in Chicago on September 1?,Chicago,2026-09-01,3994099,highest-temperature-in-chicago-on-september-1-2026-81forbelow,Will the highest temperature in Chicago be 81°F or below on September 1?,"[""Yes"", ""No""]","[""0.0005"", ""0.9995""]",713.961,1,30.7,32.5,35.2
1788187733.7,Highest temperature in Chicago on September 1?,Chicago,2026-09-01,3994100,highest-temperature-in-chicago-on-september-1-2026-82-83f,Will the highest temperature in Chicago be between 82-83°F on September 1?,"[""Yes"", ""No""]","[""0.0025"", ""0.9975""]",363.376,1,30.7,32.5,35.2
1788187733.7,Highest temperature in Chicago on September 1?,Chicago,2026-09-01,3994101,highest-temperature-in-chicago-on-september-1-2026-84-85f,Will the highest temperature in Chicago be between 84-85°F on September 1?,"[""Yes"", ""No""]","[""0.007"", ""0.993""]",198.501271,1,30.7,32.5,35.2
1788187733.7,Highest temperature in Chicago on September 1?,Chicago,2026-09-01,3994102,highest-temperature-in-chicago-on-september-1-2026-86-87f,Will the highest temperature in Chicago be between 86-87°F on September 1?,"[""Yes"", ""No""]","[""0.035"", ""0.965""]",244.082516,1,30.7,32.5,35.2
1788187733.7,Highest temperature in Chicago on September 1?,Chicago,2026-09-01,3994103,highest-temperature-in-chicago-on-september-1-2026-88-89f,Will the highest temperature in Chicago be between 88-89°F on September 1?,"[""Yes"", ""No""]","[""0.105"", ""0.895""]",367.00442599999997,1,30.7,32.5,35.2
1788187733.7,Highest temperature in Chicago on September 1?,Chicago,2026-09-01,3994104,highest-temperature-in-chicago-on-september-1-2026-90-91f,Will the highest temperature in Chicago be between 90-91°F on September 1?,"[""Yes"", ""No""]","[""0.36"", ""0.64""]",389.085493,1,30.7,32.5,35.2
1788187733.7,Highest temperature in Chicago on September 1?,Chicago,2026-09-01,3994105,highest-temperature-in-chicago-on-september-1-2026-92-93f,Will the highest temperature in Chicago be between 92-93°F on September 1?,"[""Yes"", ""No""]","[""0.355"", ""0.645""]",837.3577760000001,1,30.7,32.5,35.2
1788187733.7,Highest temperature in Chicago on September 1?,Chicago,2026-09-01,3994106,highest-temperature-in-chicago-on-september-1-2026-94-95f,Will the highest temperature in Chicago be between 94-95°F on September 1?,"[""Yes"", ""No""]","[""0.095"", ""0.905""]",408.08614199999994,1,30.7,32.5,35.2
1788187733.7,Highest temperature in Chicago on September 1?,Chicago,2026-09-01,3994107,highest-temperature-in-chicago-on-september-1-2026-96-97f,Will the highest temperature in Chicago be between 96-97°F on September 1?,"[""Yes"", ""No""]","[""0.03"", ""0.97""]",110.139404,1,30.7,32.5,35.2
1788187733.7,Highest temperature in Chicago on September 1?,Chicago,2026-09-01,3994108,highest-temperature-in-chicago-on-september-1-2026-98-99f,Will the highest temperature in Chicago be between 98-99°F on September 1?,"[""Yes"", ""No""]","[""0.0015"", ""0.9985""]",105.05699999999999,1,30.7,32.5,35.2
1788187733.7,Highest temperature in Chicago on September 1?,Chicago,2026-09-01,3994109,highest-temperature-in-chicago-on-september-1-2026-100forhigher,Will the highest temperature in Chicago be 100°F or higher on September 1?,"[""Yes"", ""No""]","[""0.0015"", ""0.9985""]",133.111,1,30.7,32.5,35.2
1788187733.7,Highest temperature in Denver on September 1?,Denver,2026-09-01,3994110,highest-temperature-in-denver-on-september-1-2026-73forbelow,Will the highest temperature in Denver be 73°F or below on September 1?,"[""Yes"", ""No""]","[""0.003"", ""0.997""]",929.777665,1,30.3,27.4,29.6
1788187733.7,Highest temperature in Denver on September 1?,Denver,2026-09-01,3994111,highest-temperature-in-denver-on-september-1-2026-74-75f,Will the highest temperature in Denver be between 74-75°F on September 1?,"[""Yes"", ""No""]","[""0.002"", ""0.998""]",611.1046,1,30.3,27.4,29.6
1788187733.7,Highest temperature in Denver on September 1?,Denver,2026-09-01,3994112,highest-temperature-in-denver-on-september-1-2026-76-77f,Will the highest temperature in Denver be between 76-77°F on September 1?,"[""Yes"", ""No""]","[""0.027"", ""0.973""]",411.167352,1,30.3,27.4,29.6
1788187733.7,Highest temperature in Denver on September 1?,Denver,2026-09-01,3994113,highest-temperature-in-denver-on-september-1-2026-78-79f,Will the highest temperature in Denver be between 78-79°F on September 1?,"[""Yes"", ""No""]","[""0.0405"", ""0.9595""]",251.664798,1,30.3,27.4,29.6
1788187733.7,Highest temperature in Denver on September 1?,Denver,2026-09-01,3994114,highest-temperature-in-denver-on-september-1-2026-80-81f,Will the highest temperature in Denver be between 80-81°F on September 1?,"[""Yes"", ""No""]","[""0.07"", ""0.93""]",378.58457500000003,1,30.3,27.4,29.6
1788187733.7,Highest temperature in Denver on September 1?,Denver,2026-09-01,3994115,highest-temperature-in-denver-on-september-1-2026-82-83f,Will the highest temperature in Denver be between 82-83°F on September 1?,"[""Yes"", ""No""]","[""0.255"", ""0.745""]",265.69973799999997,1,30.3,27.4,29.6
1788187733.7,Highest temperature in Denver on September 1?,Denver,2026-09-01,3994116,highest-temperature-in-denver-on-september-1-2026-84-85f,Will the highest temperature in Denver be between 84-85°F on September 1?,"[""Yes"", ""No""]","[""0.415"", ""0.585""]",2271.833224,1,30.3,27.4,29.6
1788187733.7,Highest temperature in Denver on September 1?,Denver,2026-09-01,3994117,highest-temperature-in-denver-on-september-1-2026-86-87f,Will the highest temperature in Denver be between 86-87°F on September 1?,"[""Yes"", ""No""]","[""0.205"", ""0.795""]",484.253153,1,30.3,27.4,29.6
1788187733.7,Highest temperature in Denver on September 1?,Denver,2026-09-01,3994118,highest-temperature-in-denver-on-september-1-2026-88-89f,Will the highest temperature in Denver be between 88-89°F on September 1?,"[""Yes"", ""No""]","[""0.05"", ""0.95""]",186.643374,1,30.3,27.4,29.6
1788187733.7,Highest temperature in Denver on September 1?,Denver,2026-09-01,3994119,highest-temperature-in-denver-on-september-1-2026-90-91f,Will the highest temperature in Denver be between 90-91°F on September 1?,"[""Yes"", ""No""]","[""0.015"", ""0.985""]",451.25695,1,30.3,27.4,29.6
1788187733.7,Highest temperature in Denver on September 1?,Denver,2026-09-01,3994120,highest-temperature-in-denver-on-september-1-2026-92forhigher,Will the highest temperature in Denver be 92°F or higher on September 1?,"[""Yes"", ""No""]","[""0.0055"", ""0.9945""]",10,1,30.3,27.4,29.6
1788187733.7,Highest temperature in NYC on September 1?,NYC,2026-09-01,3994780,highest-temperature-in-nyc-on-september-1-2026-73forbelow,Will the highest temperature in New York City be 73°F or below on September 1?,"[""Yes"", ""No""]","[""0.0005"", ""0.9995""]",167.995,1,27.2,27.3,28.4
1788187733.7,Highest temperature in NYC on September 1?,NYC,2026-09-01,3994781,highest-temperature-in-nyc-on-september-1-2026-74-75f,Will the highest temperature in New York City be between 74-75°F on September 1?,"[""Yes"", ""No""]","[""0.0025"", ""0.9975""]",370.976,1,27.2,27.3,28.4
1788187733.7,Highest temperature in NYC on September 1?,NYC,2026-09-01,3994782,highest-temperature-in-nyc-on-september-1-2026-76-77f,Will the highest temperature in New York City be between 76-77°F on September 1?,"[""Yes"", ""No""]","[""0.0055"", ""0.9945""]",141.2373,1,27.2,27.3,28.4
1788187733.7,Highest temperature in NYC on September 1?,NYC,2026-09-01,3994783,highest-temperature-in-nyc-on-september-1-2026-78-79f,Will the highest temperature in New York City be between 78-79°F on September 1?,"[""Yes"", ""No""]","[""0.02"", ""0.98""]",354.2113,1,27.2,27.3,28.4
1788187733.7,Highest temperature in NYC on September 1?,NYC,2026-09-01,3994784,highest-temperature-in-nyc-on-september-1-2026-80-81f,Will the highest temperature in New York City be between 80-81°F on September 1?,"[""Yes"", ""No""]","[""0.12"", ""0.88""]",607.2848549999999,1,27.2,27.3,28.4
1788187733.7,Highest temperature in NYC on September 1?,NYC,2026-09-01,3994785,highest-temperature-in-nyc-on-september-1-2026-82-83f,Will the highest temperature in New York City be between 82-83°F on September 1?,"[""Yes"", ""No""]","[""0.28"", ""0.72""]",716.028832,1,27.2,27.3,28.4
1788187733.7,Highest temperature in NYC on September 1?,NYC,2026-09-01,3994786,highest-temperature-in-nyc-on-september-1-2026-84-85f,Will the highest temperature in New York City be between 84-85°F on September 1?,"[""Yes"", ""No""]","[""0.275"", ""0.725""]",862.557574,1,27.2,27.3,28.4
1788187733.7,Highest temperature in NYC on September 1?,NYC,2026-09-01,3994787,highest-temperature-in-nyc-on-september-1-2026-86-87f,Will the highest temperature in New York City be between 86-87°F on September 1?,"[""Yes"", ""No""]","[""0.215"", ""0.785""]",1015.604752,1,27.2,27.3,28.4
1788187733.7,Highest temperature in NYC on September 1?,NYC,2026-09-01,3994788,highest-temperature-in-nyc-on-september-1-2026-88-89f,Will the highest temperature in New York City be between 88-89°F on September 1?,"[""Yes"", ""No""]","[""0.1"", ""0.9""]",1203.713934,1,27.2,27.3,28.4
1788187733.7,Highest temperature in NYC on September 1?,NYC,2026-09-01,3994789,highest-temperature-in-nyc-on-september-1-2026-90-91f,Will the highest temperature in New York City be between 90-91°F on September 1?,"[""Yes"", ""No""]","[""0.025"", ""0.975""]",964.184763,1,27.2,27.3,28.4
1788187733.7,Highest temperature in NYC on September 1?,NYC,2026-09-01,3994790,highest-temperature-in-nyc-on-september-1-2026-92forhigher,Will the highest temperature in New York City be 92°F or higher on September 1?,"[""Yes"", ""No""]","[""0.0055"", ""0.9945""]",404,1,27.2,27.3,28.4
1788187733.7,Highest temperature in Dallas on September 1?,Dallas,2026-09-01,3994791,highest-temperature-in-dallas-on-september-1-2026-87forbelow,Will the highest temperature in Dallas be 87°F or below on September 1?,"[""Yes"", ""No""]","[""0.0005"", ""0.9995""]",298.838,1,36.6,37.8,37.7
1788187733.7,Highest temperature in Dallas on September 1?,Dallas,2026-09-01,3994792,highest-temperature-in-dallas-on-september-1-2026-88-89f,Will the highest temperature in Dallas be between 88-89°F on September 1?,"[""Yes"", ""No""]","[""0.0025"", ""0.9975""]",319.909,1,36.6,37.8,37.7
1788187733.7,Highest temperature in Dallas on September 1?,Dallas,2026-09-01,3994793,highest-temperature-in-dallas-on-september-1-2026-90-91f,Will the highest temperature in Dallas be between 90-91°F on September 1?,"[""Yes"", ""No""]","[""0.0005"", ""0.9995""]",134.85,1,36.6,37.8,37.7
1788187733.7,Highest temperature in Dallas on September 1?,Dallas,2026-09-01,3994794,highest-temperature-in-dallas-on-september-1-2026-92-93f,Will the highest temperature in Dallas be between 92-93°F on September 1?,"[""Yes"", ""No""]","[""0.0005"", ""0.9995""]",433.98609999999996,1,36.6,37.8,37.7
1788187733.7,Highest temperature in Dallas on September 1?,Dallas,2026-09-01,3994795,highest-temperature-in-dallas-on-september-1-2026-94-95f,Will the highest temperature in Dallas be between 94-95°F on September 1?,"[""Yes"", ""No""]","[""0.015"", ""0.985""]",708.0159,1,36.6,37.8,37.7
1788187733.7,Highest temperature in Dallas on September 1?,Dallas,2026-09-01,3994796,highest-temperature-in-dallas-on-september-1-2026-96-97f,Will the highest temperature in Dallas be between 96-97°F on September 1?,"[""Yes"", ""No""]","[""0.013"", ""0.987""]",627.011257,1,36.6,37.8,37.7
1788187733.7,Highest temperature in Dallas on September 1?,Dallas,2026-09-01,3994797,highest-temperature-in-dallas-on-september-1-2026-98-99f,Will the highest temperature in Dallas be between 98-99°F on September 1?,"[""Yes"", ""No""]","[""0.585"", ""0.415""]",1821.0005099999998,1,36.6,37.8,37.7
1788187733.7,Highest temperature in Dallas on September 1?,Dallas,2026-09-01,3994798,highest-temperature-in-dallas-on-september-1-2026-100-101f,Will the highest temperature in Dallas be between 100-101°F on September 1?,"[""Yes"", ""No""]","[""0.36"", ""0.64""]",1665.666883,1,36.6,37.8,37.7
1788187733.7,Highest temperature in Dallas on September 1?,Dallas,2026-09-01,3994799,highest-temperature-in-dallas-on-september-1-2026-102-103f,Will the highest temperature in Dallas be between 102-103°F on September 1?,"[""Yes"", ""No""]","[""0.02"", ""0.98""]",489.147415,1,36.6,37.8,37.7
1788187733.7,Highest temperature in Dallas on September 1?,Dallas,2026-09-01,3994800,highest-temperature-in-dallas-on-september-1-2026-104-105f,Will the highest temperature in Dallas be between 104-105°F on September 1?,"[""Yes"", ""No""]","[""0.0055"", ""0.9945""]",388.94013900000004,1,36.6,37.8,37.7
1788187733.7,Highest temperature in Dallas on September 1?,Dallas,2026-09-01,3994801,highest-temperature-in-dallas-on-september-1-2026-106forhigher,Will the highest temperature in Dallas be 106°F or higher on September 1?,"[""Yes"", ""No""]","[""0.0005"", ""0.9995""]",428.5843,1,36.6,37.8,37.7
1788187733.7,Highest temperature in Atlanta on September 1?,Atlanta,2026-09-01,3994802,highest-temperature-in-atlanta-on-september-1-2026-83forbelow,Will the highest temperature in Atlanta be 83°F or below on September 1?,"[""Yes"", ""No""]","[""0.0005"", ""0.9995""]",143.99099999999999,1,36.2,35.5,34.6
1788187733.7,Highest temperature in Atlanta on September 1?,Atlanta,2026-09-01,3994803,highest-temperature-in-atlanta-on-september-1-2026-84-85f,Will the highest temperature in Atlanta be between 84-85°F on September 1?,"[""Yes"", ""No""]","[""0.0015"", ""0.9985""]",79.741,1,36.2,35.5,34.6
1788187733.7,Highest temperature in Atlanta on September 1?,Atlanta,2026-09-01,3994804,highest-temperature-in-atlanta-on-september-1-2026-86-87f,Will the highest temperature in Atlanta be between 86-87°F on September 1?,"[""Yes"", ""No""]","[""0.0035"", ""0.9965""]",240.0445,1,36.2,35.5,34.6
1788187733.7,Highest temperature in Atlanta on September 1?,Atlanta,2026-09-01,3994805,highest-temperature-in-atlanta-on-september-1-2026-88-89f,Will the highest temperature in Atlanta be between 88-89°F on September 1?,"[""Yes"", ""No""]","[""0.004"", ""0.996""]",155.075,1,36.2,35.5,34.6
1788187733.7,Highest temperature in Atlanta on September 1?,Atlanta,2026-09-01,3994806,highest-temperature-in-atlanta-on-september-1-2026-90-91f,Will the highest temperature in Atlanta be between 90-91°F on September 1?,"[""Yes"", ""No""]","[""0.015"", ""0.985""]",135.783799,1,36.2,35.5,34.6
1788187733.7,Highest temperature in Atlanta on September 1?,Atlanta,2026-09-01,3994807,highest-temperature-in-atlanta-on-september-1-2026-92-93f,Will the highest temperature in Atlanta be between 92-93°F on September 1?,"[""Yes"", ""No""]","[""0.065"", ""0.935""]",403.100734,1,36.2,35.5,34.6
1788187733.7,Highest temperature in Atlanta on September 1?,Atlanta,2026-09-01,3994808,highest-temperature-in-atlanta-on-september-1-2026-94-95f,Will the highest temperature in Atlanta be between 94-95°F on September 1?,"[""Yes"", ""No""]","[""0.485"", ""0.515""]",2628.3065020000004,1,36.2,35.5,34.6
1788187733.7,Highest temperature in Atlanta on September 1?,Atlanta,2026-09-01,3994809,highest-temperature-in-atlanta-on-september-1-2026-96-97f,Will the highest temperature in Atlanta be between 96-97°F on September 1?,"[""Yes"", ""No""]","[""0.37"", ""0.63""]",810.488466,1,36.2,35.5,34.6
1788187733.7,Highest temperature in Atlanta on September 1?,Atlanta,2026-09-01,3994810,highest-temperature-in-atlanta-on-september-1-2026-98-99f,Will the highest temperature in Atlanta be between 98-99°F on September 1?,"[""Yes"", ""No""]","[""0.095"", ""0.905""]",522.758858,1,36.2,35.5,34.6
1788187733.7,Highest temperature in Atlanta on September 1?,Atlanta,2026-09-01,3994811,highest-temperature-in-atlanta-on-september-1-2026-100-101f,Will the highest temperature in Atlanta be between 100-101°F on September 1?,"[""Yes"", ""No""]","[""0.0115"", ""0.9885""]",372.2267,1,36.2,35.5,34.6
1788187733.7,Highest temperature in Atlanta on September 1?,Atlanta,2026-09-01,3994812,highest-temperature-in-atlanta-on-september-1-2026-102forhigher,Will the highest temperature in Atlanta be 102°F or higher on September 1?,"[""Yes"", ""No""]","[""0.0055"", ""0.9945""]",242.666785,1,36.2,35.5,34.6
1788187733.7,Highest temperature in Miami on September 1?,Miami,2026-09-01,3994813,highest-temperature-in-miami-on-september-1-2026-79forbelow,Will the highest temperature in Miami be 79°F or below on September 1?,"[""Yes"", ""No""]","[""0.0005"", ""0.9995""]",136.241,1,30.7,29.3,32.3
1788187733.7,Highest temperature in Miami on September 1?,Miami,2026-09-01,3994814,highest-temperature-in-miami-on-september-1-2026-80-81f,Will the highest temperature in Miami be between 80-81°F on September 1?,"[""Yes"", ""No""]","[""0.0005"", ""0.9995""]",351.194997,1,30.7,29.3,32.3
1788187733.7,Highest temperature in Miami on September 1?,Miami,2026-09-01,3994815,highest-temperature-in-miami-on-september-1-2026-82-83f,Will the highest temperature in Miami be between 82-83°F on September 1?,"[""Yes"", ""No""]","[""0.0005"", ""0.9995""]",346.211,1,30.7,29.3,32.3
1788187733.7,Highest temperature in Miami on September 1?,Miami,2026-09-01,3994816,highest-temperature-in-miami-on-september-1-2026-84-85f,Will the highest temperature in Miami be between 84-85°F on September 1?,"[""Yes"", ""No""]","[""0.005"", ""0.995""]",336.80521600000003,1,30.7,29.3,32.3
1788187733.7,Highest temperature in Miami on September 1?,Miami,2026-09-01,3994817,highest-temperature-in-miami-on-september-1-2026-86-87f,Will the highest temperature in Miami be between 86-87°F on September 1?,"[""Yes"", ""No""]","[""0.055"", ""0.945""]",554.0689160000001,1,30.7,29.3,32.3
1788187733.7,Highest temperature in Miami on September 1?,Miami,2026-09-01,3994818,highest-temperature-in-miami-on-september-1-2026-88-89f,Will the highest temperature in Miami be between 88-89°F on September 1?,"[""Yes"", ""No""]","[""0.235"", ""0.765""]",2081.0247739999995,1,30.7,29.3,32.3
1788187733.7,Highest temperature in Miami on September 1?,Miami,2026-09-01,3994819,highest-temperature-in-miami-on-september-1-2026-90-91f,Will the highest temperature in Miami be between 90-91°F on September 1?,"[""Yes"", ""No""]","[""0.565"", ""0.435""]",1736.6652620000002,1,30.7,29.3,32.3
1788187733.7,Highest temperature in Miami on September 1?,Miami,2026-09-01,3994820,highest-temperature-in-miami-on-september-1-2026-92-93f,Will the highest temperature in Miami be between 92-93°F on September 1?,"[""Yes"", ""No""]","[""0.165"", ""0.835""]",3328.4947169999996,1,30.7,29.3,32.3
1788187733.7,Highest temperature in Miami on September 1?,Miami,2026-09-01,3994821,highest-temperature-in-miami-on-september-1-2026-94-95f,Will the highest temperature in Miami be between 94-95°F on September 1?,"[""Yes"", ""No""]","[""0.015"", ""0.985""]",556.675,1,30.7,29.3,32.3
1788187733.7,Highest temperature in Miami on September 1?,Miami,2026-09-01,3994822,highest-temperature-in-miami-on-september-1-2026-96-97f,Will the highest temperature in Miami be between 96-97°F on September 1?,"[""Yes"", ""No""]","[""0.0035"", ""0.9965""]",304.73313299999995,1,30.7,29.3,32.3
1788187733.7,Highest temperature in Miami on September 1?,Miami,2026-09-01,3994823,highest-temperature-in-miami-on-september-1-2026-98forhigher,Will the highest temperature in Miami be 98°F or higher on September 1?,"[""Yes"", ""No""]","[""0.0005"", ""0.9995""]",373.33399999999995,1,30.7,29.3,32.3
1788187733.7,Highest temperature in Austin on September 1?,Austin,2026-09-01,3994824,highest-temperature-in-austin-on-september-1-2026-89forbelow,Will the highest temperature in Austin be 89°F or below on September 1?,"[""Yes"", ""No""]","[""0.0025"", ""0.9975""]",269.7842,1,36.3,37.3,36.7
1788187733.7,Highest temperature in Austin on September 1?,Austin,2026-09-01,3994825,highest-temperature-in-austin-on-september-1-2026-90-91f,Will the highest temperature in Austin be between 90-91°F on September 1?,"[""Yes"", ""No""]","[""0.0025"", ""0.9975""]",132.94135,1,36.3,37.3,36.7
1788187733.7,Highest temperature in Austin on September 1?,Austin,2026-09-01,3994826,highest-temperature-in-austin-on-september-1-2026-92-93f,Will the highest temperature in Austin be between 92-93°F on September 1?,"[""Yes"", ""No""]","[""0.0065"", ""0.9935""]",458.02675999999997,1,36.3,37.3,36.7
1788187733.7,Highest temperature in Austin on September 1?,Austin,2026-09-01,3994827,highest-temperature-in-austin-on-september-1-2026-94-95f,Will the highest temperature in Austin be between 94-95°F on September 1?,"[""Yes"", ""No""]","[""0.025"", ""0.975""]",511.29,1,36.3,37.3,36.7
1788187733.7,Highest temperature in Austin on September 1?,Austin,2026-09-01,3994828,highest-temperature-in-austin-on-september-1-2026-96-97f,Will the highest temperature in Austin be between 96-97°F on September 1?,"[""Yes"", ""No""]","[""0.215"", ""0.785""]",586.601225,1,36.3,37.3,36.7
1788187733.7,Highest temperature in Austin on September 1?,Austin,2026-09-01,3994829,highest-temperature-in-austin-on-september-1-2026-98-99f,Will the highest temperature in Austin be between 98-99°F on September 1?,"[""Yes"", ""No""]","[""0.51"", ""0.49""]",576.1883719999998,1,36.3,37.3,36.7
1788187733.7,Highest temperature in Austin on September 1?,Austin,2026-09-01,3994830,highest-temperature-in-austin-on-september-1-2026-100-101f,Will the highest temperature in Austin be between 100-101°F on September 1?,"[""Yes"", ""No""]","[""0.2"", ""0.8""]",1589.8908500000002,1,36.3,37.3,36.7
1788187733.7,Highest temperature in Austin on September 1?,Austin,2026-09-01,3994831,highest-temperature-in-austin-on-september-1-2026-102-103f,Will the highest temperature in Austin be between 102-103°F on September 1?,"[""Yes"", ""No""]","[""0.05"", ""0.95""]",382.02678,1,36.3,37.3,36.7
1788187733.7,Highest temperature in Austin on September 1?,Austin,2026-09-01,3994832,highest-temperature-in-austin-on-september-1-2026-104-105f,Will the highest temperature in Austin be between 104-105°F on September 1?,"[""Yes"", ""No""]","[""0.015"", ""0.985""]",228.302751,1,36.3,37.3,36.7
1788187733.7,Highest temperature in Austin on September 1?,Austin,2026-09-01,3994833,highest-temperature-in-austin-on-september-1-2026-106-107f,Will the highest temperature in Austin be between 106-107°F on September 1?,"[""Yes"", ""No""]","[""0.0025"", ""0.9975""]",37.012,1,36.3,37.3,36.7
1788187733.7,Highest temperature in Austin on September 1?,Austin,2026-09-01,3994834,highest-temperature-in-austin-on-september-1-2026-108forhigher,Will the highest temperature in Austin be 108°F or higher on September 1?,"[""Yes"", ""No""]","[""0.0015"", ""0.9985""]",181.161,1,36.3,37.3,36.7
1788187733.7,Highest temperature in Houston on September 1?,Houston,2026-09-01,3994835,highest-temperature-in-houston-on-september-1-2026-81forbelow,Will the highest temperature in Houston be 81°F or below on September 1?,"[""Yes"", ""No""]","[""0.0075"", ""0.9925""]",318.900225,1,27.4,32.3,30.3
1788187733.7,Highest temperature in Houston on September 1?,Houston,2026-09-01,3994836,highest-temperature-in-houston-on-september-1-2026-82-83f,Will the highest temperature in Houston be between 82-83°F on September 1?,"[""Yes"", ""No""]","[""0.0025"", ""0.9975""]",68.90299999999999,1,27.4,32.3,30.3
1788187733.7,Highest temperature in Houston on September 1?,Houston,2026-09-01,3994837,highest-temperature-in-houston-on-september-1-2026-84-85f,Will the highest temperature in Houston be between 84-85°F on September 1?,"[""Yes"", ""No""]","[""0.15"", ""0.85""]",744.3487030000001,1,27.4,32.3,30.3
1788187733.7,Highest temperature in Houston on September 1?,Houston,2026-09-01,3994838,highest-temperature-in-houston-on-september-1-2026-86-87f,Will the highest temperature in Houston be between 86-87°F on September 1?,"[""Yes"", ""No""]","[""0.305"", ""0.695""]",1716.054445,1,27.4,32.3,30.3
1788187733.7,Highest temperature in Houston on September 1?,Houston,2026-09-01,3994839,highest-temperature-in-houston-on-september-1-2026-88-89f,Will the highest temperature in Houston be between 88-89°F on September 1?,"[""Yes"", ""No""]","[""0.35"", ""0.65""]",3067.475871,1,27.4,32.3,30.3
1788187733.7,Highest temperature in Houston on September 1?,Houston,2026-09-01,3994840,highest-temperature-in-houston-on-september-1-2026-90-91f,Will the highest temperature in Houston be between 90-91°F on September 1?,"[""Yes"", ""No""]","[""0.125"", ""0.875""]",1112.613565,1,27.4,32.3,30.3
1788187733.7,Highest temperature in Houston on September 1?,Houston,2026-09-01,3994841,highest-temperature-in-houston-on-september-1-2026-92-93f,Will the highest temperature in Houston be between 92-93°F on September 1?,"[""Yes"", ""No""]","[""0.07"", ""0.93""]",1429.5007920000003,1,27.4,32.3,30.3
1788187733.7,Highest temperature in Houston on September 1?,Houston,2026-09-01,3994842,highest-temperature-in-houston-on-september-1-2026-94-95f,Will the highest temperature in Houston be between 94-95°F on September 1?,"[""Yes"", ""No""]","[""0.0055"", ""0.9945""]",388.119,1,27.4,32.3,30.3
1788187733.7,Highest temperature in Houston on September 1?,Houston,2026-09-01,3994843,highest-temperature-in-houston-on-september-1-2026-96-97f,Will the highest temperature in Houston be between 96-97°F on September 1?,"[""Yes"", ""No""]","[""0.0055"", ""0.9945""]",284.39500000000004,1,27.4,32.3,30.3
1788187733.7,Highest temperature in Houston on September 1?,Houston,2026-09-01,3994844,highest-temperature-in-houston-on-september-1-2026-98-99f,Will the highest temperature in Houston be between 98-99°F on September 1?,"[""Yes"", ""No""]","[""0.003"", ""0.997""]",250.466,1,27.4,32.3,30.3
1788187733.7,Highest temperature in Houston on September 1?,Houston,2026-09-01,3994845,highest-temperature-in-houston-on-september-1-2026-100forhigher,Will the highest temperature in Houston be 100°F or higher on September 1?,"[""Yes"", ""No""]","[""0.0005"", ""0.9995""]",238.995,1,27.4,32.3,30.3
1788187733.7,Highest temperature in Seattle on September 1?,Seattle,2026-09-01,3999718,highest-temperature-in-seattle-on-september-1-2026-63forbelow,Will the highest temperature in Seattle be 63°F or below on September 1?,"[""Yes"", ""No""]","[""0.0005"", ""0.9995""]",172.982,1,20.6,22.7,20.4
1788187733.7,Highest temperature in Seattle on September 1?,Seattle,2026-09-01,3999719,highest-temperature-in-seattle-on-september-1-2026-64-65f,Will the highest temperature in Seattle be between 64-65°F on September 1?,"[""Yes"", ""No""]","[""0.0005"", ""0.9995""]",232.980765,1,20.6,22.7,20.4
1788187733.7,Highest temperature in Seattle on September 1?,Seattle,2026-09-01,3999720,highest-temperature-in-seattle-on-september-1-2026-66-67f,Will the highest temperature in Seattle be between 66-67°F on September 1?,"[""Yes"", ""No""]","[""0.02"", ""0.98""]",92,1,20.6,22.7,20.4
1788187733.7,Highest temperature in Seattle on September 1?,Seattle,2026-09-01,3999721,highest-temperature-in-seattle-on-september-1-2026-68-69f,Will the highest temperature in Seattle be between 68-69°F on September 1?,"[""Yes"", ""No""]","[""0.115"", ""0.885""]",473.14811399999996,1,20.6,22.7,20.4
1788187733.7,Highest temperature in Seattle on September 1?,Seattle,2026-09-01,3999722,highest-temperature-in-seattle-on-september-1-2026-70-71f,Will the highest temperature in Seattle be between 70-71°F on September 1?,"[""Yes"", ""No""]","[""0.405"", ""0.595""]",1479.3548759999999,1,20.6,22.7,20.4
1788187733.7,Highest temperature in Seattle on September 1?,Seattle,2026-09-01,3999723,highest-temperature-in-seattle-on-september-1-2026-72-73f,Will the highest temperature in Seattle be between 72-73°F on September 1?,"[""Yes"", ""No""]","[""0.365"", ""0.635""]",1382.6959339999999,1,20.6,22.7,20.4
1788187733.7,Highest temperature in Seattle on September 1?,Seattle,2026-09-01,3999724,highest-temperature-in-seattle-on-september-1-2026-74-75f,Will the highest temperature in Seattle be between 74-75°F on September 1?,"[""Yes"", ""No""]","[""0.12"", ""0.88""]",151.624558,1,20.6,22.7,20.4
1788187733.7,Highest temperature in Seattle on September 1?,Seattle,2026-09-01,3999725,highest-temperature-in-seattle-on-september-1-2026-76-77f,Will the highest temperature in Seattle be between 76-77°F on September 1?,"[""Yes"", ""No""]","[""0.035"", ""0.965""]",275.7994,1,20.6,22.7,20.4
1788187733.7,Highest temperature in Seattle on September 1?,Seattle,2026-09-01,3999726,highest-temperature-in-seattle-on-september-1-2026-78-79f,Will the highest temperature in Seattle be between 78-79°F on September 1?,"[""Yes"", ""No""]","[""0.015"", ""0.985""]",491.74,1,20.6,22.7,20.4
1788187733.7,Highest temperature in Seattle on September 1?,Seattle,2026-09-01,3999727,highest-temperature-in-seattle-on-september-1-2026-80-81f,Will the highest temperature in Seattle be between 80-81°F on September 1?,"[""Yes"", ""No""]","[""0.0025"", ""0.9975""]",272.26699999999994,1,20.6,22.7,20.4
1788187733.7,Highest temperature in Seattle on September 1?,Seattle,2026-09-01,3999728,highest-temperature-in-seattle-on-september-1-2026-82forhigher,Will the highest temperature in Seattle be 82°F or higher on September 1?,"[""Yes"", ""No""]","[""0.0005"", ""0.9995""]",259.144665,1,20.6,22.7,20.4
1788187733.7,Highest temperature in Los Angeles on September 1?,Los Angeles,2026-09-01,3999729,highest-temperature-in-los-angeles-on-september-1-2026-65forbelow,Will the highest temperature in Los Angeles be 65°F or below on September 1?,"[""Yes"", ""No""]","[""0.0005"", ""0.9995""]",135.27100000000002,1,27.5,28.0,27.2
1788187733.7,Highest temperature in Los Angeles on September 1?,Los Angeles,2026-09-01,3999730,highest-temperature-in-los-angeles-on-september-1-2026-66-67f,Will the highest temperature in Los Angeles be between 66-67°F on September 1?,"[""Yes"", ""No""]","[""0.0005"", ""0.9995""]",141.247,1,27.5,28.0,27.2
1788187733.7,Highest temperature in Los Angeles on September 1?,Los Angeles,2026-09-01,3999731,highest-temperature-in-los-angeles-on-september-1-2026-68-69f,Will the highest temperature in Los Angeles be between 68-69°F on September 1?,"[""Yes"", ""No""]","[""0.0075"", ""0.9925""]",409.726,1,27.5,28.0,27.2
1788187733.7,Highest temperature in Los Angeles on September 1?,Los Angeles,2026-09-01,3999732,highest-temperature-in-los-angeles-on-september-1-2026-70-71f,Will the highest temperature in Los Angeles be between 70-71°F on September 1?,"[""Yes"", ""No""]","[""0.011"", ""0.989""]",424.85807700000004,1,27.5,28.0,27.2
1788187733.7,Highest temperature in Los Angeles on September 1?,Los Angeles,2026-09-01,3999733,highest-temperature-in-los-angeles-on-september-1-2026-72-73f,Will the highest temperature in Los Angeles be between 72-73°F on September 1?,"[""Yes"", ""No""]","[""0.025"", ""0.975""]",459.53081499999996,1,27.5,28.0,27.2
1788187733.7,Highest temperature in Los Angeles on September 1?,Los Angeles,2026-09-01,3999734,highest-temperature-in-los-angeles-on-september-1-2026-74-75f,Will the highest temperature in Los Angeles be between 74-75°F on September 1?,"[""Yes"", ""No""]","[""0.235"", ""0.765""]",1196.8462009999998,1,27.5,28.0,27.2
1788187733.7,Highest temperature in Los Angeles on September 1?,Los Angeles,2026-09-01,3999735,highest-temperature-in-los-angeles-on-september-1-2026-76-77f,Will the highest temperature in Los Angeles be between 76-77°F on September 1?,"[""Yes"", ""No""]","[""0.495"", ""0.505""]",1786.6737699999999,1,27.5,28.0,27.2
1788187733.7,Highest temperature in Los Angeles on September 1?,Los Angeles,2026-09-01,3999736,highest-temperature-in-los-angeles-on-september-1-2026-78-79f,Will the highest temperature in Los Angeles be between 78-79°F on September 1?,"[""Yes"", ""No""]","[""0.18"", ""0.82""]",1056.4139930000001,1,27.5,28.0,27.2
1788187733.7,Highest temperature in Los Angeles on September 1?,Los Angeles,2026-09-01,3999737,highest-temperature-in-los-angeles-on-september-1-2026-80-81f,Will the highest temperature in Los Angeles be between 80-81°F on September 1?,"[""Yes"", ""No""]","[""0.035"", ""0.965""]",557.917939,1,27.5,28.0,27.2
1788187733.7,Highest temperature in Los Angeles on September 1?,Los Angeles,2026-09-01,3999738,highest-temperature-in-los-angeles-on-september-1-2026-82-83f,Will the highest temperature in Los Angeles be between 82-83°F on September 1?,"[""Yes"", ""No""]","[""0.015"", ""0.985""]",234.2935,1,27.5,28.0,27.2
1788187733.7,Highest temperature in Los Angeles on September 1?,Los Angeles,2026-09-01,3999739,highest-temperature-in-los-angeles-on-september-1-2026-84forhigher,Will the highest temperature in Los Angeles be 84°F or higher on September 1?,"[""Yes"", ""No""]","[""0.0075"", ""0.9925""]",338.571,1,27.5,28.0,27.2
1788187733.7,Highest temperature in San Francisco on September 1?,San Francisco,2026-09-01,3999740,highest-temperature-in-san-francisco-on-september-1-2026-59forbelow,Will the highest temperature in San Francisco be 59°F or below on September 1?,"[""Yes"", ""No""]","[""0.0015"", ""0.9985""]",148.28199999999998,1,18.8,18.8,18.8
1788187733.7,Highest temperature in San Francisco on September 1?,San Francisco,2026-09-01,3999741,highest-temperature-in-san-francisco-on-september-1-2026-60-61f,Will the highest temperature in San Francisco be between 60-61°F on September 1?,"[""Yes"", ""No""]","[""0.0075"", ""0.9925""]",383.02509999999995,1,18.8,18.8,18.8
1788187733.7,Highest temperature in San Francisco on September 1?,San Francisco,2026-09-01,3999742,highest-temperature-in-san-francisco-on-september-1-2026-62-63f,Will the highest temperature in San Francisco be between 62-63°F on September 1?,"[""Yes"", ""No""]","[""0.008"", ""0.992""]",259.3121,1,18.8,18.8,18.8
1788187733.7,Highest temperature in San Francisco on September 1?,San Francisco,2026-09-01,3999743,highest-temperature-in-san-francisco-on-september-1-2026-64-65f,Will the highest temperature in San Francisco be between 64-65°F on September 1?,"[""Yes"", ""No""]","[""0.035"", ""0.965""]",348.640776,1,18.8,18.8,18.8
1788187733.7,Highest temperature in San Francisco on September 1?,San Francisco,2026-09-01,3999744,highest-temperature-in-san-francisco-on-september-1-2026-66-67f,Will the highest temperature in San Francisco be between 66-67°F on September 1?,"[""Yes"", ""No""]","[""0.125"", ""0.875""]",342.18755899999996,1,18.8,18.8,18.8
1788187733.7,Highest temperature in San Francisco on September 1?,San Francisco,2026-09-01,3999745,highest-temperature-in-san-francisco-on-september-1-2026-68-69f,Will the highest temperature in San Francisco be between 68-69°F on September 1?,"[""Yes"", ""No""]","[""0.5"", ""0.5""]",668.648953,1,18.8,18.8,18.8
1788187733.7,Highest temperature in San Francisco on September 1?,San Francisco,2026-09-01,3999746,highest-temperature-in-san-francisco-on-september-1-2026-70-71f,Will the highest temperature in San Francisco be between 70-71°F on September 1?,"[""Yes"", ""No""]","[""0.255"", ""0.745""]",806.8533209999999,1,18.8,18.8,18.8
1788187733.7,Highest temperature in San Francisco on September 1?,San Francisco,2026-09-01,3999747,highest-temperature-in-san-francisco-on-september-1-2026-72-73f,Will the highest temperature in San Francisco be between 72-73°F on September 1?,"[""Yes"", ""No""]","[""0.065"", ""0.935""]",564.676467,1,18.8,18.8,18.8
1788187733.7,Highest temperature in San Francisco on September 1?,San Francisco,2026-09-01,3999748,highest-temperature-in-san-francisco-on-september-1-2026-74-75f,Will the highest temperature in San Francisco be between 74-75°F on September 1?,"[""Yes"", ""No""]","[""0.0315"", ""0.9685""]",691.5429929999999,1,18.8,18.8,18.8
1788187733.7,Highest temperature in San Francisco on September 1?,San Francisco,2026-09-01,3999749,highest-temperature-in-san-francisco-on-september-1-2026-76-77f,Will the highest temperature in San Francisco be between 76-77°F on September 1?,"[""Yes"", ""No""]","[""0.007"", ""0.993""]",200.99,1,18.8,18.8,18.8
1788187733.7,Highest temperature in San Francisco on September 1?,San Francisco,2026-09-01,3999750,highest-temperature-in-san-francisco-on-september-1-2026-78forhigher,Will the highest temperature in San Francisco be 78°F or higher on September 1?,"[""Yes"", ""No""]","[""0.003"", ""0.997""]",184.32966499999998,1,18.8,18.8,18.8
1788187733.7,Highest temperature in Sao Paulo on September 1?,Sao Paulo,2026-09-01,4001275,highest-temperature-in-sao-paulo-on-september-1-2026-20corbelow,Will the highest temperature in Sao Paulo be 20°C or below on September 1?,"[""Yes"", ""No""]","[""0.0545"", ""0.9455""]",269.94569,1,24.5,21.7,24.5
1788187733.7,Highest temperature in Sao Paulo on September 1?,Sao Paulo,2026-09-01,4001276,highest-temperature-in-sao-paulo-on-september-1-2026-21c,Will the highest temperature in Sao Paulo be 21°C on September 1?,"[""Yes"", ""No""]","[""0.095"", ""0.905""]",368.82898800000004,1,24.5,21.7,24.5
1788187733.7,Highest temperature in Sao Paulo on September 1?,Sao Paulo,2026-09-01,4001277,highest-temperature-in-sao-paulo-on-september-1-2026-22c,Will the highest temperature in Sao Paulo be 22°C on September 1?,"[""Yes"", ""No""]","[""0.175"", ""0.825""]",504.760992,1,24.5,21.7,24.5
1788187733.7,Highest temperature in Sao Paulo on September 1?,Sao Paulo,2026-09-01,4001278,highest-temperature-in-sao-paulo-on-september-1-2026-23c,Will the highest temperature in Sao Paulo be 23°C on September 1?,"[""Yes"", ""No""]","[""0.25"", ""0.75""]",825.3783090000001,1,24.5,21.7,24.5
1788187733.7,Highest temperature in Sao Paulo on September 1?,Sao Paulo,2026-09-01,4001279,highest-temperature-in-sao-paulo-on-september-1-2026-24c,Will the highest temperature in Sao Paulo be 24°C on September 1?,"[""Yes"", ""No""]","[""0.23"", ""0.77""]",1227.144051,1,24.5,21.7,24.5
1788187733.7,Highest temperature in Sao Paulo on September 1?,Sao Paulo,2026-09-01,4001280,highest-temperature-in-sao-paulo-on-september-1-2026-25c,Will the highest temperature in Sao Paulo be 25°C on September 1?,"[""Yes"", ""No""]","[""0.135"", ""0.865""]",842.355867,1,24.5,21.7,24.5
1788187733.7,Highest temperature in Sao Paulo on September 1?,Sao Paulo,2026-09-01,4001281,highest-temperature-in-sao-paulo-on-september-1-2026-26c,Will the highest temperature in Sao Paulo be 26°C on September 1?,"[""Yes"", ""No""]","[""0.065"", ""0.935""]",427.2699640000001,1,24.5,21.7,24.5
1788187733.7,Highest temperature in Sao Paulo on September 1?,Sao Paulo,2026-09-01,4001282,highest-temperature-in-sao-paulo-on-september-1-2026-27c,Will the highest temperature in Sao Paulo be 27°C on September 1?,"[""Yes"", ""No""]","[""0.025"", ""0.975""]",340.551151,1,24.5,21.7,24.5
1788187733.7,Highest temperature in Sao Paulo on September 1?,Sao Paulo,2026-09-01,4001283,highest-temperature-in-sao-paulo-on-september-1-2026-28c,Will the highest temperature in Sao Paulo be 28°C on September 1?,"[""Yes"", ""No""]","[""0.0055"", ""0.9945""]",369.5146,1,24.5,21.7,24.5
1788187733.7,Highest temperature in Sao Paulo on September 1?,Sao Paulo,2026-09-01,4001284,highest-temperature-in-sao-paulo-on-september-1-2026-29c,Will the highest temperature in Sao Paulo be 29°C on September 1?,"[""Yes"", ""No""]","[""0.0005"", ""0.9995""]",1288.979,1,24.5,21.7,24.5
1788187733.7,Highest temperature in Sao Paulo on September 1?,Sao Paulo,2026-09-01,4001285,highest-temperature-in-sao-paulo-on-september-1-2026-30corhigher,Will the highest temperature in Sao Paulo be 30°C or higher on September 1?,"[""Yes"", ""No""]","[""0.0005"", ""0.9995""]",1208.993,1,24.5,21.7,24.5
1788187733.7,Highest temperature in Buenos Aires on September 1?,Buenos Aires,2026-09-01,4001286,highest-temperature-in-buenos-aires-on-september-1-2026-15corbelow,Will the highest temperature in Buenos Aires be 15°C or below on September 1?,"[""Yes"", ""No""]","[""0.0025"", ""0.9975""]",130.01,1,17.0,17.0,19.4
1788187733.7,Highest temperature in Buenos Aires on September 1?,Buenos Aires,2026-09-01,4001287,highest-temperature-in-buenos-aires-on-september-1-2026-16c,Will the highest temperature in Buenos Aires be 16°C on September 1?,"[""Yes"", ""No""]","[""0.006"", ""0.994""]",78.32,1,17.0,17.0,19.4
1788187733.7,Highest temperature in Buenos Aires on September 1?,Buenos Aires,2026-09-01,4001288,highest-temperature-in-buenos-aires-on-september-1-2026-17c,Will the highest temperature in Buenos Aires be 17°C on September 1?,"[""Yes"", ""No""]","[""0.0105"", ""0.9895""]",146.96415000000002,1,17.0,17.0,19.4
1788187733.7,Highest temperature in Buenos Aires on September 1?,Buenos Aires,2026-09-01,4001289,highest-temperature-in-buenos-aires-on-september-1-2026-18c,Will the highest temperature in Buenos Aires be 18°C on September 1?,"[""Yes"", ""No""]","[""0.04"", ""0.96""]",426.11422600000003,1,17.0,17.0,19.4
1788187733.7,Highest temperature in Buenos Aires on September 1?,Buenos Aires,2026-09-01,4001290,highest-temperature-in-buenos-aires-on-september-1-2026-19c,Will the highest temperature in Buenos Aires be 19°C on September 1?,"[""Yes"", ""No""]","[""0.15"", ""0.85""]",735.1366249999999,1,17.0,17.0,19.4
1788187733.7,Highest temperature in Buenos Aires on September 1?,Buenos Aires,2026-09-01,4001291,highest-temperature-in-buenos-aires-on-september-1-2026-20c,Will the highest temperature in Buenos Aires be 20°C on September 1?,"[""Yes"", ""No""]","[""0.41"", ""0.59""]",2115.279321,1,17.0,17.0,19.4
1788187733.7,Highest temperature in Buenos Aires on September 1?,Buenos Aires,2026-09-01,4001292,highest-temperature-in-buenos-aires-on-september-1-2026-21c,Will the highest temperature in Buenos Aires be 21°C on September 1?,"[""Yes"", ""No""]","[""0.345"", ""0.655""]",727.907751,1,17.0,17.0,19.4
1788187733.7,Highest temperature in Buenos Aires on September 1?,Buenos Aires,2026-09-01,4001293,highest-temperature-in-buenos-aires-on-september-1-2026-22c,Will the highest temperature in Buenos Aires be 22°C on September 1?,"[""Yes"", ""No""]","[""0.065"", ""0.935""]",392.748027,1,17.0,17.0,19.4
1788187733.7,Highest temperature in Buenos Aires on September 1?,Buenos Aires,2026-09-01,4001294,highest-temperature-in-buenos-aires-on-september-1-2026-23c,Will the highest temperature in Buenos Aires be 23°C on September 1?,"[""Yes"", ""No""]","[""0.015"", ""0.985""]",97.52,1,17.0,17.0,19.4
1788187733.7,Highest temperature in Buenos Aires on September 1?,Buenos Aires,2026-09-01,4001295,highest-temperature-in-buenos-aires-on-september-1-2026-24c,Will the highest temperature in Buenos Aires be 24°C on September 1?,"[""Yes"", ""No""]","[""0.0025"", ""0.9975""]",119.94,1,17.0,17.0,19.4
1788187733.7,Highest temperature in Buenos Aires on September 1?,Buenos Aires,2026-09-01,4001296,highest-temperature-in-buenos-aires-on-september-1-2026-25corhigher,Will the highest temperature in Buenos Aires be 25°C or higher on September 1?,"[""Yes"", ""No""]","[""0.0015"", ""0.9985""]",159.411,1,17.0,17.0,19.4
1788187733.7,Highest temperature in Toronto on September 1?,Toronto,2026-09-01,4001297,highest-temperature-in-toronto-on-september-1-2026-22corbelow,Will the highest temperature in Toronto be 22°C or below on September 1?,"[""Yes"", ""No""]","[""0.0005"", ""0.9995""]",348.971,1,25.0,29.0,30.0
1788187733.7,Highest temperature in Toronto on September 1?,Toronto,2026-09-01,4001298,highest-temperature-in-toronto-on-september-1-2026-23c,Will the highest temperature in Toronto be 23°C on September 1?,"[""Yes"", ""No""]","[""0.015"", ""0.985""]",330.7428,1,25.0,29.0,30.0
1788187733.7,Highest temperature in Toronto on September 1?,Toronto,2026-09-01,4001299,highest-temperature-in-toronto-on-september-1-2026-24c,Will the highest temperature in Toronto be 24°C on September 1?,"[""Yes"", ""No""]","[""0.005"", ""0.995""]",189.06700000000004,1,25.0,29.0,30.0
1788187733.7,Highest temperature in Toronto on September 1?,Toronto,2026-09-01,4001300,highest-temperature-in-toronto-on-september-1-2026-25c,Will the highest temperature in Toronto be 25°C on September 1?,"[""Yes"", ""No""]","[""0.0055"", ""0.9945""]",145.51015,1,25.0,29.0,30.0
1788187733.7,Highest temperature in Toronto on September 1?,Toronto,2026-09-01,4001301,highest-temperature-in-toronto-on-september-1-2026-26c,Will the highest temperature in Toronto be 26°C on September 1?,"[""Yes"", ""No""]","[""0.035"", ""0.965""]",312.938262,1,25.0,29.0,30.0
1788187733.7,Highest temperature in Toronto on September 1?,Toronto,2026-09-01,4001302,highest-temperature-in-toronto-on-september-1-2026-27c,Will the highest temperature in Toronto be 27°C on September 1?,"[""Yes"", ""No""]","[""0.095"", ""0.905""]",1033.587685,1,25.0,29.0,30.0
1788187733.7,Highest temperature in Toronto on September 1?,Toronto,2026-09-01,4001303,highest-temperature-in-toronto-on-september-1-2026-28c,Will the highest temperature in Toronto be 28°C on September 1?,"[""Yes"", ""No""]","[""0.205"", ""0.795""]",645.999824,1,25.0,29.0,30.0
1788187733.7,Highest temperature in Toronto on September 1?,Toronto,2026-09-01,4001304,highest-temperature-in-toronto-on-september-1-2026-29c,Will the highest temperature in Toronto be 29°C on September 1?,"[""Yes"", ""No""]","[""0.27"", ""0.73""]",748.555489,1,25.0,29.0,30.0
1788187733.7,Highest temperature in Toronto on September 1?,Toronto,2026-09-01,4001305,highest-temperature-in-toronto-on-september-1-2026-30c,Will the highest temperature in Toronto be 30°C on September 1?,"[""Yes"", ""No""]","[""0.275"", ""0.725""]",1450.2397310000001,1,25.0,29.0,30.0
1788187733.7,Highest temperature in Toronto on September 1?,Toronto,2026-09-01,4001306,highest-temperature-in-toronto-on-september-1-2026-31c,Will the highest temperature in Toronto be 31°C on September 1?,"[""Yes"", ""No""]","[""0.09"", ""0.91""]",437.64988,1,25.0,29.0,30.0
1788187733.7,Highest temperature in Toronto on September 1?,Toronto,2026-09-01,4001307,highest-temperature-in-toronto-on-september-1-2026-32corhigher,Will the highest temperature in Toronto be 32°C or higher on September 1?,"[""Yes"", ""No""]","[""0.05"", ""0.95""]",246.62355300000002,1,25.0,29.0,30.0
1788187733.7,Highest temperature in Mexico City on September 1?,Mexico City,2026-09-01,4001308,highest-temperature-in-mexico-city-on-september-1-2026-16corbelow,Will the highest temperature in Mexico City be 16°C or below on September 1?,"[""Yes"", ""No""]","[""0.0005"", ""0.9995""]",568.995,1,23.5,22.9,24.4
1788187733.7,Highest temperature in Mexico City on September 1?,Mexico City,2026-09-01,4001309,highest-temperature-in-mexico-city-on-september-1-2026-17c,Will the highest temperature in Mexico City be 17°C on September 1?,"[""Yes"", ""No""]","[""0.0005"", ""0.9995""]",348.99100000000004,1,23.5,22.9,24.4
1788187733.7,Highest temperature in Mexico City on September 1?,Mexico City,2026-09-01,4001310,highest-temperature-in-mexico-city-on-september-1-2026-18c,Will the highest temperature in Mexico City be 18°C on September 1?,"[""Yes"", ""No""]","[""0.0005"", ""0.9995""]",153.997,1,23.5,22.9,24.4
1788187733.7,Highest temperature in Mexico City on September 1?,Mexico City,2026-09-01,4001311,highest-temperature-in-mexico-city-on-september-1-2026-19c,Will the highest temperature in Mexico City be 19°C on September 1?,"[""Yes"", ""No""]","[""0.0025"", ""0.9975""]",116.49980000000002,1,23.5,22.9,24.4
1788187733.7,Highest temperature in Mexico City on September 1?,Mexico City,2026-09-01,4001312,highest-temperature-in-mexico-city-on-september-1-2026-20c,Will the highest temperature in Mexico City be 20°C on September 1?,"[""Yes"", ""No""]","[""0.025"", ""0.975""]",151.2795,1,23.5,22.9,24.4
1788187733.7,Highest temperature in Mexico City on September 1?,Mexico City,2026-09-01,4001313,highest-temperature-in-mexico-city-on-september-1-2026-21c,Will the highest temperature in Mexico City be 21°C on September 1?,"[""Yes"", ""No""]","[""0.025"", ""0.975""]",103.3366,1,23.5,22.9,24.4
1788187733.7,Highest temperature in Mexico City on September 1?,Mexico City,2026-09-01,4001314,highest-temperature-in-mexico-city-on-september-1-2026-22c,Will the highest temperature in Mexico City be 22°C on September 1?,"[""Yes"", ""No""]","[""0.065"", ""0.935""]",266.1779,1,23.5,22.9,24.4
1788187733.7,Highest temperature in Mexico City on September 1?,Mexico City,2026-09-01,4001315,highest-temperature-in-mexico-city-on-september-1-2026-23c,Will the highest temperature in Mexico City be 23°C on September 1?,"[""Yes"", ""No""]","[""0.205"", ""0.795""]",305.224002,1,23.5,22.9,24.4
1788187733.7,Highest temperature in Mexico City on September 1?,Mexico City,2026-09-01,4001316,highest-temperature-in-mexico-city-on-september-1-2026-24c,Will the highest temperature in Mexico City be 24°C on September 1?,"[""Yes"", ""No""]","[""0.435"", ""0.565""]",1116.851045,1,23.5,22.9,24.4
1788187733.7,Highest temperature in Mexico City on September 1?,Mexico City,2026-09-01,4001317,highest-temperature-in-mexico-city-on-september-1-2026-25c,Will the highest temperature in Mexico City be 25°C on September 1?,"[""Yes"", ""No""]","[""0.245"", ""0.755""]",352.768652,1,23.5,22.9,24.4
1788187733.7,Highest temperature in Mexico City on September 1?,Mexico City,2026-09-01,4001318,highest-temperature-in-mexico-city-on-september-1-2026-26corhigher,Will the highest temperature in Mexico City be 26°C or higher on September 1?,"[""Yes"", ""No""]","[""0.045"", ""0.955""]",170.95455800000002,1,23.5,22.9,24.4
1788187733.7,Highest temperature in Jinan on September 1?,Jinan,2026-09-01,4018211,highest-temperature-in-jinan-on-september-1-2026-16corbelow,Will the highest temperature in Jinan be 16°C or below on September 1?,"[""Yes"", ""No""]","[""0.0015"", ""0.9985""]",415,1,31.7,29.3,29.1
1788187733.7,Highest temperature in Jinan on September 1?,Jinan,2026-09-01,4018212,highest-temperature-in-jinan-on-september-1-2026-17c,Will the highest temperature in Jinan be 17°C on September 1?,"[""Yes"", ""No""]","[""0.0005"", ""0.9995""]",430,1,31.7,29.3,29.1
1788187733.7,Highest temperature in Jinan on September 1?,Jinan,2026-09-01,4018213,highest-temperature-in-jinan-on-september-1-2026-18c,Will the highest temperature in Jinan be 18°C on September 1?,"[""Yes"", ""No""]","[""0.001"", ""0.999""]",410,1,31.7,29.3,29.1
1788187733.7,Highest temperature in Jinan on September 1?,Jinan,2026-09-01,4018214,highest-temperature-in-jinan-on-september-1-2026-19c,Will the highest temperature in Jinan be 19°C on September 1?,"[""Yes"", ""No""]","[""0.001"", ""0.999""]",430,1,31.7,29.3,29.1
1788187733.7,Highest temperature in Jinan on September 1?,Jinan,2026-09-01,4018215,highest-temperature-in-jinan-on-september-1-2026-20c,Will the highest temperature in Jinan be 20°C on September 1?,"[""Yes"", ""No""]","[""0.0005"", ""0.9995""]",330,1,31.7,29.3,29.1
1788187733.7,Highest temperature in Jinan on September 1?,Jinan,2026-09-01,4018216,highest-temperature-in-jinan-on-september-1-2026-21c,Will the highest temperature in Jinan be 21°C on September 1?,"[""Yes"", ""No""]","[""0.0055"", ""0.9945""]",20.04,1,31.7,29.3,29.1
1788187733.7,Highest temperature in Jinan on September 1?,Jinan,2026-09-01,4018217,highest-temperature-in-jinan-on-september-1-2026-22c,Will the highest temperature in Jinan be 22°C on September 1?,"[""Yes"", ""No""]","[""0.0055"", ""0.9945""]",20.04,1,31.7,29.3,29.1
1788187733.7,Highest temperature in Jinan on September 1?,Jinan,2026-09-01,4018218,highest-temperature-in-jinan-on-september-1-2026-23c,Will the highest temperature in Jinan be 23°C on September 1?,"[""Yes"", ""No""]","[""0.0055"", ""0.9945""]",120.24000000000001,1,31.7,29.3,29.1
1788187733.7,Highest temperature in Jinan on September 1?,Jinan,2026-09-01,4018219,highest-temperature-in-jinan-on-september-1-2026-24c,Will the highest temperature in Jinan be 24°C on September 1?,"[""Yes"", ""No""]","[""0.011"", ""0.989""]",1.102,1,31.7,29.3,29.1
1788187733.7,Highest temperature in Jinan on September 1?,Jinan,2026-09-01,4018220,highest-temperature-in-jinan-on-september-1-2026-25c,Will the highest temperature in Jinan be 25°C on September 1?,"[""Yes"", ""No""]","[""0.01"", ""0.99""]",4.9904,1,31.7,29.3,29.1
1788187733.7,Highest temperature in Jinan on September 1?,Jinan,2026-09-01,4018221,highest-temperature-in-jinan-on-september-1-2026-26corhigher,Will the highest temperature in Jinan be 26°C or higher on September 1?,"[""Yes"", ""No""]","[""0.985"", ""0.015""]",293.97,1,31.7,29.3,29.1
1788187733.7,Highest temperature in Zhengzhou on September 1?,Zhengzhou,2026-09-01,4018222,highest-temperature-in-zhengzhou-on-september-1-2026-22corbelow,Will the highest temperature in Zhengzhou be 22°C or below on September 1?,"[""Yes"", ""No""]","[""0.0005"", ""0.9995""]",315,1,31.2,29.6,30.7
1788187733.7,Highest temperature in Zhengzhou on September 1?,Zhengzhou,2026-09-01,4018223,highest-temperature-in-zhengzhou-on-september-1-2026-23c,Will the highest temperature in Zhengzhou be 23°C on September 1?,"[""Yes"", ""No""]","[""0.0035"", ""0.9965""]",5,1,31.2,29.6,30.7
1788187733.7,Highest temperature in Zhengzhou on September 1?,Zhengzhou,2026-09-01,4018224,highest-temperature-in-zhengzhou-on-september-1-2026-24c,Will the highest temperature in Zhengzhou be 24°C on September 1?,"[""Yes"", ""No""]","[""0.0035"", ""0.9965""]",5,1,31.2,29.6,30.7
1788187733.7,Highest temperature in Zhengzhou on September 1?,Zhengzhou,2026-09-01,4018225,highest-temperature-in-zhengzhou-on-september-1-2026-25c,Will the highest temperature in Zhengzhou be 25°C on September 1?,"[""Yes"", ""No""]","[""0.0035"", ""0.9965""]",5,1,31.2,29.6,30.7
1788187733.7,Highest temperature in Zhengzhou on September 1?,Zhengzhou,2026-09-01,4018226,highest-temperature-in-zhengzhou-on-september-1-2026-26c,Will the highest temperature in Zhengzhou be 26°C on September 1?,"[""Yes"", ""No""]","[""0.0035"", ""0.9965""]",10.02,1,31.2,29.6,30.7
1788187733.7,Highest temperature in Zhengzhou on September 1?,Zhengzhou,2026-09-01,4018227,highest-temperature-in-zhengzhou-on-september-1-2026-27c,Will the highest temperature in Zhengzhou be 27°C on September 1?,"[""Yes"", ""No""]","[""0.0115"", ""0.9885""]",10,1,31.2,29.6,30.7
1788187733.7,Highest temperature in Zhengzhou on September 1?,Zhengzhou,2026-09-01,4018228,highest-temperature-in-zhengzhou-on-september-1-2026-28c,Will the highest temperature in Zhengzhou be 28°C on September 1?,"[""Yes"", ""No""]","[""0.035"", ""0.965""]",10.208325,1,31.2,29.6,30.7
1788187733.7,Highest temperature in Zhengzhou on September 1?,Zhengzhou,2026-09-01,4018229,highest-temperature-in-zhengzhou-on-september-1-2026-29c,Will the highest temperature in Zhengzhou be 29°C on September 1?,"[""Yes"", ""No""]","[""0.055"", ""0.945""]",5.154633,1,31.2,29.6,30.7
1788187733.7,Highest temperature in Zhengzhou on September 1?,Zhengzhou,2026-09-01,4018230,highest-temperature-in-zhengzhou-on-september-1-2026-30c,Will the highest temperature in Zhengzhou be 30°C on September 1?,"[""Yes"", ""No""]","[""0.105"", ""0.895""]",20,1,31.2,29.6,30.7
1788187733.7,Highest temperature in Zhengzhou on September 1?,Zhengzhou,2026-09-01,4018231,highest-temperature-in-zhengzhou-on-september-1-2026-31c,Will the highest temperature in Zhengzhou be 31°C on September 1?,"[""Yes"", ""No""]","[""0.29"", ""0.71""]",6,1,31.2,29.6,30.7
1788187733.7,Highest temperature in Zhengzhou on September 1?,Zhengzhou,2026-09-01,4018232,highest-temperature-in-zhengzhou-on-september-1-2026-32corhigher,Will the highest temperature in Zhengzhou be 32°C or higher on September 1?,"[""Yes"", ""No""]","[""0.265"", ""0.735""]",32.091664,1,31.2,29.6,30.7
1788187733.7,Highest temperature in London on September 2?,London,2026-09-02,4018233,highest-temperature-in-london-on-september-2-2026-17corbelow,Will the highest temperature in London be 17°C or below on September 2?,"[""Yes"", ""No""]","[""0.001"", ""0.999""]",283.984,1,23.4,20.1,20.8
1788187733.7,Highest temperature in London on September 2?,London,2026-09-02,4018234,highest-temperature-in-london-on-september-2-2026-18c,Will the highest temperature in London be 18°C on September 2?,"[""Yes"", ""No""]","[""0.0015"", ""0.9985""]",67.253,1,23.4,20.1,20.8
1788187733.7,Highest temperature in London on September 2?,London,2026-09-02,4018235,highest-temperature-in-london-on-september-2-2026-19c,Will the highest temperature in London be 19°C on September 2?,"[""Yes"", ""No""]","[""0.015"", ""0.985""]",16.2202,1,23.4,20.1,20.8
1788187733.7,Highest temperature in London on September 2?,London,2026-09-02,4018236,highest-temperature-in-london-on-september-2-2026-20c,Will the highest temperature in London be 20°C on September 2?,"[""Yes"", ""No""]","[""0.065"", ""0.935""]",146.507658,1,23.4,20.1,20.8
1788187733.7,Highest temperature in London on September 2?,London,2026-09-02,4018237,highest-temperature-in-london-on-september-2-2026-21c,Will the highest temperature in London be 21°C on September 2?,"[""Yes"", ""No""]","[""0.225"", ""0.775""]",177.18800099999999,1,23.4,20.1,20.8
1788187733.7,Highest temperature in London on September 2?,London,2026-09-02,4018238,highest-temperature-in-london-on-september-2-2026-22c,Will the highest temperature in London be 22°C on September 2?,"[""Yes"", ""No""]","[""0.415"", ""0.585""]",455.45755799999984,1,23.4,20.1,20.8
1788187733.7,Highest temperature in London on September 2?,London,2026-09-02,4018239,highest-temperature-in-london-on-september-2-2026-23c,Will the highest temperature in London be 23°C on September 2?,"[""Yes"", ""No""]","[""0.27"", ""0.73""]",400.66509199999996,1,23.4,20.1,20.8
1788187733.7,Highest temperature in London on September 2?,London,2026-09-02,4018240,highest-temperature-in-london-on-september-2-2026-24c,Will the highest temperature in London be 24°C on September 2?,"[""Yes"", ""No""]","[""0.06"", ""0.94""]",146.984319,1,23.4,20.1,20.8
1788187733.7,Highest temperature in London on September 2?,London,2026-09-02,4018241,highest-temperature-in-london-on-september-2-2026-25c,Will the highest temperature in London be 25°C on September 2?,"[""Yes"", ""No""]","[""0.035"", ""0.965""]",126.38272900000001,1,23.4,20.1,20.8
1788187733.7,Highest temperature in London on September 2?,London,2026-09-02,4018242,highest-temperature-in-london-on-september-2-2026-26c,Will the highest temperature in London be 26°C on September 2?,"[""Yes"", ""No""]","[""0.0025"", ""0.9975""]",26.207,1,23.4,20.1,20.8
1788187733.7,Highest temperature in London on September 2?,London,2026-09-02,4018243,highest-temperature-in-london-on-september-2-2026-27corhigher,Will the highest temperature in London be 27°C or higher on September 2?,"[""Yes"", ""No""]","[""0.0025"", ""0.9975""]",180.361,1,23.4,20.1,20.8
1788187733.7,Highest temperature in Paris on September 2?,Paris,2026-09-02,4018244,highest-temperature-in-paris-on-september-2-2026-20corbelow,Will the highest temperature in Paris be 20°C or below on September 2?,"[""Yes"", ""No""]","[""0.006"", ""0.994""]",79.9898,1,26.2,24.0,24.0
1788187733.7,Highest temperature in Paris on September 2?,Paris,2026-09-02,4018245,highest-temperature-in-paris-on-september-2-2026-21c,Will the highest temperature in Paris be 21°C on September 2?,"[""Yes"", ""No""]","[""0.01"", ""0.99""]",5,1,26.2,24.0,24.0
1788187733.7,Highest temperature in Paris on September 2?,Paris,2026-09-02,4018246,highest-temperature-in-paris-on-september-2-2026-22c,Will the highest temperature in Paris be 22°C on September 2?,"[""Yes"", ""No""]","[""0.03"", ""0.97""]",219.04465,1,26.2,24.0,24.0
1788187733.7,Highest temperature in Paris on September 2?,Paris,2026-09-02,4018247,highest-temperature-in-paris-on-september-2-2026-23c,Will the highest temperature in Paris be 23°C on September 2?,"[""Yes"", ""No""]","[""0.105"", ""0.895""]",333.016584,1,26.2,24.0,24.0
1788187733.7,Highest temperature in Paris on September 2?,Paris,2026-09-02,4018248,highest-temperature-in-paris-on-september-2-2026-24c,Will the highest temperature in Paris be 24°C on September 2?,"[""Yes"", ""No""]","[""0.38"", ""0.62""]",133.78979800000002,1,26.2,24.0,24.0
1788187733.7,Highest temperature in Paris on September 2?,Paris,2026-09-02,4018249,highest-temperature-in-paris-on-september-2-2026-25c,Will the highest temperature in Paris be 25°C on September 2?,"[""Yes"", ""No""]","[""0.395"", ""0.605""]",231.671622,1,26.2,24.0,24.0
1788187733.7,Highest temperature in Paris on September 2?,Paris,2026-09-02,4018250,highest-temperature-in-paris-on-september-2-2026-26c,Will the highest temperature in Paris be 26°C on September 2?,"[""Yes"", ""No""]","[""0.105"", ""0.895""]",40.021004000000005,1,26.2,24.0,24.0
1788187733.7,Highest temperature in Paris on September 2?,Paris,2026-09-02,4018251,highest-temperature-in-paris-on-september-2-2026-27c,Will the highest temperature in Paris be 27°C on September 2?,"[""Yes"", ""No""]","[""0.015"", ""0.985""]",,1,26.2,24.0,24.0
1788187733.7,Highest temperature in Paris on September 2?,Paris,2026-09-02,4018252,highest-temperature-in-paris-on-september-2-2026-28c,Will the highest temperature in Paris be 28°C on September 2?,"[""Yes"", ""No""]","[""0.015"", ""0.985""]",5.0502,1,26.2,24.0,24.0
1788187733.7,Highest temperature in Paris on September 2?,Paris,2026-09-02,4018253,highest-temperature-in-paris-on-september-2-2026-29c,Will the highest temperature in Paris be 29°C on September 2?,"[""Yes"", ""No""]","[""0.0015"", ""0.9985""]",296.28099999999995,1,26.2,24.0,24.0
1788187733.7,Highest temperature in Paris on September 2?,Paris,2026-09-02,4018254,highest-temperature-in-paris-on-september-2-2026-30corhigher,Will the highest temperature in Paris be 30°C or higher on September 2?,"[""Yes"", ""No""]","[""0.0015"", ""0.9985""]",453.458,1,26.2,24.0,24.0
1788187733.7,Highest temperature in Seoul (Incheon) on September 2?,Seoul (Incheon),2026-09-02,4018255,highest-temperature-in-seoul-on-september-2-2026-22corbelow,Will the highest temperature in Seoul (Incheon) be 22°C or below on September 2?,"[""Yes"", ""No""]","[""0.005"", ""0.995""]",221,1,,,
1788187733.7,Highest temperature in Seoul (Incheon) on September 2?,Seoul (Incheon),2026-09-02,4018256,highest-temperature-in-seoul-on-september-2-2026-23c,Will the highest temperature in Seoul (Incheon) be 23°C on September 2?,"[""Yes"", ""No""]","[""0.0025"", ""0.9975""]",330.997,1,,,
1788187733.7,Highest temperature in Seoul (Incheon) on September 2?,Seoul (Incheon),2026-09-02,4018257,highest-temperature-in-seoul-on-september-2-2026-24c,Will the highest temperature in Seoul (Incheon) be 24°C on September 2?,"[""Yes"", ""No""]","[""0.0025"", ""0.9975""]",174.993,1,,,
1788187733.7,Highest temperature in Seoul (Incheon) on September 2?,Seoul (Incheon),2026-09-02,4018258,highest-temperature-in-seoul-on-september-2-2026-25c,Will the highest temperature in Seoul (Incheon) be 25°C on September 2?,"[""Yes"", ""No""]","[""0.049"", ""0.951""]",41.19,1,,,
1788187733.7,Highest temperature in Seoul (Incheon) on September 2?,Seoul (Incheon),2026-09-02,4018259,highest-temperature-in-seoul-on-september-2-2026-26c,Will the highest temperature in Seoul (Incheon) be 26°C on September 2?,"[""Yes"", ""No""]","[""0.06"", ""0.94""]",31.989666,1,,,
1788187733.7,Highest temperature in Seoul (Incheon) on September 2?,Seoul (Incheon),2026-09-02,4018260,highest-temperature-in-seoul-on-september-2-2026-27c,Will the highest temperature in Seoul (Incheon) be 27°C on September 2?,"[""Yes"", ""No""]","[""0.17"", ""0.83""]",236.707497,1,,,
1788187733.7,Highest temperature in Seoul (Incheon) on September 2?,Seoul (Incheon),2026-09-02,4018261,highest-temperature-in-seoul-on-september-2-2026-28c,Will the highest temperature in Seoul (Incheon) be 28°C on September 2?,"[""Yes"", ""No""]","[""0.365"", ""0.635""]",282.535626,1,,,
1788187733.7,Highest temperature in Seoul (Incheon) on September 2?,Seoul (Incheon),2026-09-02,4018262,highest-temperature-in-seoul-on-september-2-2026-29c,Will the highest temperature in Seoul (Incheon) be 29°C on September 2?,"[""Yes"", ""No""]","[""0.295"", ""0.705""]",203.292139,1,,,
1788187733.7,Highest temperature in Seoul (Incheon) on September 2?,Seoul (Incheon),2026-09-02,4018263,highest-temperature-in-seoul-on-september-2-2026-30c,Will the highest temperature in Seoul (Incheon) be 30°C on September 2?,"[""Yes"", ""No""]","[""0.085"", ""0.915""]",181.623439,1,,,
1788187733.7,Highest temperature in Seoul (Incheon) on September 2?,Seoul (Incheon),2026-09-02,4018264,highest-temperature-in-seoul-on-september-2-2026-31c,Will the highest temperature in Seoul (Incheon) be 31°C on September 2?,"[""Yes"", ""No""]","[""0.011"", ""0.989""]",54,1,,,
1788187733.7,Highest temperature in Seoul (Incheon) on September 2?,Seoul (Incheon),2026-09-02,4018265,highest-temperature-in-seoul-on-september-2-2026-32corhigher,Will the highest temperature in Seoul (Incheon) be 32°C or higher on September 2,"[""Yes"", ""No""]","[""0.007"", ""0.993""]",57.077000000000005,1,,,
1788187733.7,Highest temperature in Ankara on September 2?,Ankara,2026-09-02,4018266,highest-temperature-in-ankara-on-september-2-2026-26corbelow,Will the highest temperature in Ankara be 26°C or below on September 2?,"[""Yes"", ""No""]","[""0.006"", ""0.994""]",5,1,31.4,31.3,29.6
1788187733.7,Highest temperature in Ankara on September 2?,Ankara,2026-09-02,4018267,highest-temperature-in-ankara-on-september-2-2026-27c,Will the highest temperature in Ankara be 27°C on September 2?,"[""Yes"", ""No""]","[""0.015"", ""0.985""]",88.645,1,31.4,31.3,29.6
1788187733.7,Highest temperature in Ankara on September 2?,Ankara,2026-09-02,4018268,highest-temperature-in-ankara-on-september-2-2026-28c,Will the highest temperature in Ankara be 28°C on September 2?,"[""Yes"", ""No""]","[""0.045"", ""0.955""]",79.44,1,31.4,31.3,29.6
1788187733.7,Highest temperature in Ankara on September 2?,Ankara,2026-09-02,4018269,highest-temperature-in-ankara-on-september-2-2026-29c,Will the highest temperature in Ankara be 29°C on September 2?,"[""Yes"", ""No""]","[""0.195"", ""0.805""]",619.709542,1,31.4,31.3,29.6
1788187733.7,Highest temperature in Ankara on September 2?,Ankara,2026-09-02,4018270,highest-temperature-in-ankara-on-september-2-2026-30c,Will the highest temperature in Ankara be 30°C on September 2?,"[""Yes"", ""No""]","[""0.495"", ""0.505""]",169.47322300000002,1,31.4,31.3,29.6
1788187733.7,Highest temperature in Ankara on September 2?,Ankara,2026-09-02,4018271,highest-temperature-in-ankara-on-september-2-2026-31c,Will the highest temperature in Ankara be 31°C on September 2?,"[""Yes"", ""No""]","[""0.255"", ""0.745""]",229.19,1,31.4,31.3,29.6
1788187733.7,Highest temperature in Ankara on September 2?,Ankara,2026-09-02,4018272,highest-temperature-in-ankara-on-september-2-2026-32c,Will the highest temperature in Ankara be 32°C on September 2?,"[""Yes"", ""No""]","[""0.045"", ""0.955""]",176,1,31.4,31.3,29.6
1788187733.7,Highest temperature in Ankara on September 2?,Ankara,2026-09-02,4018273,highest-temperature-in-ankara-on-september-2-2026-33c,Will the highest temperature in Ankara be 33°C on September 2?,"[""Yes"", ""No""]","[""0.015"", ""0.985""]",101.11349999999999,1,31.4,31.3,29.6
1788187733.7,Highest temperature in Ankara on September 2?,Ankara,2026-09-02,4018274,highest-temperature-in-ankara-on-september-2-2026-34c,Will the highest temperature in Ankara be 34°C on September 2?,"[""Yes"", ""No""]","[""0.006"", ""0.994""]",40,1,31.4,31.3,29.6
1788187733.7,Highest temperature in Ankara on September 2?,Ankara,2026-09-02,4018275,highest-temperature-in-ankara-on-september-2-2026-35c,Will the highest temperature in Ankara be 35°C on September 2?,"[""Yes"", ""No""]","[""0.0025"", ""0.9975""]",40,1,31.4,31.3,29.6
1788187733.7,Highest temperature in Ankara on September 2?,Ankara,2026-09-02,4018276,highest-temperature-in-ankara-on-september-2-2026-36corhigher,Will the highest temperature in Ankara be 36°C or higher on September 2?,"[""Yes"", ""No""]","[""0.0035"", ""0.9965""]",10,1,31.4,31.3,29.6
1788187733.7,Highest temperature in Wellington on September 2?,Wellington,2026-09-02,4018277,highest-temperature-in-wellington-on-september-2-2026-10corbelow,Will the highest temperature in Wellington be 10°C or below on September 2?,"[""Yes"", ""No""]","[""0.0025"", ""0.9975""]",220.99699999999999,1,14.2,14.5,15.9
1788187733.7,Highest temperature in Wellington on September 2?,Wellington,2026-09-02,4018278,highest-temperature-in-wellington-on-september-2-2026-11c,Will the highest temperature in Wellington be 11°C on September 2?,"[""Yes"", ""No""]","[""0.0025"", ""0.9975""]",284.96600000000007,1,14.2,14.5,15.9
1788187733.7,Highest temperature in Wellington on September 2?,Wellington,2026-09-02,4018279,highest-temperature-in-wellington-on-september-2-2026-12c,Will the highest temperature in Wellington be 12°C on September 2?,"[""Yes"", ""No""]","[""0.0025"", ""0.9975""]",292.8462,1,14.2,14.5,15.9
1788187733.7,Highest temperature in Wellington on September 2?,Wellington,2026-09-02,4018280,highest-temperature-in-wellington-on-september-2-2026-13c,Will the highest temperature in Wellington be 13°C on September 2?,"[""Yes"", ""No""]","[""0.0115"", ""0.9885""]",198.109713,1,14.2,14.5,15.9
1788187733.7,Highest temperature in Wellington on September 2?,Wellington,2026-09-02,4018281,highest-temperature-in-wellington-on-september-2-2026-14c,Will the highest temperature in Wellington be 14°C on September 2?,"[""Yes"", ""No""]","[""0.02"", ""0.98""]",262.08023299999996,1,14.2,14.5,15.9
1788187733.7,Highest temperature in Wellington on September 2?,Wellington,2026-09-02,4018282,highest-temperature-in-wellington-on-september-2-2026-15c,Will the highest temperature in Wellington be 15°C on September 2?,"[""Yes"", ""No""]","[""0.115"", ""0.885""]",1291.3230869999998,1,14.2,14.5,15.9
1788187733.7,Highest temperature in Wellington on September 2?,Wellington,2026-09-02,4018283,highest-temperature-in-wellington-on-september-2-2026-16c,Will the highest temperature in Wellington be 16°C on September 2?,"[""Yes"", ""No""]","[""0.595"", ""0.405""]",318.378738,1,14.2,14.5,15.9
1788187733.7,Highest temperature in Wellington on September 2?,Wellington,2026-09-02,4018284,highest-temperature-in-wellington-on-september-2-2026-17c,Will the highest temperature in Wellington be 17°C on September 2?,"[""Yes"", ""No""]","[""0.23"", ""0.77""]",180,1,14.2,14.5,15.9
1788187733.7,Highest temperature in Wellington on September 2?,Wellington,2026-09-02,4018285,highest-temperature-in-wellington-on-september-2-2026-18c,Will the highest temperature in Wellington be 18°C on September 2?,"[""Yes"", ""No""]","[""0.04"", ""0.96""]",72.334199,1,14.2,14.5,15.9
1788187733.7,Highest temperature in Wellington on September 2?,Wellington,2026-09-02,4018286,highest-temperature-in-wellington-on-september-2-2026-19c,Will the highest temperature in Wellington be 19°C on September 2?,"[""Yes"", ""No""]","[""0.0015"", ""0.9985""]",211.99800000000002,1,14.2,14.5,15.9
1788187733.7,Highest temperature in Wellington on September 2?,Wellington,2026-09-02,4018287,highest-temperature-in-wellington-on-september-2-2026-20corhigher,Will the highest temperature in Wellington be 20°C or higher on September 2?,"[""Yes"", ""No""]","[""0.0025"", ""0.9975""]",221.992,1,14.2,14.5,15.9
1788187733.7,Highest temperature in Lucknow on September 2?,Lucknow,2026-09-02,4018288,highest-temperature-in-lucknow-on-september-2-2026-23corbelow,Will the highest temperature in Lucknow be 23°C or below on September 2?,"[""Yes"", ""No""]","[""0.0025"", ""0.9975""]",100.995,1,27.8,29.5,28.9
1788187733.7,Highest temperature in Lucknow on September 2?,Lucknow,2026-09-02,4018289,highest-temperature-in-lucknow-on-september-2-2026-24c,Will the highest temperature in Lucknow be 24°C on September 2?,"[""Yes"", ""No""]","[""0.0025"", ""0.9975""]",100.991,1,27.8,29.5,28.9
1788187733.7,Highest temperature in Lucknow on September 2?,Lucknow,2026-09-02,4018290,highest-temperature-in-lucknow-on-september-2-2026-25c,Will the highest temperature in Lucknow be 25°C on September 2?,"[""Yes"", ""No""]","[""0.005"", ""0.995""]",190.9848,1,27.8,29.5,28.9
1788187733.7,Highest temperature in Lucknow on September 2?,Lucknow,2026-09-02,4018291,highest-temperature-in-lucknow-on-september-2-2026-26c,Will the highest temperature in Lucknow be 26°C on September 2?,"[""Yes"", ""No""]","[""0.0075"", ""0.9925""]",50.2512,1,27.8,29.5,28.9
1788187733.7,Highest temperature in Lucknow on September 2?,Lucknow,2026-09-02,4018292,highest-temperature-in-lucknow-on-september-2-2026-27c,Will the highest temperature in Lucknow be 27°C on September 2?,"[""Yes"", ""No""]","[""0.0505"", ""0.9495""]",,1,27.8,29.5,28.9
1788187733.7,Highest temperature in Lucknow on September 2?,Lucknow,2026-09-02,4018293,highest-temperature-in-lucknow-on-september-2-2026-28c,Will the highest temperature in Lucknow be 28°C on September 2?,"[""Yes"", ""No""]","[""0.085"", ""0.915""]",2,1,27.8,29.5,28.9
1788187733.7,Highest temperature in Lucknow on September 2?,Lucknow,2026-09-02,4018294,highest-temperature-in-lucknow-on-september-2-2026-29c,Will the highest temperature in Lucknow be 29°C on September 2?,"[""Yes"", ""No""]","[""0.29"", ""0.71""]",37.202376,1,27.8,29.5,28.9
1788187733.7,Highest temperature in Lucknow on September 2?,Lucknow,2026-09-02,4018295,highest-temperature-in-lucknow-on-september-2-2026-30c,Will the highest temperature in Lucknow be 30°C on September 2?,"[""Yes"", ""No""]","[""0.285"", ""0.715""]",1.5,1,27.8,29.5,28.9
1788187733.7,Highest temperature in Lucknow on September 2?,Lucknow,2026-09-02,4018296,highest-temperature-in-lucknow-on-september-2-2026-31c,Will the highest temperature in Lucknow be 31°C on September 2?,"[""Yes"", ""No""]","[""0.19"", ""0.81""]",64.611006,1,27.8,29.5,28.9
1788187733.7,Highest temperature in Lucknow on September 2?,Lucknow,2026-09-02,4018297,highest-temperature-in-lucknow-on-september-2-2026-32c,Will the highest temperature in Lucknow be 32°C on September 2?,"[""Yes"", ""No""]","[""0.09"", ""0.91""]",7,1,27.8,29.5,28.9
1788187733.7,Highest temperature in Lucknow on September 2?,Lucknow,2026-09-02,4018298,highest-temperature-in-lucknow-on-september-2-2026-33corhigher,Will the highest temperature in Lucknow be 33°C or higher on September 2?,"[""Yes"", ""No""]","[""0.03"", ""0.97""]",38.7979,1,27.8,29.5,28.9
1788187733.7,Highest temperature in Munich on September 2?,Munich,2026-09-02,4018299,highest-temperature-in-munich-on-september-2-2026-20corbelow,Will the highest temperature in Munich be 20°C or below on September 2?,"[""Yes"", ""No""]","[""0.025"", ""0.975""]",44.434200000000004,1,23.1,23.4,22.8
1788187733.7,Highest temperature in Munich on September 2?,Munich,2026-09-02,4018300,highest-temperature-in-munich-on-september-2-2026-21c,Will the highest temperature in Munich be 21°C on September 2?,"[""Yes"", ""No""]","[""0.015"", ""0.985""]",,1,23.1,23.4,22.8
1788187733.7,Highest temperature in Munich on September 2?,Munich,2026-09-02,4018301,highest-temperature-in-munich-on-september-2-2026-22c,Will the highest temperature in Munich be 22°C on September 2?,"[""Yes"", ""No""]","[""0.07"", ""0.93""]",6.0625,1,23.1,23.4,22.8
1788187733.7,Highest temperature in Munich on September 2?,Munich,2026-09-02,4018302,highest-temperature-in-munich-on-september-2-2026-23c,Will the highest temperature in Munich be 23°C on September 2?,"[""Yes"", ""No""]","[""0.095"", ""0.905""]",42,1,23.1,23.4,22.8
1788187733.7,Highest temperature in Munich on September 2?,Munich,2026-09-02,4018303,highest-temperature-in-munich-on-september-2-2026-24c,Will the highest temperature in Munich be 24°C on September 2?,"[""Yes"", ""No""]","[""0.335"", ""0.665""]",340.798308,1,23.1,23.4,22.8
1788187733.7,Highest temperature in Munich on September 2?,Munich,2026-09-02,4018304,highest-temperature-in-munich-on-september-2-2026-25c,Will the highest temperature in Munich be 25°C on September 2?,"[""Yes"", ""No""]","[""0.295"", ""0.705""]",64.58795599999999,1,23.1,23.4,22.8
1788187733.7,Highest temperature in Munich on September 2?,Munich,2026-09-02,4018305,highest-temperature-in-munich-on-september-2-2026-26c,Will the highest temperature in Munich be 26°C on September 2?,"[""Yes"", ""No""]","[""0.1"", ""0.9""]",70.97935700000001,1,23.1,23.4,22.8
1788187733.7,Highest temperature in Munich on September 2?,Munich,2026-09-02,4018306,highest-temperature-in-munich-on-september-2-2026-27c,Will the highest temperature in Munich be 27°C on September 2?,"[""Yes"", ""No""]","[""0.015"", ""0.985""]",50,1,23.1,23.4,22.8
1788187733.7,Highest temperature in Munich on September 2?,Munich,2026-09-02,4018307,highest-temperature-in-munich-on-september-2-2026-28c,Will the highest temperature in Munich be 28°C on September 2?,"[""Yes"", ""No""]","[""0.0075"", ""0.9925""]",15,1,23.1,23.4,22.8
1788187733.7,Highest temperature in Munich on September 2?,Munich,2026-09-02,4018308,highest-temperature-in-munich-on-september-2-2026-29c,Will the highest temperature in Munich be 29°C on September 2?,"[""Yes"", ""No""]","[""0.0055"", ""0.9945""]",90,1,23.1,23.4,22.8
1788187733.7,Highest temperature in Munich on September 2?,Munich,2026-09-02,4018309,highest-temperature-in-munich-on-september-2-2026-30corhigher,Will the highest temperature in Munich be 30°C or higher on September 2?,"[""Yes"", ""No""]","[""0.0015"", ""0.9985""]",235.21499999999997,1,23.1,23.4,22.8
1788187733.7,Highest temperature in Tel Aviv on September 2?,Tel Aviv,2026-09-02,4018310,highest-temperature-in-tel-aviv-on-september-2-2026-28corbelow,Will the highest temperature in Tel Aviv be 28°C or below on September 2?,"[""Yes"", ""No""]","[""0.0015"", ""0.9985""]",145.7455,1,31.0,28.7,31.2
1788187733.7,Highest temperature in Tel Aviv on September 2?,Tel Aviv,2026-09-02,4018311,highest-temperature-in-tel-aviv-on-september-2-2026-29c,Will the highest temperature in Tel Aviv be 29°C on September 2?,"[""Yes"", ""No""]","[""0.0015"", ""0.9985""]",47.66,1,31.0,28.7,31.2
1788187733.7,Highest temperature in Tel Aviv on September 2?,Tel Aviv,2026-09-02,4018312,highest-temperature-in-tel-aviv-on-september-2-2026-30c,Will the highest temperature in Tel Aviv be 30°C on September 2?,"[""Yes"", ""No""]","[""0.0055"", ""0.9945""]",26.957700000000003,1,31.0,28.7,31.2
1788187733.7,Highest temperature in Tel Aviv on September 2?,Tel Aviv,2026-09-02,4018313,highest-temperature-in-tel-aviv-on-september-2-2026-31c,Will the highest temperature in Tel Aviv be 31°C on September 2?,"[""Yes"", ""No""]","[""0.03"", ""0.97""]",141.695114,1,31.0,28.7,31.2
1788187733.7,Highest temperature in Tel Aviv on September 2?,Tel Aviv,2026-09-02,4018314,highest-temperature-in-tel-aviv-on-september-2-2026-32c,Will the highest temperature in Tel Aviv be 32°C on September 2?,"[""Yes"", ""No""]","[""0.27"", ""0.73""]",366.931564,1,31.0,28.7,31.2
1788187733.7,Highest temperature in Tel Aviv on September 2?,Tel Aviv,2026-09-02,4018315,highest-temperature-in-tel-aviv-on-september-2-2026-33c,Will the highest temperature in Tel Aviv be 33°C on September 2?,"[""Yes"", ""No""]","[""0.64"", ""0.36""]",570.283087,1,31.0,28.7,31.2
1788187733.7,Highest temperature in Tel Aviv on September 2?,Tel Aviv,2026-09-02,4018316,highest-temperature-in-tel-aviv-on-september-2-2026-34c,Will the highest temperature in Tel Aviv be 34°C on September 2?,"[""Yes"", ""No""]","[""0.075"", ""0.925""]",71.376342,1,31.0,28.7,31.2
1788187733.7,Highest temperature in Tel Aviv on September 2?,Tel Aviv,2026-09-02,4018317,highest-temperature-in-tel-aviv-on-september-2-2026-35c,Will the highest temperature in Tel Aviv be 35°C on September 2?,"[""Yes"", ""No""]","[""0.02"", ""0.98""]",98.12665,1,31.0,28.7,31.2
1788187733.7,Highest temperature in Tel Aviv on September 2?,Tel Aviv,2026-09-02,4018318,highest-temperature-in-tel-aviv-on-september-2-2026-36c,Will the highest temperature in Tel Aviv be 36°C on September 2?,"[""Yes"", ""No""]","[""0.0055"", ""0.9945""]",67.693,1,31.0,28.7,31.2
1788187733.7,Highest temperature in Tel Aviv on September 2?,Tel Aviv,2026-09-02,4018319,highest-temperature-in-tel-aviv-on-september-2-2026-37c,Will the highest temperature in Tel Aviv be 37°C on September 2?,"[""Yes"", ""No""]","[""0.0025"", ""0.9975""]",42.66,1,31.0,28.7,31.2
1788187733.7,Highest temperature in Tel Aviv on September 2?,Tel Aviv,2026-09-02,4018320,highest-temperature-in-tel-aviv-on-september-2-2026-38corhigher,Will the highest temperature in Tel Aviv be 38°C or higher on September 2?,"[""Yes"", ""No""]","[""0.0025"", ""0.9975""]",42.66,1,31.0,28.7,31.2
1788187733.7,Highest temperature in Tokyo on September 2?,Tokyo,2026-09-02,4018321,highest-temperature-in-tokyo-on-september-2-2026-26corbelow,Will the highest temperature in Tokyo be 26°C or below on September 2?,"[""Yes"", ""No""]","[""0.0015"", ""0.9985""]",1112.301,1,31.8,30.1,32.2
1788187733.7,Highest temperature in Tokyo on September 2?,Tokyo,2026-09-02,4018322,highest-temperature-in-tokyo-on-september-2-2026-27c,Will the highest temperature in Tokyo be 27°C on September 2?,"[""Yes"", ""No""]","[""0.0075"", ""0.9925""]",82.2964,1,31.8,30.1,32.2
1788187733.7,Highest temperature in Tokyo on September 2?,Tokyo,2026-09-02,4018323,highest-temperature-in-tokyo-on-september-2-2026-28c,Will the highest temperature in Tokyo be 28°C on September 2?,"[""Yes"", ""No""]","[""0.02"", ""0.98""]",52.5729,1,31.8,30.1,32.2
1788187733.7,Highest temperature in Tokyo on September 2?,Tokyo,2026-09-02,4018324,highest-temperature-in-tokyo-on-september-2-2026-29c,Will the highest temperature in Tokyo be 29°C on September 2?,"[""Yes"", ""No""]","[""0.04"", ""0.96""]",108.05439299999999,1,31.8,30.1,32.2
1788187733.7,Highest temperature in Tokyo on September 2?,Tokyo,2026-09-02,4018325,highest-temperature-in-tokyo-on-september-2-2026-30c,Will the highest temperature in Tokyo be 30°C on September 2?,"[""Yes"", ""No""]","[""0.1"", ""0.9""]",262.686289,1,31.8,30.1,32.2
1788187733.7,Highest temperature in Tokyo on September 2?,Tokyo,2026-09-02,4018326,highest-temperature-in-tokyo-on-september-2-2026-31c,Will the highest temperature in Tokyo be 31°C on September 2?,"[""Yes"", ""No""]","[""0.395"", ""0.605""]",215.17735399999998,1,31.8,30.1,32.2
1788187733.7,Highest temperature in Tokyo on September 2?,Tokyo,2026-09-02,4018327,highest-temperature-in-tokyo-on-september-2-2026-32c,Will the highest temperature in Tokyo be 32°C on September 2?,"[""Yes"", ""No""]","[""0.29"", ""0.71""]",49.867323,1,31.8,30.1,32.2
1788187733.7,Highest temperature in Tokyo on September 2?,Tokyo,2026-09-02,4018328,highest-temperature-in-tokyo-on-september-2-2026-33c,Will the highest temperature in Tokyo be 33°C on September 2?,"[""Yes"", ""No""]","[""0.105"", ""0.895""]",298.50818,1,31.8,30.1,32.2
1788187733.7,Highest temperature in Tokyo on September 2?,Tokyo,2026-09-02,4018329,highest-temperature-in-tokyo-on-september-2-2026-34c,Will the highest temperature in Tokyo be 34°C on September 2?,"[""Yes"", ""No""]","[""0.04"", ""0.96""]",249.26999999999998,1,31.8,30.1,32.2
1788187733.7,Highest temperature in Tokyo on September 2?,Tokyo,2026-09-02,4018330,highest-temperature-in-tokyo-on-september-2-2026-35c,Will the highest temperature in Tokyo be 35°C on September 2?,"[""Yes"", ""No""]","[""0.025"", ""0.975""]",109.20699400000001,1,31.8,30.1,32.2
1788187733.7,Highest temperature in Tokyo on September 2?,Tokyo,2026-09-02,4018331,highest-temperature-in-tokyo-on-september-2-2026-36corhigher,Will the highest temperature in Tokyo be 36°C or higher on September 2?,"[""Yes"", ""No""]","[""0.0055"", ""0.9945""]",117.2598,1,31.8,30.1,32.2
1788187733.7,Highest temperature in Hong Kong on September 2?,Hong Kong,2026-09-02,4018332,highest-temperature-in-hong-kong-on-september-2-2026-24corbelow,Will the highest temperature in Hong Kong be 24°C or below on September 2?,"[""Yes"", ""No""]","[""0.002"", ""0.998""]",403.99100000000004,1,30.2,30.7,28.6
1788187733.7,Highest temperature in Hong Kong on September 2?,Hong Kong,2026-09-02,4018333,highest-temperature-in-hong-kong-on-september-2-2026-25c,Will the highest temperature in Hong Kong be 25°C on September 2?,"[""Yes"", ""No""]","[""0.003"", ""0.997""]",296.019,1,30.2,30.7,28.6
1788187733.7,Highest temperature in Hong Kong on September 2?,Hong Kong,2026-09-02,4018334,highest-temperature-in-hong-kong-on-september-2-2026-26c,Will the highest temperature in Hong Kong be 26°C on September 2?,"[""Yes"", ""No""]","[""0.0055"", ""0.9945""]",93.103,1,30.2,30.7,28.6
1788187733.7,Highest temperature in Hong Kong on September 2?,Hong Kong,2026-09-02,4018335,highest-temperature-in-hong-kong-on-september-2-2026-27c,Will the highest temperature in Hong Kong be 27°C on September 2?,"[""Yes"", ""No""]","[""0.004"", ""0.996""]",311.03000000000003,1,30.2,30.7,28.6
1788187733.7,Highest temperature in Hong Kong on September 2?,Hong Kong,2026-09-02,4018336,highest-temperature-in-hong-kong-on-september-2-2026-28c,Will the highest temperature in Hong Kong be 28°C on September 2?,"[""Yes"", ""No""]","[""0.07"", ""0.93""]",91.179125,1,30.2,30.7,28.6
1788187733.7,Highest temperature in Hong Kong on September 2?,Hong Kong,2026-09-02,4018337,highest-temperature-in-hong-kong-on-september-2-2026-29c,Will the highest temperature in Hong Kong be 29°C on September 2?,"[""Yes"", ""No""]","[""0.265"", ""0.735""]",80.238935,1,30.2,30.7,28.6
1788187733.7,Highest temperature in Hong Kong on September 2?,Hong Kong,2026-09-02,4018338,highest-temperature-in-hong-kong-on-september-2-2026-30c,Will the highest temperature in Hong Kong be 30°C on September 2?,"[""Yes"", ""No""]","[""0.325"", ""0.675""]",37,1,30.2,30.7,28.6
1788187733.7,Highest temperature in Hong Kong on September 2?,Hong Kong,2026-09-02,4018339,highest-temperature-in-hong-kong-on-september-2-2026-31c,Will the highest temperature in Hong Kong be 31°C on September 2?,"[""Yes"", ""No""]","[""0.255"", ""0.745""]",37.857141,1,30.2,30.7,28.6
1788187733.7,Highest temperature in Hong Kong on September 2?,Hong Kong,2026-09-02,4018340,highest-temperature-in-hong-kong-on-september-2-2026-32c,Will the highest temperature in Hong Kong be 32°C on September 2?,"[""Yes"", ""No""]","[""0.055"", ""0.945""]",40.099129,1,30.2,30.7,28.6
1788187733.7,Highest temperature in Hong Kong on September 2?,Hong Kong,2026-09-02,4018341,highest-temperature-in-hong-kong-on-september-2-2026-33c,Will the highest temperature in Hong Kong be 33°C on September 2?,"[""Yes"", ""No""]","[""0.015"", ""0.985""]",156,1,30.2,30.7,28.6
1788187733.7,Highest temperature in Hong Kong on September 2?,Hong Kong,2026-09-02,4018342,highest-temperature-in-hong-kong-on-september-2-2026-34corhigher,Will the highest temperature in Hong Kong be 34°C or higher on September 2?,"[""Yes"", ""No""]","[""0.009"", ""0.991""]",98.86200000000001,1,30.2,30.7,28.6
1788187733.7,Highest temperature in Shanghai on September 2?,Shanghai,2026-09-02,4018343,highest-temperature-in-shanghai-on-september-2-2026-25corbelow,Will the highest temperature in Shanghai be 25°C or below on September 2?,"[""Yes"", ""No""]","[""0.0015"", ""0.9985""]",655.7919999999999,1,27.4,29.8,28.6
1788187733.7,Highest temperature in Shanghai on September 2?,Shanghai,2026-09-02,4018344,highest-temperature-in-shanghai-on-september-2-2026-26c,Will the highest temperature in Shanghai be 26°C on September 2?,"[""Yes"", ""No""]","[""0.0015"", ""0.9985""]",434.42900000000003,1,27.4,29.8,28.6
1788187733.7,Highest temperature in Shanghai on September 2?,Shanghai,2026-09-02,4018345,highest-temperature-in-shanghai-on-september-2-2026-27c,Will the highest temperature in Shanghai be 27°C on September 2?,"[""Yes"", ""No""]","[""0.0445"", ""0.9555""]",94.61157,1,27.4,29.8,28.6
1788187733.7,Highest temperature in Shanghai on September 2?,Shanghai,2026-09-02,4018346,highest-temperature-in-shanghai-on-september-2-2026-28c,Will the highest temperature in Shanghai be 28°C on September 2?,"[""Yes"", ""No""]","[""0.05"", ""0.95""]",230.13457799999998,1,27.4,29.8,28.6
1788187733.7,Highest temperature in Shanghai on September 2?,Shanghai,2026-09-02,4018347,highest-temperature-in-shanghai-on-september-2-2026-29c,Will the highest temperature in Shanghai be 29°C on September 2?,"[""Yes"", ""No""]","[""0.105"", ""0.895""]",937.1597350000001,1,27.4,29.8,28.6
1788187733.7,Highest temperature in Shanghai on September 2?,Shanghai,2026-09-02,4018348,highest-temperature-in-shanghai-on-september-2-2026-30c,Will the highest temperature in Shanghai be 30°C on September 2?,"[""Yes"", ""No""]","[""0.37"", ""0.63""]",65.19,1,27.4,29.8,28.6
1788187733.7,Highest temperature in Shanghai on September 2?,Shanghai,2026-09-02,4018349,highest-temperature-in-shanghai-on-september-2-2026-31c,Will the highest temperature in Shanghai be 31°C on September 2?,"[""Yes"", ""No""]","[""0.315"", ""0.685""]",201.14519900000002,1,27.4,29.8,28.6
1788187733.7,Highest temperature in Shanghai on September 2?,Shanghai,2026-09-02,4018350,highest-temperature-in-shanghai-on-september-2-2026-32c,Will the highest temperature in Shanghai be 32°C on September 2?,"[""Yes"", ""No""]","[""0.085"", ""0.915""]",71.43647100000001,1,27.4,29.8,28.6
1788187733.7,Highest temperature in Shanghai on September 2?,Shanghai,2026-09-02,4018351,highest-temperature-in-shanghai-on-september-2-2026-33c,Will the highest temperature in Shanghai be 33°C on September 2?,"[""Yes"", ""No""]","[""0.003"", ""0.997""]",5,1,27.4,29.8,28.6
1788187733.7,Highest temperature in Shanghai on September 2?,Shanghai,2026-09-02,4018352,highest-temperature-in-shanghai-on-september-2-2026-34c,Will the highest temperature in Shanghai be 34°C on September 2?,"[""Yes"", ""No""]","[""0.0015"", ""0.9985""]",271.21500000000003,1,27.4,29.8,28.6
1788187733.7,Highest temperature in Shanghai on September 2?,Shanghai,2026-09-02,4018353,highest-temperature-in-shanghai-on-september-2-2026-35corhigher,Will the highest temperature in Shanghai be 35°C or higher on September 2?,"[""Yes"", ""No""]","[""0.0005"", ""0.9995""]",316.995,1,27.4,29.8,28.6
1788187733.7,Highest temperature in Singapore on September 2?,Singapore,2026-09-02,4018354,highest-temperature-in-singapore-on-september-2-2026-27corbelow,Will the highest temperature in Singapore be 27°C or below on September 2?,"[""Yes"", ""No""]","[""0.001"", ""0.999""]",316.98400000000004,1,32.2,31.5,34.9
1788187733.7,Highest temperature in Singapore on September 2?,Singapore,2026-09-02,4018355,highest-temperature-in-singapore-on-september-2-2026-28c,Will the highest temperature in Singapore be 28°C on September 2?,"[""Yes"", ""No""]","[""0.001"", ""0.999""]",316.99,1,32.2,31.5,34.9
1788187733.7,Highest temperature in Singapore on September 2?,Singapore,2026-09-02,4018356,highest-temperature-in-singapore-on-september-2-2026-29c,Will the highest temperature in Singapore be 29°C on September 2?,"[""Yes"", ""No""]","[""0.0015"", ""0.9985""]",219.08599999999998,1,32.2,31.5,34.9
1788187733.7,Highest temperature in Singapore on September 2?,Singapore,2026-09-02,4018357,highest-temperature-in-singapore-on-september-2-2026-30c,Will the highest temperature in Singapore be 30°C on September 2?,"[""Yes"", ""No""]","[""0.024"", ""0.976""]",22.90715,1,32.2,31.5,34.9
1788187733.7,Highest temperature in Singapore on September 2?,Singapore,2026-09-02,4018358,highest-temperature-in-singapore-on-september-2-2026-31c,Will the highest temperature in Singapore be 31°C on September 2?,"[""Yes"", ""No""]","[""0.035"", ""0.965""]",57.925245,1,32.2,31.5,34.9
1788187733.7,Highest temperature in Singapore on September 2?,Singapore,2026-09-02,4018359,highest-temperature-in-singapore-on-september-2-2026-32c,Will the highest temperature in Singapore be 32°C on September 2?,"[""Yes"", ""No""]","[""0.13"", ""0.87""]",191.919976,1,32.2,31.5,34.9
1788187733.7,Highest temperature in Singapore on September 2?,Singapore,2026-09-02,4018360,highest-temperature-in-singapore-on-september-2-2026-33c,Will the highest temperature in Singapore be 33°C on September 2?,"[""Yes"", ""No""]","[""0.55"", ""0.45""]",436.468293,1,32.2,31.5,34.9
1788187733.7,Highest temperature in Singapore on September 2?,Singapore,2026-09-02,4018361,highest-temperature-in-singapore-on-september-2-2026-34c,Will the highest temperature in Singapore be 34°C on September 2?,"[""Yes"", ""No""]","[""0.215"", ""0.785""]",1516.008583,1,32.2,31.5,34.9
1788187733.7,Highest temperature in Singapore on September 2?,Singapore,2026-09-02,4018362,highest-temperature-in-singapore-on-september-2-2026-35c,Will the highest temperature in Singapore be 35°C on September 2?,"[""Yes"", ""No""]","[""0.03"", ""0.97""]",142.466933,1,32.2,31.5,34.9
1788187733.7,Highest temperature in Singapore on September 2?,Singapore,2026-09-02,4018363,highest-temperature-in-singapore-on-september-2-2026-36c,Will the highest temperature in Singapore be 36°C on September 2?,"[""Yes"", ""No""]","[""0.0125"", ""0.9875""]",37.3905,1,32.2,31.5,34.9
1788187733.7,Highest temperature in Singapore on September 2?,Singapore,2026-09-02,4018364,highest-temperature-in-singapore-on-september-2-2026-37corhigher,Will the highest temperature in Singapore be 37°C or higher on September 2?,"[""Yes"", ""No""]","[""0.0025"", ""0.9975""]",189.43933299999998,1,32.2,31.5,34.9
1788187733.7,Highest temperature in Milan on September 2?,Milan,2026-09-02,4018365,highest-temperature-in-milan-on-september-2-2026-22corbelow,Will the highest temperature in Milan be 22°C or below on September 2?,"[""Yes"", ""No""]","[""0.006"", ""0.994""]",1299.270666,1,30.1,30.5,30.4
1788187733.7,Highest temperature in Milan on September 2?,Milan,2026-09-02,4018366,highest-temperature-in-milan-on-september-2-2026-23c,Will the highest temperature in Milan be 23°C on September 2?,"[""Yes"", ""No""]","[""0.0005"", ""0.9995""]",345.995,1,30.1,30.5,30.4
1788187733.7,Highest temperature in Milan on September 2?,Milan,2026-09-02,4018367,highest-temperature-in-milan-on-september-2-2026-24c,Will the highest temperature in Milan be 24°C on September 2?,"[""Yes"", ""No""]","[""0.0015"", ""0.9985""]",246.221,1,30.1,30.5,30.4
1788187733.7,Highest temperature in Milan on September 2?,Milan,2026-09-02,4018368,highest-temperature-in-milan-on-september-2-2026-25c,Will the highest temperature in Milan be 25°C on September 2?,"[""Yes"", ""No""]","[""0.0015"", ""0.9985""]",142.117,1,30.1,30.5,30.4
1788187733.7,Highest temperature in Milan on September 2?,Milan,2026-09-02,4018369,highest-temperature-in-milan-on-september-2-2026-26c,Will the highest temperature in Milan be 26°C on September 2?,"[""Yes"", ""No""]","[""0.0025"", ""0.9975""]",63.068,1,30.1,30.5,30.4
1788187733.7,Highest temperature in Milan on September 2?,Milan,2026-09-02,4018370,highest-temperature-in-milan-on-september-2-2026-27c,Will the highest temperature in Milan be 27°C on September 2?,"[""Yes"", ""No""]","[""0.03"", ""0.97""]",,1,30.1,30.5,30.4
1788187733.7,Highest temperature in Milan on September 2?,Milan,2026-09-02,4018371,highest-temperature-in-milan-on-september-2-2026-28c,Will the highest temperature in Milan be 28°C on September 2?,"[""Yes"", ""No""]","[""0.1"", ""0.9""]",,1,30.1,30.5,30.4
1788187733.7,Highest temperature in Milan on September 2?,Milan,2026-09-02,4018372,highest-temperature-in-milan-on-september-2-2026-29c,Will the highest temperature in Milan be 29°C on September 2?,"[""Yes"", ""No""]","[""0.34"", ""0.66""]",8.421822,1,30.1,30.5,30.4
1788187733.7,Highest temperature in Milan on September 2?,Milan,2026-09-02,4018373,highest-temperature-in-milan-on-september-2-2026-30c,Will the highest temperature in Milan be 30°C on September 2?,"[""Yes"", ""No""]","[""0.38"", ""0.62""]",184.21663099999998,1,30.1,30.5,30.4
1788187733.7,Highest temperature in Milan on September 2?,Milan,2026-09-02,4018374,highest-temperature-in-milan-on-september-2-2026-31c,Will the highest temperature in Milan be 31°C on September 2?,"[""Yes"", ""No""]","[""0.135"", ""0.865""]",3.25,1,30.1,30.5,30.4
1788187733.7,Highest temperature in Milan on September 2?,Milan,2026-09-02,4018375,highest-temperature-in-milan-on-september-2-2026-32corhigher,Will the highest temperature in Milan be 32°C or higher on September 2?,"[""Yes"", ""No""]","[""0.04"", ""0.96""]",,1,30.1,30.5,30.4
1788187733.7,Highest temperature in Madrid on September 2?,Madrid,2026-09-02,4018376,highest-temperature-in-madrid-on-september-2-2026-31corbelow,Will the highest temperature in Madrid be 31°C or below on September 2?,"[""Yes"", ""No""]","[""0.0015"", ""0.9985""]",161.1368,1,35.5,35.9,36.5
1788187733.7,Highest temperature in Madrid on September 2?,Madrid,2026-09-02,4018377,highest-temperature-in-madrid-on-september-2-2026-32c,Will the highest temperature in Madrid be 32°C on September 2?,"[""Yes"", ""No""]","[""0.003"", ""0.997""]",129.013,1,35.5,35.9,36.5
1788187733.7,Highest temperature in Madrid on September 2?,Madrid,2026-09-02,4018378,highest-temperature-in-madrid-on-september-2-2026-33c,Will the highest temperature in Madrid be 33°C on September 2?,"[""Yes"", ""No""]","[""0.0075"", ""0.9925""]",23.12,1,35.5,35.9,36.5
1788187733.7,Highest temperature in Madrid on September 2?,Madrid,2026-09-02,4018379,highest-temperature-in-madrid-on-september-2-2026-34c,Will the highest temperature in Madrid be 34°C on September 2?,"[""Yes"", ""No""]","[""0.01"", ""0.99""]",21,1,35.5,35.9,36.5
1788187733.7,Highest temperature in Madrid on September 2?,Madrid,2026-09-02,4018380,highest-temperature-in-madrid-on-september-2-2026-35c,Will the highest temperature in Madrid be 35°C on September 2?,"[""Yes"", ""No""]","[""0.03"", ""0.97""]",85.119997,1,35.5,35.9,36.5
1788187733.7,Highest temperature in Madrid on September 2?,Madrid,2026-09-02,4018381,highest-temperature-in-madrid-on-september-2-2026-36c,Will the highest temperature in Madrid be 36°C on September 2?,"[""Yes"", ""No""]","[""0.445"", ""0.555""]",239.279475,1,35.5,35.9,36.5
1788187733.7,Highest temperature in Madrid on September 2?,Madrid,2026-09-02,4018382,highest-temperature-in-madrid-on-september-2-2026-37c,Will the highest temperature in Madrid be 37°C on September 2?,"[""Yes"", ""No""]","[""0.455"", ""0.545""]",406.73069699999996,1,35.5,35.9,36.5
1788187733.7,Highest temperature in Madrid on September 2?,Madrid,2026-09-02,4018383,highest-temperature-in-madrid-on-september-2-2026-38c,Will the highest temperature in Madrid be 38°C on September 2?,"[""Yes"", ""No""]","[""0.065"", ""0.935""]",92.6,1,35.5,35.9,36.5
1788187733.7,Highest temperature in Madrid on September 2?,Madrid,2026-09-02,4018384,highest-temperature-in-madrid-on-september-2-2026-39c,Will the highest temperature in Madrid be 39°C on September 2?,"[""Yes"", ""No""]","[""0.0125"", ""0.9875""]",5,1,35.5,35.9,36.5
1788187733.7,Highest temperature in Madrid on September 2?,Madrid,2026-09-02,4018385,highest-temperature-in-madrid-on-september-2-2026-40c,Will the highest temperature in Madrid be 40°C on September 2?,"[""Yes"", ""No""]","[""0.0025"", ""0.9975""]",41.760000000000005,1,35.5,35.9,36.5
1788187733.7,Highest temperature in Madrid on September 2?,Madrid,2026-09-02,4018386,highest-temperature-in-madrid-on-september-2-2026-41corhigher,Will the highest temperature in Madrid be 41°C or higher on September 2?,"[""Yes"", ""No""]","[""0.002"", ""0.998""]",41,1,35.5,35.9,36.5
1788187733.7,Highest temperature in Warsaw on September 2?,Warsaw,2026-09-02,4018387,highest-temperature-in-warsaw-on-september-2-2026-17corbelow,Will the highest temperature in Warsaw be 17°C or below on September 2?,"[""Yes"", ""No""]","[""0.0015"", ""0.9985""]",142.117,1,22.9,20.4,21.8
1788187733.7,Highest temperature in Warsaw on September 2?,Warsaw,2026-09-02,4018388,highest-temperature-in-warsaw-on-september-2-2026-18c,Will the highest temperature in Warsaw be 18°C on September 2?,"[""Yes"", ""No""]","[""0.0035"", ""0.9965""]",5,1,22.9,20.4,21.8
1788187733.7,Highest temperature in Warsaw on September 2?,Warsaw,2026-09-02,4018389,highest-temperature-in-warsaw-on-september-2-2026-19c,Will the highest temperature in Warsaw be 19°C on September 2?,"[""Yes"", ""No""]","[""0.015"", ""0.985""]",4.9948,1,22.9,20.4,21.8
1788187733.7,Highest temperature in Warsaw on September 2?,Warsaw,2026-09-02,4018390,highest-temperature-in-warsaw-on-september-2-2026-20c,Will the highest temperature in Warsaw be 20°C on September 2?,"[""Yes"", ""No""]","[""0.04"", ""0.96""]",,1,22.9,20.4,21.8
1788187733.7,Highest temperature in Warsaw on September 2?,Warsaw,2026-09-02,4018391,highest-temperature-in-warsaw-on-september-2-2026-21c,Will the highest temperature in Warsaw be 21°C on September 2?,"[""Yes"", ""No""]","[""0.1"", ""0.9""]",7.263156,1,22.9,20.4,21.8
1788187733.7,Highest temperature in Warsaw on September 2?,Warsaw,2026-09-02,4018392,highest-temperature-in-warsaw-on-september-2-2026-22c,Will the highest temperature in Warsaw be 22°C on September 2?,"[""Yes"", ""No""]","[""0.345"", ""0.655""]",185.957553,1,22.9,20.4,21.8
1788187733.7,Highest temperature in Warsaw on September 2?,Warsaw,2026-09-02,4018393,highest-temperature-in-warsaw-on-september-2-2026-23c,Will the highest temperature in Warsaw be 23°C on September 2?,"[""Yes"", ""No""]","[""0.45"", ""0.55""]",234.84750799999998,1,22.9,20.4,21.8
1788187733.7,Highest temperature in Warsaw on September 2?,Warsaw,2026-09-02,4018394,highest-temperature-in-warsaw-on-september-2-2026-24c,Will the highest temperature in Warsaw be 24°C on September 2?,"[""Yes"", ""No""]","[""0.09"", ""0.91""]",,1,22.9,20.4,21.8
1788187733.7,Highest temperature in Warsaw on September 2?,Warsaw,2026-09-02,4018395,highest-temperature-in-warsaw-on-september-2-2026-25c,Will the highest temperature in Warsaw be 25°C on September 2?,"[""Yes"", ""No""]","[""0.04"", ""0.96""]",8.132,1,22.9,20.4,21.8
1788187733.7,Highest temperature in Warsaw on September 2?,Warsaw,2026-09-02,4018396,highest-temperature-in-warsaw-on-september-2-2026-26c,Will the highest temperature in Warsaw be 26°C on September 2?,"[""Yes"", ""No""]","[""0.0025"", ""0.9975""]",59.037,1,22.9,20.4,21.8
1788187733.7,Highest temperature in Warsaw on September 2?,Warsaw,2026-09-02,4018397,highest-temperature-in-warsaw-on-september-2-2026-27corhigher,Will the highest temperature in Warsaw be 27°C or higher on September 2?,"[""Yes"", ""No""]","[""0.0015"", ""0.9985""]",132.231,1,22.9,20.4,21.8
1788187733.7,Highest temperature in Taipei on September 2?,Taipei,2026-09-02,4018398,highest-temperature-in-taipei-on-september-2-2026-28corbelow,Will the highest temperature in Taipei be 28°C or below on September 2?,"[""Yes"", ""No""]","[""0.019"", ""0.981""]",103.083,1,32.8,31.7,32.6
1788187733.7,Highest temperature in Taipei on September 2?,Taipei,2026-09-02,4018399,highest-temperature-in-taipei-on-september-2-2026-29c,Will the highest temperature in Taipei be 29°C on September 2?,"[""Yes"", ""No""]","[""0.055"", ""0.945""]",30.44405,1,32.8,31.7,32.6
1788187733.7,Highest temperature in Taipei on September 2?,Taipei,2026-09-02,4018400,highest-temperature-in-taipei-on-september-2-2026-30c,Will the highest temperature in Taipei be 30°C on September 2?,"[""Yes"", ""No""]","[""0.085"", ""0.915""]",24.36,1,32.8,31.7,32.6
1788187733.7,Highest temperature in Taipei on September 2?,Taipei,2026-09-02,4018401,highest-temperature-in-taipei-on-september-2-2026-31c,Will the highest temperature in Taipei be 31°C on September 2?,"[""Yes"", ""No""]","[""0.08"", ""0.92""]",,1,32.8,31.7,32.6
1788187733.7,Highest temperature in Taipei on September 2?,Taipei,2026-09-02,4018402,highest-temperature-in-taipei-on-september-2-2026-32c,Will the highest temperature in Taipei be 32°C on September 2?,"[""Yes"", ""No""]","[""0.085"", ""0.915""]",46.522914,1,32.8,31.7,32.6
1788187733.7,Highest temperature in Taipei on September 2?,Taipei,2026-09-02,4018403,highest-temperature-in-taipei-on-september-2-2026-33c,Will the highest temperature in Taipei be 33°C on September 2?,"[""Yes"", ""No""]","[""0.255"", ""0.745""]",94.6895,1,32.8,31.7,32.6
1788187733.7,Highest temperature in Taipei on September 2?,Taipei,2026-09-02,4018404,highest-temperature-in-taipei-on-september-2-2026-34c,Will the highest temperature in Taipei be 34°C on September 2?,"[""Yes"", ""No""]","[""0.28"", ""0.72""]",153.265308,1,32.8,31.7,32.6
1788187733.7,Highest temperature in Taipei on September 2?,Taipei,2026-09-02,4018405,highest-temperature-in-taipei-on-september-2-2026-35c,Will the highest temperature in Taipei be 35°C on September 2?,"[""Yes"", ""No""]","[""0.185"", ""0.815""]",50.136665,1,32.8,31.7,32.6
1788187733.7,Highest temperature in Taipei on September 2?,Taipei,2026-09-02,4018406,highest-temperature-in-taipei-on-september-2-2026-36c,Will the highest temperature in Taipei be 36°C on September 2?,"[""Yes"", ""No""]","[""0.045"", ""0.955""]",5.0505,1,32.8,31.7,32.6
1788187733.7,Highest temperature in Taipei on September 2?,Taipei,2026-09-02,4018407,highest-temperature-in-taipei-on-september-2-2026-37c,Will the highest temperature in Taipei be 37°C on September 2?,"[""Yes"", ""No""]","[""0.008"", ""0.992""]",85.39,1,32.8,31.7,32.6
1788187733.7,Highest temperature in Taipei on September 2?,Taipei,2026-09-02,4018408,highest-temperature-in-taipei-on-september-2-2026-38corhigher,Will the highest temperature in Taipei be 38°C or higher on September 2?,"[""Yes"", ""No""]","[""0.0015"", ""0.9985""]",226.015,1,32.8,31.7,32.6
1788187733.7,Highest temperature in Chongqing on September 2?,Chongqing,2026-09-02,4018409,highest-temperature-in-chongqing-on-september-2-2026-28corbelow,Will the highest temperature in Chongqing be 28°C or below on September 2?,"[""Yes"", ""No""]","[""0.0025"", ""0.9975""]",239.99099999999999,1,34.9,32.4,35.0
1788187733.7,Highest temperature in Chongqing on September 2?,Chongqing,2026-09-02,4018410,highest-temperature-in-chongqing-on-september-2-2026-29c,Will the highest temperature in Chongqing be 29°C on September 2?,"[""Yes"", ""No""]","[""0.005"", ""0.995""]",139.994,1,34.9,32.4,35.0
1788187733.7,Highest temperature in Chongqing on September 2?,Chongqing,2026-09-02,4018411,highest-temperature-in-chongqing-on-september-2-2026-30c,Will the highest temperature in Chongqing be 30°C on September 2?,"[""Yes"", ""No""]","[""0.025"", ""0.975""]",47,1,34.9,32.4,35.0
1788187733.7,Highest temperature in Chongqing on September 2?,Chongqing,2026-09-02,4018412,highest-temperature-in-chongqing-on-september-2-2026-31c,Will the highest temperature in Chongqing be 31°C on September 2?,"[""Yes"", ""No""]","[""0.08"", ""0.92""]",7,1,34.9,32.4,35.0
1788187733.7,Highest temperature in Chongqing on September 2?,Chongqing,2026-09-02,4018413,highest-temperature-in-chongqing-on-september-2-2026-32c,Will the highest temperature in Chongqing be 32°C on September 2?,"[""Yes"", ""No""]","[""0.045"", ""0.955""]",23.99368,1,34.9,32.4,35.0
1788187733.7,Highest temperature in Chongqing on September 2?,Chongqing,2026-09-02,4018414,highest-temperature-in-chongqing-on-september-2-2026-33c,Will the highest temperature in Chongqing be 33°C on September 2?,"[""Yes"", ""No""]","[""0.13"", ""0.87""]",2,1,34.9,32.4,35.0
1788187733.7,Highest temperature in Chongqing on September 2?,Chongqing,2026-09-02,4018415,highest-temperature-in-chongqing-on-september-2-2026-34c,Will the highest temperature in Chongqing be 34°C on September 2?,"[""Yes"", ""No""]","[""0.21"", ""0.79""]",4.837836,1,34.9,32.4,35.0
1788187733.7,Highest temperature in Chongqing on September 2?,Chongqing,2026-09-02,4018416,highest-temperature-in-chongqing-on-september-2-2026-35c,Will the highest temperature in Chongqing be 35°C on September 2?,"[""Yes"", ""No""]","[""0.315"", ""0.685""]",95,1,34.9,32.4,35.0
1788187733.7,Highest temperature in Chongqing on September 2?,Chongqing,2026-09-02,4018417,highest-temperature-in-chongqing-on-september-2-2026-36c,Will the highest temperature in Chongqing be 36°C on September 2?,"[""Yes"", ""No""]","[""0.185"", ""0.815""]",,1,34.9,32.4,35.0
1788187733.7,Highest temperature in Chongqing on September 2?,Chongqing,2026-09-02,4018418,highest-temperature-in-chongqing-on-september-2-2026-37c,Will the highest temperature in Chongqing be 37°C on September 2?,"[""Yes"", ""No""]","[""0.075"", ""0.925""]",20,1,34.9,32.4,35.0
1788187733.7,Highest temperature in Chongqing on September 2?,Chongqing,2026-09-02,4018419,highest-temperature-in-chongqing-on-september-2-2026-38corhigher,Will the highest temperature in Chongqing be 38°C or higher on September 2?,"[""Yes"", ""No""]","[""0.05"", ""0.95""]",168.544883,1,34.9,32.4,35.0
1788187733.7,Highest temperature in Beijing on September 2?,Beijing,2026-09-02,4018420,highest-temperature-in-beijing-on-september-2-2026-25corbelow,Will the highest temperature in Beijing be 25°C or below on September 2?,"[""Yes"", ""No""]","[""0.006"", ""0.994""]",5,1,31.1,29.2,30.8
1788187733.7,Highest temperature in Beijing on September 2?,Beijing,2026-09-02,4018421,highest-temperature-in-beijing-on-september-2-2026-26c,Will the highest temperature in Beijing be 26°C on September 2?,"[""Yes"", ""No""]","[""0.006"", ""0.994""]",79.997,1,31.1,29.2,30.8
1788187733.7,Highest temperature in Beijing on September 2?,Beijing,2026-09-02,4018422,highest-temperature-in-beijing-on-september-2-2026-27c,Will the highest temperature in Beijing be 27°C on September 2?,"[""Yes"", ""No""]","[""0.025"", ""0.975""]",,1,31.1,29.2,30.8
1788187733.7,Highest temperature in Beijing on September 2?,Beijing,2026-09-02,4018423,highest-temperature-in-beijing-on-september-2-2026-28c,Will the highest temperature in Beijing be 28°C on September 2?,"[""Yes"", ""No""]","[""0.07"", ""0.93""]",,1,31.1,29.2,30.8
1788187733.7,Highest temperature in Beijing on September 2?,Beijing,2026-09-02,4018424,highest-temperature-in-beijing-on-september-2-2026-29c,Will the highest temperature in Beijing be 29°C on September 2?,"[""Yes"", ""No""]","[""0.13"", ""0.87""]",55.432204000000006,1,31.1,29.2,30.8
1788187733.7,Highest temperature in Beijing on September 2?,Beijing,2026-09-02,4018425,highest-temperature-in-beijing-on-september-2-2026-30c,Will the highest temperature in Beijing be 30°C on September 2?,"[""Yes"", ""No""]","[""0.275"", ""0.725""]",84.95694,1,31.1,29.2,30.8
1788187733.7,Highest temperature in Beijing on September 2?,Beijing,2026-09-02,4018426,highest-temperature-in-beijing-on-september-2-2026-31c,Will the highest temperature in Beijing be 31°C on September 2?,"[""Yes"", ""No""]","[""0.325"", ""0.675""]",148.561669,1,31.1,29.2,30.8
1788187733.7,Highest temperature in Beijing on September 2?,Beijing,2026-09-02,4018427,highest-temperature-in-beijing-on-september-2-2026-32c,Will the highest temperature in Beijing be 32°C on September 2?,"[""Yes"", ""No""]","[""0.145"", ""0.855""]",74.48,1,31.1,29.2,30.8
1788187733.7,Highest temperature in Beijing on September 2?,Beijing,2026-09-02,4018428,highest-temperature-in-beijing-on-september-2-2026-33c,Will the highest temperature in Beijing be 33°C on September 2?,"[""Yes"", ""No""]","[""0.04"", ""0.96""]",33.309765999999996,1,31.1,29.2,30.8
1788187733.7,Highest temperature in Beijing on September 2?,Beijing,2026-09-02,4018429,highest-temperature-in-beijing-on-september-2-2026-34c,Will the highest temperature in Beijing be 34°C on September 2?,"[""Yes"", ""No""]","[""0.0075"", ""0.9925""]",5,1,31.1,29.2,30.8
1788187733.7,Highest temperature in Beijing on September 2?,Beijing,2026-09-02,4018430,highest-temperature-in-beijing-on-september-2-2026-35corhigher,Will the highest temperature in Beijing be 35°C or higher on September 2?,"[""Yes"", ""No""]","[""0.0075"", ""0.9925""]",5,1,31.1,29.2,30.8
1788187733.7,Highest temperature in Wuhan on September 2?,Wuhan,2026-09-02,4018431,highest-temperature-in-wuhan-on-september-2-2026-23corbelow,Will the highest temperature in Wuhan be 23°C or below on September 2?,"[""Yes"", ""No""]","[""0.0015"", ""0.9985""]",330.99100000000004,1,30.0,28.2,28.9
1788187733.7,Highest temperature in Wuhan on September 2?,Wuhan,2026-09-02,4018432,highest-temperature-in-wuhan-on-september-2-2026-24c,Will the highest temperature in Wuhan be 24°C on September 2?,"[""Yes"", ""No""]","[""0.0015"", ""0.9985""]",330.997,1,30.0,28.2,28.9
1788187733.7,Highest temperature in Wuhan on September 2?,Wuhan,2026-09-02,4018433,highest-temperature-in-wuhan-on-september-2-2026-25c,Will the highest temperature in Wuhan be 25°C on September 2?,"[""Yes"", ""No""]","[""0.0055"", ""0.9945""]",615.8763,1,30.0,28.2,28.9
1788187733.7,Highest temperature in Wuhan on September 2?,Wuhan,2026-09-02,4018434,highest-temperature-in-wuhan-on-september-2-2026-26c,Will the highest temperature in Wuhan be 26°C on September 2?,"[""Yes"", ""No""]","[""0.02"", ""0.98""]",245.32,1,30.0,28.2,28.9
1788187733.7,Highest temperature in Wuhan on September 2?,Wuhan,2026-09-02,4018435,highest-temperature-in-wuhan-on-september-2-2026-27c,Will the highest temperature in Wuhan be 27°C on September 2?,"[""Yes"", ""No""]","[""0.035"", ""0.965""]",20,1,30.0,28.2,28.9
1788187733.7,Highest temperature in Wuhan on September 2?,Wuhan,2026-09-02,4018436,highest-temperature-in-wuhan-on-september-2-2026-28c,Will the highest temperature in Wuhan be 28°C on September 2?,"[""Yes"", ""No""]","[""0.095"", ""0.905""]",10.2,1,30.0,28.2,28.9
1788187733.7,Highest temperature in Wuhan on September 2?,Wuhan,2026-09-02,4018437,highest-temperature-in-wuhan-on-september-2-2026-29c,Will the highest temperature in Wuhan be 29°C on September 2?,"[""Yes"", ""No""]","[""0.275"", ""0.725""]",729.3657039999999,1,30.0,28.2,28.9
1788187733.7,Highest temperature in Wuhan on September 2?,Wuhan,2026-09-02,4018438,highest-temperature-in-wuhan-on-september-2-2026-30c,Will the highest temperature in Wuhan be 30°C on September 2?,"[""Yes"", ""No""]","[""0.375"", ""0.625""]",129.609982,1,30.0,28.2,28.9
1788187733.7,Highest temperature in Wuhan on September 2?,Wuhan,2026-09-02,4018439,highest-temperature-in-wuhan-on-september-2-2026-31c,Will the highest temperature in Wuhan be 31°C on September 2?,"[""Yes"", ""No""]","[""0.185"", ""0.815""]",276.04762800000003,1,30.0,28.2,28.9
1788187733.7,Highest temperature in Wuhan on September 2?,Wuhan,2026-09-02,4018440,highest-temperature-in-wuhan-on-september-2-2026-32c,Will the highest temperature in Wuhan be 32°C on September 2?,"[""Yes"", ""No""]","[""0.065"", ""0.935""]",16.903328000000002,1,30.0,28.2,28.9
1788187733.7,Highest temperature in Wuhan on September 2?,Wuhan,2026-09-02,4018441,highest-temperature-in-wuhan-on-september-2-2026-33corhigher,Will the highest temperature in Wuhan be 33°C or higher on September 2?,"[""Yes"", ""No""]","[""0.0075"", ""0.9925""]",25,1,30.0,28.2,28.9
1788187733.7,Highest temperature in Chengdu on September 2?,Chengdu,2026-09-02,4018448,highest-temperature-in-chengdu-on-september-2-2026-28corbelow,Will the highest temperature in Chengdu be 28°C or below on September 2?,"[""Yes"", ""No""]","[""0.01"", ""0.99""]",318.05,1,32.5,33.1,33.4
1788187733.7,Highest temperature in Chengdu on September 2?,Chengdu,2026-09-02,4018451,highest-temperature-in-chengdu-on-september-2-2026-29c,Will the highest temperature in Chengdu be 29°C on September 2?,"[""Yes"", ""No""]","[""0.01"", ""0.99""]",161,1,32.5,33.1,33.4
1788187733.7,Highest temperature in Chengdu on September 2?,Chengdu,2026-09-02,4018452,highest-temperature-in-chengdu-on-september-2-2026-30c,Will the highest temperature in Chengdu be 30°C on September 2?,"[""Yes"", ""No""]","[""0.035"", ""0.965""]",249.35000000000002,1,32.5,33.1,33.4
1788187733.7,Highest temperature in Chengdu on September 2?,Chengdu,2026-09-02,4018453,highest-temperature-in-chengdu-on-september-2-2026-31c,Will the highest temperature in Chengdu be 31°C on September 2?,"[""Yes"", ""No""]","[""0.04"", ""0.96""]",172.78503999999998,1,32.5,33.1,33.4
1788187733.7,Highest temperature in Chengdu on September 2?,Chengdu,2026-09-02,4018454,highest-temperature-in-chengdu-on-september-2-2026-32c,Will the highest temperature in Chengdu be 32°C on September 2?,"[""Yes"", ""No""]","[""0.07"", ""0.93""]",272.597813,1,32.5,33.1,33.4
1788187733.7,Highest temperature in Chengdu on September 2?,Chengdu,2026-09-02,4018455,highest-temperature-in-chengdu-on-september-2-2026-33c,Will the highest temperature in Chengdu be 33°C on September 2?,"[""Yes"", ""No""]","[""0.185"", ""0.815""]",,1,32.5,33.1,33.4
1788187733.7,Highest temperature in Chengdu on September 2?,Chengdu,2026-09-02,4018456,highest-temperature-in-chengdu-on-september-2-2026-34c,Will the highest temperature in Chengdu be 34°C on September 2?,"[""Yes"", ""No""]","[""0.33"", ""0.67""]",27.378376,1,32.5,33.1,33.4
1788187733.7,Highest temperature in Chengdu on September 2?,Chengdu,2026-09-02,4018457,highest-temperature-in-chengdu-on-september-2-2026-35c,Will the highest temperature in Chengdu be 35°C on September 2?,"[""Yes"", ""No""]","[""0.325"", ""0.675""]",252.529334,1,32.5,33.1,33.4
1788187733.7,Highest temperature in Chengdu on September 2?,Chengdu,2026-09-02,4018458,highest-temperature-in-chengdu-on-september-2-2026-36c,Will the highest temperature in Chengdu be 36°C on September 2?,"[""Yes"", ""No""]","[""0.08"", ""0.92""]",172.99563999999998,1,32.5,33.1,33.4
1788187733.7,Highest temperature in Chengdu on September 2?,Chengdu,2026-09-02,4018459,highest-temperature-in-chengdu-on-september-2-2026-37c,Will the highest temperature in Chengdu be 37°C on September 2?,"[""Yes"", ""No""]","[""0.0075"", ""0.9925""]",268.55,1,32.5,33.1,33.4
1788187733.7,Highest temperature in Chengdu on September 2?,Chengdu,2026-09-02,4018460,highest-temperature-in-chengdu-on-september-2-2026-38corhigher,Will the highest temperature in Chengdu be 38°C or higher on September 2?,"[""Yes"", ""No""]","[""0.0075"", ""0.9925""]",660.26,1,32.5,33.1,33.4
1788187733.7,Highest temperature in Shenzhen on September 2?,Shenzhen,2026-09-02,4018461,highest-temperature-in-shenzhen-on-september-2-2026-24corbelow,Will the highest temperature in Shenzhen be 24°C or below on September 2?,"[""Yes"", ""No""]","[""0.0015"", ""0.9985""]",230.0165,1,30.2,31.4,28.2
1788187733.7,Highest temperature in Shenzhen on September 2?,Shenzhen,2026-09-02,4018462,highest-temperature-in-shenzhen-on-september-2-2026-25c,Will the highest temperature in Shenzhen be 25°C on September 2?,"[""Yes"", ""No""]","[""0.0015"", ""0.9985""]",330.997,1,30.2,31.4,28.2
1788187733.7,Highest temperature in Shenzhen on September 2?,Shenzhen,2026-09-02,4018463,highest-temperature-in-shenzhen-on-september-2-2026-26c,Will the highest temperature in Shenzhen be 26°C on September 2?,"[""Yes"", ""No""]","[""0.007"", ""0.993""]",194.20600000000002,1,30.2,31.4,28.2
1788187733.7,Highest temperature in Shenzhen on September 2?,Shenzhen,2026-09-02,4018464,highest-temperature-in-shenzhen-on-september-2-2026-27c,Will the highest temperature in Shenzhen be 27°C on September 2?,"[""Yes"", ""No""]","[""0.0705"", ""0.9295""]",109.78918999999999,1,30.2,31.4,28.2
1788187733.7,Highest temperature in Shenzhen on September 2?,Shenzhen,2026-09-02,4018465,highest-temperature-in-shenzhen-on-september-2-2026-28c,Will the highest temperature in Shenzhen be 28°C on September 2?,"[""Yes"", ""No""]","[""0.09"", ""0.91""]",31.502384,1,30.2,31.4,28.2
1788187733.7,Highest temperature in Shenzhen on September 2?,Shenzhen,2026-09-02,4018466,highest-temperature-in-shenzhen-on-september-2-2026-29c,Will the highest temperature in Shenzhen be 29°C on September 2?,"[""Yes"", ""No""]","[""0.215"", ""0.785""]",4.166665,1,30.2,31.4,28.2
1788187733.7,Highest temperature in Shenzhen on September 2?,Shenzhen,2026-09-02,4018467,highest-temperature-in-shenzhen-on-september-2-2026-30c,Will the highest temperature in Shenzhen be 30°C on September 2?,"[""Yes"", ""No""]","[""0.295"", ""0.705""]",84.33966299999999,1,30.2,31.4,28.2
1788187733.7,Highest temperature in Shenzhen on September 2?,Shenzhen,2026-09-02,4018468,highest-temperature-in-shenzhen-on-september-2-2026-31c,Will the highest temperature in Shenzhen be 31°C on September 2?,"[""Yes"", ""No""]","[""0.235"", ""0.765""]",66.919538,1,30.2,31.4,28.2
1788187733.7,Highest temperature in Shenzhen on September 2?,Shenzhen,2026-09-02,4018469,highest-temperature-in-shenzhen-on-september-2-2026-32c,Will the highest temperature in Shenzhen be 32°C on September 2?,"[""Yes"", ""No""]","[""0.095"", ""0.905""]",,1,30.2,31.4,28.2
1788187733.7,Highest temperature in Shenzhen on September 2?,Shenzhen,2026-09-02,4018470,highest-temperature-in-shenzhen-on-september-2-2026-33c,Will the highest temperature in Shenzhen be 33°C on September 2?,"[""Yes"", ""No""]","[""0.035"", ""0.965""]",322.48999999999995,1,30.2,31.4,28.2
1788187733.7,Highest temperature in Shenzhen on September 2?,Shenzhen,2026-09-02,4018471,highest-temperature-in-shenzhen-on-september-2-2026-34corhigher,Will the highest temperature in Shenzhen be 34°C or higher on September 2?,"[""Yes"", ""No""]","[""0.007"", ""0.993""]",110,1,30.2,31.4,28.2
1788187733.7,Highest temperature in Moscow on September 2?,Moscow,2026-09-02,4018472,highest-temperature-in-moscow-on-september-2-2026-15corbelow,Will the highest temperature in Moscow be 15°C or below on September 2?,"[""Yes"", ""No""]","[""0.006"", ""0.994""]",5,1,23.4,21.3,20.9
1788187733.7,Highest temperature in Moscow on September 2?,Moscow,2026-09-02,4018473,highest-temperature-in-moscow-on-september-2-2026-16c,Will the highest temperature in Moscow be 16°C on September 2?,"[""Yes"", ""No""]","[""0.0075"", ""0.9925""]",5,1,23.4,21.3,20.9
1788187733.7,Highest temperature in Moscow on September 2?,Moscow,2026-09-02,4018474,highest-temperature-in-moscow-on-september-2-2026-17c,Will the highest temperature in Moscow be 17°C on September 2?,"[""Yes"", ""No""]","[""0.02"", ""0.98""]",106.9773,1,23.4,21.3,20.9
1788187733.7,Highest temperature in Moscow on September 2?,Moscow,2026-09-02,4018475,highest-temperature-in-moscow-on-september-2-2026-18c,Will the highest temperature in Moscow be 18°C on September 2?,"[""Yes"", ""No""]","[""0.035"", ""0.965""]",64.1554,1,23.4,21.3,20.9
1788187733.7,Highest temperature in Moscow on September 2?,Moscow,2026-09-02,4018476,highest-temperature-in-moscow-on-september-2-2026-19c,Will the highest temperature in Moscow be 19°C on September 2?,"[""Yes"", ""No""]","[""0.125"", ""0.875""]",22.471909,1,23.4,21.3,20.9
1788187733.7,Highest temperature in Moscow on September 2?,Moscow,2026-09-02,4018477,highest-temperature-in-moscow-on-september-2-2026-20c,Will the highest temperature in Moscow be 20°C on September 2?,"[""Yes"", ""No""]","[""0.305"", ""0.695""]",7.33,1,23.4,21.3,20.9
1788187733.7,Highest temperature in Moscow on September 2?,Moscow,2026-09-02,4018478,highest-temperature-in-moscow-on-september-2-2026-21c,Will the highest temperature in Moscow be 21°C on September 2?,"[""Yes"", ""No""]","[""0.32"", ""0.68""]",27.645159,1,23.4,21.3,20.9
1788187733.7,Highest temperature in Moscow on September 2?,Moscow,2026-09-02,4018479,highest-temperature-in-moscow-on-september-2-2026-22c,Will the highest temperature in Moscow be 22°C on September 2?,"[""Yes"", ""No""]","[""0.18"", ""0.82""]",39.166662,1,23.4,21.3,20.9
1788187733.7,Highest temperature in Moscow on September 2?,Moscow,2026-09-02,4018480,highest-temperature-in-moscow-on-september-2-2026-23c,Will the highest temperature in Moscow be 23°C on September 2?,"[""Yes"", ""No""]","[""0.045"", ""0.955""]",,1,23.4,21.3,20.9
1788187733.7,Highest temperature in Moscow on September 2?,Moscow,2026-09-02,4018481,highest-temperature-in-moscow-on-september-2-2026-24c,Will the highest temperature in Moscow be 24°C on September 2?,"[""Yes"", ""No""]","[""0.025"", ""0.975""]",,1,23.4,21.3,20.9
1788187733.7,Highest temperature in Moscow on September 2?,Moscow,2026-09-02,4018482,highest-temperature-in-moscow-on-september-2-2026-25corhigher,Will the highest temperature in Moscow be 25°C or higher on September 2?,"[""Yes"", ""No""]","[""0.02"", ""0.98""]",79.9898,1,23.4,21.3,20.9
1788187733.7,Highest temperature in Istanbul on September 2?,Istanbul,2026-09-02,4018483,highest-temperature-in-istanbul-on-september-2-2026-22corbelow,Will the highest temperature in Istanbul be 22°C or below on September 2?,"[""Yes"", ""No""]","[""0.007"", ""0.993""]",34.25,1,29.9,28.2,28.6
1788187733.7,Highest temperature in Istanbul on September 2?,Istanbul,2026-09-02,4018484,highest-temperature-in-istanbul-on-september-2-2026-23c,Will the highest temperature in Istanbul be 23°C on September 2?,"[""Yes"", ""No""]","[""0.0075"", ""0.9925""]",45.239799999999995,1,29.9,28.2,28.6
1788187733.7,Highest temperature in Istanbul on September 2?,Istanbul,2026-09-02,4018485,highest-temperature-in-istanbul-on-september-2-2026-24c,Will the highest temperature in Istanbul be 24°C on September 2?,"[""Yes"", ""No""]","[""0.006"", ""0.994""]",58,1,29.9,28.2,28.6
1788187733.7,Highest temperature in Istanbul on September 2?,Istanbul,2026-09-02,4018486,highest-temperature-in-istanbul-on-september-2-2026-25c,Will the highest temperature in Istanbul be 25°C on September 2?,"[""Yes"", ""No""]","[""0.03"", ""0.97""]",180.1655,1,29.9,28.2,28.6
1788187733.7,Highest temperature in Istanbul on September 2?,Istanbul,2026-09-02,4018487,highest-temperature-in-istanbul-on-september-2-2026-26c,Will the highest temperature in Istanbul be 26°C on September 2?,"[""Yes"", ""No""]","[""0.495"", ""0.505""]",135.364139,1,29.9,28.2,28.6
1788187733.7,Highest temperature in Istanbul on September 2?,Istanbul,2026-09-02,4018488,highest-temperature-in-istanbul-on-september-2-2026-27c,Will the highest temperature in Istanbul be 27°C on September 2?,"[""Yes"", ""No""]","[""0.455"", ""0.545""]",424.543369,1,29.9,28.2,28.6
1788187733.7,Highest temperature in Istanbul on September 2?,Istanbul,2026-09-02,4018489,highest-temperature-in-istanbul-on-september-2-2026-28c,Will the highest temperature in Istanbul be 28°C on September 2?,"[""Yes"", ""No""]","[""0.04"", ""0.96""]",91.62,1,29.9,28.2,28.6
1788187733.7,Highest temperature in Istanbul on September 2?,Istanbul,2026-09-02,4018490,highest-temperature-in-istanbul-on-september-2-2026-29c,Will the highest temperature in Istanbul be 29°C on September 2?,"[""Yes"", ""No""]","[""0.006"", ""0.994""]",15,1,29.9,28.2,28.6
1788187733.7,Highest temperature in Istanbul on September 2?,Istanbul,2026-09-02,4018491,highest-temperature-in-istanbul-on-september-2-2026-30c,Will the highest temperature in Istanbul be 30°C on September 2?,"[""Yes"", ""No""]","[""0.0025"", ""0.9975""]",79.62,1,29.9,28.2,28.6
1788187733.7,Highest temperature in Istanbul on September 2?,Istanbul,2026-09-02,4018492,highest-temperature-in-istanbul-on-september-2-2026-31c,Will the highest temperature in Istanbul be 31°C on September 2?,"[""Yes"", ""No""]","[""0.002"", ""0.998""]",79.62,1,29.9,28.2,28.6
1788187733.7,Highest temperature in Istanbul on September 2?,Istanbul,2026-09-02,4018493,highest-temperature-in-istanbul-on-september-2-2026-32corhigher,Will the highest temperature in Istanbul be 32°C or higher on September 2?,"[""Yes"", ""No""]","[""0.002"", ""0.998""]",74.62,1,29.9,28.2,28.6
1788187733.7,Highest temperature in Busan on September 2?,Busan,2026-09-02,4018494,highest-temperature-in-busan-on-september-2-2026-27corbelow,Will the highest temperature in Busan be 27°C or below on September 2?,"[""Yes"", ""No""]","[""0.007"", ""0.993""]",563.82,1,29.1,31.4,29.9
1788187733.7,Highest temperature in Busan on September 2?,Busan,2026-09-02,4018495,highest-temperature-in-busan-on-september-2-2026-28c,Will the highest temperature in Busan be 28°C on September 2?,"[""Yes"", ""No""]","[""0.06"", ""0.94""]",,1,29.1,31.4,29.9
1788187733.7,Highest temperature in Busan on September 2?,Busan,2026-09-02,4018496,highest-temperature-in-busan-on-september-2-2026-29c,Will the highest temperature in Busan be 29°C on September 2?,"[""Yes"", ""No""]","[""0.08"", ""0.92""]",6.5,1,29.1,31.4,29.9
1788187733.7,Highest temperature in Busan on September 2?,Busan,2026-09-02,4018497,highest-temperature-in-busan-on-september-2-2026-30c,Will the highest temperature in Busan be 30°C on September 2?,"[""Yes"", ""No""]","[""0.11"", ""0.89""]",9.23935,1,29.1,31.4,29.9
1788187733.7,Highest temperature in Busan on September 2?,Busan,2026-09-02,4018498,highest-temperature-in-busan-on-september-2-2026-31c,Will the highest temperature in Busan be 31°C on September 2?,"[""Yes"", ""No""]","[""0.21"", ""0.79""]",4.166665,1,29.1,31.4,29.9
1788187733.7,Highest temperature in Busan on September 2?,Busan,2026-09-02,4018499,highest-temperature-in-busan-on-september-2-2026-32c,Will the highest temperature in Busan be 32°C on September 2?,"[""Yes"", ""No""]","[""0.365"", ""0.635""]",22.535,1,29.1,31.4,29.9
1788187733.7,Highest temperature in Busan on September 2?,Busan,2026-09-02,4018500,highest-temperature-in-busan-on-september-2-2026-33c,Will the highest temperature in Busan be 33°C on September 2?,"[""Yes"", ""No""]","[""0.22"", ""0.78""]",15,1,29.1,31.4,29.9
1788187733.7,Highest temperature in Busan on September 2?,Busan,2026-09-02,4018501,highest-temperature-in-busan-on-september-2-2026-34c,Will the highest temperature in Busan be 34°C on September 2?,"[""Yes"", ""No""]","[""0.095"", ""0.905""]",77.97892,1,29.1,31.4,29.9
1788187733.7,Highest temperature in Busan on September 2?,Busan,2026-09-02,4018502,highest-temperature-in-busan-on-september-2-2026-35c,Will the highest temperature in Busan be 35°C on September 2?,"[""Yes"", ""No""]","[""0.03"", ""0.97""]",36.99835,1,29.1,31.4,29.9
1788187733.7,Highest temperature in Busan on September 2?,Busan,2026-09-02,4018503,highest-temperature-in-busan-on-september-2-2026-36c,Will the highest temperature in Busan be 36°C on September 2?,"[""Yes"", ""No""]","[""0.0075"", ""0.9925""]",12.0095,1,29.1,31.4,29.9
1788187733.7,Highest temperature in Busan on September 2?,Busan,2026-09-02,4018504,highest-temperature-in-busan-on-september-2-2026-37corhigher,Will the highest temperature in Busan be 37°C or higher on September 2?,"[""Yes"", ""No""]","[""0.0025"", ""0.9975""]",11.011,1,29.1,31.4,29.9
1788187733.7,Highest temperature in Amsterdam on September 2?,Amsterdam,2026-09-02,4018505,highest-temperature-in-amsterdam-on-september-2-2026-16corbelow,Will the highest temperature in Amsterdam be 16°C or below on September 2?,"[""Yes"", ""No""]","[""0.001"", ""0.999""]",167.98499999999999,1,21.1,19.7,21.5
1788187733.7,Highest temperature in Amsterdam on September 2?,Amsterdam,2026-09-02,4018506,highest-temperature-in-amsterdam-on-september-2-2026-17c,Will the highest temperature in Amsterdam be 17°C on September 2?,"[""Yes"", ""No""]","[""0.001"", ""0.999""]",207.79000000000002,1,21.1,19.7,21.5
1788187733.7,Highest temperature in Amsterdam on September 2?,Amsterdam,2026-09-02,4018507,highest-temperature-in-amsterdam-on-september-2-2026-18c,Will the highest temperature in Amsterdam be 18°C on September 2?,"[""Yes"", ""No""]","[""0.015"", ""0.985""]",44.988,1,21.1,19.7,21.5
1788187733.7,Highest temperature in Amsterdam on September 2?,Amsterdam,2026-09-02,4018508,highest-temperature-in-amsterdam-on-september-2-2026-19c,Will the highest temperature in Amsterdam be 19°C on September 2?,"[""Yes"", ""No""]","[""0.02"", ""0.98""]",150.595,1,21.1,19.7,21.5
1788187733.7,Highest temperature in Amsterdam on September 2?,Amsterdam,2026-09-02,4018509,highest-temperature-in-amsterdam-on-september-2-2026-20c,Will the highest temperature in Amsterdam be 20°C on September 2?,"[""Yes"", ""No""]","[""0.095"", ""0.905""]",146.501146,1,21.1,19.7,21.5
1788187733.7,Highest temperature in Amsterdam on September 2?,Amsterdam,2026-09-02,4018510,highest-temperature-in-amsterdam-on-september-2-2026-21c,Will the highest temperature in Amsterdam be 21°C on September 2?,"[""Yes"", ""No""]","[""0.505"", ""0.495""]",403.96731700000004,1,21.1,19.7,21.5
1788187733.7,Highest temperature in Amsterdam on September 2?,Amsterdam,2026-09-02,4018511,highest-temperature-in-amsterdam-on-september-2-2026-22c,Will the highest temperature in Amsterdam be 22°C on September 2?,"[""Yes"", ""No""]","[""0.39"", ""0.61""]",394.9814610000001,1,21.1,19.7,21.5
1788187733.7,Highest temperature in Amsterdam on September 2?,Amsterdam,2026-09-02,4018512,highest-temperature-in-amsterdam-on-september-2-2026-23c,Will the highest temperature in Amsterdam be 23°C on September 2?,"[""Yes"", ""No""]","[""0.025"", ""0.975""]",130.97,1,21.1,19.7,21.5
1788187733.7,Highest temperature in Amsterdam on September 2?,Amsterdam,2026-09-02,4018513,highest-temperature-in-amsterdam-on-september-2-2026-24c,Will the highest temperature in Amsterdam be 24°C on September 2?,"[""Yes"", ""No""]","[""0.015"", ""0.985""]",16.0201,1,21.1,19.7,21.5
1788187733.7,Highest temperature in Amsterdam on September 2?,Amsterdam,2026-09-02,4018514,highest-temperature-in-amsterdam-on-september-2-2026-25c,Will the highest temperature in Amsterdam be 25°C on September 2?,"[""Yes"", ""No""]","[""0.002"", ""0.998""]",196.744,1,21.1,19.7,21.5
1788187733.7,Highest temperature in Amsterdam on September 2?,Amsterdam,2026-09-02,4018515,highest-temperature-in-amsterdam-on-september-2-2026-26corhigher,Will the highest temperature in Amsterdam be 26°C or higher on September 2?,"[""Yes"", ""No""]","[""0.002"", ""0.998""]",305.88800000000003,1,21.1,19.7,21.5
1788187733.7,Highest temperature in Helsinki on September 2?,Helsinki,2026-09-02,4018516,highest-temperature-in-helsinki-on-september-2-2026-14corbelow,Will the highest temperature in Helsinki be 14°C or below on September 2?,"[""Yes"", ""No""]","[""0.003"", ""0.997""]",350.99100000000004,1,21.1,19.8,19.0
1788187733.7,Highest temperature in Helsinki on September 2?,Helsinki,2026-09-02,4018517,highest-temperature-in-helsinki-on-september-2-2026-15c,Will the highest temperature in Helsinki be 15°C on September 2?,"[""Yes"", ""No""]","[""0.0035"", ""0.9965""]",10,1,21.1,19.8,19.0
1788187733.7,Highest temperature in Helsinki on September 2?,Helsinki,2026-09-02,4018518,highest-temperature-in-helsinki-on-september-2-2026-16c,Will the highest temperature in Helsinki be 16°C on September 2?,"[""Yes"", ""No""]","[""0.025"", ""0.975""]",33.323,1,21.1,19.8,19.0
1788187733.7,Highest temperature in Helsinki on September 2?,Helsinki,2026-09-02,4018519,highest-temperature-in-helsinki-on-september-2-2026-17c,Will the highest temperature in Helsinki be 17°C on September 2?,"[""Yes"", ""No""]","[""0.025"", ""0.975""]",,1,21.1,19.8,19.0
1788187733.7,Highest temperature in Helsinki on September 2?,Helsinki,2026-09-02,4018520,highest-temperature-in-helsinki-on-september-2-2026-18c,Will the highest temperature in Helsinki be 18°C on September 2?,"[""Yes"", ""No""]","[""0.045"", ""0.955""]",140.183332,1,21.1,19.8,19.0
1788187733.7,Highest temperature in Helsinki on September 2?,Helsinki,2026-09-02,4018521,highest-temperature-in-helsinki-on-september-2-2026-19c,Will the highest temperature in Helsinki be 19°C on September 2?,"[""Yes"", ""No""]","[""0.2"", ""0.8""]",12,1,21.1,19.8,19.0
1788187733.7,Highest temperature in Helsinki on September 2?,Helsinki,2026-09-02,4018522,highest-temperature-in-helsinki-on-september-2-2026-20c,Will the highest temperature in Helsinki be 20°C on September 2?,"[""Yes"", ""No""]","[""0.36"", ""0.64""]",24.79135,1,21.1,19.8,19.0
1788187733.7,Highest temperature in Helsinki on September 2?,Helsinki,2026-09-02,4018523,highest-temperature-in-helsinki-on-september-2-2026-21c,Will the highest temperature in Helsinki be 21°C on September 2?,"[""Yes"", ""No""]","[""0.31"", ""0.69""]",6.25,1,21.1,19.8,19.0
1788187733.7,Highest temperature in Helsinki on September 2?,Helsinki,2026-09-02,4018524,highest-temperature-in-helsinki-on-september-2-2026-22c,Will the highest temperature in Helsinki be 22°C on September 2?,"[""Yes"", ""No""]","[""0.125"", ""0.875""]",40.373622,1,21.1,19.8,19.0
1788187733.7,Highest temperature in Helsinki on September 2?,Helsinki,2026-09-02,4018525,highest-temperature-in-helsinki-on-september-2-2026-23c,Will the highest temperature in Helsinki be 23°C on September 2?,"[""Yes"", ""No""]","[""0.0195"", ""0.9805""]",75,1,21.1,19.8,19.0
1788187733.7,Highest temperature in Helsinki on September 2?,Helsinki,2026-09-02,4018526,highest-temperature-in-helsinki-on-september-2-2026-24corhigher,Will the highest temperature in Helsinki be 24°C or higher on September 2?,"[""Yes"", ""No""]","[""0.0075"", ""0.9925""]",5,1,21.1,19.8,19.0
1788187733.7,Highest temperature in Kuala Lumpur on September 2?,Kuala Lumpur,2026-09-02,4018527,highest-temperature-in-kuala-lumpur-on-september-2-2026-29corbelow,Will the highest temperature in Kuala Lumpur be 29°C or below on September 2?,"[""Yes"", ""No""]","[""0.0055"", ""0.9945""]",5,1,34.2,33.1,33.8
1788187733.7,Highest temperature in Kuala Lumpur on September 2?,Kuala Lumpur,2026-09-02,4018528,highest-temperature-in-kuala-lumpur-on-september-2-2026-30c,Will the highest temperature in Kuala Lumpur be 30°C on September 2?,"[""Yes"", ""No""]","[""0.01"", ""0.99""]",128.20405,1,34.2,33.1,33.8
1788187733.7,Highest temperature in Kuala Lumpur on September 2?,Kuala Lumpur,2026-09-02,4018529,highest-temperature-in-kuala-lumpur-on-september-2-2026-31c,Will the highest temperature in Kuala Lumpur be 31°C on September 2?,"[""Yes"", ""No""]","[""0.02"", ""0.98""]",299.99683999999996,1,34.2,33.1,33.8
1788187733.7,Highest temperature in Kuala Lumpur on September 2?,Kuala Lumpur,2026-09-02,4018530,highest-temperature-in-kuala-lumpur-on-september-2-2026-32c,Will the highest temperature in Kuala Lumpur be 32°C on September 2?,"[""Yes"", ""No""]","[""0.08"", ""0.92""]",60.047239000000005,1,34.2,33.1,33.8
1788187733.7,Highest temperature in Kuala Lumpur on September 2?,Kuala Lumpur,2026-09-02,4018531,highest-temperature-in-kuala-lumpur-on-september-2-2026-33c,Will the highest temperature in Kuala Lumpur be 33°C on September 2?,"[""Yes"", ""No""]","[""0.51"", ""0.49""]",414.839707,1,34.2,33.1,33.8
1788187733.7,Highest temperature in Kuala Lumpur on September 2?,Kuala Lumpur,2026-09-02,4018532,highest-temperature-in-kuala-lumpur-on-september-2-2026-34c,Will the highest temperature in Kuala Lumpur be 34°C on September 2?,"[""Yes"", ""No""]","[""0.345"", ""0.655""]",310.468707,1,34.2,33.1,33.8
1788187733.7,Highest temperature in Kuala Lumpur on September 2?,Kuala Lumpur,2026-09-02,4018533,highest-temperature-in-kuala-lumpur-on-september-2-2026-35c,Will the highest temperature in Kuala Lumpur be 35°C on September 2?,"[""Yes"", ""No""]","[""0.02"", ""0.98""]",5687.34,1,34.2,33.1,33.8
1788187733.7,Highest temperature in Kuala Lumpur on September 2?,Kuala Lumpur,2026-09-02,4018534,highest-temperature-in-kuala-lumpur-on-september-2-2026-36c,Will the highest temperature in Kuala Lumpur be 36°C on September 2?,"[""Yes"", ""No""]","[""0.02"", ""0.98""]",161.20405,1,34.2,33.1,33.8
1788187733.7,Highest temperature in Kuala Lumpur on September 2?,Kuala Lumpur,2026-09-02,4018535,highest-temperature-in-kuala-lumpur-on-september-2-2026-37c,Will the highest temperature in Kuala Lumpur be 37°C on September 2?,"[""Yes"", ""No""]","[""0.0025"", ""0.9975""]",73.05699999999999,1,34.2,33.1,33.8
1788187733.7,Highest temperature in Kuala Lumpur on September 2?,Kuala Lumpur,2026-09-02,4018536,highest-temperature-in-kuala-lumpur-on-september-2-2026-38c,Will the highest temperature in Kuala Lumpur be 38°C on September 2?,"[""Yes"", ""No""]","[""0.0025"", ""0.9975""]",16.011,1,34.2,33.1,33.8
1788187733.7,Highest temperature in Kuala Lumpur on September 2?,Kuala Lumpur,2026-09-02,4018537,highest-temperature-in-kuala-lumpur-on-september-2-2026-39corhigher,Will the highest temperature in Kuala Lumpur be 39°C or higher on September 2?,"[""Yes"", ""No""]","[""0.0005"", ""0.9995""]",320.315,1,34.2,33.1,33.8
1788187733.7,Highest temperature in Jeddah on September 2?,Jeddah,2026-09-02,4018538,highest-temperature-in-jeddah-on-september-2-2026-30corbelow,Will the highest temperature in Jeddah be 30°C or below on September 2?,"[""Yes"", ""No""]","[""0.003"", ""0.997""]",7.9955,1,36.2,38.0,37.2
1788187733.7,Highest temperature in Jeddah on September 2?,Jeddah,2026-09-02,4018539,highest-temperature-in-jeddah-on-september-2-2026-31c,Will the highest temperature in Jeddah be 31°C on September 2?,"[""Yes"", ""No""]","[""0.0055"", ""0.9945""]",,1,36.2,38.0,37.2
1788187733.7,Highest temperature in Jeddah on September 2?,Jeddah,2026-09-02,4018540,highest-temperature-in-jeddah-on-september-2-2026-32c,Will the highest temperature in Jeddah be 32°C on September 2?,"[""Yes"", ""No""]","[""0.0055"", ""0.9945""]",,1,36.2,38.0,37.2
1788187733.7,Highest temperature in Jeddah on September 2?,Jeddah,2026-09-02,4018541,highest-temperature-in-jeddah-on-september-2-2026-33c,Will the highest temperature in Jeddah be 33°C on September 2?,"[""Yes"", ""No""]","[""0.0025"", ""0.9975""]",80.85,1,36.2,38.0,37.2
1788187733.7,Highest temperature in Jeddah on September 2?,Jeddah,2026-09-02,4018542,highest-temperature-in-jeddah-on-september-2-2026-34c,Will the highest temperature in Jeddah be 34°C on September 2?,"[""Yes"", ""No""]","[""0.0075"", ""0.9925""]",,1,36.2,38.0,37.2
1788187733.7,Highest temperature in Jeddah on September 2?,Jeddah,2026-09-02,4018543,highest-temperature-in-jeddah-on-september-2-2026-35c,Will the highest temperature in Jeddah be 35°C on September 2?,"[""Yes"", ""No""]","[""0.0715"", ""0.9285""]",,1,36.2,38.0,37.2
1788187733.7,Highest temperature in Jeddah on September 2?,Jeddah,2026-09-02,4018544,highest-temperature-in-jeddah-on-september-2-2026-36c,Will the highest temperature in Jeddah be 36°C on September 2?,"[""Yes"", ""No""]","[""0.145"", ""0.855""]",,1,36.2,38.0,37.2
1788187733.7,Highest temperature in Jeddah on September 2?,Jeddah,2026-09-02,4018545,highest-temperature-in-jeddah-on-september-2-2026-37c,Will the highest temperature in Jeddah be 37°C on September 2?,"[""Yes"", ""No""]","[""0.28"", ""0.72""]",20,1,36.2,38.0,37.2
1788187733.7,Highest temperature in Jeddah on September 2?,Jeddah,2026-09-02,4018546,highest-temperature-in-jeddah-on-september-2-2026-38c,Will the highest temperature in Jeddah be 38°C on September 2?,"[""Yes"", ""No""]","[""0.44"", ""0.56""]",61.949594,1,36.2,38.0,37.2
1788187733.7,Highest temperature in Jeddah on September 2?,Jeddah,2026-09-02,4018547,highest-temperature-in-jeddah-on-september-2-2026-39c,Will the highest temperature in Jeddah be 39°C on September 2?,"[""Yes"", ""No""]","[""0.09"", ""0.91""]",30,1,36.2,38.0,37.2
1788187733.7,Highest temperature in Jeddah on September 2?,Jeddah,2026-09-02,4018548,highest-temperature-in-jeddah-on-september-2-2026-40corhigher,Will the highest temperature in Jeddah be 40°C or higher on September 2?,"[""Yes"", ""No""]","[""0.035"", ""0.965""]",,1,36.2,38.0,37.2
1788187733.7,Highest temperature in Cape Town on September 2?,Cape Town,2026-09-02,4018549,highest-temperature-in-cape-town-on-september-2-2026-15corbelow,Will the highest temperature in Cape Town be 15°C or below on September 2?,"[""Yes"", ""No""]","[""0.01"", ""0.99""]",106.5048,1,20.8,19.0,19.9
1788187733.7,Highest temperature in Cape Town on September 2?,Cape Town,2026-09-02,4018550,highest-temperature-in-cape-town-on-september-2-2026-16c,Will the highest temperature in Cape Town be 16°C on September 2?,"[""Yes"", ""No""]","[""0.02"", ""0.98""]",38.99915,1,20.8,19.0,19.9
1788187733.7,Highest temperature in Cape Town on September 2?,Cape Town,2026-09-02,4018551,highest-temperature-in-cape-town-on-september-2-2026-17c,Will the highest temperature in Cape Town be 17°C on September 2?,"[""Yes"", ""No""]","[""0.045"", ""0.955""]",57.75505,1,20.8,19.0,19.9
1788187733.7,Highest temperature in Cape Town on September 2?,Cape Town,2026-09-02,4018552,highest-temperature-in-cape-town-on-september-2-2026-18c,Will the highest temperature in Cape Town be 18°C on September 2?,"[""Yes"", ""No""]","[""0.09"", ""0.91""]",,1,20.8,19.0,19.9
1788187733.7,Highest temperature in Cape Town on September 2?,Cape Town,2026-09-02,4018553,highest-temperature-in-cape-town-on-september-2-2026-19c,Will the highest temperature in Cape Town be 19°C on September 2?,"[""Yes"", ""No""]","[""0.365"", ""0.635""]",74.84,1,20.8,19.0,19.9
1788187733.7,Highest temperature in Cape Town on September 2?,Cape Town,2026-09-02,4018554,highest-temperature-in-cape-town-on-september-2-2026-20c,Will the highest temperature in Cape Town be 20°C on September 2?,"[""Yes"", ""No""]","[""0.37"", ""0.63""]",60,1,20.8,19.0,19.9
1788187733.7,Highest temperature in Cape Town on September 2?,Cape Town,2026-09-02,4018555,highest-temperature-in-cape-town-on-september-2-2026-21c,Will the highest temperature in Cape Town be 21°C on September 2?,"[""Yes"", ""No""]","[""0.135"", ""0.865""]",150.1875,1,20.8,19.0,19.9
1788187733.7,Highest temperature in Cape Town on September 2?,Cape Town,2026-09-02,4018556,highest-temperature-in-cape-town-on-september-2-2026-22c,Will the highest temperature in Cape Town be 22°C on September 2?,"[""Yes"", ""No""]","[""0.045"", ""0.955""]",20,1,20.8,19.0,19.9
1788187733.7,Highest temperature in Cape Town on September 2?,Cape Town,2026-09-02,4018557,highest-temperature-in-cape-town-on-september-2-2026-23c,Will the highest temperature in Cape Town be 23°C on September 2?,"[""Yes"", ""No""]","[""0.0075"", ""0.9925""]",25,1,20.8,19.0,19.9
1788187733.7,Highest temperature in Cape Town on September 2?,Cape Town,2026-09-02,4018558,highest-temperature-in-cape-town-on-september-2-2026-24c,Will the highest temperature in Cape Town be 24°C on September 2?,"[""Yes"", ""No""]","[""0.003"", ""0.997""]",211.21099999999998,1,20.8,19.0,19.9
1788187733.7,Highest temperature in Cape Town on September 2?,Cape Town,2026-09-02,4018559,highest-temperature-in-cape-town-on-september-2-2026-25corhigher,Will the highest temperature in Cape Town be 25°C or higher on September 2?,"[""Yes"", ""No""]","[""0.0015"", ""0.9985""]",395.995,1,20.8,19.0,19.9
1788187733.7,Highest temperature in Guangzhou on September 2?,Guangzhou,2026-09-02,4018560,highest-temperature-in-guangzhou-on-september-2-2026-25corbelow,Will the highest temperature in Guangzhou be 25°C or below on September 2?,"[""Yes"", ""No""]","[""0.0005"", ""0.9995""]",318.991,1,30.2,31.5,28.5
1788187733.7,Highest temperature in Guangzhou on September 2?,Guangzhou,2026-09-02,4018561,highest-temperature-in-guangzhou-on-september-2-2026-26c,Will the highest temperature in Guangzhou be 26°C on September 2?,"[""Yes"", ""No""]","[""0.0075"", ""0.9925""]",,1,30.2,31.5,28.5
1788187733.7,Highest temperature in Guangzhou on September 2?,Guangzhou,2026-09-02,4018562,highest-temperature-in-guangzhou-on-september-2-2026-27c,Will the highest temperature in Guangzhou be 27°C on September 2?,"[""Yes"", ""No""]","[""0.025"", ""0.975""]",17,1,30.2,31.5,28.5
1788187733.7,Highest temperature in Guangzhou on September 2?,Guangzhou,2026-09-02,4018563,highest-temperature-in-guangzhou-on-september-2-2026-28c,Will the highest temperature in Guangzhou be 28°C on September 2?,"[""Yes"", ""No""]","[""0.05"", ""0.95""]",11,1,30.2,31.5,28.5
1788187733.7,Highest temperature in Guangzhou on September 2?,Guangzhou,2026-09-02,4018564,highest-temperature-in-guangzhou-on-september-2-2026-29c,Will the highest temperature in Guangzhou be 29°C on September 2?,"[""Yes"", ""No""]","[""0.095"", ""0.905""]",53.545453,1,30.2,31.5,28.5
1788187733.7,Highest temperature in Guangzhou on September 2?,Guangzhou,2026-09-02,4018565,highest-temperature-in-guangzhou-on-september-2-2026-30c,Will the highest temperature in Guangzhou be 30°C on September 2?,"[""Yes"", ""No""]","[""0.26"", ""0.74""]",29.642851999999998,1,30.2,31.5,28.5
1788187733.7,Highest temperature in Guangzhou on September 2?,Guangzhou,2026-09-02,4018566,highest-temperature-in-guangzhou-on-september-2-2026-31c,Will the highest temperature in Guangzhou be 31°C on September 2?,"[""Yes"", ""No""]","[""0.21"", ""0.79""]",,1,30.2,31.5,28.5
1788187733.7,Highest temperature in Guangzhou on September 2?,Guangzhou,2026-09-02,4018567,highest-temperature-in-guangzhou-on-september-2-2026-32c,Will the highest temperature in Guangzhou be 32°C on September 2?,"[""Yes"", ""No""]","[""0.225"", ""0.775""]",25.12359,1,30.2,31.5,28.5
1788187733.7,Highest temperature in Guangzhou on September 2?,Guangzhou,2026-09-02,4018568,highest-temperature-in-guangzhou-on-september-2-2026-33c,Will the highest temperature in Guangzhou be 33°C on September 2?,"[""Yes"", ""No""]","[""0.13"", ""0.87""]",27,1,30.2,31.5,28.5
1788187733.7,Highest temperature in Guangzhou on September 2?,Guangzhou,2026-09-02,4018569,highest-temperature-in-guangzhou-on-september-2-2026-34c,Will the highest temperature in Guangzhou be 34°C on September 2?,"[""Yes"", ""No""]","[""0.025"", ""0.975""]",111.74346599999998,1,30.2,31.5,28.5
1788187733.7,Highest temperature in Guangzhou on September 2?,Guangzhou,2026-09-02,4018570,highest-temperature-in-guangzhou-on-september-2-2026-35corhigher,Will the highest temperature in Guangzhou be 35°C or higher on September 2?,"[""Yes"", ""No""]","[""0.0035"", ""0.9965""]",57.114000000000004,1,30.2,31.5,28.5
1788187733.7,Highest temperature in Qingdao on September 2?,Qingdao,2026-09-02,4018571,highest-temperature-in-qingdao-on-september-2-2026-24corbelow,Will the highest temperature in Qingdao be 24°C or below on September 2?,"[""Yes"", ""No""]","[""0.0015"", ""0.9985""]",280.99100000000004,1,28.7,27.8,28.3
1788187733.7,Highest temperature in Qingdao on September 2?,Qingdao,2026-09-02,4018572,highest-temperature-in-qingdao-on-september-2-2026-25c,Will the highest temperature in Qingdao be 25°C on September 2?,"[""Yes"", ""No""]","[""0.0385"", ""0.9615""]",139.017925,1,28.7,27.8,28.3
1788187733.7,Highest temperature in Qingdao on September 2?,Qingdao,2026-09-02,4018573,highest-temperature-in-qingdao-on-september-2-2026-26c,Will the highest temperature in Qingdao be 26°C on September 2?,"[""Yes"", ""No""]","[""0.035"", ""0.965""]",277.20105,1,28.7,27.8,28.3
1788187733.7,Highest temperature in Qingdao on September 2?,Qingdao,2026-09-02,4018574,highest-temperature-in-qingdao-on-september-2-2026-27c,Will the highest temperature in Qingdao be 27°C on September 2?,"[""Yes"", ""No""]","[""0.08"", ""0.92""]",5.043,1,28.7,27.8,28.3
1788187733.7,Highest temperature in Qingdao on September 2?,Qingdao,2026-09-02,4018575,highest-temperature-in-qingdao-on-september-2-2026-28c,Will the highest temperature in Qingdao be 28°C on September 2?,"[""Yes"", ""No""]","[""0.18"", ""0.82""]",,1,28.7,27.8,28.3
1788187733.7,Highest temperature in Qingdao on September 2?,Qingdao,2026-09-02,4018576,highest-temperature-in-qingdao-on-september-2-2026-29c,Will the highest temperature in Qingdao be 29°C on September 2?,"[""Yes"", ""No""]","[""0.345"", ""0.655""]",76.965487,1,28.7,27.8,28.3
1788187733.7,Highest temperature in Qingdao on September 2?,Qingdao,2026-09-02,4018577,highest-temperature-in-qingdao-on-september-2-2026-30c,Will the highest temperature in Qingdao be 30°C on September 2?,"[""Yes"", ""No""]","[""0.245"", ""0.755""]",,1,28.7,27.8,28.3
1788187733.7,Highest temperature in Qingdao on September 2?,Qingdao,2026-09-02,4018578,highest-temperature-in-qingdao-on-september-2-2026-31c,Will the highest temperature in Qingdao be 31°C on September 2?,"[""Yes"", ""No""]","[""0.1"", ""0.9""]",,1,28.7,27.8,28.3
1788187733.7,Highest temperature in Qingdao on September 2?,Qingdao,2026-09-02,4018579,highest-temperature-in-qingdao-on-september-2-2026-32c,Will the highest temperature in Qingdao be 32°C on September 2?,"[""Yes"", ""No""]","[""0.04"", ""0.96""]",79.85105,1,28.7,27.8,28.3
1788187733.7,Highest temperature in Qingdao on September 2?,Qingdao,2026-09-02,4018580,highest-temperature-in-qingdao-on-september-2-2026-33c,Will the highest temperature in Qingdao be 33°C on September 2?,"[""Yes"", ""No""]","[""0.025"", ""0.975""]",45.990500000000004,1,28.7,27.8,28.3
1788187733.7,Highest temperature in Qingdao on September 2?,Qingdao,2026-09-02,4018581,highest-temperature-in-qingdao-on-september-2-2026-34corhigher,Will the highest temperature in Qingdao be 34°C or higher on September 2?,"[""Yes"", ""No""]","[""0.005"", ""0.995""]",727.0366,1,28.7,27.8,28.3
1788187733.7,Highest temperature in Karachi on September 2?,Karachi,2026-09-02,4018582,highest-temperature-in-karachi-on-september-2-2026-26corbelow,Will the highest temperature in Karachi be 26°C or below on September 2?,"[""Yes"", ""No""]","[""0.0025"", ""0.9975""]",122.11699999999999,1,31.3,31.9,30.8
1788187733.7,Highest temperature in Karachi on September 2?,Karachi,2026-09-02,4018583,highest-temperature-in-karachi-on-september-2-2026-27c,Will the highest temperature in Karachi be 27°C on September 2?,"[""Yes"", ""No""]","[""0.006"", ""0.994""]",68.06299999999999,1,31.3,31.9,30.8
1788187733.7,Highest temperature in Karachi on September 2?,Karachi,2026-09-02,4018584,highest-temperature-in-karachi-on-september-2-2026-28c,Will the highest temperature in Karachi be 28°C on September 2?,"[""Yes"", ""No""]","[""0.0355"", ""0.9645""]",25.9992,1,31.3,31.9,30.8
1788187733.7,Highest temperature in Karachi on September 2?,Karachi,2026-09-02,4018585,highest-temperature-in-karachi-on-september-2-2026-29c,Will the highest temperature in Karachi be 29°C on September 2?,"[""Yes"", ""No""]","[""0.085"", ""0.915""]",17.08695,1,31.3,31.9,30.8
1788187733.7,Highest temperature in Karachi on September 2?,Karachi,2026-09-02,4018586,highest-temperature-in-karachi-on-september-2-2026-30c,Will the highest temperature in Karachi be 30°C on September 2?,"[""Yes"", ""No""]","[""0.18"", ""0.82""]",34.755807000000004,1,31.3,31.9,30.8
1788187733.7,Highest temperature in Karachi on September 2?,Karachi,2026-09-02,4018587,highest-temperature-in-karachi-on-september-2-2026-31c,Will the highest temperature in Karachi be 31°C on September 2?,"[""Yes"", ""No""]","[""0.505"", ""0.495""]",57.538936,1,31.3,31.9,30.8
1788187733.7,Highest temperature in Karachi on September 2?,Karachi,2026-09-02,4018588,highest-temperature-in-karachi-on-september-2-2026-32c,Will the highest temperature in Karachi be 32°C on September 2?,"[""Yes"", ""No""]","[""0.19"", ""0.81""]",119.747466,1,31.3,31.9,30.8
1788187733.7,Highest temperature in Karachi on September 2?,Karachi,2026-09-02,4018589,highest-temperature-in-karachi-on-september-2-2026-33c,Will the highest temperature in Karachi be 33°C on September 2?,"[""Yes"", ""No""]","[""0.05"", ""0.95""]",5,1,31.3,31.9,30.8
1788187733.7,Highest temperature in Karachi on September 2?,Karachi,2026-09-02,4018590,highest-temperature-in-karachi-on-september-2-2026-34c,Will the highest temperature in Karachi be 34°C on September 2?,"[""Yes"", ""No""]","[""0.04"", ""0.96""]",24.98855,1,31.3,31.9,30.8
1788187733.7,Highest temperature in Karachi on September 2?,Karachi,2026-09-02,4018591,highest-temperature-in-karachi-on-september-2-2026-35c,Will the highest temperature in Karachi be 35°C on September 2?,"[""Yes"", ""No""]","[""0.0025"", ""0.9975""]",67.072,1,31.3,31.9,30.8
1788187733.7,Highest temperature in Karachi on September 2?,Karachi,2026-09-02,4018592,highest-temperature-in-karachi-on-september-2-2026-36corhigher,Will the highest temperature in Karachi be 36°C or higher on September 2?,"[""Yes"", ""No""]","[""0.0045"", ""0.9955""]",89.991,1,31.3,31.9,30.8
1788187733.7,Highest temperature in Manila on September 2?,Manila,2026-09-02,4018593,highest-temperature-in-manila-on-september-2-2026-25corbelow,Will the highest temperature in Manila be 25°C or below on September 2?,"[""Yes"", ""No""]","[""0.0055"", ""0.9945""]",1962.5808,1,29.8,29.0,30.1
1788187733.7,Highest temperature in Manila on September 2?,Manila,2026-09-02,4018594,highest-temperature-in-manila-on-september-2-2026-26c,Will the highest temperature in Manila be 26°C on September 2?,"[""Yes"", ""No""]","[""0.0025"", ""0.9975""]",163.112,1,29.8,29.0,30.1
1788187733.7,Highest temperature in Manila on September 2?,Manila,2026-09-02,4018595,highest-temperature-in-manila-on-september-2-2026-27c,Will the highest temperature in Manila be 27°C on September 2?,"[""Yes"", ""No""]","[""0.007"", ""0.993""]",145.25639999999999,1,29.8,29.0,30.1
1788187733.7,Highest temperature in Manila on September 2?,Manila,2026-09-02,4018596,highest-temperature-in-manila-on-september-2-2026-28c,Will the highest temperature in Manila be 28°C on September 2?,"[""Yes"", ""No""]","[""0.0345"", ""0.9655""]",,1,29.8,29.0,30.1
1788187733.7,Highest temperature in Manila on September 2?,Manila,2026-09-02,4018597,highest-temperature-in-manila-on-september-2-2026-29c,Will the highest temperature in Manila be 29°C on September 2?,"[""Yes"", ""No""]","[""0.065"", ""0.935""]",5,1,29.8,29.0,30.1
1788187733.7,Highest temperature in Manila on September 2?,Manila,2026-09-02,4018598,highest-temperature-in-manila-on-september-2-2026-30c,Will the highest temperature in Manila be 30°C on September 2?,"[""Yes"", ""No""]","[""0.14"", ""0.86""]",,1,29.8,29.0,30.1
1788187733.7,Highest temperature in Manila on September 2?,Manila,2026-09-02,4018599,highest-temperature-in-manila-on-september-2-2026-31c,Will the highest temperature in Manila be 31°C on September 2?,"[""Yes"", ""No""]","[""0.355"", ""0.645""]",49,1,29.8,29.0,30.1
1788187733.7,Highest temperature in Manila on September 2?,Manila,2026-09-02,4018600,highest-temperature-in-manila-on-september-2-2026-32c,Will the highest temperature in Manila be 32°C on September 2?,"[""Yes"", ""No""]","[""0.305"", ""0.695""]",34.73818,1,29.8,29.0,30.1
1788187733.7,Highest temperature in Manila on September 2?,Manila,2026-09-02,4018601,highest-temperature-in-manila-on-september-2-2026-33c,Will the highest temperature in Manila be 33°C on September 2?,"[""Yes"", ""No""]","[""0.13"", ""0.87""]",2,1,29.8,29.0,30.1
1788187733.7,Highest temperature in Manila on September 2?,Manila,2026-09-02,4018602,highest-temperature-in-manila-on-september-2-2026-34c,Will the highest temperature in Manila be 34°C on September 2?,"[""Yes"", ""No""]","[""0.04"", ""0.96""]",104.989666,1,29.8,29.0,30.1
1788187733.7,Highest temperature in Manila on September 2?,Manila,2026-09-02,4018603,highest-temperature-in-manila-on-september-2-2026-35corhigher,Will the highest temperature in Manila be 35°C or higher on September 2?,"[""Yes"", ""No""]","[""0.0055"", ""0.9945""]",25.13,1,29.8,29.0,30.1
1788187733.7,Highest temperature in Dallas on September 2?,Dallas,2026-09-02,4020662,highest-temperature-in-dallas-on-september-2-2026-87forbelow,Will the highest temperature in Dallas be 87°F or below on September 2?,"[""Yes"", ""No""]","[""0.025"", ""0.975""]",21.325580000000002,1,34.4,35.8,36.3
1788187733.7,Highest temperature in Dallas on September 2?,Dallas,2026-09-02,4020663,highest-temperature-in-dallas-on-september-2-2026-88-89f,Will the highest temperature in Dallas be between 88-89°F on September 2?,"[""Yes"", ""No""]","[""0.07"", ""0.93""]",21.494600000000002,1,34.4,35.8,36.3
1788187733.7,Highest temperature in Dallas on September 2?,Dallas,2026-09-02,4020664,highest-temperature-in-dallas-on-september-2-2026-90-91f,Will the highest temperature in Dallas be between 90-91°F on September 2?,"[""Yes"", ""No""]","[""0.07"", ""0.93""]",128.38,1,34.4,35.8,36.3
1788187733.7,Highest temperature in Dallas on September 2?,Dallas,2026-09-02,4020665,highest-temperature-in-dallas-on-september-2-2026-92-93f,Will the highest temperature in Dallas be between 92-93°F on September 2?,"[""Yes"", ""No""]","[""0.19"", ""0.81""]",12,1,34.4,35.8,36.3
1788187733.7,Highest temperature in Dallas on September 2?,Dallas,2026-09-02,4020666,highest-temperature-in-dallas-on-september-2-2026-94-95f,Will the highest temperature in Dallas be between 94-95°F on September 2?,"[""Yes"", ""No""]","[""0.27"", ""0.73""]",17.187875,1,34.4,35.8,36.3
1788187733.7,Highest temperature in Dallas on September 2?,Dallas,2026-09-02,4020667,highest-temperature-in-dallas-on-september-2-2026-96-97f,Will the highest temperature in Dallas be between 96-97°F on September 2?,"[""Yes"", ""No""]","[""0.305"", ""0.695""]",7.55,1,34.4,35.8,36.3
1788187733.7,Highest temperature in Dallas on September 2?,Dallas,2026-09-02,4020668,highest-temperature-in-dallas-on-september-2-2026-98-99f,Will the highest temperature in Dallas be between 98-99°F on September 2?,"[""Yes"", ""No""]","[""0.125"", ""0.875""]",25.5,1,34.4,35.8,36.3
1788187733.7,Highest temperature in Dallas on September 2?,Dallas,2026-09-02,4020669,highest-temperature-in-dallas-on-september-2-2026-100-101f,Will the highest temperature in Dallas be between 100-101°F on September 2?,"[""Yes"", ""No""]","[""0.04"", ""0.96""]",20,1,34.4,35.8,36.3
1788187733.7,Highest temperature in Dallas on September 2?,Dallas,2026-09-02,4020670,highest-temperature-in-dallas-on-september-2-2026-102-103f,Will the highest temperature in Dallas be between 102-103°F on September 2?,"[""Yes"", ""No""]","[""0.045"", ""0.955""]",,1,34.4,35.8,36.3
1788187733.7,Highest temperature in Dallas on September 2?,Dallas,2026-09-02,4020671,highest-temperature-in-dallas-on-september-2-2026-104-105f,Will the highest temperature in Dallas be between 104-105°F on September 2?,"[""Yes"", ""No""]","[""0.015"", ""0.985""]",34.9985,1,34.4,35.8,36.3
1788187733.7,Highest temperature in Dallas on September 2?,Dallas,2026-09-02,4020672,highest-temperature-in-dallas-on-september-2-2026-106forhigher,Will the highest temperature in Dallas be 106°F or higher on September 2?,"[""Yes"", ""No""]","[""0.0055"", ""0.9945""]",5,1,34.4,35.8,36.3
1788187733.7,Highest temperature in Miami on September 2?,Miami,2026-09-02,4020673,highest-temperature-in-miami-on-september-2-2026-81forbelow,Will the highest temperature in Miami be 81°F or below on September 2?,"[""Yes"", ""No""]","[""0.03"", ""0.97""]",5,1,31.5,29.9,32.6
1788187733.7,Highest temperature in Miami on September 2?,Miami,2026-09-02,4020674,highest-temperature-in-miami-on-september-2-2026-82-83f,Will the highest temperature in Miami be between 82-83°F on September 2?,"[""Yes"", ""No""]","[""0.025"", ""0.975""]",5,1,31.5,29.9,32.6
1788187733.7,Highest temperature in Miami on September 2?,Miami,2026-09-02,4020675,highest-temperature-in-miami-on-september-2-2026-84-85f,Will the highest temperature in Miami be between 84-85°F on September 2?,"[""Yes"", ""No""]","[""0.06"", ""0.94""]",8.5,1,31.5,29.9,32.6
1788187733.7,Highest temperature in Miami on September 2?,Miami,2026-09-02,4020676,highest-temperature-in-miami-on-september-2-2026-86-87f,Will the highest temperature in Miami be between 86-87°F on September 2?,"[""Yes"", ""No""]","[""0.06"", ""0.94""]",5,1,31.5,29.9,32.6
1788187733.7,Highest temperature in Miami on September 2?,Miami,2026-09-02,4020677,highest-temperature-in-miami-on-september-2-2026-88-89f,Will the highest temperature in Miami be between 88-89°F on September 2?,"[""Yes"", ""No""]","[""0.135"", ""0.865""]",110.111261,1,31.5,29.9,32.6
1788187733.7,Highest temperature in Miami on September 2?,Miami,2026-09-02,4020678,highest-temperature-in-miami-on-september-2-2026-90-91f,Will the highest temperature in Miami be between 90-91°F on September 2?,"[""Yes"", ""No""]","[""0.445"", ""0.555""]",77.873895,1,31.5,29.9,32.6
1788187733.7,Highest temperature in Miami on September 2?,Miami,2026-09-02,4020679,highest-temperature-in-miami-on-september-2-2026-92-93f,Will the highest temperature in Miami be between 92-93°F on September 2?,"[""Yes"", ""No""]","[""0.31"", ""0.69""]",476.82205799999997,1,31.5,29.9,32.6
1788187733.7,Highest temperature in Miami on September 2?,Miami,2026-09-02,4020680,highest-temperature-in-miami-on-september-2-2026-94-95f,Will the highest temperature in Miami be between 94-95°F on September 2?,"[""Yes"", ""No""]","[""0.06"", ""0.94""]",14.69,1,31.5,29.9,32.6
1788187733.7,Highest temperature in Miami on September 2?,Miami,2026-09-02,4020681,highest-temperature-in-miami-on-september-2-2026-96-97f,Will the highest temperature in Miami be between 96-97°F on September 2?,"[""Yes"", ""No""]","[""0.045"", ""0.955""]",9.54736,1,31.5,29.9,32.6
1788187733.7,Highest temperature in Miami on September 2?,Miami,2026-09-02,4020682,highest-temperature-in-miami-on-september-2-2026-98-99f,Will the highest temperature in Miami be between 98-99°F on September 2?,"[""Yes"", ""No""]","[""0.006"", ""0.994""]",34.979406,1,31.5,29.9,32.6
1788187733.7,Highest temperature in Miami on September 2?,Miami,2026-09-02,4020683,highest-temperature-in-miami-on-september-2-2026-100forhigher,Will the highest temperature in Miami be 100°F or higher on September 2?,"[""Yes"", ""No""]","[""0.0055"", ""0.9945""]",,1,31.5,29.9,32.6
1788187733.7,Highest temperature in NYC on September 2?,NYC,2026-09-02,4021605,highest-temperature-in-nyc-on-september-2-2026-69forbelow,Will the highest temperature in New York City be 69°F or below on September 2?,"[""Yes"", ""No""]","[""0.015"", ""0.985""]",5,1,24.4,23.9,24.0
1788187733.7,Highest temperature in NYC on September 2?,NYC,2026-09-02,4021606,highest-temperature-in-nyc-on-september-2-2026-70-71f,Will the highest temperature in New York City be between 70-71°F on September 2?,"[""Yes"", ""No""]","[""0.015"", ""0.985""]",5,1,24.4,23.9,24.0
1788187733.7,Highest temperature in NYC on September 2?,NYC,2026-09-02,4021607,highest-temperature-in-nyc-on-september-2-2026-72-73f,Will the highest temperature in New York City be between 72-73°F on September 2?,"[""Yes"", ""No""]","[""0.18"", ""0.82""]",,1,24.4,23.9,24.0
1788187733.7,Highest temperature in NYC on September 2?,NYC,2026-09-02,4021608,highest-temperature-in-nyc-on-september-2-2026-74-75f,Will the highest temperature in New York City be between 74-75°F on September 2?,"[""Yes"", ""No""]","[""0.42"", ""0.58""]",,1,24.4,23.9,24.0
1788187733.7,Highest temperature in NYC on September 2?,NYC,2026-09-02,4021609,highest-temperature-in-nyc-on-september-2-2026-76-77f,Will the highest temperature in New York City be between 76-77°F on September 2?,"[""Yes"", ""No""]","[""0.42"", ""0.58""]",5.294115,1,24.4,23.9,24.0
1788187733.7,Highest temperature in NYC on September 2?,NYC,2026-09-02,4021610,highest-temperature-in-nyc-on-september-2-2026-78-79f,Will the highest temperature in New York City be between 78-79°F on September 2?,"[""Yes"", ""No""]","[""0.11"", ""0.89""]",6.578946,1,24.4,23.9,24.0
1788187733.7,Highest temperature in NYC on September 2?,NYC,2026-09-02,4021611,highest-temperature-in-nyc-on-september-2-2026-80-81f,Will the highest temperature in New York City be between 80-81°F on September 2?,"[""Yes"", ""No""]","[""0.035"", ""0.965""]",,1,24.4,23.9,24.0
1788187733.7,Highest temperature in NYC on September 2?,NYC,2026-09-02,4021612,highest-temperature-in-nyc-on-september-2-2026-82-83f,Will the highest temperature in New York City be between 82-83°F on September 2?,"[""Yes"", ""No""]","[""0.025"", ""0.975""]",,1,24.4,23.9,24.0
1788187733.7,Highest temperature in NYC on September 2?,NYC,2026-09-02,4021613,highest-temperature-in-nyc-on-september-2-2026-84-85f,Will the highest temperature in New York City be between 84-85°F on September 2?,"[""Yes"", ""No""]","[""0.01"", ""0.99""]",5,1,24.4,23.9,24.0
1788187733.7,Highest temperature in NYC on September 2?,NYC,2026-09-02,4021614,highest-temperature-in-nyc-on-september-2-2026-86-87f,Will the highest temperature in New York City be between 86-87°F on September 2?,"[""Yes"", ""No""]","[""0.0055"", ""0.9945""]",5,1,24.4,23.9,24.0
1788187733.7,Highest temperature in NYC on September 2?,NYC,2026-09-02,4021615,highest-temperature-in-nyc-on-september-2-2026-88forhigher,Will the highest temperature in New York City be 88°F or higher on September 2?,"[""Yes"", ""No""]","[""0.0055"", ""0.9945""]",5,1,24.4,23.9,24.0
1788187733.7,Highest temperature in Atlanta on September 2?,Atlanta,2026-09-02,4021616,highest-temperature-in-atlanta-on-september-2-2026-85forbelow,Will the highest temperature in Atlanta be 85°F or below on September 2?,"[""Yes"", ""No""]","[""0.0055"", ""0.9945""]",6.286,1,37.4,36.6,35.6
1788187733.7,Highest temperature in Atlanta on September 2?,Atlanta,2026-09-02,4021617,highest-temperature-in-atlanta-on-september-2-2026-86-87f,Will the highest temperature in Atlanta be between 86-87°F on September 2?,"[""Yes"", ""No""]","[""0.0055"", ""0.9945""]",6.484,1,37.4,36.6,35.6
1788187733.7,Highest temperature in Atlanta on September 2?,Atlanta,2026-09-02,4021618,highest-temperature-in-atlanta-on-september-2-2026-88-89f,Will the highest temperature in Atlanta be between 88-89°F on September 2?,"[""Yes"", ""No""]","[""0.02"", ""0.98""]",5,1,37.4,36.6,35.6
1788187733.7,Highest temperature in Atlanta on September 2?,Atlanta,2026-09-02,4021619,highest-temperature-in-atlanta-on-september-2-2026-90-91f,Will the highest temperature in Atlanta be between 90-91°F on September 2?,"[""Yes"", ""No""]","[""0.045"", ""0.955""]",7.5,1,37.4,36.6,35.6
1788187733.7,Highest temperature in Atlanta on September 2?,Atlanta,2026-09-02,4021620,highest-temperature-in-atlanta-on-september-2-2026-92-93f,Will the highest temperature in Atlanta be between 92-93°F on September 2?,"[""Yes"", ""No""]","[""0.085"", ""0.915""]",,1,37.4,36.6,35.6
1788187733.7,Highest temperature in Atlanta on September 2?,Atlanta,2026-09-02,4021621,highest-temperature-in-atlanta-on-september-2-2026-94-95f,Will the highest temperature in Atlanta be between 94-95°F on September 2?,"[""Yes"", ""No""]","[""0.345"", ""0.655""]",,1,37.4,36.6,35.6
1788187733.7,Highest temperature in Atlanta on September 2?,Atlanta,2026-09-02,4021622,highest-temperature-in-atlanta-on-september-2-2026-96-97f,Will the highest temperature in Atlanta be between 96-97°F on September 2?,"[""Yes"", ""No""]","[""0.405"", ""0.595""]",,1,37.4,36.6,35.6
1788187733.7,Highest temperature in Atlanta on September 2?,Atlanta,2026-09-02,4021623,highest-temperature-in-atlanta-on-september-2-2026-98-99f,Will the highest temperature in Atlanta be between 98-99°F on September 2?,"[""Yes"", ""No""]","[""0.25"", ""0.75""]",,1,37.4,36.6,35.6
1788187733.7,Highest temperature in Atlanta on September 2?,Atlanta,2026-09-02,4021624,highest-temperature-in-atlanta-on-september-2-2026-100-101f,Will the highest temperature in Atlanta be between 100-101°F on September 2?,"[""Yes"", ""No""]","[""0.07"", ""0.93""]",12.15,1,37.4,36.6,35.6
1788187733.7,Highest temperature in Atlanta on September 2?,Atlanta,2026-09-02,4021625,highest-temperature-in-atlanta-on-september-2-2026-102-103f,Will the highest temperature in Atlanta be between 102-103°F on September 2?,"[""Yes"", ""No""]","[""0.07"", ""0.93""]",5,1,37.4,36.6,35.6
1788187733.7,Highest temperature in Atlanta on September 2?,Atlanta,2026-09-02,4021626,highest-temperature-in-atlanta-on-september-2-2026-104forhigher,Will the highest temperature in Atlanta be 104°F or higher on September 2?,"[""Yes"", ""No""]","[""0.015"", ""0.985""]",5,1,37.4,36.6,35.6
1788187733.7,Highest temperature in Chicago on September 2?,Chicago,2026-09-02,4021627,highest-temperature-in-chicago-on-september-2-2026-83forbelow,Will the highest temperature in Chicago be 83°F or below on September 2?,"[""Yes"", ""No""]","[""0.0055"", ""0.9945""]",,1,35.5,33.3,34.9
1788187733.7,Highest temperature in Chicago on September 2?,Chicago,2026-09-02,4021628,highest-temperature-in-chicago-on-september-2-2026-84-85f,Will the highest temperature in Chicago be between 84-85°F on September 2?,"[""Yes"", ""No""]","[""0.035"", ""0.965""]",,1,35.5,33.3,34.9
1788187733.7,Highest temperature in Chicago on September 2?,Chicago,2026-09-02,4021629,highest-temperature-in-chicago-on-september-2-2026-86-87f,Will the highest temperature in Chicago be between 86-87°F on September 2?,"[""Yes"", ""No""]","[""0.065"", ""0.935""]",7,1,35.5,33.3,34.9
1788187733.7,Highest temperature in Chicago on September 2?,Chicago,2026-09-02,4021630,highest-temperature-in-chicago-on-september-2-2026-88-89f,Will the highest temperature in Chicago be between 88-89°F on September 2?,"[""Yes"", ""No""]","[""0.055"", ""0.945""]",45.4139,1,35.5,33.3,34.9
1788187733.7,Highest temperature in Chicago on September 2?,Chicago,2026-09-02,4021631,highest-temperature-in-chicago-on-september-2-2026-90-91f,Will the highest temperature in Chicago be between 90-91°F on September 2?,"[""Yes"", ""No""]","[""0.195"", ""0.805""]",,1,35.5,33.3,34.9
1788187733.7,Highest temperature in Chicago on September 2?,Chicago,2026-09-02,4021632,highest-temperature-in-chicago-on-september-2-2026-92-93f,Will the highest temperature in Chicago be between 92-93°F on September 2?,"[""Yes"", ""No""]","[""0.425"", ""0.575""]",,1,35.5,33.3,34.9
1788187733.7,Highest temperature in Chicago on September 2?,Chicago,2026-09-02,4021633,highest-temperature-in-chicago-on-september-2-2026-94-95f,Will the highest temperature in Chicago be between 94-95°F on September 2?,"[""Yes"", ""No""]","[""0.43"", ""0.57""]",,1,35.5,33.3,34.9
1788187733.7,Highest temperature in Chicago on September 2?,Chicago,2026-09-02,4021634,highest-temperature-in-chicago-on-september-2-2026-96-97f,Will the highest temperature in Chicago be between 96-97°F on September 2?,"[""Yes"", ""No""]","[""0.1"", ""0.9""]",,1,35.5,33.3,34.9
1788187733.7,Highest temperature in Chicago on September 2?,Chicago,2026-09-02,4021635,highest-temperature-in-chicago-on-september-2-2026-98-99f,Will the highest temperature in Chicago be between 98-99°F on September 2?,"[""Yes"", ""No""]","[""0.04"", ""0.96""]",20,1,35.5,33.3,34.9
1788187733.7,Highest temperature in Chicago on September 2?,Chicago,2026-09-02,4021636,highest-temperature-in-chicago-on-september-2-2026-100-101f,Will the highest temperature in Chicago be between 100-101°F on September 2?,"[""Yes"", ""No""]","[""0.045"", ""0.955""]",35,1,35.5,33.3,34.9
1788187733.7,Highest temperature in Chicago on September 2?,Chicago,2026-09-02,4021637,highest-temperature-in-chicago-on-september-2-2026-102forhigher,Will the highest temperature in Chicago be 102°F or higher on September 2?,"[""Yes"", ""No""]","[""0.0055"", ""0.9945""]",30,1,35.5,33.3,34.9
1788187733.7,Highest temperature in Austin on September 2?,Austin,2026-09-02,4021638,highest-temperature-in-austin-on-september-2-2026-87forbelow,Will the highest temperature in Austin be 87°F or below on September 2?,"[""Yes"", ""No""]","[""0.0035"", ""0.9965""]",,1,37.0,38.1,36.9
1788187733.7,Highest temperature in Austin on September 2?,Austin,2026-09-02,4021639,highest-temperature-in-austin-on-september-2-2026-88-89f,Will the highest temperature in Austin be between 88-89°F on September 2?,"[""Yes"", ""No""]","[""0.0035"", ""0.9965""]",,1,37.0,38.1,36.9
1788187733.7,Highest temperature in Austin on September 2?,Austin,2026-09-02,4021640,highest-temperature-in-austin-on-september-2-2026-90-91f,Will the highest temperature in Austin be between 90-91°F on September 2?,"[""Yes"", ""No""]","[""0.0305"", ""0.9695""]",,1,37.0,38.1,36.9
1788187733.7,Highest temperature in Austin on September 2?,Austin,2026-09-02,4021641,highest-temperature-in-austin-on-september-2-2026-92-93f,Will the highest temperature in Austin be between 92-93°F on September 2?,"[""Yes"", ""No""]","[""0.015"", ""0.985""]",26,1,37.0,38.1,36.9
1788187733.7,Highest temperature in Austin on September 2?,Austin,2026-09-02,4021642,highest-temperature-in-austin-on-september-2-2026-94-95f,Will the highest temperature in Austin be between 94-95°F on September 2?,"[""Yes"", ""No""]","[""0.09"", ""0.91""]",20,1,37.0,38.1,36.9
1788187733.7,Highest temperature in Austin on September 2?,Austin,2026-09-02,4021643,highest-temperature-in-austin-on-september-2-2026-96-97f,Will the highest temperature in Austin be between 96-97°F on September 2?,"[""Yes"", ""No""]","[""0.155"", ""0.845""]",,1,37.0,38.1,36.9
1788187733.7,Highest temperature in Austin on September 2?,Austin,2026-09-02,4021644,highest-temperature-in-austin-on-september-2-2026-98-99f,Will the highest temperature in Austin be between 98-99°F on September 2?,"[""Yes"", ""No""]","[""0.455"", ""0.545""]",,1,37.0,38.1,36.9
1788187733.7,Highest temperature in Austin on September 2?,Austin,2026-09-02,4021645,highest-temperature-in-austin-on-september-2-2026-100-101f,Will the highest temperature in Austin be between 100-101°F on September 2?,"[""Yes"", ""No""]","[""0.28"", ""0.72""]",9.881173,1,37.0,38.1,36.9
1788187733.7,Highest temperature in Austin on September 2?,Austin,2026-09-02,4021646,highest-temperature-in-austin-on-september-2-2026-102-103f,Will the highest temperature in Austin be between 102-103°F on September 2?,"[""Yes"", ""No""]","[""0.07"", ""0.93""]",8,1,37.0,38.1,36.9
1788187733.7,Highest temperature in Austin on September 2?,Austin,2026-09-02,4021647,highest-temperature-in-austin-on-september-2-2026-104-105f,Will the highest temperature in Austin be between 104-105°F on September 2?,"[""Yes"", ""No""]","[""0.045"", ""0.955""]",8.7575,1,37.0,38.1,36.9
1788187733.7,Highest temperature in Austin on September 2?,Austin,2026-09-02,4021648,highest-temperature-in-austin-on-september-2-2026-106forhigher,Will the highest temperature in Austin be 106°F or higher on September 2?,"[""Yes"", ""No""]","[""0.02"", ""0.98""]",5,1,37.0,38.1,36.9
1788187733.7,Highest temperature in Denver on September 2?,Denver,2026-09-02,4021649,highest-temperature-in-denver-on-september-2-2026-77forbelow,Will the highest temperature in Denver be 77°F or below on September 2?,"[""Yes"", ""No""]","[""0.003"", ""0.997""]",40,1,32.3,31.9,30.4
1788187733.7,Highest temperature in Denver on September 2?,Denver,2026-09-02,4021650,highest-temperature-in-denver-on-september-2-2026-78-79f,Will the highest temperature in Denver be between 78-79°F on September 2?,"[""Yes"", ""No""]","[""0.0055"", ""0.9945""]",44.992999999999995,1,32.3,31.9,30.4
1788187733.7,Highest temperature in Denver on September 2?,Denver,2026-09-02,4021651,highest-temperature-in-denver-on-september-2-2026-80-81f,Will the highest temperature in Denver be between 80-81°F on September 2?,"[""Yes"", ""No""]","[""0.04"", ""0.96""]",5,1,32.3,31.9,30.4
1788187733.7,Highest temperature in Denver on September 2?,Denver,2026-09-02,4021652,highest-temperature-in-denver-on-september-2-2026-82-83f,Will the highest temperature in Denver be between 82-83°F on September 2?,"[""Yes"", ""No""]","[""0.055"", ""0.945""]",5,1,32.3,31.9,30.4
1788187733.7,Highest temperature in Denver on September 2?,Denver,2026-09-02,4021653,highest-temperature-in-denver-on-september-2-2026-84-85f,Will the highest temperature in Denver be between 84-85°F on September 2?,"[""Yes"", ""No""]","[""0.085"", ""0.915""]",191.989283,1,32.3,31.9,30.4
1788187733.7,Highest temperature in Denver on September 2?,Denver,2026-09-02,4021654,highest-temperature-in-denver-on-september-2-2026-86-87f,Will the highest temperature in Denver be between 86-87°F on September 2?,"[""Yes"", ""No""]","[""0.16"", ""0.84""]",78.431715,1,32.3,31.9,30.4
1788187733.7,Highest temperature in Denver on September 2?,Denver,2026-09-02,4021655,highest-temperature-in-denver-on-september-2-2026-88-89f,Will the highest temperature in Denver be between 88-89°F on September 2?,"[""Yes"", ""No""]","[""0.405"", ""0.595""]",1099.1336159999998,1,32.3,31.9,30.4
1788187733.7,Highest temperature in Denver on September 2?,Denver,2026-09-02,4021656,highest-temperature-in-denver-on-september-2-2026-90-91f,Will the highest temperature in Denver be between 90-91°F on September 2?,"[""Yes"", ""No""]","[""0.225"", ""0.775""]",137.075,1,32.3,31.9,30.4
1788187733.7,Highest temperature in Denver on September 2?,Denver,2026-09-02,4021657,highest-temperature-in-denver-on-september-2-2026-92-93f,Will the highest temperature in Denver be between 92-93°F on September 2?,"[""Yes"", ""No""]","[""0.035"", ""0.965""]",100.288632,1,32.3,31.9,30.4
1788187733.7,Highest temperature in Denver on September 2?,Denver,2026-09-02,4021658,highest-temperature-in-denver-on-september-2-2026-94-95f,Will the highest temperature in Denver be between 94-95°F on September 2?,"[""Yes"", ""No""]","[""0.0455"", ""0.9545""]",64.949,1,32.3,31.9,30.4
1788187733.7,Highest temperature in Denver on September 2?,Denver,2026-09-02,4021659,highest-temperature-in-denver-on-september-2-2026-96forhigher,Will the highest temperature in Denver be 96°F or higher on September 2?,"[""Yes"", ""No""]","[""0.003"", ""0.997""]",45,1,32.3,31.9,30.4
1788187733.7,Highest temperature in Houston on September 2?,Houston,2026-09-02,4021660,highest-temperature-in-houston-on-september-2-2026-79forbelow,Will the highest temperature in Houston be 79°F or below on September 2?,"[""Yes"", ""No""]","[""0.0055"", ""0.9945""]",,1,35.8,30.5,34.3
1788187733.7,Highest temperature in Houston on September 2?,Houston,2026-09-02,4021661,highest-temperature-in-houston-on-september-2-2026-80-81f,Will the highest temperature in Houston be between 80-81°F on September 2?,"[""Yes"", ""No""]","[""0.0055"", ""0.9945""]",,1,35.8,30.5,34.3
1788187733.7,Highest temperature in Houston on September 2?,Houston,2026-09-02,4021662,highest-temperature-in-houston-on-september-2-2026-82-83f,Will the highest temperature in Houston be between 82-83°F on September 2?,"[""Yes"", ""No""]","[""0.0755"", ""0.9245""]",7.799562,1,35.8,30.5,34.3
1788187733.7,Highest temperature in Houston on September 2?,Houston,2026-09-02,4021663,highest-temperature-in-houston-on-september-2-2026-84-85f,Will the highest temperature in Houston be between 84-85°F on September 2?,"[""Yes"", ""No""]","[""0.03"", ""0.97""]",45.79,1,35.8,30.5,34.3
1788187733.7,Highest temperature in Houston on September 2?,Houston,2026-09-02,4021664,highest-temperature-in-houston-on-september-2-2026-86-87f,Will the highest temperature in Houston be between 86-87°F on September 2?,"[""Yes"", ""No""]","[""0.245"", ""0.755""]",,1,35.8,30.5,34.3
1788187733.7,Highest temperature in Houston on September 2?,Houston,2026-09-02,4021665,highest-temperature-in-houston-on-september-2-2026-88-89f,Will the highest temperature in Houston be between 88-89°F on September 2?,"[""Yes"", ""No""]","[""0.45"", ""0.55""]",2.692304,1,35.8,30.5,34.3
1788187733.7,Highest temperature in Houston on September 2?,Houston,2026-09-02,4021666,highest-temperature-in-houston-on-september-2-2026-90-91f,Will the highest temperature in Houston be between 90-91°F on September 2?,"[""Yes"", ""No""]","[""0.42"", ""0.58""]",,1,35.8,30.5,34.3
1788187733.7,Highest temperature in Houston on September 2?,Houston,2026-09-02,4021667,highest-temperature-in-houston-on-september-2-2026-92-93f,Will the highest temperature in Houston be between 92-93°F on September 2?,"[""Yes"", ""No""]","[""0.13"", ""0.87""]",,1,35.8,30.5,34.3
1788187733.7,Highest temperature in Houston on September 2?,Houston,2026-09-02,4021668,highest-temperature-in-houston-on-september-2-2026-94-95f,Will the highest temperature in Houston be between 94-95°F on September 2?,"[""Yes"", ""No""]","[""0.09"", ""0.91""]",27,1,35.8,30.5,34.3
1788187733.7,Highest temperature in Houston on September 2?,Houston,2026-09-02,4021669,highest-temperature-in-houston-on-september-2-2026-96-97f,Will the highest temperature in Houston be between 96-97°F on September 2?,"[""Yes"", ""No""]","[""0.05"", ""0.95""]",5,1,35.8,30.5,34.3
1788187733.7,Highest temperature in Houston on September 2?,Houston,2026-09-02,4021670,highest-temperature-in-houston-on-september-2-2026-98forhigher,Will the highest temperature in Houston be 98°F or higher on September 2?,"[""Yes"", ""No""]","[""0.0055"", ""0.9945""]",,1,35.8,30.5,34.3
1788187733.7,Highest temperature in Seattle on September 2?,Seattle,2026-09-02,4024574,highest-temperature-in-seattle-on-september-2-2026-55forbelow,Will the highest temperature in Seattle be 55°F or below on September 2?,"[""Yes"", ""No""]","[""0.0035"", ""0.9965""]",,1,19.6,22.7,17.0
1788187733.7,Highest temperature in Seattle on September 2?,Seattle,2026-09-02,4024575,highest-temperature-in-seattle-on-september-2-2026-56-57f,Will the highest temperature in Seattle be between 56-57°F on September 2?,"[""Yes"", ""No""]","[""0.0055"", ""0.9945""]",,1,19.6,22.7,17.0
1788187733.7,Highest temperature in Seattle on September 2?,Seattle,2026-09-02,4024576,highest-temperature-in-seattle-on-september-2-2026-58-59f,Will the highest temperature in Seattle be between 58-59°F on September 2?,"[""Yes"", ""No""]","[""0.0055"", ""0.9945""]",,1,19.6,22.7,17.0
1788187733.7,Highest temperature in Seattle on September 2?,Seattle,2026-09-02,4024577,highest-temperature-in-seattle-on-september-2-2026-60-61f,Will the highest temperature in Seattle be between 60-61°F on September 2?,"[""Yes"", ""No""]","[""0.04"", ""0.96""]",,1,19.6,22.7,17.0
1788187733.7,Highest temperature in Seattle on September 2?,Seattle,2026-09-02,4024578,highest-temperature-in-seattle-on-september-2-2026-62-63f,Will the highest temperature in Seattle be between 62-63°F on September 2?,"[""Yes"", ""No""]","[""0.145"", ""0.855""]",8.93,1,19.6,22.7,17.0
1788187733.7,Highest temperature in Seattle on September 2?,Seattle,2026-09-02,4024579,highest-temperature-in-seattle-on-september-2-2026-64-65f,Will the highest temperature in Seattle be between 64-65°F on September 2?,"[""Yes"", ""No""]","[""0.3"", ""0.7""]",,1,19.6,22.7,17.0
1788187733.7,Highest temperature in Seattle on September 2?,Seattle,2026-09-02,4024580,highest-temperature-in-seattle-on-september-2-2026-66-67f,Will the highest temperature in Seattle be between 66-67°F on September 2?,"[""Yes"", ""No""]","[""0.32"", ""0.68""]",,1,19.6,22.7,17.0
1788187733.7,Highest temperature in Seattle on September 2?,Seattle,2026-09-02,4024581,highest-temperature-in-seattle-on-september-2-2026-68-69f,Will the highest temperature in Seattle be between 68-69°F on September 2?,"[""Yes"", ""No""]","[""0.115"", ""0.885""]",,1,19.6,22.7,17.0
1788187733.7,Highest temperature in Seattle on September 2?,Seattle,2026-09-02,4024582,highest-temperature-in-seattle-on-september-2-2026-70-71f,Will the highest temperature in Seattle be between 70-71°F on September 2?,"[""Yes"", ""No""]","[""0.1"", ""0.9""]",6,1,19.6,22.7,17.0
1788187733.7,Highest temperature in Seattle on September 2?,Seattle,2026-09-02,4024583,highest-temperature-in-seattle-on-september-2-2026-72-73f,Will the highest temperature in Seattle be between 72-73°F on September 2?,"[""Yes"", ""No""]","[""0.055"", ""0.945""]",,1,19.6,22.7,17.0
1788187733.7,Highest temperature in Seattle on September 2?,Seattle,2026-09-02,4024584,highest-temperature-in-seattle-on-september-2-2026-74forhigher,Will the highest temperature in Seattle be 74°F or higher on September 2?,"[""Yes"", ""No""]","[""0.0055"", ""0.9945""]",10,1,19.6,22.7,17.0
1788187733.7,Highest temperature in Los Angeles on September 2?,Los Angeles,2026-09-02,4024585,highest-temperature-in-los-angeles-on-september-2-2026-65forbelow,Will the highest temperature in Los Angeles be 65°F or below on September 2?,"[""Yes"", ""No""]","[""0.003"", ""0.997""]",17,1,29.0,28.9,27.1
1788187733.7,Highest temperature in Los Angeles on September 2?,Los Angeles,2026-09-02,4024586,highest-temperature-in-los-angeles-on-september-2-2026-66-67f,Will the highest temperature in Los Angeles be between 66-67°F on September 2?,"[""Yes"", ""No""]","[""0.003"", ""0.997""]",17,1,29.0,28.9,27.1
1788187733.7,Highest temperature in Los Angeles on September 2?,Los Angeles,2026-09-02,4024587,highest-temperature-in-los-angeles-on-september-2-2026-68-69f,Will the highest temperature in Los Angeles be between 68-69°F on September 2?,"[""Yes"", ""No""]","[""0.0055"", ""0.9945""]",17,1,29.0,28.9,27.1
1788187733.7,Highest temperature in Los Angeles on September 2?,Los Angeles,2026-09-02,4024588,highest-temperature-in-los-angeles-on-september-2-2026-70-71f,Will the highest temperature in Los Angeles be between 70-71°F on September 2?,"[""Yes"", ""No""]","[""0.0055"", ""0.9945""]",17,1,29.0,28.9,27.1
1788187733.7,Highest temperature in Los Angeles on September 2?,Los Angeles,2026-09-02,4024589,highest-temperature-in-los-angeles-on-september-2-2026-72-73f,Will the highest temperature in Los Angeles be between 72-73°F on September 2?,"[""Yes"", ""No""]","[""0.0055"", ""0.9945""]",17,1,29.0,28.9,27.1
1788187733.7,Highest temperature in Los Angeles on September 2?,Los Angeles,2026-09-02,4024590,highest-temperature-in-los-angeles-on-september-2-2026-74-75f,Will the highest temperature in Los Angeles be between 74-75°F on September 2?,"[""Yes"", ""No""]","[""0.26"", ""0.74""]",16.666665000000002,1,29.0,28.9,27.1
1788187733.7,Highest temperature in Los Angeles on September 2?,Los Angeles,2026-09-02,4024591,highest-temperature-in-los-angeles-on-september-2-2026-76-77f,Will the highest temperature in Los Angeles be between 76-77°F on September 2?,"[""Yes"", ""No""]","[""0.425"", ""0.575""]",140.50785000000002,1,29.0,28.9,27.1
1788187733.7,Highest temperature in Los Angeles on September 2?,Los Angeles,2026-09-02,4024592,highest-temperature-in-los-angeles-on-september-2-2026-78-79f,Will the highest temperature in Los Angeles be between 78-79°F on September 2?,"[""Yes"", ""No""]","[""0.275"", ""0.725""]",106.35285900000001,1,29.0,28.9,27.1
1788187733.7,Highest temperature in Los Angeles on September 2?,Los Angeles,2026-09-02,4024593,highest-temperature-in-los-angeles-on-september-2-2026-80-81f,Will the highest temperature in Los Angeles be between 80-81°F on September 2?,"[""Yes"", ""No""]","[""0.03"", ""0.97""]",5,1,29.0,28.9,27.1
1788187733.7,Highest temperature in Los Angeles on September 2?,Los Angeles,2026-09-02,4024594,highest-temperature-in-los-angeles-on-september-2-2026-82-83f,Will the highest temperature in Los Angeles be between 82-83°F on September 2?,"[""Yes"", ""No""]","[""0.03"", ""0.97""]",5,1,29.0,28.9,27.1
1788187733.7,Highest temperature in Los Angeles on September 2?,Los Angeles,2026-09-02,4024595,highest-temperature-in-los-angeles-on-september-2-2026-84forhigher,Will the highest temperature in Los Angeles be 84°F or higher on September 2?,"[""Yes"", ""No""]","[""0.005"", ""0.995""]",12,1,29.0,28.9,27.1
1788187733.7,Highest temperature in San Francisco on September 2?,San Francisco,2026-09-02,4024596,highest-temperature-in-san-francisco-on-september-2-2026-63forbelow,Will the highest temperature in San Francisco be 63°F or below on September 2?,"[""Yes"", ""No""]","[""0.0075"", ""0.9925""]",,1,21.2,20.5,19.8
1788187733.7,Highest temperature in San Francisco on September 2?,San Francisco,2026-09-02,4024597,highest-temperature-in-san-francisco-on-september-2-2026-64-65f,Will the highest temperature in San Francisco be between 64-65°F on September 2?,"[""Yes"", ""No""]","[""0.075"", ""0.925""]",25,1,21.2,20.5,19.8
1788187733.7,Highest temperature in San Francisco on September 2?,San Francisco,2026-09-02,4024598,highest-temperature-in-san-francisco-on-september-2-2026-66-67f,Will the highest temperature in San Francisco be between 66-67°F on September 2?,"[""Yes"", ""No""]","[""0.095"", ""0.905""]",1.08695,1,21.2,20.5,19.8
1788187733.7,Highest temperature in San Francisco on September 2?,San Francisco,2026-09-02,4024599,highest-temperature-in-san-francisco-on-september-2-2026-68-69f,Will the highest temperature in San Francisco be between 68-69°F on September 2?,"[""Yes"", ""No""]","[""0.1"", ""0.9""]",12,1,21.2,20.5,19.8
1788187733.7,Highest temperature in San Francisco on September 2?,San Francisco,2026-09-02,4024600,highest-temperature-in-san-francisco-on-september-2-2026-70-71f,Will the highest temperature in San Francisco be between 70-71°F on September 2?,"[""Yes"", ""No""]","[""0.245"", ""0.755""]",,1,21.2,20.5,19.8
1788187733.7,Highest temperature in San Francisco on September 2?,San Francisco,2026-09-02,4024601,highest-temperature-in-san-francisco-on-september-2-2026-72-73f,Will the highest temperature in San Francisco be between 72-73°F on September 2?,"[""Yes"", ""No""]","[""0.195"", ""0.805""]",,1,21.2,20.5,19.8
1788187733.7,Highest temperature in San Francisco on September 2?,San Francisco,2026-09-02,4024602,highest-temperature-in-san-francisco-on-september-2-2026-74-75f,Will the highest temperature in San Francisco be between 74-75°F on September 2?,"[""Yes"", ""No""]","[""0.125"", ""0.875""]",,1,21.2,20.5,19.8
1788187733.7,Highest temperature in San Francisco on September 2?,San Francisco,2026-09-02,4024603,highest-temperature-in-san-francisco-on-september-2-2026-76-77f,Will the highest temperature in San Francisco be between 76-77°F on September 2?,"[""Yes"", ""No""]","[""0.105"", ""0.895""]",22.0606,1,21.2,20.5,19.8
1788187733.7,Highest temperature in San Francisco on September 2?,San Francisco,2026-09-02,4024604,highest-temperature-in-san-francisco-on-september-2-2026-78-79f,Will the highest temperature in San Francisco be between 78-79°F on September 2?,"[""Yes"", ""No""]","[""0.0505"", ""0.9495""]",137.378281,1,21.2,20.5,19.8
1788187733.7,Highest temperature in San Francisco on September 2?,San Francisco,2026-09-02,4024605,highest-temperature-in-san-francisco-on-september-2-2026-80-81f,Will the highest temperature in San Francisco be between 80-81°F on September 2?,"[""Yes"", ""No""]","[""0.035"", ""0.965""]",5,1,21.2,20.5,19.8
1788187733.7,Highest temperature in San Francisco on September 2?,San Francisco,2026-09-02,4024606,highest-temperature-in-san-francisco-on-september-2-2026-82forhigher,Will the highest temperature in San Francisco be 82°F or higher on September 2?,"[""Yes"", ""No""]","[""0.035"", ""0.965""]",5,1,21.2,20.5,19.8
1788187733.7,Highest temperature in Sao Paulo on September 2?,Sao Paulo,2026-09-02,4026137,highest-temperature-in-sao-paulo-on-september-2-2026-14corbelow,Will the highest temperature in Sao Paulo be 14°C or below on September 2?,"[""Yes"", ""No""]","[""0.0055"", ""0.9945""]",12,1,17.5,19.5,19.6
1788187733.7,Highest temperature in Sao Paulo on September 2?,Sao Paulo,2026-09-02,4026138,highest-temperature-in-sao-paulo-on-september-2-2026-15c,Will the highest temperature in Sao Paulo be 15°C on September 2?,"[""Yes"", ""No""]","[""0.0055"", ""0.9945""]",15.573,1,17.5,19.5,19.6
1788187733.7,Highest temperature in Sao Paulo on September 2?,Sao Paulo,2026-09-02,4026139,highest-temperature-in-sao-paulo-on-september-2-2026-16c,Will the highest temperature in Sao Paulo be 16°C on September 2?,"[""Yes"", ""No""]","[""0.025"", ""0.975""]",17,1,17.5,19.5,19.6
1788187733.7,Highest temperature in Sao Paulo on September 2?,Sao Paulo,2026-09-02,4026140,highest-temperature-in-sao-paulo-on-september-2-2026-17c,Will the highest temperature in Sao Paulo be 17°C on September 2?,"[""Yes"", ""No""]","[""0.04"", ""0.96""]",17,1,17.5,19.5,19.6
1788187733.7,Highest temperature in Sao Paulo on September 2?,Sao Paulo,2026-09-02,4026141,highest-temperature-in-sao-paulo-on-september-2-2026-18c,Will the highest temperature in Sao Paulo be 18°C on September 2?,"[""Yes"", ""No""]","[""0.14"", ""0.86""]",12,1,17.5,19.5,19.6
1788187733.7,Highest temperature in Sao Paulo on September 2?,Sao Paulo,2026-09-02,4026142,highest-temperature-in-sao-paulo-on-september-2-2026-19c,Will the highest temperature in Sao Paulo be 19°C on September 2?,"[""Yes"", ""No""]","[""0.3"", ""0.7""]",17,1,17.5,19.5,19.6
1788187733.7,Highest temperature in Sao Paulo on September 2?,Sao Paulo,2026-09-02,4026143,highest-temperature-in-sao-paulo-on-september-2-2026-20c,Will the highest temperature in Sao Paulo be 20°C on September 2?,"[""Yes"", ""No""]","[""0.4"", ""0.6""]",17,1,17.5,19.5,19.6
1788187733.7,Highest temperature in Sao Paulo on September 2?,Sao Paulo,2026-09-02,4026144,highest-temperature-in-sao-paulo-on-september-2-2026-21c,Will the highest temperature in Sao Paulo be 21°C on September 2?,"[""Yes"", ""No""]","[""0.235"", ""0.765""]",46.87,1,17.5,19.5,19.6
1788187733.7,Highest temperature in Sao Paulo on September 2?,Sao Paulo,2026-09-02,4026145,highest-temperature-in-sao-paulo-on-september-2-2026-22c,Will the highest temperature in Sao Paulo be 22°C on September 2?,"[""Yes"", ""No""]","[""0.075"", ""0.925""]",57.97214099999999,1,17.5,19.5,19.6
1788187733.7,Highest temperature in Sao Paulo on September 2?,Sao Paulo,2026-09-02,4026146,highest-temperature-in-sao-paulo-on-september-2-2026-23c,Will the highest temperature in Sao Paulo be 23°C on September 2?,"[""Yes"", ""No""]","[""0.03"", ""0.97""]",24.9899,1,17.5,19.5,19.6
1788187733.7,Highest temperature in Sao Paulo on September 2?,Sao Paulo,2026-09-02,4026147,highest-temperature-in-sao-paulo-on-september-2-2026-24corhigher,Will the highest temperature in Sao Paulo be 24°C or higher on September 2?,"[""Yes"", ""No""]","[""0.0055"", ""0.9945""]",12,1,17.5,19.5,19.6
1788187733.7,Highest temperature in Buenos Aires on September 2?,Buenos Aires,2026-09-02,4026148,highest-temperature-in-buenos-aires-on-september-2-2026-16corbelow,Will the highest temperature in Buenos Aires be 16°C or below on September 2?,"[""Yes"", ""No""]","[""0.0015"", ""0.9985""]",15,1,19.3,21.5,22.7
1788187733.7,Highest temperature in Buenos Aires on September 2?,Buenos Aires,2026-09-02,4026149,highest-temperature-in-buenos-aires-on-september-2-2026-17c,Will the highest temperature in Buenos Aires be 17°C on September 2?,"[""Yes"", ""No""]","[""0.0055"", ""0.9945""]",5,1,19.3,21.5,22.7
1788187733.7,Highest temperature in Buenos Aires on September 2?,Buenos Aires,2026-09-02,4026150,highest-temperature-in-buenos-aires-on-september-2-2026-18c,Will the highest temperature in Buenos Aires be 18°C on September 2?,"[""Yes"", ""No""]","[""0.0055"", ""0.9945""]",4.9927,1,19.3,21.5,22.7
1788187733.7,Highest temperature in Buenos Aires on September 2?,Buenos Aires,2026-09-02,4026151,highest-temperature-in-buenos-aires-on-september-2-2026-19c,Will the highest temperature in Buenos Aires be 19°C on September 2?,"[""Yes"", ""No""]","[""0.025"", ""0.975""]",,1,19.3,21.5,22.7
1788187733.7,Highest temperature in Buenos Aires on September 2?,Buenos Aires,2026-09-02,4026152,highest-temperature-in-buenos-aires-on-september-2-2026-20c,Will the highest temperature in Buenos Aires be 20°C on September 2?,"[""Yes"", ""No""]","[""0.05"", ""0.95""]",,1,19.3,21.5,22.7
1788187733.7,Highest temperature in Buenos Aires on September 2?,Buenos Aires,2026-09-02,4026153,highest-temperature-in-buenos-aires-on-september-2-2026-21c,Will the highest temperature in Buenos Aires be 21°C on September 2?,"[""Yes"", ""No""]","[""0.19"", ""0.81""]",,1,19.3,21.5,22.7
1788187733.7,Highest temperature in Buenos Aires on September 2?,Buenos Aires,2026-09-02,4026154,highest-temperature-in-buenos-aires-on-september-2-2026-22c,Will the highest temperature in Buenos Aires be 22°C on September 2?,"[""Yes"", ""No""]","[""0.305"", ""0.695""]",,1,19.3,21.5,22.7
1788187733.7,Highest temperature in Buenos Aires on September 2?,Buenos Aires,2026-09-02,4026155,highest-temperature-in-buenos-aires-on-september-2-2026-23c,Will the highest temperature in Buenos Aires be 23°C on September 2?,"[""Yes"", ""No""]","[""0.325"", ""0.675""]",4,1,19.3,21.5,22.7
1788187733.7,Highest temperature in Buenos Aires on September 2?,Buenos Aires,2026-09-02,4026156,highest-temperature-in-buenos-aires-on-september-2-2026-24c,Will the highest temperature in Buenos Aires be 24°C on September 2?,"[""Yes"", ""No""]","[""0.19"", ""0.81""]",,1,19.3,21.5,22.7
1788187733.7,Highest temperature in Buenos Aires on September 2?,Buenos Aires,2026-09-02,4026157,highest-temperature-in-buenos-aires-on-september-2-2026-25c,Will the highest temperature in Buenos Aires be 25°C on September 2?,"[""Yes"", ""No""]","[""0.11"", ""0.89""]",20,1,19.3,21.5,22.7
1788187733.7,Highest temperature in Buenos Aires on September 2?,Buenos Aires,2026-09-02,4026158,highest-temperature-in-buenos-aires-on-september-2-2026-26corhigher,Will the highest temperature in Buenos Aires be 26°C or higher on September 2?,"[""Yes"", ""No""]","[""0.035"", ""0.965""]",,1,19.3,21.5,22.7
1788187733.7,Highest temperature in Toronto on September 2?,Toronto,2026-09-02,4026159,highest-temperature-in-toronto-on-september-2-2026-25corbelow,Will the highest temperature in Toronto be 25°C or below on September 2?,"[""Yes"", ""No""]","[""0.03"", ""0.97""]",,1,25.1,29.3,29.0
1788187733.7,Highest temperature in Toronto on September 2?,Toronto,2026-09-02,4026160,highest-temperature-in-toronto-on-september-2-2026-26c,Will the highest temperature in Toronto be 26°C on September 2?,"[""Yes"", ""No""]","[""0.035"", ""0.965""]",,1,25.1,29.3,29.0
1788187733.7,Highest temperature in Toronto on September 2?,Toronto,2026-09-02,4026161,highest-temperature-in-toronto-on-september-2-2026-27c,Will the highest temperature in Toronto be 27°C on September 2?,"[""Yes"", ""No""]","[""0.13"", ""0.87""]",,1,25.1,29.3,29.0
1788187733.7,Highest temperature in Toronto on September 2?,Toronto,2026-09-02,4026162,highest-temperature-in-toronto-on-september-2-2026-28c,Will the highest temperature in Toronto be 28°C on September 2?,"[""Yes"", ""No""]","[""0.285"", ""0.715""]",,1,25.1,29.3,29.0
1788187733.7,Highest temperature in Toronto on September 2?,Toronto,2026-09-02,4026163,highest-temperature-in-toronto-on-september-2-2026-29c,Will the highest temperature in Toronto be 29°C on September 2?,"[""Yes"", ""No""]","[""0.185"", ""0.815""]",,1,25.1,29.3,29.0
1788187733.7,Highest temperature in Toronto on September 2?,Toronto,2026-09-02,4026165,highest-temperature-in-toronto-on-september-2-2026-30c,Will the highest temperature in Toronto be 30°C on September 2?,"[""Yes"", ""No""]","[""0.185"", ""0.815""]",24.048777,1,25.1,29.3,29.0
1788187733.7,Highest temperature in Toronto on September 2?,Toronto,2026-09-02,4026167,highest-temperature-in-toronto-on-september-2-2026-31c,Will the highest temperature in Toronto be 31°C on September 2?,"[""Yes"", ""No""]","[""0.075"", ""0.925""]",15,1,25.1,29.3,29.0
1788187733.7,Highest temperature in Toronto on September 2?,Toronto,2026-09-02,4026168,highest-temperature-in-toronto-on-september-2-2026-32c,Will the highest temperature in Toronto be 32°C on September 2?,"[""Yes"", ""No""]","[""0.04"", ""0.96""]",20,1,25.1,29.3,29.0
1788187733.7,Highest temperature in Toronto on September 2?,Toronto,2026-09-02,4026170,highest-temperature-in-toronto-on-september-2-2026-33c,Will the highest temperature in Toronto be 33°C on September 2?,"[""Yes"", ""No""]","[""0.03"", ""0.97""]",5,1,25.1,29.3,29.0
1788187733.7,Highest temperature in Toronto on September 2?,Toronto,2026-09-02,4026171,highest-temperature-in-toronto-on-september-2-2026-34c,Will the highest temperature in Toronto be 34°C on September 2?,"[""Yes"", ""No""]","[""0.046"", ""0.954""]",5,1,25.1,29.3,29.0
1788187733.7,Highest temperature in Toronto on September 2?,Toronto,2026-09-02,4026172,highest-temperature-in-toronto-on-september-2-2026-35corhigher,Will the highest temperature in Toronto be 35°C or higher on September 2?,"[""Yes"", ""No""]","[""0.006"", ""0.994""]",2.1212,1,25.1,29.3,29.0
1788187733.7,Highest temperature in Mexico City on September 2?,Mexico City,2026-09-02,4026199,highest-temperature-in-mexico-city-on-september-2-2026-16corbelow,Will the highest temperature in Mexico City be 16°C or below on September 2?,"[""Yes"", ""No""]","[""0.005"", ""0.995""]",5,1,25.0,21.6,25.5
1788187733.7,Highest temperature in Mexico City on September 2?,Mexico City,2026-09-02,4026200,highest-temperature-in-mexico-city-on-september-2-2026-17c,Will the highest temperature in Mexico City be 17°C on September 2?,"[""Yes"", ""No""]","[""0.005"", ""0.995""]",5,1,25.0,21.6,25.5
1788187733.7,Highest temperature in Mexico City on September 2?,Mexico City,2026-09-02,4026201,highest-temperature-in-mexico-city-on-september-2-2026-18c,Will the highest temperature in Mexico City be 18°C on September 2?,"[""Yes"", ""No""]","[""0.006"", ""0.994""]",5,1,25.0,21.6,25.5
1788187733.7,Highest temperature in Mexico City on September 2?,Mexico City,2026-09-02,4026202,highest-temperature-in-mexico-city-on-september-2-2026-19c,Will the highest temperature in Mexico City be 19°C on September 2?,"[""Yes"", ""No""]","[""0.0055"", ""0.9945""]",4.994,1,25.0,21.6,25.5
1788187733.7,Highest temperature in Mexico City on September 2?,Mexico City,2026-09-02,4026203,highest-temperature-in-mexico-city-on-september-2-2026-20c,Will the highest temperature in Mexico City be 20°C on September 2?,"[""Yes"", ""No""]","[""0.02"", ""0.98""]",4.9932,1,25.0,21.6,25.5
1788187733.7,Highest temperature in Mexico City on September 2?,Mexico City,2026-09-02,4026204,highest-temperature-in-mexico-city-on-september-2-2026-21c,Will the highest temperature in Mexico City be 21°C on September 2?,"[""Yes"", ""No""]","[""0.09"", ""0.91""]",15.935300000000002,1,25.0,21.6,25.5
1788187733.7,Highest temperature in Mexico City on September 2?,Mexico City,2026-09-02,4026205,highest-temperature-in-mexico-city-on-september-2-2026-22c,Will the highest temperature in Mexico City be 22°C on September 2?,"[""Yes"", ""No""]","[""0.11"", ""0.89""]",12.01,1,25.0,21.6,25.5
1788187733.7,Highest temperature in Mexico City on September 2?,Mexico City,2026-09-02,4026206,highest-temperature-in-mexico-city-on-september-2-2026-23c,Will the highest temperature in Mexico City be 23°C on September 2?,"[""Yes"", ""No""]","[""0.24"", ""0.76""]",,1,25.0,21.6,25.5
1788187733.7,Highest temperature in Mexico City on September 2?,Mexico City,2026-09-02,4026207,highest-temperature-in-mexico-city-on-september-2-2026-24c,Will the highest temperature in Mexico City be 24°C on September 2?,"[""Yes"", ""No""]","[""0.425"", ""0.575""]",23.335233,1,25.0,21.6,25.5
1788187733.7,Highest temperature in Mexico City on September 2?,Mexico City,2026-09-02,4026208,highest-temperature-in-mexico-city-on-september-2-2026-25c,Will the highest temperature in Mexico City be 25°C on September 2?,"[""Yes"", ""No""]","[""0.21"", ""0.79""]",,1,25.0,21.6,25.5
1788187733.7,Highest temperature in Mexico City on September 2?,Mexico City,2026-09-02,4026209,highest-temperature-in-mexico-city-on-september-2-2026-26corhigher,Will the highest temperature in Mexico City be 26°C or higher on September 2?,"[""Yes"", ""No""]","[""0.045"", ""0.955""]",,1,25.0,21.6,25.5
1788187733.7,Highest temperature in Panama City on September 2?,Panama City,2026-09-02,4026210,highest-temperature-in-panama-city-on-september-2-2026-23corbelow,Will the highest temperature in Panama City be 23°C or below on September 2?,"[""Yes"", ""No""]","[""0.0055"", ""0.9945""]",1322.836611,1,29.9,29.0,32.5
1788187733.7,Highest temperature in Panama City on September 2?,Panama City,2026-09-02,4026211,highest-temperature-in-panama-city-on-september-2-2026-24c,Will the highest temperature in Panama City be 24°C on September 2?,"[""Yes"", ""No""]","[""0.006"", ""0.994""]",5,1,29.9,29.0,32.5
1788187733.7,Highest temperature in Panama City on September 2?,Panama City,2026-09-02,4026212,highest-temperature-in-panama-city-on-september-2-2026-25c,Will the highest temperature in Panama City be 25°C on September 2?,"[""Yes"", ""No""]","[""0.006"", ""0.994""]",5,1,29.9,29.0,32.5
1788187733.7,Highest temperature in Panama City on September 2?,Panama City,2026-09-02,4026213,highest-temperature-in-panama-city-on-september-2-2026-26c,Will the highest temperature in Panama City be 26°C on September 2?,"[""Yes"", ""No""]","[""0.006"", ""0.994""]",5,1,29.9,29.0,32.5
1788187733.7,Highest temperature in Panama City on September 2?,Panama City,2026-09-02,4026214,highest-temperature-in-panama-city-on-september-2-2026-27c,Will the highest temperature in Panama City be 27°C on September 2?,"[""Yes"", ""No""]","[""0.0055"", ""0.9945""]",5,1,29.9,29.0,32.5
1788187733.7,Highest temperature in Panama City on September 2?,Panama City,2026-09-02,4026215,highest-temperature-in-panama-city-on-september-2-2026-28c,Will the highest temperature in Panama City be 28°C on September 2?,"[""Yes"", ""No""]","[""0.006"", ""0.994""]",5,1,29.9,29.0,32.5
1788187733.7,Highest temperature in Panama City on September 2?,Panama City,2026-09-02,4026216,highest-temperature-in-panama-city-on-september-2-2026-29c,Will the highest temperature in Panama City be 29°C on September 2?,"[""Yes"", ""No""]","[""0.09"", ""0.91""]",32,1,29.9,29.0,32.5
1788187733.7,Highest temperature in Panama City on September 2?,Panama City,2026-09-02,4026217,highest-temperature-in-panama-city-on-september-2-2026-30c,Will the highest temperature in Panama City be 30°C on September 2?,"[""Yes"", ""No""]","[""0.105"", ""0.895""]",37,1,29.9,29.0,32.5
1788187733.7,Highest temperature in Panama City on September 2?,Panama City,2026-09-02,4026218,highest-temperature-in-panama-city-on-september-2-2026-31c,Will the highest temperature in Panama City be 31°C on September 2?,"[""Yes"", ""No""]","[""0.315"", ""0.685""]",42.08,1,29.9,29.0,32.5
1788187733.7,Highest temperature in Panama City on September 2?,Panama City,2026-09-02,4026219,highest-temperature-in-panama-city-on-september-2-2026-32c,Will the highest temperature in Panama City be 32°C on September 2?,"[""Yes"", ""No""]","[""0.28"", ""0.72""]",19.333332,1,29.9,29.0,32.5
1788187733.7,Highest temperature in Panama City on September 2?,Panama City,2026-09-02,4026220,highest-temperature-in-panama-city-on-september-2-2026-33corhigher,Will the highest temperature in Panama City be 33°C or higher on September 2?,"[""Yes"", ""No""]","[""0.385"", ""0.615""]",23.470587000000002,1,29.9,29.0,32.5
1788200126.4,Highest temperature in London on August 31?,London,2026-08-31,3967367,highest-temperature-in-london-on-august-31-2026-16corbelow,Will the highest temperature in London be 16°C or below on August 31?,"[""Yes"", ""No""]","[""0.0005"", ""0.9995""]",583.395579,1,21.8,22.0,22.3
1788200126.4,Highest temperature in London on August 31?,London,2026-08-31,3967368,highest-temperature-in-london-on-august-31-2026-17c,Will the highest temperature in London be 17°C on August 31?,"[""Yes"", ""No""]","[""0.0005"", ""0.9995""]",304.98900000000003,1,21.8,22.0,22.3
1788200126.4,Highest temperature in London on August 31?,London,2026-08-31,3967369,highest-temperature-in-london-on-august-31-2026-18c,Will the highest temperature in London be 18°C on August 31?,"[""Yes"", ""No""]","[""0.0005"", ""0.9995""]",458.018531,1,21.8,22.0,22.3
1788200126.4,Highest temperature in London on August 31?,London,2026-08-31,3967370,highest-temperature-in-london-on-august-31-2026-19c,Will the highest temperature in London be 19°C on August 31?,"[""Yes"", ""No""]","[""0.0005"", ""0.9995""]",1768.9449410000002,1,21.8,22.0,22.3
1788200126.4,Highest temperature in London on August 31?,London,2026-08-31,3967371,highest-temperature-in-london-on-august-31-2026-20c,Will the highest temperature in London be 20°C on August 31?,"[""Yes"", ""No""]","[""0.0005"", ""0.9995""]",2357.932152,1,21.8,22.0,22.3
1788200126.4,Highest temperature in London on August 31?,London,2026-08-31,3967372,highest-temperature-in-london-on-august-31-2026-21c,Will the highest temperature in London be 21°C on August 31?,"[""Yes"", ""No""]","[""0.0005"", ""0.9995""]",10087.159972000001,1,21.8,22.0,22.3
1788200126.4,Highest temperature in London on August 31?,London,2026-08-31,3967373,highest-temperature-in-london-on-august-31-2026-22c,Will the highest temperature in London be 22°C on August 31?,"[""Yes"", ""No""]","[""0.0005"", ""0.9995""]",21276.816144000004,1,21.8,22.0,22.3
1788200126.4,Highest temperature in London on August 31?,London,2026-08-31,3967374,highest-temperature-in-london-on-august-31-2026-23c,Will the highest temperature in London be 23°C on August 31?,"[""Yes"", ""No""]","[""0.0005"", ""0.9995""]",14660.281331000002,1,21.8,22.0,22.3
1788200126.4,Highest temperature in London on August 31?,London,2026-08-31,3967375,highest-temperature-in-london-on-august-31-2026-24c,Will the highest temperature in London be 24°C on August 31?,"[""Yes"", ""No""]","[""0.9995"", ""0.0005""]",18145.91625999999,1,21.8,22.0,22.3
1788200126.4,Highest temperature in London on August 31?,London,2026-08-31,3967376,highest-temperature-in-london-on-august-31-2026-25c,Will the highest temperature in London be 25°C on August 31?,"[""Yes"", ""No""]","[""0.0005"", ""0.9995""]",13139.776638999996,1,21.8,22.0,22.3
1788200126.4,Highest temperature in London on August 31?,London,2026-08-31,3967377,highest-temperature-in-london-on-august-31-2026-26corhigher,Will the highest temperature in London be 26°C or higher on August 31?,"[""Yes"", ""No""]","[""0.0005"", ""0.9995""]",5409.528739999998,1,21.8,22.0,22.3
1788200126.4,Highest temperature in Paris on August 31?,Paris,2026-08-31,3967378,highest-temperature-in-paris-on-august-31-2026-19corbelow,Will the highest temperature in Paris be 19°C or below on August 31?,"[""Yes"", ""No""]","[""0.0005"", ""0.9995""]",241.97799999999998,1,23.0,23.0,22.9
1788200126.4,Highest temperature in Paris on August 31?,Paris,2026-08-31,3967379,highest-temperature-in-paris-on-august-31-2026-20c,Will the highest temperature in Paris be 20°C on August 31?,"[""Yes"", ""No""]","[""0.0005"", ""0.9995""]",1335.6047,1,23.0,23.0,22.9
1788200126.4,Highest temperature in Paris on August 31?,Paris,2026-08-31,3967380,highest-temperature-in-paris-on-august-31-2026-21c,Will the highest temperature in Paris be 21°C on August 31?,"[""Yes"", ""No""]","[""0.0005"", ""0.9995""]",7181.462263,1,23.0,23.0,22.9
1788200126.4,Highest temperature in Paris on August 31?,Paris,2026-08-31,3967381,highest-temperature-in-paris-on-august-31-2026-22c,Will the highest temperature in Paris be 22°C on August 31?,"[""Yes"", ""No""]","[""0.0005"", ""0.9995""]",17757.181485,1,23.0,23.0,22.9
1788200126.4,Highest temperature in Paris on August 31?,Paris,2026-08-31,3967382,highest-temperature-in-paris-on-august-31-2026-23c,Will the highest temperature in Paris be 23°C on August 31?,"[""Yes"", ""No""]","[""0.996"", ""0.004""]",22591.06797999999,1,23.0,23.0,22.9
1788200126.4,Highest temperature in Paris on August 31?,Paris,2026-08-31,3967383,highest-temperature-in-paris-on-august-31-2026-24c,Will the highest temperature in Paris be 24°C on August 31?,"[""Yes"", ""No""]","[""0.0025"", ""0.9975""]",14868.160649000001,1,23.0,23.0,22.9
1788200126.4,Highest temperature in Paris on August 31?,Paris,2026-08-31,3967384,highest-temperature-in-paris-on-august-31-2026-25c,Will the highest temperature in Paris be 25°C on August 31?,"[""Yes"", ""No""]","[""0.0005"", ""0.9995""]",10727.156814000002,1,23.0,23.0,22.9
1788200126.4,Highest temperature in Paris on August 31?,Paris,2026-08-31,3967385,highest-temperature-in-paris-on-august-31-2026-26c,Will the highest temperature in Paris be 26°C on August 31?,"[""Yes"", ""No""]","[""0.0005"", ""0.9995""]",3363.1068090000003,1,23.0,23.0,22.9
1788200126.4,Highest temperature in Paris on August 31?,Paris,2026-08-31,3967386,highest-temperature-in-paris-on-august-31-2026-27c,Will the highest temperature in Paris be 27°C on August 31?,"[""Yes"", ""No""]","[""0.0005"", ""0.9995""]",1462.849133,1,23.0,23.0,22.9
1788200126.4,Highest temperature in Paris on August 31?,Paris,2026-08-31,3967387,highest-temperature-in-paris-on-august-31-2026-28c,Will the highest temperature in Paris be 28°C on August 31?,"[""Yes"", ""No""]","[""0.0005"", ""0.9995""]",1312.3519999999999,1,23.0,23.0,22.9
1788200126.4,Highest temperature in Paris on August 31?,Paris,2026-08-31,3967388,highest-temperature-in-paris-on-august-31-2026-29corhigher,Will the highest temperature in Paris be 29°C or higher on August 31?,"[""Yes"", ""No""]","[""0.0005"", ""0.9995""]",1397.8743129999998,1,23.0,23.0,22.9
1788200126.4,Highest temperature in Ankara on August 31?,Ankara,2026-08-31,3967400,highest-temperature-in-ankara-on-august-31-2026-24corbelow,Will the highest temperature in Ankara be 24°C or below on August 31?,"[""Yes"", ""No""]","[""0.0005"", ""0.9995""]",449.18498999999997,1,28.7,29.5,27.6
1788200126.4,Highest temperature in Ankara on August 31?,Ankara,2026-08-31,3967401,highest-temperature-in-ankara-on-august-31-2026-25c,Will the highest temperature in Ankara be 25°C on August 31?,"[""Yes"", ""No""]","[""0.0005"", ""0.9995""]",635.0730659999999,1,28.7,29.5,27.6
1788200126.4,Highest temperature in Ankara on August 31?,Ankara,2026-08-31,3967402,highest-temperature-in-ankara-on-august-31-2026-26c,Will the highest temperature in Ankara be 26°C on August 31?,"[""Yes"", ""No""]","[""0.0005"", ""0.9995""]",1772.9030830000002,1,28.7,29.5,27.6
1788200126.4,Highest temperature in Ankara on August 31?,Ankara,2026-08-31,3967403,highest-temperature-in-ankara-on-august-31-2026-27c,Will the highest temperature in Ankara be 27°C on August 31?,"[""Yes"", ""No""]","[""0.0005"", ""0.9995""]",6090.2190660000015,1,28.7,29.5,27.6
1788200126.4,Highest temperature in Ankara on August 31?,Ankara,2026-08-31,3967404,highest-temperature-in-ankara-on-august-31-2026-28c,Will the highest temperature in Ankara be 28°C on August 31?,"[""Yes"", ""No""]","[""0.0005"", ""0.9995""]",8303.92705,1,28.7,29.5,27.6
1788200126.4,Highest temperature in Ankara on August 31?,Ankara,2026-08-31,3967405,highest-temperature-in-ankara-on-august-31-2026-29c,Will the highest temperature in Ankara be 29°C on August 31?,"[""Yes"", ""No""]","[""0.9995"", ""0.0005""]",9650.231332000003,1,28.7,29.5,27.6
1788200126.4,Highest temperature in Ankara on August 31?,Ankara,2026-08-31,3967406,highest-temperature-in-ankara-on-august-31-2026-30c,Will the highest temperature in Ankara be 30°C on August 31?,"[""Yes"", ""No""]","[""0.0005"", ""0.9995""]",5933.112532999999,1,28.7,29.5,27.6
1788200126.4,Highest temperature in Ankara on August 31?,Ankara,2026-08-31,3967407,highest-temperature-in-ankara-on-august-31-2026-31c,Will the highest temperature in Ankara be 31°C on August 31?,"[""Yes"", ""No""]","[""0.0005"", ""0.9995""]",965.2162149999999,1,28.7,29.5,27.6
1788200126.4,Highest temperature in Ankara on August 31?,Ankara,2026-08-31,3967408,highest-temperature-in-ankara-on-august-31-2026-32c,Will the highest temperature in Ankara be 32°C on August 31?,"[""Yes"", ""No""]","[""0.0005"", ""0.9995""]",129.982,1,28.7,29.5,27.6
1788200126.4,Highest temperature in Ankara on August 31?,Ankara,2026-08-31,3967409,highest-temperature-in-ankara-on-august-31-2026-33c,Will the highest temperature in Ankara be 33°C on August 31?,"[""Yes"", ""No""]","[""0.0005"", ""0.9995""]",151.111,1,28.7,29.5,27.6
1788200126.4,Highest temperature in Ankara on August 31?,Ankara,2026-08-31,3967410,highest-temperature-in-ankara-on-august-31-2026-34corhigher,Will the highest temperature in Ankara be 34°C or higher on August 31?,"[""Yes"", ""No""]","[""0.0005"", ""0.9995""]",285.995,1,28.7,29.5,27.6
1788200126.4,Highest temperature in Lucknow on August 31?,Lucknow,2026-08-31,3967422,highest-temperature-in-lucknow-on-august-31-2026-24corbelow,Will the highest temperature in Lucknow be 24°C or below on August 31?,"[""Yes"", ""No""]","[""0.0005"", ""0.9995""]",292.953,1,35.3,31.1,31.1
1788200126.4,Highest temperature in Lucknow on August 31?,Lucknow,2026-08-31,3967423,highest-temperature-in-lucknow-on-august-31-2026-25c,Will the highest temperature in Lucknow be 25°C on August 31?,"[""Yes"", ""No""]","[""0.0005"", ""0.9995""]",295.96,1,35.3,31.1,31.1
1788200126.4,Highest temperature in Lucknow on August 31?,Lucknow,2026-08-31,3967424,highest-temperature-in-lucknow-on-august-31-2026-26c,Will the highest temperature in Lucknow be 26°C on August 31?,"[""Yes"", ""No""]","[""0.0005"", ""0.9995""]",395.98,1,35.3,31.1,31.1
1788200126.4,Highest temperature in Lucknow on August 31?,Lucknow,2026-08-31,3967425,highest-temperature-in-lucknow-on-august-31-2026-27c,Will the highest temperature in Lucknow be 27°C on August 31?,"[""Yes"", ""No""]","[""0.0005"", ""0.9995""]",267.9368,1,35.3,31.1,31.1
1788200126.4,Highest temperature in Lucknow on August 31?,Lucknow,2026-08-31,3967426,highest-temperature-in-lucknow-on-august-31-2026-28c,Will the highest temperature in Lucknow be 28°C on August 31?,"[""Yes"", ""No""]","[""0.0005"", ""0.9995""]",427.68175299999996,1,35.3,31.1,31.1
1788200126.4,Highest temperature in Lucknow on August 31?,Lucknow,2026-08-31,3967427,highest-temperature-in-lucknow-on-august-31-2026-29c,Will the highest temperature in Lucknow be 29°C on August 31?,"[""Yes"", ""No""]","[""0.0005"", ""0.9995""]",5866.474993999999,1,35.3,31.1,31.1
1788200126.4,Highest temperature in Lucknow on August 31?,Lucknow,2026-08-31,3967428,highest-temperature-in-lucknow-on-august-31-2026-30c,Will the highest temperature in Lucknow be 30°C on August 31?,"[""Yes"", ""No""]","[""0.0005"", ""0.9995""]",4627.640888,1,35.3,31.1,31.1
1788200126.4,Highest temperature in Lucknow on August 31?,Lucknow,2026-08-31,3967429,highest-temperature-in-lucknow-on-august-31-2026-31c,Will the highest temperature in Lucknow be 31°C on August 31?,"[""Yes"", ""No""]","[""0.9995"", ""0.0005""]",1709.4003129999996,1,35.3,31.1,31.1
1788200126.4,Highest temperature in Lucknow on August 31?,Lucknow,2026-08-31,3967430,highest-temperature-in-lucknow-on-august-31-2026-32c,Will the highest temperature in Lucknow be 32°C on August 31?,"[""Yes"", ""No""]","[""0.0005"", ""0.9995""]",2926.5035629999998,1,35.3,31.1,31.1
1788200126.4,Highest temperature in Lucknow on August 31?,Lucknow,2026-08-31,3967431,highest-temperature-in-lucknow-on-august-31-2026-33c,Will the highest temperature in Lucknow be 33°C on August 31?,"[""Yes"", ""No""]","[""0.0005"", ""0.9995""]",2820.675848,1,35.3,31.1,31.1
1788200126.4,Highest temperature in Lucknow on August 31?,Lucknow,2026-08-31,3967432,highest-temperature-in-lucknow-on-august-31-2026-34corhigher,Will the highest temperature in Lucknow be 34°C or higher on August 31?,"[""Yes"", ""No""]","[""0.0005"", ""0.9995""]",2403.5959940000002,1,35.3,31.1,31.1
1788200126.4,Highest temperature in Munich on August 31?,Munich,2026-08-31,3967433,highest-temperature-in-munich-on-august-31-2026-18corbelow,Will the highest temperature in Munich be 18°C or below on August 31?,"[""Yes"", ""No""]","[""0.0005"", ""0.9995""]",2293.4700000000003,1,23.7,23.8,24.6
1788200126.4,Highest temperature in Munich on August 31?,Munich,2026-08-31,3967434,highest-temperature-in-munich-on-august-31-2026-19c,Will the highest temperature in Munich be 19°C on August 31?,"[""Yes"", ""No""]","[""0.0005"", ""0.9995""]",2238.952,1,23.7,23.8,24.6
1788200126.4,Highest temperature in Munich on August 31?,Munich,2026-08-31,3967435,highest-temperature-in-munich-on-august-31-2026-20c,Will the highest temperature in Munich be 20°C on August 31?,"[""Yes"", ""No""]","[""0.0005"", ""0.9995""]",1443.041,1,23.7,23.8,24.6
1788200126.4,Highest temperature in Munich on August 31?,Munich,2026-08-31,3967436,highest-temperature-in-munich-on-august-31-2026-21c,Will the highest temperature in Munich be 21°C on August 31?,"[""Yes"", ""No""]","[""0.0005"", ""0.9995""]",414.053,1,23.7,23.8,24.6
1788200126.4,Highest temperature in Munich on August 31?,Munich,2026-08-31,3967437,highest-temperature-in-munich-on-august-31-2026-22c,Will the highest temperature in Munich be 22°C on August 31?,"[""Yes"", ""No""]","[""0.0005"", ""0.9995""]",1203.576211,1,23.7,23.8,24.6
1788200126.4,Highest temperature in Munich on August 31?,Munich,2026-08-31,3967438,highest-temperature-in-munich-on-august-31-2026-23c,Will the highest temperature in Munich be 23°C on August 31?,"[""Yes"", ""No""]","[""0.0005"", ""0.9995""]",3843.2716179999998,1,23.7,23.8,24.6
1788200126.4,Highest temperature in Munich on August 31?,Munich,2026-08-31,3967439,highest-temperature-in-munich-on-august-31-2026-24c,Will the highest temperature in Munich be 24°C on August 31?,"[""Yes"", ""No""]","[""0.0005"", ""0.9995""]",8078.097666,1,23.7,23.8,24.6
1788200126.4,Highest temperature in Munich on August 31?,Munich,2026-08-31,3967440,highest-temperature-in-munich-on-august-31-2026-25c,Will the highest temperature in Munich be 25°C on August 31?,"[""Yes"", ""No""]","[""0.9995"", ""0.0005""]",7845.528534999999,1,23.7,23.8,24.6
1788200126.4,Highest temperature in Munich on August 31?,Munich,2026-08-31,3967441,highest-temperature-in-munich-on-august-31-2026-26c,Will the highest temperature in Munich be 26°C on August 31?,"[""Yes"", ""No""]","[""0.0005"", ""0.9995""]",6632.216335999999,1,23.7,23.8,24.6
1788200126.4,Highest temperature in Munich on August 31?,Munich,2026-08-31,3967442,highest-temperature-in-munich-on-august-31-2026-27c,Will the highest temperature in Munich be 27°C on August 31?,"[""Yes"", ""No""]","[""0.0005"", ""0.9995""]",3162.4310649999998,1,23.7,23.8,24.6
1788200126.4,Highest temperature in Munich on August 31?,Munich,2026-08-31,3967443,highest-temperature-in-munich-on-august-31-2026-28corhigher,Will the highest temperature in Munich be 28°C or higher on August 31?,"[""Yes"", ""No""]","[""0.0005"", ""0.9995""]",1367.731146,1,23.7,23.8,24.6
1788200126.4,Highest temperature in Tel Aviv on August 31?,Tel Aviv,2026-08-31,3967444,highest-temperature-in-tel-aviv-on-august-31-2026-29corbelow,Will the highest temperature in Tel Aviv be 29°C or below on August 31?,"[""Yes"", ""No""]","[""0.0005"", ""0.9995""]",736.5138999999999,1,30.5,29.4,31.1
1788200126.4,Highest temperature in Tel Aviv on August 31?,Tel Aviv,2026-08-31,3967445,highest-temperature-in-tel-aviv-on-august-31-2026-30c,Will the highest temperature in Tel Aviv be 30°C on August 31?,"[""Yes"", ""No""]","[""0.0005"", ""0.9995""]",1428.0941480000001,1,30.5,29.4,31.1
1788200126.4,Highest temperature in Tel Aviv on August 31?,Tel Aviv,2026-08-31,3967446,highest-temperature-in-tel-aviv-on-august-31-2026-31c,Will the highest temperature in Tel Aviv be 31°C on August 31?,"[""Yes"", ""No""]","[""0.0005"", ""0.9995""]",6650.840494,1,30.5,29.4,31.1
1788200126.4,Highest temperature in Tel Aviv on August 31?,Tel Aviv,2026-08-31,3967447,highest-temperature-in-tel-aviv-on-august-31-2026-32c,Will the highest temperature in Tel Aviv be 32°C on August 31?,"[""Yes"", ""No""]","[""0.9995"", ""0.0005""]",9557.858122000001,1,30.5,29.4,31.1
1788200126.4,Highest temperature in Tel Aviv on August 31?,Tel Aviv,2026-08-31,3967448,highest-temperature-in-tel-aviv-on-august-31-2026-33c,Will the highest temperature in Tel Aviv be 33°C on August 31?,"[""Yes"", ""No""]","[""0.0005"", ""0.9995""]",2053.8040169999995,1,30.5,29.4,31.1
1788200126.4,Highest temperature in Tel Aviv on August 31?,Tel Aviv,2026-08-31,3967449,highest-temperature-in-tel-aviv-on-august-31-2026-34c,Will the highest temperature in Tel Aviv be 34°C on August 31?,"[""Yes"", ""No""]","[""0.0005"", ""0.9995""]",1548.9230000000002,1,30.5,29.4,31.1
1788200126.4,Highest temperature in Tel Aviv on August 31?,Tel Aviv,2026-08-31,3967450,highest-temperature-in-tel-aviv-on-august-31-2026-35c,Will the highest temperature in Tel Aviv be 35°C on August 31?,"[""Yes"", ""No""]","[""0.0005"", ""0.9995""]",1144.901,1,30.5,29.4,31.1
1788200126.4,Highest temperature in Tel Aviv on August 31?,Tel Aviv,2026-08-31,3967451,highest-temperature-in-tel-aviv-on-august-31-2026-36c,Will the highest temperature in Tel Aviv be 36°C on August 31?,"[""Yes"", ""No""]","[""0.0005"", ""0.9995""]",1194.896,1,30.5,29.4,31.1
1788200126.4,Highest temperature in Tel Aviv on August 31?,Tel Aviv,2026-08-31,3967452,highest-temperature-in-tel-aviv-on-august-31-2026-37c,Will the highest temperature in Tel Aviv be 37°C on August 31?,"[""Yes"", ""No""]","[""0.0005"", ""0.9995""]",204.111,1,30.5,29.4,31.1
1788200126.4,Highest temperature in Tel Aviv on August 31?,Tel Aviv,2026-08-31,3967453,highest-temperature-in-tel-aviv-on-august-31-2026-38c,Will the highest temperature in Tel Aviv be 38°C on August 31?,"[""Yes"", ""No""]","[""0.0005"", ""0.9995""]",285.995,1,30.5,29.4,31.1
1788200126.4,Highest temperature in Tel Aviv on August 31?,Tel Aviv,2026-08-31,3967454,highest-temperature-in-tel-aviv-on-august-31-2026-39corhigher,Will the highest temperature in Tel Aviv be 39°C or higher on August 31?,"[""Yes"", ""No""]","[""0.0005"", ""0.9995""]",275.99899999999997,1,30.5,29.4,31.1
1788200126.4,Highest temperature in Hong Kong on August 31?,Hong Kong,2026-08-31,3967466,highest-temperature-in-hong-kong-on-august-31-2026-24corbelow,Will the highest temperature in Hong Kong be 24°C or below on August 31?,"[""Yes"", ""No""]","[""0.0005"", ""0.9995""]",1177.941,1,29.5,28.9,29.8
1788200126.4,Highest temperature in Hong Kong on August 31?,Hong Kong,2026-08-31,3967467,highest-temperature-in-hong-kong-on-august-31-2026-25c,Will the highest temperature in Hong Kong be 25°C on August 31?,"[""Yes"", ""No""]","[""0.0005"", ""0.9995""]",167.99099999999999,1,29.5,28.9,29.8
1788200126.4,Highest temperature in Hong Kong on August 31?,Hong Kong,2026-08-31,3967468,highest-temperature-in-hong-kong-on-august-31-2026-26c,Will the highest temperature in Hong Kong be 26°C on August 31?,"[""Yes"", ""No""]","[""0.0005"", ""0.9995""]",1552.257003,1,29.5,28.9,29.8
1788200126.4,Highest temperature in Hong Kong on August 31?,Hong Kong,2026-08-31,3967469,highest-temperature-in-hong-kong-on-august-31-2026-27c,Will the highest temperature in Hong Kong be 27°C on August 31?,"[""Yes"", ""No""]","[""0.0005"", ""0.9995""]",5196.757278000001,1,29.5,28.9,29.8
1788200126.4,Highest temperature in Hong Kong on August 31?,Hong Kong,2026-08-31,3967470,highest-temperature-in-hong-kong-on-august-31-2026-28c,Will the highest temperature in Hong Kong be 28°C on August 31?,"[""Yes"", ""No""]","[""0.0005"", ""0.9995""]",16335.437290000002,1,29.5,28.9,29.8
1788200126.4,Highest temperature in Hong Kong on August 31?,Hong Kong,2026-08-31,3967471,highest-temperature-in-hong-kong-on-august-31-2026-29c,Will the highest temperature in Hong Kong be 29°C on August 31?,"[""Yes"", ""No""]","[""0.9995"", ""0.0005""]",45203.93796100001,1,29.5,28.9,29.8
1788200126.4,Highest temperature in Hong Kong on August 31?,Hong Kong,2026-08-31,3967472,highest-temperature-in-hong-kong-on-august-31-2026-30c,Will the highest temperature in Hong Kong be 30°C on August 31?,"[""Yes"", ""No""]","[""0.0005"", ""0.9995""]",17936.795627000007,1,29.5,28.9,29.8
1788200126.4,Highest temperature in Hong Kong on August 31?,Hong Kong,2026-08-31,3967473,highest-temperature-in-hong-kong-on-august-31-2026-31c,Will the highest temperature in Hong Kong be 31°C on August 31?,"[""Yes"", ""No""]","[""0.0005"", ""0.9995""]",13952.967933,1,29.5,28.9,29.8
1788200126.4,Highest temperature in Hong Kong on August 31?,Hong Kong,2026-08-31,3967474,highest-temperature-in-hong-kong-on-august-31-2026-32c,Will the highest temperature in Hong Kong be 32°C on August 31?,"[""Yes"", ""No""]","[""0.0005"", ""0.9995""]",10498.443731000001,1,29.5,28.9,29.8
1788200126.4,Highest temperature in Hong Kong on August 31?,Hong Kong,2026-08-31,3967475,highest-temperature-in-hong-kong-on-august-31-2026-33c,Will the highest temperature in Hong Kong be 33°C on August 31?,"[""Yes"", ""No""]","[""0.0005"", ""0.9995""]",6804.157468,1,29.5,28.9,29.8
1788200126.4,Highest temperature in Hong Kong on August 31?,Hong Kong,2026-08-31,3967476,highest-temperature-in-hong-kong-on-august-31-2026-34corhigher,Will the highest temperature in Hong Kong be 34°C or higher on August 31?,"[""Yes"", ""No""]","[""0.0005"", ""0.9995""]",965.634397,1,29.5,28.9,29.8
1788200126.4,Highest temperature in Milan on August 31?,Milan,2026-08-31,3967500,highest-temperature-in-milan-on-august-31-2026-24corbelow,Will the highest temperature in Milan be 24°C or below on August 31?,"[""Yes"", ""No""]","[""0.0005"", ""0.9995""]",2246.209189,1,31.7,31.9,32.3
1788200126.4,Highest temperature in Milan on August 31?,Milan,2026-08-31,3967501,highest-temperature-in-milan-on-august-31-2026-25c,Will the highest temperature in Milan be 25°C on August 31?,"[""Yes"", ""No""]","[""0.0005"", ""0.9995""]",77946.91537200005,1,31.7,31.9,32.3
1788200126.4,Highest temperature in Milan on August 31?,Milan,2026-08-31,3967502,highest-temperature-in-milan-on-august-31-2026-26c,Will the highest temperature in Milan be 26°C on August 31?,"[""Yes"", ""No""]","[""0.0005"", ""0.9995""]",21499.12734999999,1,31.7,31.9,32.3
1788200126.4,Highest temperature in Milan on August 31?,Milan,2026-08-31,3967503,highest-temperature-in-milan-on-august-31-2026-27c,Will the highest temperature in Milan be 27°C on August 31?,"[""Yes"", ""No""]","[""0.0005"", ""0.9995""]",13300.293807,1,31.7,31.9,32.3
1788200126.4,Highest temperature in Milan on August 31?,Milan,2026-08-31,3967504,highest-temperature-in-milan-on-august-31-2026-28c,Will the highest temperature in Milan be 28°C on August 31?,"[""Yes"", ""No""]","[""0.0005"", ""0.9995""]",8816.513474000003,1,31.7,31.9,32.3
1788200126.4,Highest temperature in Milan on August 31?,Milan,2026-08-31,3967505,highest-temperature-in-milan-on-august-31-2026-29c,Will the highest temperature in Milan be 29°C on August 31?,"[""Yes"", ""No""]","[""0.0005"", ""0.9995""]",13332.335533999998,1,31.7,31.9,32.3
1788200126.4,Highest temperature in Milan on August 31?,Milan,2026-08-31,3967506,highest-temperature-in-milan-on-august-31-2026-30c,Will the highest temperature in Milan be 30°C on August 31?,"[""Yes"", ""No""]","[""0.0005"", ""0.9995""]",9451.102749,1,31.7,31.9,32.3
1788200126.4,Highest temperature in Milan on August 31?,Milan,2026-08-31,3967507,highest-temperature-in-milan-on-august-31-2026-31c,Will the highest temperature in Milan be 31°C on August 31?,"[""Yes"", ""No""]","[""0.9985"", ""0.0015""]",14994.131043999998,1,31.7,31.9,32.3
1788200126.4,Highest temperature in Milan on August 31?,Milan,2026-08-31,3967508,highest-temperature-in-milan-on-august-31-2026-32c,Will the highest temperature in Milan be 32°C on August 31?,"[""Yes"", ""No""]","[""0.0005"", ""0.9995""]",7300.444175999999,1,31.7,31.9,32.3
1788200126.4,Highest temperature in Milan on August 31?,Milan,2026-08-31,3967509,highest-temperature-in-milan-on-august-31-2026-33c,Will the highest temperature in Milan be 33°C on August 31?,"[""Yes"", ""No""]","[""0.0005"", ""0.9995""]",3811.9364490000003,1,31.7,31.9,32.3
1788200126.4,Highest temperature in Milan on August 31?,Milan,2026-08-31,3967510,highest-temperature-in-milan-on-august-31-2026-34corhigher,Will the highest temperature in Milan be 34°C or higher on August 31?,"[""Yes"", ""No""]","[""0.0005"", ""0.9995""]",1630.9897999999996,1,31.7,31.9,32.3
1788200126.4,Highest temperature in Madrid on August 31?,Madrid,2026-08-31,3967511,highest-temperature-in-madrid-on-august-31-2026-29corbelow,Will the highest temperature in Madrid be 29°C or below on August 31?,"[""Yes"", ""No""]","[""0.0005"", ""0.9995""]",1083.9470000000001,1,32.3,32.6,33.2
1788200126.4,Highest temperature in Madrid on August 31?,Madrid,2026-08-31,3967512,highest-temperature-in-madrid-on-august-31-2026-30c,Will the highest temperature in Madrid be 30°C on August 31?,"[""Yes"", ""No""]","[""0.0005"", ""0.9995""]",170.18039999999996,1,32.3,32.6,33.2
1788200126.4,Highest temperature in Madrid on August 31?,Madrid,2026-08-31,3967513,highest-temperature-in-madrid-on-august-31-2026-31c,Will the highest temperature in Madrid be 31°C on August 31?,"[""Yes"", ""No""]","[""0.0005"", ""0.9995""]",767.9959999999999,1,32.3,32.6,33.2
1788200126.4,Highest temperature in Madrid on August 31?,Madrid,2026-08-31,3967514,highest-temperature-in-madrid-on-august-31-2026-32c,Will the highest temperature in Madrid be 32°C on August 31?,"[""Yes"", ""No""]","[""0.0005"", ""0.9995""]",1751.753015,1,32.3,32.6,33.2
1788200126.4,Highest temperature in Madrid on August 31?,Madrid,2026-08-31,3967515,highest-temperature-in-madrid-on-august-31-2026-33c,Will the highest temperature in Madrid be 33°C on August 31?,"[""Yes"", ""No""]","[""0.998"", ""0.002""]",9903.056891999999,1,32.3,32.6,33.2
1788200126.4,Highest temperature in Madrid on August 31?,Madrid,2026-08-31,3967516,highest-temperature-in-madrid-on-august-31-2026-34c,Will the highest temperature in Madrid be 34°C on August 31?,"[""Yes"", ""No""]","[""0.002"", ""0.998""]",6367.490403,1,32.3,32.6,33.2
1788200126.4,Highest temperature in Madrid on August 31?,Madrid,2026-08-31,3967521,highest-temperature-in-madrid-on-august-31-2026-35c,Will the highest temperature in Madrid be 35°C on August 31?,"[""Yes"", ""No""]","[""0.0005"", ""0.9995""]",6956.960926,1,32.3,32.6,33.2
1788200126.4,Highest temperature in Madrid on August 31?,Madrid,2026-08-31,3967523,highest-temperature-in-madrid-on-august-31-2026-36c,Will the highest temperature in Madrid be 36°C on August 31?,"[""Yes"", ""No""]","[""0.0005"", ""0.9995""]",1780.6720280000004,1,32.3,32.6,33.2
1788200126.4,Highest temperature in Madrid on August 31?,Madrid,2026-08-31,3967524,highest-temperature-in-madrid-on-august-31-2026-37c,Will the highest temperature in Madrid be 37°C on August 31?,"[""Yes"", ""No""]","[""0.0005"", ""0.9995""]",834.606,1,32.3,32.6,33.2
1788200126.4,Highest temperature in Madrid on August 31?,Madrid,2026-08-31,3967528,highest-temperature-in-madrid-on-august-31-2026-38c,Will the highest temperature in Madrid be 38°C on August 31?,"[""Yes"", ""No""]","[""0.0005"", ""0.9995""]",254.97699999999998,1,32.3,32.6,33.2
1788200126.4,Highest temperature in Madrid on August 31?,Madrid,2026-08-31,3967529,highest-temperature-in-madrid-on-august-31-2026-39corhigher,Will the highest temperature in Madrid be 39°C or higher on August 31?,"[""Yes"", ""No""]","[""0.0005"", ""0.9995""]",166.64,1,32.3,32.6,33.2
1788200126.4,Highest temperature in Warsaw on August 31?,Warsaw,2026-08-31,3967530,highest-temperature-in-warsaw-on-august-31-2026-17corbelow,Will the highest temperature in Warsaw be 17°C or below on August 31?,"[""Yes"", ""No""]","[""0.0005"", ""0.9995""]",250.976,1,28.4,25.2,26.0
1788200126.4,Highest temperature in Warsaw on August 31?,Warsaw,2026-08-31,3967531,highest-temperature-in-warsaw-on-august-31-2026-18c,Will the highest temperature in Warsaw be 18°C on August 31?,"[""Yes"", ""No""]","[""0.0005"", ""0.9995""]",253.886,1,28.4,25.2,26.0
1788200126.4,Highest temperature in Warsaw on August 31?,Warsaw,2026-08-31,3967532,highest-temperature-in-warsaw-on-august-31-2026-19c,Will the highest temperature in Warsaw be 19°C on August 31?,"[""Yes"", ""No""]","[""0.0005"", ""0.9995""]",350.915,1,28.4,25.2,26.0
1788200126.4,Highest temperature in Warsaw on August 31?,Warsaw,2026-08-31,3967533,highest-temperature-in-warsaw-on-august-31-2026-20c,Will the highest temperature in Warsaw be 20°C on August 31?,"[""Yes"", ""No""]","[""0.0005"", ""0.9995""]",350.927,1,28.4,25.2,26.0
1788200126.4,Highest temperature in Warsaw on August 31?,Warsaw,2026-08-31,3967534,highest-temperature-in-warsaw-on-august-31-2026-21c,Will the highest temperature in Warsaw be 21°C on August 31?,"[""Yes"", ""No""]","[""0.0005"", ""0.9995""]",215.1952,1,28.4,25.2,26.0
1788200126.4,Highest temperature in Warsaw on August 31?,Warsaw,2026-08-31,3967535,highest-temperature-in-warsaw-on-august-31-2026-22c,Will the highest temperature in Warsaw be 22°C on August 31?,"[""Yes"", ""No""]","[""0.0005"", ""0.9995""]",701.312927,1,28.4,25.2,26.0
1788200126.4,Highest temperature in Warsaw on August 31?,Warsaw,2026-08-31,3967536,highest-temperature-in-warsaw-on-august-31-2026-23c,Will the highest temperature in Warsaw be 23°C on August 31?,"[""Yes"", ""No""]","[""0.0005"", ""0.9995""]",657.500246,1,28.4,25.2,26.0
1788200126.4,Highest temperature in Warsaw on August 31?,Warsaw,2026-08-31,3967537,highest-temperature-in-warsaw-on-august-31-2026-24c,Will the highest temperature in Warsaw be 24°C on August 31?,"[""Yes"", ""No""]","[""0.0005"", ""0.9995""]",1071.305053,1,28.4,25.2,26.0
1788200126.4,Highest temperature in Warsaw on August 31?,Warsaw,2026-08-31,3967538,highest-temperature-in-warsaw-on-august-31-2026-25c,Will the highest temperature in Warsaw be 25°C on August 31?,"[""Yes"", ""No""]","[""0.0005"", ""0.9995""]",2979.878111,1,28.4,25.2,26.0
1788200126.4,Highest temperature in Warsaw on August 31?,Warsaw,2026-08-31,3967539,highest-temperature-in-warsaw-on-august-31-2026-26c,Will the highest temperature in Warsaw be 26°C on August 31?,"[""Yes"", ""No""]","[""0.0005"", ""0.9995""]",5260.318962,1,28.4,25.2,26.0
1788200126.4,Highest temperature in Warsaw on August 31?,Warsaw,2026-08-31,3967540,highest-temperature-in-warsaw-on-august-31-2026-27corhigher,Will the highest temperature in Warsaw be 27°C or higher on August 31?,"[""Yes"", ""No""]","[""0.9995"", ""0.0005""]",24685.121331,1,28.4,25.2,26.0
1788200126.4,Highest temperature in Moscow on August 31?,Moscow,2026-08-31,3967607,highest-temperature-in-moscow-on-august-31-2026-17corbelow,Will the highest temperature in Moscow be 17°C or below on August 31?,"[""Yes"", ""No""]","[""0.0005"", ""0.9995""]",203.08899999999997,1,23.6,22.1,20.9
1788200126.4,Highest temperature in Moscow on August 31?,Moscow,2026-08-31,3967608,highest-temperature-in-moscow-on-august-31-2026-18c,Will the highest temperature in Moscow be 18°C on August 31?,"[""Yes"", ""No""]","[""0.0005"", ""0.9995""]",2479.652339,1,23.6,22.1,20.9
1788200126.4,Highest temperature in Moscow on August 31?,Moscow,2026-08-31,3967609,highest-temperature-in-moscow-on-august-31-2026-19c,Will the highest temperature in Moscow be 19°C on August 31?,"[""Yes"", ""No""]","[""0.9995"", ""0.0005""]",6047.8089340000015,1,23.6,22.1,20.9
1788200126.4,Highest temperature in Moscow on August 31?,Moscow,2026-08-31,3967610,highest-temperature-in-moscow-on-august-31-2026-20c,Will the highest temperature in Moscow be 20°C on August 31?,"[""Yes"", ""No""]","[""0.0005"", ""0.9995""]",4761.239016,1,23.6,22.1,20.9
1788200126.4,Highest temperature in Moscow on August 31?,Moscow,2026-08-31,3967611,highest-temperature-in-moscow-on-august-31-2026-21c,Will the highest temperature in Moscow be 21°C on August 31?,"[""Yes"", ""No""]","[""0.0005"", ""0.9995""]",6576.030480000001,1,23.6,22.1,20.9
1788200126.4,Highest temperature in Moscow on August 31?,Moscow,2026-08-31,3967612,highest-temperature-in-moscow-on-august-31-2026-22c,Will the highest temperature in Moscow be 22°C on August 31?,"[""Yes"", ""No""]","[""0.0005"", ""0.9995""]",13222.460670999999,1,23.6,22.1,20.9
1788200126.4,Highest temperature in Moscow on August 31?,Moscow,2026-08-31,3967613,highest-temperature-in-moscow-on-august-31-2026-23c,Will the highest temperature in Moscow be 23°C on August 31?,"[""Yes"", ""No""]","[""0.0005"", ""0.9995""]",2685.8654649999994,1,23.6,22.1,20.9
1788200126.4,Highest temperature in Moscow on August 31?,Moscow,2026-08-31,3967614,highest-temperature-in-moscow-on-august-31-2026-24c,Will the highest temperature in Moscow be 24°C on August 31?,"[""Yes"", ""No""]","[""0.0005"", ""0.9995""]",2990.3635809999996,1,23.6,22.1,20.9
1788200126.4,Highest temperature in Moscow on August 31?,Moscow,2026-08-31,3967615,highest-temperature-in-moscow-on-august-31-2026-25c,Will the highest temperature in Moscow be 25°C on August 31?,"[""Yes"", ""No""]","[""0.0005"", ""0.9995""]",1853.767671,1,23.6,22.1,20.9
1788200126.4,Highest temperature in Moscow on August 31?,Moscow,2026-08-31,3967616,highest-temperature-in-moscow-on-august-31-2026-26c,Will the highest temperature in Moscow be 26°C on August 31?,"[""Yes"", ""No""]","[""0.0005"", ""0.9995""]",520.44105,1,23.6,22.1,20.9
1788200126.4,Highest temperature in Moscow on August 31?,Moscow,2026-08-31,3967617,highest-temperature-in-moscow-on-august-31-2026-27corhigher,Will the highest temperature in Moscow be 27°C or higher on August 31?,"[""Yes"", ""No""]","[""0.0005"", ""0.9995""]",243.012,1,23.6,22.1,20.9
1788200126.4,Highest temperature in Istanbul on August 31?,Istanbul,2026-08-31,3967618,highest-temperature-in-istanbul-on-august-31-2026-23corbelow,Will the highest temperature in Istanbul be 23°C or below on August 31?,"[""Yes"", ""No""]","[""0.0005"", ""0.9995""]",427.542707,1,28.5,28.6,27.5
1788200126.4,Highest temperature in Istanbul on August 31?,Istanbul,2026-08-31,3967619,highest-temperature-in-istanbul-on-august-31-2026-24c,Will the highest temperature in Istanbul be 24°C on August 31?,"[""Yes"", ""No""]","[""0.0005"", ""0.9995""]",261.41675,1,28.5,28.6,27.5
1788200126.4,Highest temperature in Istanbul on August 31?,Istanbul,2026-08-31,3967620,highest-temperature-in-istanbul-on-august-31-2026-25c,Will the highest temperature in Istanbul be 25°C on August 31?,"[""Yes"", ""No""]","[""0.0005"", ""0.9995""]",1220.8492919999999,1,28.5,28.6,27.5
1788200126.4,Highest temperature in Istanbul on August 31?,Istanbul,2026-08-31,3967621,highest-temperature-in-istanbul-on-august-31-2026-26c,Will the highest temperature in Istanbul be 26°C on August 31?,"[""Yes"", ""No""]","[""0.9995"", ""0.0005""]",12378.090476,1,28.5,28.6,27.5
1788200126.4,Highest temperature in Istanbul on August 31?,Istanbul,2026-08-31,3967622,highest-temperature-in-istanbul-on-august-31-2026-27c,Will the highest temperature in Istanbul be 27°C on August 31?,"[""Yes"", ""No""]","[""0.0005"", ""0.9995""]",3502.286220999999,1,28.5,28.6,27.5
1788200126.4,Highest temperature in Istanbul on August 31?,Istanbul,2026-08-31,3967623,highest-temperature-in-istanbul-on-august-31-2026-28c,Will the highest temperature in Istanbul be 28°C on August 31?,"[""Yes"", ""No""]","[""0.0005"", ""0.9995""]",1447.278352,1,28.5,28.6,27.5
1788200126.4,Highest temperature in Istanbul on August 31?,Istanbul,2026-08-31,3967624,highest-temperature-in-istanbul-on-august-31-2026-29c,Will the highest temperature in Istanbul be 29°C on August 31?,"[""Yes"", ""No""]","[""0.0005"", ""0.9995""]",693.3189130000001,1,28.5,28.6,27.5
1788200126.4,Highest temperature in Istanbul on August 31?,Istanbul,2026-08-31,3967625,highest-temperature-in-istanbul-on-august-31-2026-30c,Will the highest temperature in Istanbul be 30°C on August 31?,"[""Yes"", ""No""]","[""0.0005"", ""0.9995""]",898.454932,1,28.5,28.6,27.5
1788200126.4,Highest temperature in Istanbul on August 31?,Istanbul,2026-08-31,3967626,highest-temperature-in-istanbul-on-august-31-2026-31c,Will the highest temperature in Istanbul be 31°C on August 31?,"[""Yes"", ""No""]","[""0.0005"", ""0.9995""]",1405.403007,1,28.5,28.6,27.5
1788200126.4,Highest temperature in Istanbul on August 31?,Istanbul,2026-08-31,3967627,highest-temperature-in-istanbul-on-august-31-2026-32c,Will the highest temperature in Istanbul be 32°C on August 31?,"[""Yes"", ""No""]","[""0.0005"", ""0.9995""]",163.412,1,28.5,28.6,27.5
1788200126.4,Highest temperature in Istanbul on August 31?,Istanbul,2026-08-31,3967628,highest-temperature-in-istanbul-on-august-31-2026-33corhigher,Will the highest temperature in Istanbul be 33°C or higher on August 31?,"[""Yes"", ""No""]","[""0.0005"", ""0.9995""]",211.41299999999998,1,28.5,28.6,27.5
1788200126.4,Highest temperature in Amsterdam on August 31?,Amsterdam,2026-08-31,3967640,highest-temperature-in-amsterdam-on-august-31-2026-14corbelow,Will the highest temperature in Amsterdam be 14°C or below on August 31?,"[""Yes"", ""No""]","[""0.0005"", ""0.9995""]",66.98599999999999,1,18.4,17.7,19.3
1788200126.4,Highest temperature in Amsterdam on August 31?,Amsterdam,2026-08-31,3967641,highest-temperature-in-amsterdam-on-august-31-2026-15c,Will the highest temperature in Amsterdam be 15°C on August 31?,"[""Yes"", ""No""]","[""0.0005"", ""0.9995""]",67,1,18.4,17.7,19.3
1788200126.4,Highest temperature in Amsterdam on August 31?,Amsterdam,2026-08-31,3967642,highest-temperature-in-amsterdam-on-august-31-2026-16c,Will the highest temperature in Amsterdam be 16°C on August 31?,"[""Yes"", ""No""]","[""0.0005"", ""0.9995""]",310.760416,1,18.4,17.7,19.3
1788200126.4,Highest temperature in Amsterdam on August 31?,Amsterdam,2026-08-31,3967643,highest-temperature-in-amsterdam-on-august-31-2026-17c,Will the highest temperature in Amsterdam be 17°C on August 31?,"[""Yes"", ""No""]","[""0.0005"", ""0.9995""]",4932.137619,1,18.4,17.7,19.3
1788200126.4,Highest temperature in Amsterdam on August 31?,Amsterdam,2026-08-31,3967644,highest-temperature-in-amsterdam-on-august-31-2026-18c,Will the highest temperature in Amsterdam be 18°C on August 31?,"[""Yes"", ""No""]","[""0.0005"", ""0.9995""]",3138.673006,1,18.4,17.7,19.3
1788200126.4,Highest temperature in Amsterdam on August 31?,Amsterdam,2026-08-31,3967645,highest-temperature-in-amsterdam-on-august-31-2026-19c,Will the highest temperature in Amsterdam be 19°C on August 31?,"[""Yes"", ""No""]","[""0.0005"", ""0.9995""]",7487.711551999999,1,18.4,17.7,19.3
1788200126.4,Highest temperature in Amsterdam on August 31?,Amsterdam,2026-08-31,3967646,highest-temperature-in-amsterdam-on-august-31-2026-20c,Will the highest temperature in Amsterdam be 20°C on August 31?,"[""Yes"", ""No""]","[""0.9995"", ""0.0005""]",9577.971213,1,18.4,17.7,19.3
1788200126.4,Highest temperature in Amsterdam on August 31?,Amsterdam,2026-08-31,3967647,highest-temperature-in-amsterdam-on-august-31-2026-21c,Will the highest temperature in Amsterdam be 21°C on August 31?,"[""Yes"", ""No""]","[""0.002"", ""0.998""]",6358.155127000002,1,18.4,17.7,19.3
1788200126.4,Highest temperature in Amsterdam on August 31?,Amsterdam,2026-08-31,3967648,highest-temperature-in-amsterdam-on-august-31-2026-22c,Will the highest temperature in Amsterdam be 22°C on August 31?,"[""Yes"", ""No""]","[""0.0005"", ""0.9995""]",3777.774932000001,1,18.4,17.7,19.3
1788200126.4,Highest temperature in Amsterdam on August 31?,Amsterdam,2026-08-31,3967649,highest-temperature-in-amsterdam-on-august-31-2026-23c,Will the highest temperature in Amsterdam be 23°C on August 31?,"[""Yes"", ""No""]","[""0.0005"", ""0.9995""]",1642.580554,1,18.4,17.7,19.3
1788200126.4,Highest temperature in Amsterdam on August 31?,Amsterdam,2026-08-31,3967650,highest-temperature-in-amsterdam-on-august-31-2026-24corhigher,Will the highest temperature in Amsterdam be 24°C or higher on August 31?,"[""Yes"", ""No""]","[""0.0005"", ""0.9995""]",418.69161099999997,1,18.4,17.7,19.3
1788200126.4,Highest temperature in Helsinki on August 31?,Helsinki,2026-08-31,3967651,highest-temperature-in-helsinki-on-august-31-2026-12corbelow,Will the highest temperature in Helsinki be 12°C or below on August 31?,"[""Yes"", ""No""]","[""0.0005"", ""0.9995""]",293.995,1,18.7,19.5,18.6
1788200126.4,Highest temperature in Helsinki on August 31?,Helsinki,2026-08-31,3967652,highest-temperature-in-helsinki-on-august-31-2026-13c,Will the highest temperature in Helsinki be 13°C on August 31?,"[""Yes"", ""No""]","[""0.0005"", ""0.9995""]",293.99100000000004,1,18.7,19.5,18.6
1788200126.4,Highest temperature in Helsinki on August 31?,Helsinki,2026-08-31,3967653,highest-temperature-in-helsinki-on-august-31-2026-14c,Will the highest temperature in Helsinki be 14°C on August 31?,"[""Yes"", ""No""]","[""0.0005"", ""0.9995""]",77.98700000000001,1,18.7,19.5,18.6
1788200126.4,Highest temperature in Helsinki on August 31?,Helsinki,2026-08-31,3967654,highest-temperature-in-helsinki-on-august-31-2026-15c,Will the highest temperature in Helsinki be 15°C on August 31?,"[""Yes"", ""No""]","[""0.0005"", ""0.9995""]",151.70100000000002,1,18.7,19.5,18.6
1788200126.4,Highest temperature in Helsinki on August 31?,Helsinki,2026-08-31,3967655,highest-temperature-in-helsinki-on-august-31-2026-16c,Will the highest temperature in Helsinki be 16°C on August 31?,"[""Yes"", ""No""]","[""0.0005"", ""0.9995""]",689.7324,1,18.7,19.5,18.6
1788200126.4,Highest temperature in Helsinki on August 31?,Helsinki,2026-08-31,3967656,highest-temperature-in-helsinki-on-august-31-2026-17c,Will the highest temperature in Helsinki be 17°C on August 31?,"[""Yes"", ""No""]","[""0.0005"", ""0.9995""]",1214.7194359999999,1,18.7,19.5,18.6
1788200126.4,Highest temperature in Helsinki on August 31?,Helsinki,2026-08-31,3967657,highest-temperature-in-helsinki-on-august-31-2026-18c,Will the highest temperature in Helsinki be 18°C on August 31?,"[""Yes"", ""No""]","[""0.0005"", ""0.9995""]",13464.160440999995,1,18.7,19.5,18.6
1788200126.4,Highest temperature in Helsinki on August 31?,Helsinki,2026-08-31,3967658,highest-temperature-in-helsinki-on-august-31-2026-19c,Will the highest temperature in Helsinki be 19°C on August 31?,"[""Yes"", ""No""]","[""0.9995"", ""0.0005""]",9411.750136000006,1,18.7,19.5,18.6
1788200126.4,Highest temperature in Helsinki on August 31?,Helsinki,2026-08-31,3967659,highest-temperature-in-helsinki-on-august-31-2026-20c,Will the highest temperature in Helsinki be 20°C on August 31?,"[""Yes"", ""No""]","[""0.0005"", ""0.9995""]",4167.071343,1,18.7,19.5,18.6
1788200126.4,Highest temperature in Helsinki on August 31?,Helsinki,2026-08-31,3967660,highest-temperature-in-helsinki-on-august-31-2026-21c,Will the highest temperature in Helsinki be 21°C on August 31?,"[""Yes"", ""No""]","[""0.0005"", ""0.9995""]",2601.057122,1,18.7,19.5,18.6
1788200126.4,Highest temperature in Helsinki on August 31?,Helsinki,2026-08-31,3967661,highest-temperature-in-helsinki-on-august-31-2026-22corhigher,Will the highest temperature in Helsinki be 22°C or higher on August 31?,"[""Yes"", ""No""]","[""0.0005"", ""0.9995""]",384.98035500000003,1,18.7,19.5,18.6
1788200126.4,Highest temperature in Jeddah on August 31?,Jeddah,2026-08-31,3967673,highest-temperature-in-jeddah-on-august-31-2026-31corbelow,Will the highest temperature in Jeddah be 31°C or below on August 31?,"[""Yes"", ""No""]","[""0.0005"", ""0.9995""]",373.958,1,37.0,40.6,37.1
1788200126.4,Highest temperature in Jeddah on August 31?,Jeddah,2026-08-31,3967674,highest-temperature-in-jeddah-on-august-31-2026-32c,Will the highest temperature in Jeddah be 32°C on August 31?,"[""Yes"", ""No""]","[""0.0005"", ""0.9995""]",324.015,1,37.0,40.6,37.1
1788200126.4,Highest temperature in Jeddah on August 31?,Jeddah,2026-08-31,3967675,highest-temperature-in-jeddah-on-august-31-2026-33c,Will the highest temperature in Jeddah be 33°C on August 31?,"[""Yes"", ""No""]","[""0.0005"", ""0.9995""]",374.922,1,37.0,40.6,37.1
1788200126.4,Highest temperature in Jeddah on August 31?,Jeddah,2026-08-31,3967676,highest-temperature-in-jeddah-on-august-31-2026-34c,Will the highest temperature in Jeddah be 34°C on August 31?,"[""Yes"", ""No""]","[""0.0005"", ""0.9995""]",317.976,1,37.0,40.6,37.1
1788200126.4,Highest temperature in Jeddah on August 31?,Jeddah,2026-08-31,3967677,highest-temperature-in-jeddah-on-august-31-2026-35c,Will the highest temperature in Jeddah be 35°C on August 31?,"[""Yes"", ""No""]","[""0.0005"", ""0.9995""]",773.2798000000001,1,37.0,40.6,37.1
1788200126.4,Highest temperature in Jeddah on August 31?,Jeddah,2026-08-31,3967678,highest-temperature-in-jeddah-on-august-31-2026-36c,Will the highest temperature in Jeddah be 36°C on August 31?,"[""Yes"", ""No""]","[""0.0005"", ""0.9995""]",774.657298,1,37.0,40.6,37.1
1788200126.4,Highest temperature in Jeddah on August 31?,Jeddah,2026-08-31,3967679,highest-temperature-in-jeddah-on-august-31-2026-37c,Will the highest temperature in Jeddah be 37°C on August 31?,"[""Yes"", ""No""]","[""0.0005"", ""0.9995""]",1193.0059899999999,1,37.0,40.6,37.1
1788200126.4,Highest temperature in Jeddah on August 31?,Jeddah,2026-08-31,3967680,highest-temperature-in-jeddah-on-august-31-2026-38c,Will the highest temperature in Jeddah be 38°C on August 31?,"[""Yes"", ""No""]","[""0.9995"", ""0.0005""]",5200.752130999999,1,37.0,40.6,37.1
1788200126.4,Highest temperature in Jeddah on August 31?,Jeddah,2026-08-31,3967681,highest-temperature-in-jeddah-on-august-31-2026-39c,Will the highest temperature in Jeddah be 39°C on August 31?,"[""Yes"", ""No""]","[""0.0005"", ""0.9995""]",2141.09381,1,37.0,40.6,37.1
1788200126.4,Highest temperature in Jeddah on August 31?,Jeddah,2026-08-31,3967682,highest-temperature-in-jeddah-on-august-31-2026-40c,Will the highest temperature in Jeddah be 40°C on August 31?,"[""Yes"", ""No""]","[""0.0005"", ""0.9995""]",1944.5240399999998,1,37.0,40.6,37.1
1788200126.4,Highest temperature in Jeddah on August 31?,Jeddah,2026-08-31,3967683,highest-temperature-in-jeddah-on-august-31-2026-41corhigher,Will the highest temperature in Jeddah be 41°C or higher on August 31?,"[""Yes"", ""No""]","[""0.0005"", ""0.9995""]",2390.6119709999994,1,37.0,40.6,37.1
1788200126.4,Highest temperature in Cape Town on August 31?,Cape Town,2026-08-31,3967684,highest-temperature-in-cape-town-on-august-31-2026-12corbelow,Will the highest temperature in Cape Town be 12°C or below on August 31?,"[""Yes"", ""No""]","[""0.0005"", ""0.9995""]",1328.929,1,17.2,16.9,17.0
1788200126.4,Highest temperature in Cape Town on August 31?,Cape Town,2026-08-31,3967685,highest-temperature-in-cape-town-on-august-31-2026-13c,Will the highest temperature in Cape Town be 13°C on August 31?,"[""Yes"", ""No""]","[""0.0005"", ""0.9995""]",450.29999999999995,1,17.2,16.9,17.0
1788200126.4,Highest temperature in Cape Town on August 31?,Cape Town,2026-08-31,3967686,highest-temperature-in-cape-town-on-august-31-2026-14c,Will the highest temperature in Cape Town be 14°C on August 31?,"[""Yes"", ""No""]","[""0.0005"", ""0.9995""]",184.939,1,17.2,16.9,17.0
1788200126.4,Highest temperature in Cape Town on August 31?,Cape Town,2026-08-31,3967687,highest-temperature-in-cape-town-on-august-31-2026-15c,Will the highest temperature in Cape Town be 15°C on August 31?,"[""Yes"", ""No""]","[""0.0005"", ""0.9995""]",903.740749,1,17.2,16.9,17.0
1788200126.4,Highest temperature in Cape Town on August 31?,Cape Town,2026-08-31,3967688,highest-temperature-in-cape-town-on-august-31-2026-16c,Will the highest temperature in Cape Town be 16°C on August 31?,"[""Yes"", ""No""]","[""0.0005"", ""0.9995""]",1954.798472,1,17.2,16.9,17.0
1788200126.4,Highest temperature in Cape Town on August 31?,Cape Town,2026-08-31,3967689,highest-temperature-in-cape-town-on-august-31-2026-17c,Will the highest temperature in Cape Town be 17°C on August 31?,"[""Yes"", ""No""]","[""0.0005"", ""0.9995""]",6215.619090999999,1,17.2,16.9,17.0
1788200126.4,Highest temperature in Cape Town on August 31?,Cape Town,2026-08-31,3967690,highest-temperature-in-cape-town-on-august-31-2026-18c,Will the highest temperature in Cape Town be 18°C on August 31?,"[""Yes"", ""No""]","[""0.9995"", ""0.0005""]",5481.648234,1,17.2,16.9,17.0
1788200126.4,Highest temperature in Cape Town on August 31?,Cape Town,2026-08-31,3967691,highest-temperature-in-cape-town-on-august-31-2026-19c,Will the highest temperature in Cape Town be 19°C on August 31?,"[""Yes"", ""No""]","[""0.0005"", ""0.9995""]",4255.730287,1,17.2,16.9,17.0
1788200126.4,Highest temperature in Cape Town on August 31?,Cape Town,2026-08-31,3967692,highest-temperature-in-cape-town-on-august-31-2026-20c,Will the highest temperature in Cape Town be 20°C on August 31?,"[""Yes"", ""No""]","[""0.0005"", ""0.9995""]",1256.1776,1,17.2,16.9,17.0
1788200126.4,Highest temperature in Cape Town on August 31?,Cape Town,2026-08-31,3967693,highest-temperature-in-cape-town-on-august-31-2026-21c,Will the highest temperature in Cape Town be 21°C on August 31?,"[""Yes"", ""No""]","[""0.0005"", ""0.9995""]",1552.7745160000002,1,17.2,16.9,17.0
1788200126.4,Highest temperature in Cape Town on August 31?,Cape Town,2026-08-31,3967694,highest-temperature-in-cape-town-on-august-31-2026-22corhigher,Will the highest temperature in Cape Town be 22°C or higher on August 31?,"[""Yes"", ""No""]","[""0.0005"", ""0.9995""]",1140.8999999999999,1,17.2,16.9,17.0
1788200126.4,Highest temperature in Karachi on August 31?,Karachi,2026-08-31,3967717,highest-temperature-in-karachi-on-august-31-2026-26corbelow,Will the highest temperature in Karachi be 26°C or below on August 31?,"[""Yes"", ""No""]","[""0.0005"", ""0.9995""]",957.478,1,30.3,30.8,30.3
1788200126.4,Highest temperature in Karachi on August 31?,Karachi,2026-08-31,3967718,highest-temperature-in-karachi-on-august-31-2026-27c,Will the highest temperature in Karachi be 27°C on August 31?,"[""Yes"", ""No""]","[""0.0005"", ""0.9995""]",226.36919999999998,1,30.3,30.8,30.3
1788200126.4,Highest temperature in Karachi on August 31?,Karachi,2026-08-31,3967719,highest-temperature-in-karachi-on-august-31-2026-28c,Will the highest temperature in Karachi be 28°C on August 31?,"[""Yes"", ""No""]","[""0.0005"", ""0.9995""]",418.4362,1,30.3,30.8,30.3
1788200126.4,Highest temperature in Karachi on August 31?,Karachi,2026-08-31,3967720,highest-temperature-in-karachi-on-august-31-2026-29c,Will the highest temperature in Karachi be 29°C on August 31?,"[""Yes"", ""No""]","[""0.0005"", ""0.9995""]",2692.00388,1,30.3,30.8,30.3
1788200126.4,Highest temperature in Karachi on August 31?,Karachi,2026-08-31,3967721,highest-temperature-in-karachi-on-august-31-2026-30c,Will the highest temperature in Karachi be 30°C on August 31?,"[""Yes"", ""No""]","[""0.9995"", ""0.0005""]",6094.796066999999,1,30.3,30.8,30.3
1788200126.4,Highest temperature in Karachi on August 31?,Karachi,2026-08-31,3967722,highest-temperature-in-karachi-on-august-31-2026-31c,Will the highest temperature in Karachi be 31°C on August 31?,"[""Yes"", ""No""]","[""0.0005"", ""0.9995""]",1459.21034,1,30.3,30.8,30.3
1788200126.4,Highest temperature in Karachi on August 31?,Karachi,2026-08-31,3967723,highest-temperature-in-karachi-on-august-31-2026-32c,Will the highest temperature in Karachi be 32°C on August 31?,"[""Yes"", ""No""]","[""0.0005"", ""0.9995""]",2395.3281,1,30.3,30.8,30.3
1788200126.4,Highest temperature in Karachi on August 31?,Karachi,2026-08-31,3967724,highest-temperature-in-karachi-on-august-31-2026-33c,Will the highest temperature in Karachi be 33°C on August 31?,"[""Yes"", ""No""]","[""0.0005"", ""0.9995""]",3212.0129490000004,1,30.3,30.8,30.3
1788200126.4,Highest temperature in Karachi on August 31?,Karachi,2026-08-31,3967725,highest-temperature-in-karachi-on-august-31-2026-34c,Will the highest temperature in Karachi be 34°C on August 31?,"[""Yes"", ""No""]","[""0.0005"", ""0.9995""]",317.84831299999996,1,30.3,30.8,30.3
1788200126.4,Highest temperature in Karachi on August 31?,Karachi,2026-08-31,3967726,highest-temperature-in-karachi-on-august-31-2026-35c,Will the highest temperature in Karachi be 35°C on August 31?,"[""Yes"", ""No""]","[""0.0005"", ""0.9995""]",151.02599999999998,1,30.3,30.8,30.3
1788200126.4,Highest temperature in Karachi on August 31?,Karachi,2026-08-31,3967727,highest-temperature-in-karachi-on-august-31-2026-36corhigher,Will the highest temperature in Karachi be 36°C or higher on August 31?,"[""Yes"", ""No""]","[""0.0005"", ""0.9995""]",276,1,30.3,30.8,30.3
1788200126.4,Highest temperature in NYC on August 31?,NYC,2026-08-31,3968599,highest-temperature-in-nyc-on-august-31-2026-73forbelow,Will the highest temperature in New York City be 73°F or below on August 31?,"[""Yes"", ""No""]","[""0.0005"", ""0.9995""]",3380.5488940000005,1,25.1,27.2,24.6
1788200126.4,Highest temperature in NYC on August 31?,NYC,2026-08-31,3968600,highest-temperature-in-nyc-on-august-31-2026-74-75f,Will the highest temperature in New York City be between 74-75°F on August 31?,"[""Yes"", ""No""]","[""0.0005"", ""0.9995""]",12058.613024999999,1,25.1,27.2,24.6
1788200126.4,Highest temperature in NYC on August 31?,NYC,2026-08-31,3968601,highest-temperature-in-nyc-on-august-31-2026-76-77f,Will the highest temperature in New York City be between 76-77°F on August 31?,"[""Yes"", ""No""]","[""0.48"", ""0.52""]",7581.444683999998,1,25.1,27.2,24.6
1788200126.4,Highest temperature in NYC on August 31?,NYC,2026-08-31,3968602,highest-temperature-in-nyc-on-august-31-2026-78-79f,Will the highest temperature in New York City be between 78-79°F on August 31?,"[""Yes"", ""No""]","[""0.43"", ""0.57""]",7640.814069,1,25.1,27.2,24.6
1788200126.4,Highest temperature in NYC on August 31?,NYC,2026-08-31,3968603,highest-temperature-in-nyc-on-august-31-2026-80-81f,Will the highest temperature in New York City be between 80-81°F on August 31?,"[""Yes"", ""No""]","[""0.115"", ""0.885""]",7209.142462,1,25.1,27.2,24.6
1788200126.4,Highest temperature in NYC on August 31?,NYC,2026-08-31,3968604,highest-temperature-in-nyc-on-august-31-2026-82-83f,Will the highest temperature in New York City be between 82-83°F on August 31?,"[""Yes"", ""No""]","[""0.008"", ""0.992""]",4047.334130000001,1,25.1,27.2,24.6
1788200126.4,Highest temperature in NYC on August 31?,NYC,2026-08-31,3968605,highest-temperature-in-nyc-on-august-31-2026-84-85f,Will the highest temperature in New York City be between 84-85°F on August 31?,"[""Yes"", ""No""]","[""0.003"", ""0.997""]",3511.091248999999,1,25.1,27.2,24.6
1788200126.4,Highest temperature in NYC on August 31?,NYC,2026-08-31,3968606,highest-temperature-in-nyc-on-august-31-2026-86-87f,Will the highest temperature in New York City be between 86-87°F on August 31?,"[""Yes"", ""No""]","[""0.0005"", ""0.9995""]",544.1585,1,25.1,27.2,24.6
1788200126.4,Highest temperature in NYC on August 31?,NYC,2026-08-31,3968607,highest-temperature-in-nyc-on-august-31-2026-88-89f,Will the highest temperature in New York City be between 88-89°F on August 31?,"[""Yes"", ""No""]","[""0.0005"", ""0.9995""]",339.801847,1,25.1,27.2,24.6
1788200126.4,Highest temperature in NYC on August 31?,NYC,2026-08-31,3968608,highest-temperature-in-nyc-on-august-31-2026-90-91f,Will the highest temperature in New York City be between 90-91°F on August 31?,"[""Yes"", ""No""]","[""0.0005"", ""0.9995""]",2398.753272,1,25.1,27.2,24.6
1788200126.4,Highest temperature in NYC on August 31?,NYC,2026-08-31,3968609,highest-temperature-in-nyc-on-august-31-2026-92forhigher,Will the highest temperature in New York City be 92°F or higher on August 31?,"[""Yes"", ""No""]","[""0.0005"", ""0.9995""]",1117.2549999999999,1,25.1,27.2,24.6
1788200126.4,Highest temperature in Dallas on August 31?,Dallas,2026-08-31,3968610,highest-temperature-in-dallas-on-august-31-2026-89forbelow,Will the highest temperature in Dallas be 89°F or below on August 31?,"[""Yes"", ""No""]","[""0.0005"", ""0.9995""]",914.9540000000001,1,37.7,37.8,37.5
1788200126.4,Highest temperature in Dallas on August 31?,Dallas,2026-08-31,3968611,highest-temperature-in-dallas-on-august-31-2026-90-91f,Will the highest temperature in Dallas be between 90-91°F on August 31?,"[""Yes"", ""No""]","[""0.0005"", ""0.9995""]",139.95999999999998,1,37.7,37.8,37.5
1788200126.4,Highest temperature in Dallas on August 31?,Dallas,2026-08-31,3968612,highest-temperature-in-dallas-on-august-31-2026-92-93f,Will the highest temperature in Dallas be between 92-93°F on August 31?,"[""Yes"", ""No""]","[""0.0005"", ""0.9995""]",570.617,1,37.7,37.8,37.5
1788200126.4,Highest temperature in Dallas on August 31?,Dallas,2026-08-31,3968613,highest-temperature-in-dallas-on-august-31-2026-94-95f,Will the highest temperature in Dallas be between 94-95°F on August 31?,"[""Yes"", ""No""]","[""0.0005"", ""0.9995""]",924.6886629999999,1,37.7,37.8,37.5
1788200126.4,Highest temperature in Dallas on August 31?,Dallas,2026-08-31,3968614,highest-temperature-in-dallas-on-august-31-2026-96-97f,Will the highest temperature in Dallas be between 96-97°F on August 31?,"[""Yes"", ""No""]","[""0.01"", ""0.99""]",2525.8937689999993,1,37.7,37.8,37.5
1788200126.4,Highest temperature in Dallas on August 31?,Dallas,2026-08-31,3968615,highest-temperature-in-dallas-on-august-31-2026-98-99f,Will the highest temperature in Dallas be between 98-99°F on August 31?,"[""Yes"", ""No""]","[""0.375"", ""0.625""]",6223.246838999999,1,37.7,37.8,37.5
1788200126.4,Highest temperature in Dallas on August 31?,Dallas,2026-08-31,3968616,highest-temperature-in-dallas-on-august-31-2026-100-101f,Will the highest temperature in Dallas be between 100-101°F on August 31?,"[""Yes"", ""No""]","[""0.605"", ""0.395""]",9379.584175999995,1,37.7,37.8,37.5
1788200126.4,Highest temperature in Dallas on August 31?,Dallas,2026-08-31,3968617,highest-temperature-in-dallas-on-august-31-2026-102-103f,Will the highest temperature in Dallas be between 102-103°F on August 31?,"[""Yes"", ""No""]","[""0.025"", ""0.975""]",1883.1532620000003,1,37.7,37.8,37.5
1788200126.4,Highest temperature in Dallas on August 31?,Dallas,2026-08-31,3968618,highest-temperature-in-dallas-on-august-31-2026-104-105f,Will the highest temperature in Dallas be between 104-105°F on August 31?,"[""Yes"", ""No""]","[""0.0055"", ""0.9945""]",1752.4028869999997,1,37.7,37.8,37.5
1788200126.4,Highest temperature in Dallas on August 31?,Dallas,2026-08-31,3968619,highest-temperature-in-dallas-on-august-31-2026-106-107f,Will the highest temperature in Dallas be between 106-107°F on August 31?,"[""Yes"", ""No""]","[""0.0005"", ""0.9995""]",365.18100000000004,1,37.7,37.8,37.5
1788200126.4,Highest temperature in Dallas on August 31?,Dallas,2026-08-31,3968620,highest-temperature-in-dallas-on-august-31-2026-108forhigher,Will the highest temperature in Dallas be 108°F or higher on August 31?,"[""Yes"", ""No""]","[""0.0005"", ""0.9995""]",485.419529,1,37.7,37.8,37.5
1788200126.4,Highest temperature in Atlanta on August 31?,Atlanta,2026-08-31,3968621,highest-temperature-in-atlanta-on-august-31-2026-81forbelow,Will the highest temperature in Atlanta be 81°F or below on August 31?,"[""Yes"", ""No""]","[""0.0005"", ""0.9995""]",87.997,1,33.4,32.8,33.6
1788200126.4,Highest temperature in Atlanta on August 31?,Atlanta,2026-08-31,3968622,highest-temperature-in-atlanta-on-august-31-2026-82-83f,Will the highest temperature in Atlanta be between 82-83°F on August 31?,"[""Yes"", ""No""]","[""0.0005"", ""0.9995""]",783.98,1,33.4,32.8,33.6
1788200126.4,Highest temperature in Atlanta on August 31?,Atlanta,2026-08-31,3968623,highest-temperature-in-atlanta-on-august-31-2026-84-85f,Will the highest temperature in Atlanta be between 84-85°F on August 31?,"[""Yes"", ""No""]","[""0.0005"", ""0.9995""]",232.405,1,33.4,32.8,33.6
1788200126.4,Highest temperature in Atlanta on August 31?,Atlanta,2026-08-31,3968624,highest-temperature-in-atlanta-on-august-31-2026-86-87f,Will the highest temperature in Atlanta be between 86-87°F on August 31?,"[""Yes"", ""No""]","[""0.0005"", ""0.9995""]",844.6835000000001,1,33.4,32.8,33.6
1788200126.4,Highest temperature in Atlanta on August 31?,Atlanta,2026-08-31,3968625,highest-temperature-in-atlanta-on-august-31-2026-88-89f,Will the highest temperature in Atlanta be between 88-89°F on August 31?,"[""Yes"", ""No""]","[""0.0005"", ""0.9995""]",1293.5392,1,33.4,32.8,33.6
1788200126.4,Highest temperature in Atlanta on August 31?,Atlanta,2026-08-31,3968626,highest-temperature-in-atlanta-on-august-31-2026-90-91f,Will the highest temperature in Atlanta be between 90-91°F on August 31?,"[""Yes"", ""No""]","[""0.0595"", ""0.9405""]",1955.6066040000003,1,33.4,32.8,33.6
1788200126.4,Highest temperature in Atlanta on August 31?,Atlanta,2026-08-31,3968627,highest-temperature-in-atlanta-on-august-31-2026-92-93f,Will the highest temperature in Atlanta be between 92-93°F on August 31?,"[""Yes"", ""No""]","[""0.58"", ""0.42""]",4248.614618,1,33.4,32.8,33.6
1788200126.4,Highest temperature in Atlanta on August 31?,Atlanta,2026-08-31,3968628,highest-temperature-in-atlanta-on-august-31-2026-94-95f,Will the highest temperature in Atlanta be between 94-95°F on August 31?,"[""Yes"", ""No""]","[""0.38"", ""0.62""]",3447.6974099999998,1,33.4,32.8,33.6
1788200126.4,Highest temperature in Atlanta on August 31?,Atlanta,2026-08-31,3968629,highest-temperature-in-atlanta-on-august-31-2026-96-97f,Will the highest temperature in Atlanta be between 96-97°F on August 31?,"[""Yes"", ""No""]","[""0.007"", ""0.993""]",1566.3287640000003,1,33.4,32.8,33.6
1788200126.4,Highest temperature in Atlanta on August 31?,Atlanta,2026-08-31,3968630,highest-temperature-in-atlanta-on-august-31-2026-98-99f,Will the highest temperature in Atlanta be between 98-99°F on August 31?,"[""Yes"", ""No""]","[""0.004"", ""0.996""]",1683.172169,1,33.4,32.8,33.6
1788200126.4,Highest temperature in Atlanta on August 31?,Atlanta,2026-08-31,3968631,highest-temperature-in-atlanta-on-august-31-2026-100forhigher,Will the highest temperature in Atlanta be 100°F or higher on August 31?,"[""Yes"", ""No""]","[""0.0005"", ""0.9995""]",480.60400000000004,1,33.4,32.8,33.6
1788200126.4,Highest temperature in Miami on August 31?,Miami,2026-08-31,3969356,highest-temperature-in-miami-on-august-31-2026-79forbelow,Will the highest temperature in Miami be 79°F or below on August 31?,"[""Yes"", ""No""]","[""0.0005"", ""0.9995""]",3264.7509999999993,1,30.8,30.0,32.0
1788200126.4,Highest temperature in Miami on August 31?,Miami,2026-08-31,3969357,highest-temperature-in-miami-on-august-31-2026-80-81f,Will the highest temperature in Miami be between 80-81°F on August 31?,"[""Yes"", ""No""]","[""0.0005"", ""0.9995""]",2274.863332,1,30.8,30.0,32.0
1788200126.4,Highest temperature in Miami on August 31?,Miami,2026-08-31,3969358,highest-temperature-in-miami-on-august-31-2026-82-83f,Will the highest temperature in Miami be between 82-83°F on August 31?,"[""Yes"", ""No""]","[""0.0005"", ""0.9995""]",2261.0664960000004,1,30.8,30.0,32.0
1788200126.4,Highest temperature in Miami on August 31?,Miami,2026-08-31,3969359,highest-temperature-in-miami-on-august-31-2026-84-85f,Will the highest temperature in Miami be between 84-85°F on August 31?,"[""Yes"", ""No""]","[""0.0005"", ""0.9995""]",2338.7309879999993,1,30.8,30.0,32.0
1788200126.4,Highest temperature in Miami on August 31?,Miami,2026-08-31,3969360,highest-temperature-in-miami-on-august-31-2026-86-87f,Will the highest temperature in Miami be between 86-87°F on August 31?,"[""Yes"", ""No""]","[""0.0005"", ""0.9995""]",2091.7295000000004,1,30.8,30.0,32.0
1788200126.4,Highest temperature in Miami on August 31?,Miami,2026-08-31,3969361,highest-temperature-in-miami-on-august-31-2026-88-89f,Will the highest temperature in Miami be between 88-89°F on August 31?,"[""Yes"", ""No""]","[""0.0005"", ""0.9995""]",4928.470378,1,30.8,30.0,32.0
1788200126.4,Highest temperature in Miami on August 31?,Miami,2026-08-31,3969362,highest-temperature-in-miami-on-august-31-2026-90-91f,Will the highest temperature in Miami be between 90-91°F on August 31?,"[""Yes"", ""No""]","[""0.985"", ""0.015""]",7458.880158,1,30.8,30.0,32.0
1788200126.4,Highest temperature in Miami on August 31?,Miami,2026-08-31,3969363,highest-temperature-in-miami-on-august-31-2026-92-93f,Will the highest temperature in Miami be between 92-93°F on August 31?,"[""Yes"", ""No""]","[""0.02"", ""0.98""]",7177.202637999999,1,30.8,30.0,32.0
1788200126.4,Highest temperature in Miami on August 31?,Miami,2026-08-31,3969364,highest-temperature-in-miami-on-august-31-2026-94-95f,Will the highest temperature in Miami be between 94-95°F on August 31?,"[""Yes"", ""No""]","[""0.005"", ""0.995""]",1837.4545090000001,1,30.8,30.0,32.0
1788200126.4,Highest temperature in Miami on August 31?,Miami,2026-08-31,3969365,highest-temperature-in-miami-on-august-31-2026-96-97f,Will the highest temperature in Miami be between 96-97°F on August 31?,"[""Yes"", ""No""]","[""0.0015"", ""0.9985""]",1922.1722809999999,1,30.8,30.0,32.0
1788200126.4,Highest temperature in Miami on August 31?,Miami,2026-08-31,3969366,highest-temperature-in-miami-on-august-31-2026-98forhigher,Will the highest temperature in Miami be 98°F or higher on August 31?,"[""Yes"", ""No""]","[""0.0005"", ""0.9995""]",1142.349,1,30.8,30.0,32.0
1788200126.4,Highest temperature in Chicago on August 31?,Chicago,2026-08-31,3969367,highest-temperature-in-chicago-on-august-31-2026-81forbelow,Will the highest temperature in Chicago be 81°F or below on August 31?,"[""Yes"", ""No""]","[""0.0005"", ""0.9995""]",2360.268639,1,32.7,30.2,33.1
1788200126.4,Highest temperature in Chicago on August 31?,Chicago,2026-08-31,3969368,highest-temperature-in-chicago-on-august-31-2026-82-83f,Will the highest temperature in Chicago be between 82-83°F on August 31?,"[""Yes"", ""No""]","[""0.0005"", ""0.9995""]",1953.1391979999999,1,32.7,30.2,33.1
1788200126.4,Highest temperature in Chicago on August 31?,Chicago,2026-08-31,3969369,highest-temperature-in-chicago-on-august-31-2026-84-85f,Will the highest temperature in Chicago be between 84-85°F on August 31?,"[""Yes"", ""No""]","[""0.065"", ""0.935""]",2374.4650359999996,1,32.7,30.2,33.1
1788200126.4,Highest temperature in Chicago on August 31?,Chicago,2026-08-31,3969370,highest-temperature-in-chicago-on-august-31-2026-86-87f,Will the highest temperature in Chicago be between 86-87°F on August 31?,"[""Yes"", ""No""]","[""0.235"", ""0.765""]",1495.197449,1,32.7,30.2,33.1
1788200126.4,Highest temperature in Chicago on August 31?,Chicago,2026-08-31,3969371,highest-temperature-in-chicago-on-august-31-2026-88-89f,Will the highest temperature in Chicago be between 88-89°F on August 31?,"[""Yes"", ""No""]","[""0.41"", ""0.59""]",2104.3050249999997,1,32.7,30.2,33.1
1788200126.4,Highest temperature in Chicago on August 31?,Chicago,2026-08-31,3969372,highest-temperature-in-chicago-on-august-31-2026-90-91f,Will the highest temperature in Chicago be between 90-91°F on August 31?,"[""Yes"", ""No""]","[""0.25"", ""0.75""]",4138.72327,1,32.7,30.2,33.1
1788200126.4,Highest temperature in Chicago on August 31?,Chicago,2026-08-31,3969373,highest-temperature-in-chicago-on-august-31-2026-92-93f,Will the highest temperature in Chicago be between 92-93°F on August 31?,"[""Yes"", ""No""]","[""0.045"", ""0.955""]",3703.673466999999,1,32.7,30.2,33.1
1788200126.4,Highest temperature in Chicago on August 31?,Chicago,2026-08-31,3969374,highest-temperature-in-chicago-on-august-31-2026-94-95f,Will the highest temperature in Chicago be between 94-95°F on August 31?,"[""Yes"", ""No""]","[""0.006"", ""0.994""]",2812.917442,1,32.7,30.2,33.1
1788200126.4,Highest temperature in Chicago on August 31?,Chicago,2026-08-31,3969375,highest-temperature-in-chicago-on-august-31-2026-96-97f,Will the highest temperature in Chicago be between 96-97°F on August 31?,"[""Yes"", ""No""]","[""0.002"", ""0.998""]",940.2176649999999,1,32.7,30.2,33.1
1788200126.4,Highest temperature in Chicago on August 31?,Chicago,2026-08-31,3969376,highest-temperature-in-chicago-on-august-31-2026-98-99f,Will the highest temperature in Chicago be between 98-99°F on August 31?,"[""Yes"", ""No""]","[""0.002"", ""0.998""]",911.137,1,32.7,30.2,33.1
1788200126.4,Highest temperature in Chicago on August 31?,Chicago,2026-08-31,3969377,highest-temperature-in-chicago-on-august-31-2026-100forhigher,Will the highest temperature in Chicago be 100°F or higher on August 31?,"[""Yes"", ""No""]","[""0.0005"", ""0.9995""]",237.995,1,32.7,30.2,33.1
1788200126.4,Highest temperature in Austin on August 31?,Austin,2026-08-31,3969378,highest-temperature-in-austin-on-august-31-2026-89forbelow,Will the highest temperature in Austin be 89°F or below on August 31?,"[""Yes"", ""No""]","[""0.0005"", ""0.9995""]",59.998000000000005,1,37.5,36.4,36.5
1788200126.4,Highest temperature in Austin on August 31?,Austin,2026-08-31,3969379,highest-temperature-in-austin-on-august-31-2026-90-91f,Will the highest temperature in Austin be between 90-91°F on August 31?,"[""Yes"", ""No""]","[""0.0005"", ""0.9995""]",88.008,1,37.5,36.4,36.5
1788200126.4,Highest temperature in Austin on August 31?,Austin,2026-08-31,3969380,highest-temperature-in-austin-on-august-31-2026-92-93f,Will the highest temperature in Austin be between 92-93°F on August 31?,"[""Yes"", ""No""]","[""0.0005"", ""0.9995""]",241.43820000000002,1,37.5,36.4,36.5
1788200126.4,Highest temperature in Austin on August 31?,Austin,2026-08-31,3969381,highest-temperature-in-austin-on-august-31-2026-94-95f,Will the highest temperature in Austin be between 94-95°F on August 31?,"[""Yes"", ""No""]","[""0.0015"", ""0.9985""]",667.4297180000001,1,37.5,36.4,36.5
1788200126.4,Highest temperature in Austin on August 31?,Austin,2026-08-31,3969382,highest-temperature-in-austin-on-august-31-2026-96-97f,Will the highest temperature in Austin be between 96-97°F on August 31?,"[""Yes"", ""No""]","[""0.015"", ""0.985""]",1578.3361009999999,1,37.5,36.4,36.5
1788200126.4,Highest temperature in Austin on August 31?,Austin,2026-08-31,3969383,highest-temperature-in-austin-on-august-31-2026-98-99f,Will the highest temperature in Austin be between 98-99°F on August 31?,"[""Yes"", ""No""]","[""0.42"", ""0.58""]",5022.338620999999,1,37.5,36.4,36.5
1788200126.4,Highest temperature in Austin on August 31?,Austin,2026-08-31,3969384,highest-temperature-in-austin-on-august-31-2026-100-101f,Will the highest temperature in Austin be between 100-101°F on August 31?,"[""Yes"", ""No""]","[""0.56"", ""0.44""]",2345.8937699999997,1,37.5,36.4,36.5
1788200126.4,Highest temperature in Austin on August 31?,Austin,2026-08-31,3969385,highest-temperature-in-austin-on-august-31-2026-102-103f,Will the highest temperature in Austin be between 102-103°F on August 31?,"[""Yes"", ""No""]","[""0.007"", ""0.993""]",1325.852382,1,37.5,36.4,36.5
1788200126.4,Highest temperature in Austin on August 31?,Austin,2026-08-31,3969386,highest-temperature-in-austin-on-august-31-2026-104-105f,Will the highest temperature in Austin be between 104-105°F on August 31?,"[""Yes"", ""No""]","[""0.0005"", ""0.9995""]",373.0856,1,37.5,36.4,36.5
1788200126.4,Highest temperature in Austin on August 31?,Austin,2026-08-31,3969387,highest-temperature-in-austin-on-august-31-2026-106-107f,Will the highest temperature in Austin be between 106-107°F on August 31?,"[""Yes"", ""No""]","[""0.0005"", ""0.9995""]",139.986,1,37.5,36.4,36.5
1788200126.4,Highest temperature in Austin on August 31?,Austin,2026-08-31,3969388,highest-temperature-in-austin-on-august-31-2026-108forhigher,Will the highest temperature in Austin be 108°F or higher on August 31?,"[""Yes"", ""No""]","[""0.0005"", ""0.9995""]",139.97,1,37.5,36.4,36.5
1788200126.4,Highest temperature in Denver on August 31?,Denver,2026-08-31,3969389,highest-temperature-in-denver-on-august-31-2026-71forbelow,Will the highest temperature in Denver be 71°F or below on August 31?,"[""Yes"", ""No""]","[""0.0005"", ""0.9995""]",1451.952188,1,31.7,28.4,27.1
1788200126.4,Highest temperature in Denver on August 31?,Denver,2026-08-31,3969390,highest-temperature-in-denver-on-august-31-2026-72-73f,Will the highest temperature in Denver be between 72-73°F on August 31?,"[""Yes"", ""No""]","[""0.0005"", ""0.9995""]",555.874617,1,31.7,28.4,27.1
1788200126.4,Highest temperature in Denver on August 31?,Denver,2026-08-31,3969391,highest-temperature-in-denver-on-august-31-2026-74-75f,Will the highest temperature in Denver be between 74-75°F on August 31?,"[""Yes"", ""No""]","[""0.0005"", ""0.9995""]",1045.36593,1,31.7,28.4,27.1
1788200126.4,Highest temperature in Denver on August 31?,Denver,2026-08-31,3969392,highest-temperature-in-denver-on-august-31-2026-76-77f,Will the highest temperature in Denver be between 76-77°F on August 31?,"[""Yes"", ""No""]","[""0.0005"", ""0.9995""]",1185.394956,1,31.7,28.4,27.1
1788200126.4,Highest temperature in Denver on August 31?,Denver,2026-08-31,3969393,highest-temperature-in-denver-on-august-31-2026-78-79f,Will the highest temperature in Denver be between 78-79°F on August 31?,"[""Yes"", ""No""]","[""0.005"", ""0.995""]",962.1730839999999,1,31.7,28.4,27.1
1788200126.4,Highest temperature in Denver on August 31?,Denver,2026-08-31,3969394,highest-temperature-in-denver-on-august-31-2026-80-81f,Will the highest temperature in Denver be between 80-81°F on August 31?,"[""Yes"", ""No""]","[""0.065"", ""0.935""]",2018.0787539999997,1,31.7,28.4,27.1
1788200126.4,Highest temperature in Denver on August 31?,Denver,2026-08-31,3969395,highest-temperature-in-denver-on-august-31-2026-82-83f,Will the highest temperature in Denver be between 82-83°F on August 31?,"[""Yes"", ""No""]","[""0.155"", ""0.845""]",3590.228620000001,1,31.7,28.4,27.1
1788200126.4,Highest temperature in Denver on August 31?,Denver,2026-08-31,3969396,highest-temperature-in-denver-on-august-31-2026-84-85f,Will the highest temperature in Denver be between 84-85°F on August 31?,"[""Yes"", ""No""]","[""0.485"", ""0.515""]",2200.8564140000003,1,31.7,28.4,27.1
1788200126.4,Highest temperature in Denver on August 31?,Denver,2026-08-31,3969397,highest-temperature-in-denver-on-august-31-2026-86-87f,Will the highest temperature in Denver be between 86-87°F on August 31?,"[""Yes"", ""No""]","[""0.265"", ""0.735""]",1289.625788,1,31.7,28.4,27.1
1788200126.4,Highest temperature in Denver on August 31?,Denver,2026-08-31,3969398,highest-temperature-in-denver-on-august-31-2026-88-89f,Will the highest temperature in Denver be between 88-89°F on August 31?,"[""Yes"", ""No""]","[""0.035"", ""0.965""]",1607.6338889999997,1,31.7,28.4,27.1
1788200126.4,Highest temperature in Denver on August 31?,Denver,2026-08-31,3969399,highest-temperature-in-denver-on-august-31-2026-90forhigher,Will the highest temperature in Denver be 90°F or higher on August 31?,"[""Yes"", ""No""]","[""0.0125"", ""0.9875""]",923.273393,1,31.7,28.4,27.1
1788200126.4,Highest temperature in Houston on August 31?,Houston,2026-08-31,3969400,highest-temperature-in-houston-on-august-31-2026-83forbelow,Will the highest temperature in Houston be 83°F or below on August 31?,"[""Yes"", ""No""]","[""0.0005"", ""0.9995""]",1298.601,1,33.4,34.5,35.8
1788200126.4,Highest temperature in Houston on August 31?,Houston,2026-08-31,3969401,highest-temperature-in-houston-on-august-31-2026-84-85f,Will the highest temperature in Houston be between 84-85°F on August 31?,"[""Yes"", ""No""]","[""0.0005"", ""0.9995""]",331.50699999999995,1,33.4,34.5,35.8
1788200126.4,Highest temperature in Houston on August 31?,Houston,2026-08-31,3969402,highest-temperature-in-houston-on-august-31-2026-86-87f,Will the highest temperature in Houston be between 86-87°F on August 31?,"[""Yes"", ""No""]","[""0.0005"", ""0.9995""]",736.541686,1,33.4,34.5,35.8
1788200126.4,Highest temperature in Houston on August 31?,Houston,2026-08-31,3969403,highest-temperature-in-houston-on-august-31-2026-88-89f,Will the highest temperature in Houston be between 88-89°F on August 31?,"[""Yes"", ""No""]","[""0.037"", ""0.963""]",1520.189827,1,33.4,34.5,35.8
1788200126.4,Highest temperature in Houston on August 31?,Houston,2026-08-31,3969404,highest-temperature-in-houston-on-august-31-2026-90-91f,Will the highest temperature in Houston be between 90-91°F on August 31?,"[""Yes"", ""No""]","[""0.086"", ""0.914""]",2340.553822,1,33.4,34.5,35.8
1788200126.4,Highest temperature in Houston on August 31?,Houston,2026-08-31,3969405,highest-temperature-in-houston-on-august-31-2026-92-93f,Will the highest temperature in Houston be between 92-93°F on August 31?,"[""Yes"", ""No""]","[""0.39"", ""0.61""]",3036.456747,1,33.4,34.5,35.8
1788200126.4,Highest temperature in Houston on August 31?,Houston,2026-08-31,3969406,highest-temperature-in-houston-on-august-31-2026-94-95f,Will the highest temperature in Houston be between 94-95°F on August 31?,"[""Yes"", ""No""]","[""0.47"", ""0.53""]",3648.2367280000003,1,33.4,34.5,35.8
1788200126.4,Highest temperature in Houston on August 31?,Houston,2026-08-31,3969407,highest-temperature-in-houston-on-august-31-2026-96-97f,Will the highest temperature in Houston be between 96-97°F on August 31?,"[""Yes"", ""No""]","[""0.035"", ""0.965""]",3695.118237,1,33.4,34.5,35.8
1788200126.4,Highest temperature in Houston on August 31?,Houston,2026-08-31,3969408,highest-temperature-in-houston-on-august-31-2026-98-99f,Will the highest temperature in Houston be between 98-99°F on August 31?,"[""Yes"", ""No""]","[""0.01"", ""0.99""]",1561.471143,1,33.4,34.5,35.8
1788200126.4,Highest temperature in Houston on August 31?,Houston,2026-08-31,3969409,highest-temperature-in-houston-on-august-31-2026-100-101f,Will the highest temperature in Houston be between 100-101°F on August 31?,"[""Yes"", ""No""]","[""0.0015"", ""0.9985""]",571.76311,1,33.4,34.5,35.8
1788200126.4,Highest temperature in Houston on August 31?,Houston,2026-08-31,3969410,highest-temperature-in-houston-on-august-31-2026-102forhigher,Will the highest temperature in Houston be 102°F or higher on August 31?,"[""Yes"", ""No""]","[""0.0005"", ""0.9995""]",483.09811,1,33.4,34.5,35.8
1788200126.4,Highest temperature in Seattle on August 31?,Seattle,2026-08-31,3972352,highest-temperature-in-seattle-on-august-31-2026-63forbelow,Will the highest temperature in Seattle be 63°F or below on August 31?,"[""Yes"", ""No""]","[""0.0005"", ""0.9995""]",133.09,1,23.0,23.1,21.2
1788200126.4,Highest temperature in Seattle on August 31?,Seattle,2026-08-31,3972353,highest-temperature-in-seattle-on-august-31-2026-64-65f,Will the highest temperature in Seattle be between 64-65°F on August 31?,"[""Yes"", ""No""]","[""0.0005"", ""0.9995""]",927.8259999999999,1,23.0,23.1,21.2
1788200126.4,Highest temperature in Seattle on August 31?,Seattle,2026-08-31,3972354,highest-temperature-in-seattle-on-august-31-2026-66-67f,Will the highest temperature in Seattle be between 66-67°F on August 31?,"[""Yes"", ""No""]","[""0.0005"", ""0.9995""]",553.274919,1,23.0,23.1,21.2
1788200126.4,Highest temperature in Seattle on August 31?,Seattle,2026-08-31,3972355,highest-temperature-in-seattle-on-august-31-2026-68-69f,Will the highest temperature in Seattle be between 68-69°F on August 31?,"[""Yes"", ""No""]","[""0.0045"", ""0.9955""]",673.1773310000001,1,23.0,23.1,21.2
1788200126.4,Highest temperature in Seattle on August 31?,Seattle,2026-08-31,3972356,highest-temperature-in-seattle-on-august-31-2026-70-71f,Will the highest temperature in Seattle be between 70-71°F on August 31?,"[""Yes"", ""No""]","[""0.015"", ""0.985""]",1490.853862,1,23.0,23.1,21.2
1788200126.4,Highest temperature in Seattle on August 31?,Seattle,2026-08-31,3972357,highest-temperature-in-seattle-on-august-31-2026-72-73f,Will the highest temperature in Seattle be between 72-73°F on August 31?,"[""Yes"", ""No""]","[""0.08"", ""0.92""]",3190.6266140000002,1,23.0,23.1,21.2
1788200126.4,Highest temperature in Seattle on August 31?,Seattle,2026-08-31,3972358,highest-temperature-in-seattle-on-august-31-2026-74-75f,Will the highest temperature in Seattle be between 74-75°F on August 31?,"[""Yes"", ""No""]","[""0.6"", ""0.4""]",3054.6434239999994,1,23.0,23.1,21.2
1788200126.4,Highest temperature in Seattle on August 31?,Seattle,2026-08-31,3972359,highest-temperature-in-seattle-on-august-31-2026-76-77f,Will the highest temperature in Seattle be between 76-77°F on August 31?,"[""Yes"", ""No""]","[""0.27"", ""0.73""]",4235.435724000001,1,23.0,23.1,21.2
1788200126.4,Highest temperature in Seattle on August 31?,Seattle,2026-08-31,3972360,highest-temperature-in-seattle-on-august-31-2026-78-79f,Will the highest temperature in Seattle be between 78-79°F on August 31?,"[""Yes"", ""No""]","[""0.02"", ""0.98""]",1133.712055,1,23.0,23.1,21.2
1788200126.4,Highest temperature in Seattle on August 31?,Seattle,2026-08-31,3972361,highest-temperature-in-seattle-on-august-31-2026-80-81f,Will the highest temperature in Seattle be between 80-81°F on August 31?,"[""Yes"", ""No""]","[""0.0095"", ""0.9905""]",610.703,1,23.0,23.1,21.2
1788200126.4,Highest temperature in Seattle on August 31?,Seattle,2026-08-31,3972362,highest-temperature-in-seattle-on-august-31-2026-82forhigher,Will the highest temperature in Seattle be 82°F or higher on August 31?,"[""Yes"", ""No""]","[""0.0005"", ""0.9995""]",205.99699999999996,1,23.0,23.1,21.2
1788200126.4,Highest temperature in Los Angeles on August 31?,Los Angeles,2026-08-31,3972363,highest-temperature-in-los-angeles-on-august-31-2026-65forbelow,Will the highest temperature in Los Angeles be 65°F or below on August 31?,"[""Yes"", ""No""]","[""0.0005"", ""0.9995""]",4124.241,1,29.9,29.0,29.1
1788200126.4,Highest temperature in Los Angeles on August 31?,Los Angeles,2026-08-31,3972364,highest-temperature-in-los-angeles-on-august-31-2026-66-67f,Will the highest temperature in Los Angeles be between 66-67°F on August 31?,"[""Yes"", ""No""]","[""0.0005"", ""0.9995""]",1207.241,1,29.9,29.0,29.1
1788200126.4,Highest temperature in Los Angeles on August 31?,Los Angeles,2026-08-31,3972365,highest-temperature-in-los-angeles-on-august-31-2026-68-69f,Will the highest temperature in Los Angeles be between 68-69°F on August 31?,"[""Yes"", ""No""]","[""0.0005"", ""0.9995""]",1673.9160000000002,1,29.9,29.0,29.1
1788200126.4,Highest temperature in Los Angeles on August 31?,Los Angeles,2026-08-31,3972366,highest-temperature-in-los-angeles-on-august-31-2026-70-71f,Will the highest temperature in Los Angeles be between 70-71°F on August 31?,"[""Yes"", ""No""]","[""0.0005"", ""0.9995""]",460.07503699999995,1,29.9,29.0,29.1
1788200126.4,Highest temperature in Los Angeles on August 31?,Los Angeles,2026-08-31,3972367,highest-temperature-in-los-angeles-on-august-31-2026-72-73f,Will the highest temperature in Los Angeles be between 72-73°F on August 31?,"[""Yes"", ""No""]","[""0.0005"", ""0.9995""]",1000.224068,1,29.9,29.0,29.1
1788200126.4,Highest temperature in Los Angeles on August 31?,Los Angeles,2026-08-31,3972368,highest-temperature-in-los-angeles-on-august-31-2026-74-75f,Will the highest temperature in Los Angeles be between 74-75°F on August 31?,"[""Yes"", ""No""]","[""0.0005"", ""0.9995""]",3088.455149,1,29.9,29.0,29.1
1788200126.4,Highest temperature in Los Angeles on August 31?,Los Angeles,2026-08-31,3972369,highest-temperature-in-los-angeles-on-august-31-2026-76-77f,Will the highest temperature in Los Angeles be between 76-77°F on August 31?,"[""Yes"", ""No""]","[""0.47"", ""0.53""]",5666.741266999998,1,29.9,29.0,29.1
1788200126.4,Highest temperature in Los Angeles on August 31?,Los Angeles,2026-08-31,3972370,highest-temperature-in-los-angeles-on-august-31-2026-78-79f,Will the highest temperature in Los Angeles be between 78-79°F on August 31?,"[""Yes"", ""No""]","[""0.475"", ""0.525""]",10022.886532000004,1,29.9,29.0,29.1
1788200126.4,Highest temperature in Los Angeles on August 31?,Los Angeles,2026-08-31,3972371,highest-temperature-in-los-angeles-on-august-31-2026-80-81f,Will the highest temperature in Los Angeles be between 80-81°F on August 31?,"[""Yes"", ""No""]","[""0.035"", ""0.965""]",3580.564845000001,1,29.9,29.0,29.1
1788200126.4,Highest temperature in Los Angeles on August 31?,Los Angeles,2026-08-31,3972372,highest-temperature-in-los-angeles-on-august-31-2026-82-83f,Will the highest temperature in Los Angeles be between 82-83°F on August 31?,"[""Yes"", ""No""]","[""0.015"", ""0.985""]",2371.1756720000003,1,29.9,29.0,29.1
1788200126.4,Highest temperature in Los Angeles on August 31?,Los Angeles,2026-08-31,3972373,highest-temperature-in-los-angeles-on-august-31-2026-84forhigher,Will the highest temperature in Los Angeles be 84°F or higher on August 31?,"[""Yes"", ""No""]","[""0.006"", ""0.994""]",1177.8509460000002,1,29.9,29.0,29.1
1788200126.4,Highest temperature in San Francisco on August 31?,San Francisco,2026-08-31,3972374,highest-temperature-in-san-francisco-on-august-31-2026-57forbelow,Will the highest temperature in San Francisco be 57°F or below on August 31?,"[""Yes"", ""No""]","[""0.0005"", ""0.9995""]",1382.429473,1,16.8,17.6,17.5
1788200126.4,Highest temperature in San Francisco on August 31?,San Francisco,2026-08-31,3972375,highest-temperature-in-san-francisco-on-august-31-2026-58-59f,Will the highest temperature in San Francisco be between 58-59°F on August 31?,"[""Yes"", ""No""]","[""0.0005"", ""0.9995""]",1350.8110000000001,1,16.8,17.6,17.5
1788200126.4,Highest temperature in San Francisco on August 31?,San Francisco,2026-08-31,3972376,highest-temperature-in-san-francisco-on-august-31-2026-60-61f,Will the highest temperature in San Francisco be between 60-61°F on August 31?,"[""Yes"", ""No""]","[""0.0005"", ""0.9995""]",3404.458505,1,16.8,17.6,17.5
1788200126.4,Highest temperature in San Francisco on August 31?,San Francisco,2026-08-31,3972377,highest-temperature-in-san-francisco-on-august-31-2026-62-63f,Will the highest temperature in San Francisco be between 62-63°F on August 31?,"[""Yes"", ""No""]","[""0.115"", ""0.885""]",1349.2222860000002,1,16.8,17.6,17.5
1788200126.4,Highest temperature in San Francisco on August 31?,San Francisco,2026-08-31,3972378,highest-temperature-in-san-francisco-on-august-31-2026-64-65f,Will the highest temperature in San Francisco be between 64-65°F on August 31?,"[""Yes"", ""No""]","[""0.46"", ""0.54""]",2792.4698089999993,1,16.8,17.6,17.5
1788200126.4,Highest temperature in San Francisco on August 31?,San Francisco,2026-08-31,3972379,highest-temperature-in-san-francisco-on-august-31-2026-66-67f,Will the highest temperature in San Francisco be between 66-67°F on August 31?,"[""Yes"", ""No""]","[""0.35"", ""0.65""]",1758.12743,1,16.8,17.6,17.5
1788200126.4,Highest temperature in San Francisco on August 31?,San Francisco,2026-08-31,3972380,highest-temperature-in-san-francisco-on-august-31-2026-68-69f,Will the highest temperature in San Francisco be between 68-69°F on August 31?,"[""Yes"", ""No""]","[""0.06"", ""0.94""]",3639.178316999999,1,16.8,17.6,17.5
1788200126.4,Highest temperature in San Francisco on August 31?,San Francisco,2026-08-31,3972381,highest-temperature-in-san-francisco-on-august-31-2026-70-71f,Will the highest temperature in San Francisco be between 70-71°F on August 31?,"[""Yes"", ""No""]","[""0.02"", ""0.98""]",831.723307,1,16.8,17.6,17.5
1788200126.4,Highest temperature in San Francisco on August 31?,San Francisco,2026-08-31,3972382,highest-temperature-in-san-francisco-on-august-31-2026-72-73f,Will the highest temperature in San Francisco be between 72-73°F on August 31?,"[""Yes"", ""No""]","[""0.0015"", ""0.9985""]",219.29349999999997,1,16.8,17.6,17.5
1788200126.4,Highest temperature in San Francisco on August 31?,San Francisco,2026-08-31,3972383,highest-temperature-in-san-francisco-on-august-31-2026-74-75f,Will the highest temperature in San Francisco be between 74-75°F on August 31?,"[""Yes"", ""No""]","[""0.0015"", ""0.9985""]",331.5865,1,16.8,17.6,17.5
1788200126.4,Highest temperature in San Francisco on August 31?,San Francisco,2026-08-31,3972384,highest-temperature-in-san-francisco-on-august-31-2026-76forhigher,Will the highest temperature in San Francisco be 76°F or higher on August 31?,"[""Yes"", ""No""]","[""0.0015"", ""0.9985""]",320.473,1,16.8,17.6,17.5
1788200126.4,Highest temperature in Sao Paulo on August 31?,Sao Paulo,2026-08-31,3973028,highest-temperature-in-sao-paulo-on-august-31-2026-29corbelow,Will the highest temperature in Sao Paulo be 29°C or below on August 31?,"[""Yes"", ""No""]","[""0.9945"", ""0.0055""]",13698.351019,1,32.4,26.5,29.4
1788200126.4,Highest temperature in Sao Paulo on August 31?,Sao Paulo,2026-08-31,3973029,highest-temperature-in-sao-paulo-on-august-31-2026-30c,Will the highest temperature in Sao Paulo be 30°C on August 31?,"[""Yes"", ""No""]","[""0.0055"", ""0.9945""]",3392.3317999999995,1,32.4,26.5,29.4
1788200126.4,Highest temperature in Sao Paulo on August 31?,Sao Paulo,2026-08-31,3973030,highest-temperature-in-sao-paulo-on-august-31-2026-31c,Will the highest temperature in Sao Paulo be 31°C on August 31?,"[""Yes"", ""No""]","[""0.0005"", ""0.9995""]",2474.253853,1,32.4,26.5,29.4
1788200126.4,Highest temperature in Sao Paulo on August 31?,Sao Paulo,2026-08-31,3973031,highest-temperature-in-sao-paulo-on-august-31-2026-32c,Will the highest temperature in Sao Paulo be 32°C on August 31?,"[""Yes"", ""No""]","[""0.0005"", ""0.9995""]",3098.1507120000006,1,32.4,26.5,29.4
1788200126.4,Highest temperature in Sao Paulo on August 31?,Sao Paulo,2026-08-31,3973032,highest-temperature-in-sao-paulo-on-august-31-2026-33c,Will the highest temperature in Sao Paulo be 33°C on August 31?,"[""Yes"", ""No""]","[""0.0005"", ""0.9995""]",2271.5059180000003,1,32.4,26.5,29.4
1788200126.4,Highest temperature in Sao Paulo on August 31?,Sao Paulo,2026-08-31,3973033,highest-temperature-in-sao-paulo-on-august-31-2026-34c,Will the highest temperature in Sao Paulo be 34°C on August 31?,"[""Yes"", ""No""]","[""0.0005"", ""0.9995""]",4103.180373,1,32.4,26.5,29.4
1788200126.4,Highest temperature in Sao Paulo on August 31?,Sao Paulo,2026-08-31,3973034,highest-temperature-in-sao-paulo-on-august-31-2026-35c,Will the highest temperature in Sao Paulo be 35°C on August 31?,"[""Yes"", ""No""]","[""0.0005"", ""0.9995""]",3003.51226,1,32.4,26.5,29.4
1788200126.4,Highest temperature in Sao Paulo on August 31?,Sao Paulo,2026-08-31,3973035,highest-temperature-in-sao-paulo-on-august-31-2026-36c,Will the highest temperature in Sao Paulo be 36°C on August 31?,"[""Yes"", ""No""]","[""0.0005"", ""0.9995""]",6314.2309700000005,1,32.4,26.5,29.4
1788200126.4,Highest temperature in Sao Paulo on August 31?,Sao Paulo,2026-08-31,3973036,highest-temperature-in-sao-paulo-on-august-31-2026-37c,Will the highest temperature in Sao Paulo be 37°C on August 31?,"[""Yes"", ""No""]","[""0.0005"", ""0.9995""]",2556.955,1,32.4,26.5,29.4
1788200126.4,Highest temperature in Sao Paulo on August 31?,Sao Paulo,2026-08-31,3973037,highest-temperature-in-sao-paulo-on-august-31-2026-38c,Will the highest temperature in Sao Paulo be 38°C on August 31?,"[""Yes"", ""No""]","[""0.0005"", ""0.9995""]",1247.955,1,32.4,26.5,29.4
1788200126.4,Highest temperature in Sao Paulo on August 31?,Sao Paulo,2026-08-31,3973038,highest-temperature-in-sao-paulo-on-august-31-2026-39corhigher,Will the highest temperature in Sao Paulo be 39°C or higher on August 31?,"[""Yes"", ""No""]","[""0.0005"", ""0.9995""]",206.00900000000001,1,32.4,26.5,29.4
1788200126.4,Highest temperature in Buenos Aires on August 31?,Buenos Aires,2026-08-31,3973039,highest-temperature-in-buenos-aires-on-august-31-2026-14corbelow,Will the highest temperature in Buenos Aires be 14°C or below on August 31?,"[""Yes"", ""No""]","[""0.0005"", ""0.9995""]",237.99099999999999,1,16.4,15.7,17.3
1788200126.4,Highest temperature in Buenos Aires on August 31?,Buenos Aires,2026-08-31,3973040,highest-temperature-in-buenos-aires-on-august-31-2026-15c,Will the highest temperature in Buenos Aires be 15°C on August 31?,"[""Yes"", ""No""]","[""0.0005"", ""0.9995""]",237.99699999999999,1,16.4,15.7,17.3
1788200126.4,Highest temperature in Buenos Aires on August 31?,Buenos Aires,2026-08-31,3973041,highest-temperature-in-buenos-aires-on-august-31-2026-16c,Will the highest temperature in Buenos Aires be 16°C on August 31?,"[""Yes"", ""No""]","[""0.0005"", ""0.9995""]",433.4616,1,16.4,15.7,17.3
1788200126.4,Highest temperature in Buenos Aires on August 31?,Buenos Aires,2026-08-31,3973042,highest-temperature-in-buenos-aires-on-august-31-2026-17c,Will the highest temperature in Buenos Aires be 17°C on August 31?,"[""Yes"", ""No""]","[""0.0005"", ""0.9995""]",1575.2080999999998,1,16.4,15.7,17.3
1788200126.4,Highest temperature in Buenos Aires on August 31?,Buenos Aires,2026-08-31,3973043,highest-temperature-in-buenos-aires-on-august-31-2026-18c,Will the highest temperature in Buenos Aires be 18°C on August 31?,"[""Yes"", ""No""]","[""0.0005"", ""0.9995""]",1478.513966,1,16.4,15.7,17.3
1788200126.4,Highest temperature in Buenos Aires on August 31?,Buenos Aires,2026-08-31,3973044,highest-temperature-in-buenos-aires-on-august-31-2026-19c,Will the highest temperature in Buenos Aires be 19°C on August 31?,"[""Yes"", ""No""]","[""0.515"", ""0.485""]",2384.481779,1,16.4,15.7,17.3
1788200126.4,Highest temperature in Buenos Aires on August 31?,Buenos Aires,2026-08-31,3973045,highest-temperature-in-buenos-aires-on-august-31-2026-20c,Will the highest temperature in Buenos Aires be 20°C on August 31?,"[""Yes"", ""No""]","[""0.465"", ""0.535""]",2219.73744,1,16.4,15.7,17.3
1788200126.4,Highest temperature in Buenos Aires on August 31?,Buenos Aires,2026-08-31,3973046,highest-temperature-in-buenos-aires-on-august-31-2026-21c,Will the highest temperature in Buenos Aires be 21°C on August 31?,"[""Yes"", ""No""]","[""0.02"", ""0.98""]",4078.411221,1,16.4,15.7,17.3
1788200126.4,Highest temperature in Buenos Aires on August 31?,Buenos Aires,2026-08-31,3973047,highest-temperature-in-buenos-aires-on-august-31-2026-22c,Will the highest temperature in Buenos Aires be 22°C on August 31?,"[""Yes"", ""No""]","[""0.0045"", ""0.9955""]",2001.2648319999998,1,16.4,15.7,17.3
1788200126.4,Highest temperature in Buenos Aires on August 31?,Buenos Aires,2026-08-31,3973048,highest-temperature-in-buenos-aires-on-august-31-2026-23c,Will the highest temperature in Buenos Aires be 23°C on August 31?,"[""Yes"", ""No""]","[""0.0015"", ""0.9985""]",649.7164660000001,1,16.4,15.7,17.3
1788200126.4,Highest temperature in Buenos Aires on August 31?,Buenos Aires,2026-08-31,3973049,highest-temperature-in-buenos-aires-on-august-31-2026-24corhigher,Will the highest temperature in Buenos Aires be 24°C or higher on August 31?,"[""Yes"", ""No""]","[""0.0015"", ""0.9985""]",1059.800019,1,16.4,15.7,17.3
1788200126.4,Highest temperature in Toronto on August 31?,Toronto,2026-08-31,3973050,highest-temperature-in-toronto-on-august-31-2026-17corbelow,Will the highest temperature in Toronto be 17°C or below on August 31?,"[""Yes"", ""No""]","[""0.0005"", ""0.9995""]",277.991,1,21.4,22.4,23.2
1788200126.4,Highest temperature in Toronto on August 31?,Toronto,2026-08-31,3973051,highest-temperature-in-toronto-on-august-31-2026-18c,Will the highest temperature in Toronto be 18°C on August 31?,"[""Yes"", ""No""]","[""0.0005"", ""0.9995""]",227.99699999999999,1,21.4,22.4,23.2
1788200126.4,Highest temperature in Toronto on August 31?,Toronto,2026-08-31,3973052,highest-temperature-in-toronto-on-august-31-2026-19c,Will the highest temperature in Toronto be 19°C on August 31?,"[""Yes"", ""No""]","[""0.0005"", ""0.9995""]",8547.99277,1,21.4,22.4,23.2
1788200126.4,Highest temperature in Toronto on August 31?,Toronto,2026-08-31,3973053,highest-temperature-in-toronto-on-august-31-2026-20c,Will the highest temperature in Toronto be 20°C on August 31?,"[""Yes"", ""No""]","[""0.195"", ""0.805""]",5822.777762000001,1,21.4,22.4,23.2
1788200126.4,Highest temperature in Toronto on August 31?,Toronto,2026-08-31,3973054,highest-temperature-in-toronto-on-august-31-2026-21c,Will the highest temperature in Toronto be 21°C on August 31?,"[""Yes"", ""No""]","[""0.49"", ""0.51""]",8812.091515999997,1,21.4,22.4,23.2
1788200126.4,Highest temperature in Toronto on August 31?,Toronto,2026-08-31,3973055,highest-temperature-in-toronto-on-august-31-2026-22c,Will the highest temperature in Toronto be 22°C on August 31?,"[""Yes"", ""No""]","[""0.22"", ""0.78""]",9175.466722,1,21.4,22.4,23.2
1788200126.4,Highest temperature in Toronto on August 31?,Toronto,2026-08-31,3973056,highest-temperature-in-toronto-on-august-31-2026-23c,Will the highest temperature in Toronto be 23°C on August 31?,"[""Yes"", ""No""]","[""0.115"", ""0.885""]",7155.422688999999,1,21.4,22.4,23.2
1788200126.4,Highest temperature in Toronto on August 31?,Toronto,2026-08-31,3973057,highest-temperature-in-toronto-on-august-31-2026-24c,Will the highest temperature in Toronto be 24°C on August 31?,"[""Yes"", ""No""]","[""0.035"", ""0.965""]",9599.982740000001,1,21.4,22.4,23.2
1788200126.4,Highest temperature in Toronto on August 31?,Toronto,2026-08-31,3973058,highest-temperature-in-toronto-on-august-31-2026-25c,Will the highest temperature in Toronto be 25°C on August 31?,"[""Yes"", ""No""]","[""0.005"", ""0.995""]",4158.134616,1,21.4,22.4,23.2
1788200126.4,Highest temperature in Toronto on August 31?,Toronto,2026-08-31,3973059,highest-temperature-in-toronto-on-august-31-2026-26c,Will the highest temperature in Toronto be 26°C on August 31?,"[""Yes"", ""No""]","[""0.0015"", ""0.9985""]",3172.7412640000002,1,21.4,22.4,23.2
1788200126.4,Highest temperature in Toronto on August 31?,Toronto,2026-08-31,3973060,highest-temperature-in-toronto-on-august-31-2026-27corhigher,Will the highest temperature in Toronto be 27°C or higher on August 31?,"[""Yes"", ""No""]","[""0.0005"", ""0.9995""]",1601.5141340000002,1,21.4,22.4,23.2
1788200126.4,Highest temperature in Mexico City on August 31?,Mexico City,2026-08-31,3973061,highest-temperature-in-mexico-city-on-august-31-2026-16corbelow,Will the highest temperature in Mexico City be 16°C or below on August 31?,"[""Yes"", ""No""]","[""0.0005"", ""0.9995""]",1117.9950000000001,1,25.0,22.1,25.1
1788200126.4,Highest temperature in Mexico City on August 31?,Mexico City,2026-08-31,3973062,highest-temperature-in-mexico-city-on-august-31-2026-17c,Will the highest temperature in Mexico City be 17°C on August 31?,"[""Yes"", ""No""]","[""0.0005"", ""0.9995""]",167.99099999999999,1,25.0,22.1,25.1
1788200126.4,Highest temperature in Mexico City on August 31?,Mexico City,2026-08-31,3973063,highest-temperature-in-mexico-city-on-august-31-2026-18c,Will the highest temperature in Mexico City be 18°C on August 31?,"[""Yes"", ""No""]","[""0.0005"", ""0.9995""]",420.8105,1,25.0,22.1,25.1
1788200126.4,Highest temperature in Mexico City on August 31?,Mexico City,2026-08-31,3973064,highest-temperature-in-mexico-city-on-august-31-2026-19c,Will the highest temperature in Mexico City be 19°C on August 31?,"[""Yes"", ""No""]","[""0.0005"", ""0.9995""]",109.997,1,25.0,22.1,25.1
1788200126.4,Highest temperature in Mexico City on August 31?,Mexico City,2026-08-31,3973065,highest-temperature-in-mexico-city-on-august-31-2026-20c,Will the highest temperature in Mexico City be 20°C on August 31?,"[""Yes"", ""No""]","[""0.0005"", ""0.9995""]",369.962122,1,25.0,22.1,25.1
1788200126.4,Highest temperature in Mexico City on August 31?,Mexico City,2026-08-31,3973066,highest-temperature-in-mexico-city-on-august-31-2026-21c,Will the highest temperature in Mexico City be 21°C on August 31?,"[""Yes"", ""No""]","[""0.0005"", ""0.9995""]",394.06280000000004,1,25.0,22.1,25.1
1788200126.4,Highest temperature in Mexico City on August 31?,Mexico City,2026-08-31,3973067,highest-temperature-in-mexico-city-on-august-31-2026-22c,Will the highest temperature in Mexico City be 22°C on August 31?,"[""Yes"", ""No""]","[""0.0005"", ""0.9995""]",812.581332,1,25.0,22.1,25.1
1788200126.4,Highest temperature in Mexico City on August 31?,Mexico City,2026-08-31,3973068,highest-temperature-in-mexico-city-on-august-31-2026-23c,Will the highest temperature in Mexico City be 23°C on August 31?,"[""Yes"", ""No""]","[""0.045"", ""0.955""]",828.975205,1,25.0,22.1,25.1
1788200126.4,Highest temperature in Mexico City on August 31?,Mexico City,2026-08-31,3973069,highest-temperature-in-mexico-city-on-august-31-2026-24c,Will the highest temperature in Mexico City be 24°C on August 31?,"[""Yes"", ""No""]","[""0.335"", ""0.665""]",2472.4452389999997,1,25.0,22.1,25.1
1788200126.4,Highest temperature in Mexico City on August 31?,Mexico City,2026-08-31,3973070,highest-temperature-in-mexico-city-on-august-31-2026-25c,Will the highest temperature in Mexico City be 25°C on August 31?,"[""Yes"", ""No""]","[""0.475"", ""0.525""]",2884.4487689999996,1,25.0,22.1,25.1
1788200126.4,Highest temperature in Mexico City on August 31?,Mexico City,2026-08-31,3973071,highest-temperature-in-mexico-city-on-august-31-2026-26corhigher,Will the highest temperature in Mexico City be 26°C or higher on August 31?,"[""Yes"", ""No""]","[""0.09"", ""0.91""]",2025.6719870000002,1,25.0,22.1,25.1
1788200126.4,Highest temperature in London on September 1?,London,2026-09-01,3992269,highest-temperature-in-london-on-september-1-2026-19corbelow,Will the highest temperature in London be 19°C or below on September 1?,"[""Yes"", ""No""]","[""0.0005"", ""0.9995""]",413.21520000000004,1,23.2,19.7,22.8
1788200126.4,Highest temperature in London on September 1?,London,2026-09-01,3992270,highest-temperature-in-london-on-september-1-2026-20c,Will the highest temperature in London be 20°C on September 1?,"[""Yes"", ""No""]","[""0.015"", ""0.985""]",1053.584,1,23.2,19.7,22.8
1788200126.4,Highest temperature in London on September 1?,London,2026-09-01,3992271,highest-temperature-in-london-on-september-1-2026-21c,Will the highest temperature in London be 21°C on September 1?,"[""Yes"", ""No""]","[""0.095"", ""0.905""]",4452.118786999999,1,23.2,19.7,22.8
1788200126.4,Highest temperature in London on September 1?,London,2026-09-01,3992272,highest-temperature-in-london-on-september-1-2026-22c,Will the highest temperature in London be 22°C on September 1?,"[""Yes"", ""No""]","[""0.415"", ""0.585""]",3796.6121809999986,1,23.2,19.7,22.8
1788200126.4,Highest temperature in London on September 1?,London,2026-09-01,3992273,highest-temperature-in-london-on-september-1-2026-23c,Will the highest temperature in London be 23°C on September 1?,"[""Yes"", ""No""]","[""0.425"", ""0.575""]",10312.387351000001,1,23.2,19.7,22.8
1788200126.4,Highest temperature in London on September 1?,London,2026-09-01,3992274,highest-temperature-in-london-on-september-1-2026-24c,Will the highest temperature in London be 24°C on September 1?,"[""Yes"", ""No""]","[""0.065"", ""0.935""]",3564.3163999999992,1,23.2,19.7,22.8
1788200126.4,Highest temperature in London on September 1?,London,2026-09-01,3992275,highest-temperature-in-london-on-september-1-2026-25c,Will the highest temperature in London be 25°C on September 1?,"[""Yes"", ""No""]","[""0.0055"", ""0.9945""]",1326.545666,1,23.2,19.7,22.8
1788200126.4,Highest temperature in London on September 1?,London,2026-09-01,3992276,highest-temperature-in-london-on-september-1-2026-26c,Will the highest temperature in London be 26°C on September 1?,"[""Yes"", ""No""]","[""0.0005"", ""0.9995""]",591.3045,1,23.2,19.7,22.8
1788200126.4,Highest temperature in London on September 1?,London,2026-09-01,3992277,highest-temperature-in-london-on-september-1-2026-27c,Will the highest temperature in London be 27°C on September 1?,"[""Yes"", ""No""]","[""0.0005"", ""0.9995""]",1154.8799999999999,1,23.2,19.7,22.8
1788200126.4,Highest temperature in London on September 1?,London,2026-09-01,3992278,highest-temperature-in-london-on-september-1-2026-28c,Will the highest temperature in London be 28°C on September 1?,"[""Yes"", ""No""]","[""0.0005"", ""0.9995""]",247.995,1,23.2,19.7,22.8
1788200126.4,Highest temperature in London on September 1?,London,2026-09-01,3992279,highest-temperature-in-london-on-september-1-2026-29corhigher,Will the highest temperature in London be 29°C or higher on September 1?,"[""Yes"", ""No""]","[""0.0005"", ""0.9995""]",244.98000000000002,1,23.2,19.7,22.8
1788200126.4,Highest temperature in Paris on September 1?,Paris,2026-09-01,3992280,highest-temperature-in-paris-on-september-1-2026-20corbelow,Will the highest temperature in Paris be 20°C or below on September 1?,"[""Yes"", ""No""]","[""0.0005"", ""0.9995""]",287.73794799999996,1,25.4,22.3,22.8
1788200126.4,Highest temperature in Paris on September 1?,Paris,2026-09-01,3992281,highest-temperature-in-paris-on-september-1-2026-21c,Will the highest temperature in Paris be 21°C on September 1?,"[""Yes"", ""No""]","[""0.011"", ""0.989""]",1356.840532,1,25.4,22.3,22.8
1788200126.4,Highest temperature in Paris on September 1?,Paris,2026-09-01,3992282,highest-temperature-in-paris-on-september-1-2026-22c,Will the highest temperature in Paris be 22°C on September 1?,"[""Yes"", ""No""]","[""0.06"", ""0.94""]",2642.253077,1,25.4,22.3,22.8
1788200126.4,Highest temperature in Paris on September 1?,Paris,2026-09-01,3992283,highest-temperature-in-paris-on-september-1-2026-23c,Will the highest temperature in Paris be 23°C on September 1?,"[""Yes"", ""No""]","[""0.345"", ""0.655""]",4526.446448,1,25.4,22.3,22.8
1788200126.4,Highest temperature in Paris on September 1?,Paris,2026-09-01,3992284,highest-temperature-in-paris-on-september-1-2026-24c,Will the highest temperature in Paris be 24°C on September 1?,"[""Yes"", ""No""]","[""0.405"", ""0.595""]",3025.7833010000004,1,25.4,22.3,22.8
1788200126.4,Highest temperature in Paris on September 1?,Paris,2026-09-01,3992285,highest-temperature-in-paris-on-september-1-2026-25c,Will the highest temperature in Paris be 25°C on September 1?,"[""Yes"", ""No""]","[""0.16"", ""0.84""]",4048.503671,1,25.4,22.3,22.8
1788200126.4,Highest temperature in Paris on September 1?,Paris,2026-09-01,3992286,highest-temperature-in-paris-on-september-1-2026-26c,Will the highest temperature in Paris be 26°C on September 1?,"[""Yes"", ""No""]","[""0.03"", ""0.97""]",1961.24548,1,25.4,22.3,22.8
1788200126.4,Highest temperature in Paris on September 1?,Paris,2026-09-01,3992287,highest-temperature-in-paris-on-september-1-2026-27c,Will the highest temperature in Paris be 27°C on September 1?,"[""Yes"", ""No""]","[""0.0015"", ""0.9985""]",563.8629999999999,1,25.4,22.3,22.8
1788200126.4,Highest temperature in Paris on September 1?,Paris,2026-09-01,3992288,highest-temperature-in-paris-on-september-1-2026-28c,Will the highest temperature in Paris be 28°C on September 1?,"[""Yes"", ""No""]","[""0.0005"", ""0.9995""]",1140.88,1,25.4,22.3,22.8
1788200126.4,Highest temperature in Paris on September 1?,Paris,2026-09-01,3992289,highest-temperature-in-paris-on-september-1-2026-29c,Will the highest temperature in Paris be 29°C on September 1?,"[""Yes"", ""No""]","[""0.0005"", ""0.9995""]",1215.927029,1,25.4,22.3,22.8
1788200126.4,Highest temperature in Paris on September 1?,Paris,2026-09-01,3992290,highest-temperature-in-paris-on-september-1-2026-30corhigher,Will the highest temperature in Paris be 30°C or higher on September 1?,"[""Yes"", ""No""]","[""0.0005"", ""0.9995""]",133.999,1,25.4,22.3,22.8
1788200126.4,Highest temperature in Seoul (Incheon) on September 1?,Seoul (Incheon),2026-09-01,3992291,highest-temperature-in-seoul-on-september-1-2026-21corbelow,Will the highest temperature in Seoul (Incheon) be 21°C or below on September 1?,"[""Yes"", ""No""]","[""0.0005"", ""0.9995""]",243.99099999999999,1,,,
1788200126.4,Highest temperature in Seoul (Incheon) on September 1?,Seoul (Incheon),2026-09-01,3992292,highest-temperature-in-seoul-on-september-1-2026-22c,Will the highest temperature in Seoul (Incheon) be 22°C on September 1?,"[""Yes"", ""No""]","[""0.0005"", ""0.9995""]",263.997,1,,,
1788200126.4,Highest temperature in Seoul (Incheon) on September 1?,Seoul (Incheon),2026-09-01,3992293,highest-temperature-in-seoul-on-september-1-2026-23c,Will the highest temperature in Seoul (Incheon) be 23°C on September 1?,"[""Yes"", ""No""]","[""0.0005"", ""0.9995""]",277.6636,1,,,
1788200126.4,Highest temperature in Seoul (Incheon) on September 1?,Seoul (Incheon),2026-09-01,3992294,highest-temperature-in-seoul-on-september-1-2026-24c,Will the highest temperature in Seoul (Incheon) be 24°C on September 1?,"[""Yes"", ""No""]","[""0.0385"", ""0.9615""]",1141.485892,1,,,
1788200126.4,Highest temperature in Seoul (Incheon) on September 1?,Seoul (Incheon),2026-09-01,3992295,highest-temperature-in-seoul-on-september-1-2026-25c,Will the highest temperature in Seoul (Incheon) be 25°C on September 1?,"[""Yes"", ""No""]","[""0.22"", ""0.78""]",2230.2186189999998,1,,,
1788200126.4,Highest temperature in Seoul (Incheon) on September 1?,Seoul (Incheon),2026-09-01,3992296,highest-temperature-in-seoul-on-september-1-2026-26c,Will the highest temperature in Seoul (Incheon) be 26°C on September 1?,"[""Yes"", ""No""]","[""0.4"", ""0.6""]",4533.069316000001,1,,,
1788200126.4,Highest temperature in Seoul (Incheon) on September 1?,Seoul (Incheon),2026-09-01,3992297,highest-temperature-in-seoul-on-september-1-2026-27c,Will the highest temperature in Seoul (Incheon) be 27°C on September 1?,"[""Yes"", ""No""]","[""0.28"", ""0.72""]",2184.607496,1,,,
1788200126.4,Highest temperature in Seoul (Incheon) on September 1?,Seoul (Incheon),2026-09-01,3992298,highest-temperature-in-seoul-on-september-1-2026-28c,Will the highest temperature in Seoul (Incheon) be 28°C on September 1?,"[""Yes"", ""No""]","[""0.085"", ""0.915""]",825.763301,1,,,
1788200126.4,Highest temperature in Seoul (Incheon) on September 1?,Seoul (Incheon),2026-09-01,3992299,highest-temperature-in-seoul-on-september-1-2026-29c,Will the highest temperature in Seoul (Incheon) be 29°C on September 1?,"[""Yes"", ""No""]","[""0.035"", ""0.965""]",1659.8659610000004,1,,,
1788200126.4,Highest temperature in Seoul (Incheon) on September 1?,Seoul (Incheon),2026-09-01,3992300,highest-temperature-in-seoul-on-september-1-2026-30c,Will the highest temperature in Seoul (Incheon) be 30°C on September 1?,"[""Yes"", ""No""]","[""0.0065"", ""0.9935""]",899.6819009999998,1,,,
1788200126.4,Highest temperature in Seoul (Incheon) on September 1?,Seoul (Incheon),2026-09-01,3992301,highest-temperature-in-seoul-on-september-1-2026-31corhigher,Will the highest temperature in Seoul (Incheon) be 31°C or higher on September 1,"[""Yes"", ""No""]","[""0.0005"", ""0.9995""]",435.1434,1,,,
1788200126.4,Highest temperature in Ankara on September 1?,Ankara,2026-09-01,3992302,highest-temperature-in-ankara-on-september-1-2026-25corbelow,Will the highest temperature in Ankara be 25°C or below on September 1?,"[""Yes"", ""No""]","[""0.0005"", ""0.9995""]",132.605,1,30.2,30.4,28.8
1788200126.4,Highest temperature in Ankara on September 1?,Ankara,2026-09-01,3992303,highest-temperature-in-ankara-on-september-1-2026-26c,Will the highest temperature in Ankara be 26°C on September 1?,"[""Yes"", ""No""]","[""0.003"", ""0.997""]",911.3008,1,30.2,30.4,28.8
1788200126.4,Highest temperature in Ankara on September 1?,Ankara,2026-09-01,3992304,highest-temperature-in-ankara-on-september-1-2026-27c,Will the highest temperature in Ankara be 27°C on September 1?,"[""Yes"", ""No""]","[""0.0055"", ""0.9945""]",291.1714,1,30.2,30.4,28.8
1788200126.4,Highest temperature in Ankara on September 1?,Ankara,2026-09-01,3992305,highest-temperature-in-ankara-on-september-1-2026-28c,Will the highest temperature in Ankara be 28°C on September 1?,"[""Yes"", ""No""]","[""0.03"", ""0.97""]",1026.930457,1,30.2,30.4,28.8
1788200126.4,Highest temperature in Ankara on September 1?,Ankara,2026-09-01,3992306,highest-temperature-in-ankara-on-september-1-2026-29c,Will the highest temperature in Ankara be 29°C on September 1?,"[""Yes"", ""No""]","[""0.115"", ""0.885""]",2043.8481220000003,1,30.2,30.4,28.8
1788200126.4,Highest temperature in Ankara on September 1?,Ankara,2026-09-01,3992307,highest-temperature-in-ankara-on-september-1-2026-30c,Will the highest temperature in Ankara be 30°C on September 1?,"[""Yes"", ""No""]","[""0.615"", ""0.385""]",2059.4308370000003,1,30.2,30.4,28.8
1788200126.4,Highest temperature in Ankara on September 1?,Ankara,2026-09-01,3992308,highest-temperature-in-ankara-on-september-1-2026-31c,Will the highest temperature in Ankara be 31°C on September 1?,"[""Yes"", ""No""]","[""0.215"", ""0.785""]",2195.2092009999997,1,30.2,30.4,28.8
1788200126.4,Highest temperature in Ankara on September 1?,Ankara,2026-09-01,3992309,highest-temperature-in-ankara-on-september-1-2026-32c,Will the highest temperature in Ankara be 32°C on September 1?,"[""Yes"", ""No""]","[""0.012"", ""0.988""]",728.5582999999999,1,30.2,30.4,28.8
1788200126.4,Highest temperature in Ankara on September 1?,Ankara,2026-09-01,3992310,highest-temperature-in-ankara-on-september-1-2026-33c,Will the highest temperature in Ankara be 33°C on September 1?,"[""Yes"", ""No""]","[""0.0025"", ""0.9975""]",316.172,1,30.2,30.4,28.8
1788200126.4,Highest temperature in Ankara on September 1?,Ankara,2026-09-01,3992311,highest-temperature-in-ankara-on-september-1-2026-34c,Will the highest temperature in Ankara be 34°C on September 1?,"[""Yes"", ""No""]","[""0.0005"", ""0.9995""]",134.982,1,30.2,30.4,28.8
1788200126.4,Highest temperature in Ankara on September 1?,Ankara,2026-09-01,3992312,highest-temperature-in-ankara-on-september-1-2026-35corhigher,Will the highest temperature in Ankara be 35°C or higher on September 1?,"[""Yes"", ""No""]","[""0.0005"", ""0.9995""]",119.976,1,30.2,30.4,28.8
1788200126.4,Highest temperature in Wellington on September 1?,Wellington,2026-09-01,3992313,highest-temperature-in-wellington-on-september-1-2026-8corbelow,Will the highest temperature in Wellington be 8°C or below on September 1?,"[""Yes"", ""No""]","[""0.0005"", ""0.9995""]",267.247,1,12.8,12.3,13.5
1788200126.4,Highest temperature in Wellington on September 1?,Wellington,2026-09-01,3992314,highest-temperature-in-wellington-on-september-1-2026-9c,Will the highest temperature in Wellington be 9°C on September 1?,"[""Yes"", ""No""]","[""0.0005"", ""0.9995""]",325.236,1,12.8,12.3,13.5
1788200126.4,Highest temperature in Wellington on September 1?,Wellington,2026-09-01,3992315,highest-temperature-in-wellington-on-september-1-2026-10c,Will the highest temperature in Wellington be 10°C on September 1?,"[""Yes"", ""No""]","[""0.0005"", ""0.9995""]",371.49,1,12.8,12.3,13.5
1788200126.4,Highest temperature in Wellington on September 1?,Wellington,2026-09-01,3992316,highest-temperature-in-wellington-on-september-1-2026-11c,Will the highest temperature in Wellington be 11°C on September 1?,"[""Yes"", ""No""]","[""0.0005"", ""0.9995""]",1253.2036,1,12.8,12.3,13.5
1788200126.4,Highest temperature in Wellington on September 1?,Wellington,2026-09-01,3992317,highest-temperature-in-wellington-on-september-1-2026-12c,Will the highest temperature in Wellington be 12°C on September 1?,"[""Yes"", ""No""]","[""0.03"", ""0.97""]",1656.5260670000002,1,12.8,12.3,13.5
1788200126.4,Highest temperature in Wellington on September 1?,Wellington,2026-09-01,3992318,highest-temperature-in-wellington-on-september-1-2026-13c,Will the highest temperature in Wellington be 13°C on September 1?,"[""Yes"", ""No""]","[""0.155"", ""0.845""]",3772.205725,1,12.8,12.3,13.5
1788200126.4,Highest temperature in Wellington on September 1?,Wellington,2026-09-01,3992319,highest-temperature-in-wellington-on-september-1-2026-14c,Will the highest temperature in Wellington be 14°C on September 1?,"[""Yes"", ""No""]","[""0.635"", ""0.365""]",4539.720810999999,1,12.8,12.3,13.5
1788200126.4,Highest temperature in Wellington on September 1?,Wellington,2026-09-01,3992320,highest-temperature-in-wellington-on-september-1-2026-15c,Will the highest temperature in Wellington be 15°C on September 1?,"[""Yes"", ""No""]","[""0.18"", ""0.82""]",2853.471395,1,12.8,12.3,13.5
1788200126.4,Highest temperature in Wellington on September 1?,Wellington,2026-09-01,3992321,highest-temperature-in-wellington-on-september-1-2026-16c,Will the highest temperature in Wellington be 16°C on September 1?,"[""Yes"", ""No""]","[""0.0355"", ""0.9645""]",1567.1311020000005,1,12.8,12.3,13.5
1788200126.4,Highest temperature in Wellington on September 1?,Wellington,2026-09-01,3992322,highest-temperature-in-wellington-on-september-1-2026-17c,Will the highest temperature in Wellington be 17°C on September 1?,"[""Yes"", ""No""]","[""0.0025"", ""0.9975""]",1149.6680000000003,1,12.8,12.3,13.5
1788200126.4,Highest temperature in Wellington on September 1?,Wellington,2026-09-01,3992323,highest-temperature-in-wellington-on-september-1-2026-18corhigher,Will the highest temperature in Wellington be 18°C or higher on September 1?,"[""Yes"", ""No""]","[""0.002"", ""0.998""]",1883.975121,1,12.8,12.3,13.5
1788200126.4,Highest temperature in Lucknow on September 1?,Lucknow,2026-09-01,3992324,highest-temperature-in-lucknow-on-september-1-2026-25corbelow,Will the highest temperature in Lucknow be 25°C or below on September 1?,"[""Yes"", ""No""]","[""0.0005"", ""0.9995""]",317.91679999999997,1,28.9,29.6,30.8
1788200126.4,Highest temperature in Lucknow on September 1?,Lucknow,2026-09-01,3992325,highest-temperature-in-lucknow-on-september-1-2026-26c,Will the highest temperature in Lucknow be 26°C on September 1?,"[""Yes"", ""No""]","[""0.006"", ""0.994""]",79.985,1,28.9,29.6,30.8
1788200126.4,Highest temperature in Lucknow on September 1?,Lucknow,2026-09-01,3992326,highest-temperature-in-lucknow-on-september-1-2026-27c,Will the highest temperature in Lucknow be 27°C on September 1?,"[""Yes"", ""No""]","[""0.007"", ""0.993""]",90.1408,1,28.9,29.6,30.8
1788200126.4,Highest temperature in Lucknow on September 1?,Lucknow,2026-09-01,3992327,highest-temperature-in-lucknow-on-september-1-2026-28c,Will the highest temperature in Lucknow be 28°C on September 1?,"[""Yes"", ""No""]","[""0.06"", ""0.94""]",239.15294600000001,1,28.9,29.6,30.8
1788200126.4,Highest temperature in Lucknow on September 1?,Lucknow,2026-09-01,3992328,highest-temperature-in-lucknow-on-september-1-2026-29c,Will the highest temperature in Lucknow be 29°C on September 1?,"[""Yes"", ""No""]","[""0.23"", ""0.77""]",166.389595,1,28.9,29.6,30.8
1788200126.4,Highest temperature in Lucknow on September 1?,Lucknow,2026-09-01,3992329,highest-temperature-in-lucknow-on-september-1-2026-30c,Will the highest temperature in Lucknow be 30°C on September 1?,"[""Yes"", ""No""]","[""0.39"", ""0.61""]",129.586332,1,28.9,29.6,30.8
1788200126.4,Highest temperature in Lucknow on September 1?,Lucknow,2026-09-01,3992330,highest-temperature-in-lucknow-on-september-1-2026-31c,Will the highest temperature in Lucknow be 31°C on September 1?,"[""Yes"", ""No""]","[""0.27"", ""0.73""]",683.4259059999999,1,28.9,29.6,30.8
1788200126.4,Highest temperature in Lucknow on September 1?,Lucknow,2026-09-01,3992331,highest-temperature-in-lucknow-on-september-1-2026-32c,Will the highest temperature in Lucknow be 32°C on September 1?,"[""Yes"", ""No""]","[""0.07"", ""0.93""]",272.51512099999997,1,28.9,29.6,30.8
1788200126.4,Highest temperature in Lucknow on September 1?,Lucknow,2026-09-01,3992332,highest-temperature-in-lucknow-on-september-1-2026-33c,Will the highest temperature in Lucknow be 33°C on September 1?,"[""Yes"", ""No""]","[""0.025"", ""0.975""]",37.0946,1,28.9,29.6,30.8
1788200126.4,Highest temperature in Lucknow on September 1?,Lucknow,2026-09-01,3992333,highest-temperature-in-lucknow-on-september-1-2026-34c,Will the highest temperature in Lucknow be 34°C on September 1?,"[""Yes"", ""No""]","[""0.0025"", ""0.9975""]",76.076,1,28.9,29.6,30.8
1788200126.4,Highest temperature in Lucknow on September 1?,Lucknow,2026-09-01,3992334,highest-temperature-in-lucknow-on-september-1-2026-35corhigher,Will the highest temperature in Lucknow be 35°C or higher on September 1?,"[""Yes"", ""No""]","[""0.002"", ""0.998""]",157.954,1,28.9,29.6,30.8
1788200126.4,Highest temperature in Munich on September 1?,Munich,2026-09-01,3992335,highest-temperature-in-munich-on-september-1-2026-18corbelow,Will the highest temperature in Munich be 18°C or below on September 1?,"[""Yes"", ""No""]","[""0.0005"", ""0.9995""]",2074.095,1,23.3,22.4,23.2
1788200126.4,Highest temperature in Munich on September 1?,Munich,2026-09-01,3992336,highest-temperature-in-munich-on-september-1-2026-19c,Will the highest temperature in Munich be 19°C on September 1?,"[""Yes"", ""No""]","[""0.002"", ""0.998""]",115.973,1,23.3,22.4,23.2
1788200126.4,Highest temperature in Munich on September 1?,Munich,2026-09-01,3992337,highest-temperature-in-munich-on-september-1-2026-20c,Will the highest temperature in Munich be 20°C on September 1?,"[""Yes"", ""No""]","[""0.0035"", ""0.9965""]",182.1386,1,23.3,22.4,23.2
1788200126.4,Highest temperature in Munich on September 1?,Munich,2026-09-01,3992338,highest-temperature-in-munich-on-september-1-2026-21c,Will the highest temperature in Munich be 21°C on September 1?,"[""Yes"", ""No""]","[""0.007"", ""0.993""]",116.8333,1,23.3,22.4,23.2
1788200126.4,Highest temperature in Munich on September 1?,Munich,2026-09-01,3992339,highest-temperature-in-munich-on-september-1-2026-22c,Will the highest temperature in Munich be 22°C on September 1?,"[""Yes"", ""No""]","[""0.04"", ""0.96""]",370.47092000000004,1,23.3,22.4,23.2
1788200126.4,Highest temperature in Munich on September 1?,Munich,2026-09-01,3992340,highest-temperature-in-munich-on-september-1-2026-23c,Will the highest temperature in Munich be 23°C on September 1?,"[""Yes"", ""No""]","[""0.255"", ""0.745""]",2024.4517610000003,1,23.3,22.4,23.2
1788200126.4,Highest temperature in Munich on September 1?,Munich,2026-09-01,3992341,highest-temperature-in-munich-on-september-1-2026-24c,Will the highest temperature in Munich be 24°C on September 1?,"[""Yes"", ""No""]","[""0.56"", ""0.44""]",3292.7648809999996,1,23.3,22.4,23.2
1788200126.4,Highest temperature in Munich on September 1?,Munich,2026-09-01,3992342,highest-temperature-in-munich-on-september-1-2026-25c,Will the highest temperature in Munich be 25°C on September 1?,"[""Yes"", ""No""]","[""0.175"", ""0.825""]",350.992334,1,23.3,22.4,23.2
1788200126.4,Highest temperature in Munich on September 1?,Munich,2026-09-01,3992343,highest-temperature-in-munich-on-september-1-2026-26c,Will the highest temperature in Munich be 26°C on September 1?,"[""Yes"", ""No""]","[""0.007"", ""0.993""]",141.13209999999998,1,23.3,22.4,23.2
1788200126.4,Highest temperature in Munich on September 1?,Munich,2026-09-01,3992344,highest-temperature-in-munich-on-september-1-2026-27c,Will the highest temperature in Munich be 27°C on September 1?,"[""Yes"", ""No""]","[""0.0015"", ""0.9985""]",34.703,1,23.3,22.4,23.2
1788200126.4,Highest temperature in Munich on September 1?,Munich,2026-09-01,3992345,highest-temperature-in-munich-on-september-1-2026-28corhigher,Will the highest temperature in Munich be 28°C or higher on September 1?,"[""Yes"", ""No""]","[""0.0015"", ""0.9985""]",47.701,1,23.3,22.4,23.2
1788200126.4,Highest temperature in Tel Aviv on September 1?,Tel Aviv,2026-09-01,3992346,highest-temperature-in-tel-aviv-on-september-1-2026-30corbelow,Will the highest temperature in Tel Aviv be 30°C or below on September 1?,"[""Yes"", ""No""]","[""0.0015"", ""0.9985""]",819.780794,1,30.6,28.6,31.4
1788200126.4,Highest temperature in Tel Aviv on September 1?,Tel Aviv,2026-09-01,3992347,highest-temperature-in-tel-aviv-on-september-1-2026-31c,Will the highest temperature in Tel Aviv be 31°C on September 1?,"[""Yes"", ""No""]","[""0.011"", ""0.989""]",792.0568000000001,1,30.6,28.6,31.4
1788200126.4,Highest temperature in Tel Aviv on September 1?,Tel Aviv,2026-09-01,3992348,highest-temperature-in-tel-aviv-on-september-1-2026-32c,Will the highest temperature in Tel Aviv be 32°C on September 1?,"[""Yes"", ""No""]","[""0.73"", ""0.27""]",3613.8499460000003,1,30.6,28.6,31.4
1788200126.4,Highest temperature in Tel Aviv on September 1?,Tel Aviv,2026-09-01,3992349,highest-temperature-in-tel-aviv-on-september-1-2026-33c,Will the highest temperature in Tel Aviv be 33°C on September 1?,"[""Yes"", ""No""]","[""0.26"", ""0.74""]",4975.309565,1,30.6,28.6,31.4
1788200126.4,Highest temperature in Tel Aviv on September 1?,Tel Aviv,2026-09-01,3992350,highest-temperature-in-tel-aviv-on-september-1-2026-34c,Will the highest temperature in Tel Aviv be 34°C on September 1?,"[""Yes"", ""No""]","[""0.0105"", ""0.9895""]",904.5762,1,30.6,28.6,31.4
1788200126.4,Highest temperature in Tel Aviv on September 1?,Tel Aviv,2026-09-01,3992351,highest-temperature-in-tel-aviv-on-september-1-2026-35c,Will the highest temperature in Tel Aviv be 35°C on September 1?,"[""Yes"", ""No""]","[""0.0005"", ""0.9995""]",83.3309,1,30.6,28.6,31.4
1788200126.4,Highest temperature in Tel Aviv on September 1?,Tel Aviv,2026-09-01,3992352,highest-temperature-in-tel-aviv-on-september-1-2026-36c,Will the highest temperature in Tel Aviv be 36°C on September 1?,"[""Yes"", ""No""]","[""0.0025"", ""0.9975""]",628.4079999999999,1,30.6,28.6,31.4
1788200126.4,Highest temperature in Tel Aviv on September 1?,Tel Aviv,2026-09-01,3992353,highest-temperature-in-tel-aviv-on-september-1-2026-37c,Will the highest temperature in Tel Aviv be 37°C on September 1?,"[""Yes"", ""No""]","[""0.0005"", ""0.9995""]",1070.963,1,30.6,28.6,31.4
1788200126.4,Highest temperature in Tel Aviv on September 1?,Tel Aviv,2026-09-01,3992354,highest-temperature-in-tel-aviv-on-september-1-2026-38c,Will the highest temperature in Tel Aviv be 38°C on September 1?,"[""Yes"", ""No""]","[""0.0005"", ""0.9995""]",289.986,1,30.6,28.6,31.4
1788200126.4,Highest temperature in Tel Aviv on September 1?,Tel Aviv,2026-09-01,3992355,highest-temperature-in-tel-aviv-on-september-1-2026-39c,Will the highest temperature in Tel Aviv be 39°C on September 1?,"[""Yes"", ""No""]","[""0.0005"", ""0.9995""]",289.99,1,30.6,28.6,31.4
1788200126.4,Highest temperature in Tel Aviv on September 1?,Tel Aviv,2026-09-01,3992356,highest-temperature-in-tel-aviv-on-september-1-2026-40corhigher,Will the highest temperature in Tel Aviv be 40°C or higher on September 1?,"[""Yes"", ""No""]","[""0.0005"", ""0.9995""]",289.994,1,30.6,28.6,31.4
1788200126.4,Highest temperature in Tokyo on September 1?,Tokyo,2026-09-01,3992357,highest-temperature-in-tokyo-on-september-1-2026-26corbelow,Will the highest temperature in Tokyo be 26°C or below on September 1?,"[""Yes"", ""No""]","[""0.0075"", ""0.9925""]",631.1439999999999,1,29.6,28.4,30.4
1788200126.4,Highest temperature in Tokyo on September 1?,Tokyo,2026-09-01,3992358,highest-temperature-in-tokyo-on-september-1-2026-27c,Will the highest temperature in Tokyo be 27°C on September 1?,"[""Yes"", ""No""]","[""0.025"", ""0.975""]",1040.516164,1,29.6,28.4,30.4
1788200126.4,Highest temperature in Tokyo on September 1?,Tokyo,2026-09-01,3992359,highest-temperature-in-tokyo-on-september-1-2026-28c,Will the highest temperature in Tokyo be 28°C on September 1?,"[""Yes"", ""No""]","[""0.165"", ""0.835""]",1977.8777169999998,1,29.6,28.4,30.4
1788200126.4,Highest temperature in Tokyo on September 1?,Tokyo,2026-09-01,3992360,highest-temperature-in-tokyo-on-september-1-2026-29c,Will the highest temperature in Tokyo be 29°C on September 1?,"[""Yes"", ""No""]","[""0.425"", ""0.575""]",2512.7903560000004,1,29.6,28.4,30.4
1788200126.4,Highest temperature in Tokyo on September 1?,Tokyo,2026-09-01,3992361,highest-temperature-in-tokyo-on-september-1-2026-30c,Will the highest temperature in Tokyo be 30°C on September 1?,"[""Yes"", ""No""]","[""0.325"", ""0.675""]",1836.040744,1,29.6,28.4,30.4
1788200126.4,Highest temperature in Tokyo on September 1?,Tokyo,2026-09-01,3992362,highest-temperature-in-tokyo-on-september-1-2026-31c,Will the highest temperature in Tokyo be 31°C on September 1?,"[""Yes"", ""No""]","[""0.06"", ""0.94""]",3255.8411749999996,1,29.6,28.4,30.4
1788200126.4,Highest temperature in Tokyo on September 1?,Tokyo,2026-09-01,3992363,highest-temperature-in-tokyo-on-september-1-2026-32c,Will the highest temperature in Tokyo be 32°C on September 1?,"[""Yes"", ""No""]","[""0.015"", ""0.985""]",5507.684772999999,1,29.6,28.4,30.4
1788200126.4,Highest temperature in Tokyo on September 1?,Tokyo,2026-09-01,3992364,highest-temperature-in-tokyo-on-september-1-2026-33c,Will the highest temperature in Tokyo be 33°C on September 1?,"[""Yes"", ""No""]","[""0.006"", ""0.994""]",2005.2026389999999,1,29.6,28.4,30.4
1788200126.4,Highest temperature in Tokyo on September 1?,Tokyo,2026-09-01,3992365,highest-temperature-in-tokyo-on-september-1-2026-34c,Will the highest temperature in Tokyo be 34°C on September 1?,"[""Yes"", ""No""]","[""0.0005"", ""0.9995""]",1407.378683,1,29.6,28.4,30.4
1788200126.4,Highest temperature in Tokyo on September 1?,Tokyo,2026-09-01,3992366,highest-temperature-in-tokyo-on-september-1-2026-35c,Will the highest temperature in Tokyo be 35°C on September 1?,"[""Yes"", ""No""]","[""0.0005"", ""0.9995""]",1095.331302,1,29.6,28.4,30.4
1788200126.4,Highest temperature in Tokyo on September 1?,Tokyo,2026-09-01,3992367,highest-temperature-in-tokyo-on-september-1-2026-36corhigher,Will the highest temperature in Tokyo be 36°C or higher on September 1?,"[""Yes"", ""No""]","[""0.0005"", ""0.9995""]",2128.414825,1,29.6,28.4,30.4
1788200126.4,Highest temperature in Hong Kong on September 1?,Hong Kong,2026-09-01,3992368,highest-temperature-in-hong-kong-on-september-1-2026-25corbelow,Will the highest temperature in Hong Kong be 25°C or below on September 1?,"[""Yes"", ""No""]","[""0.0005"", ""0.9995""]",109.991,1,27.7,29.6,29.1
1788200126.4,Highest temperature in Hong Kong on September 1?,Hong Kong,2026-09-01,3992369,highest-temperature-in-hong-kong-on-september-1-2026-26c,Will the highest temperature in Hong Kong be 26°C on September 1?,"[""Yes"", ""No""]","[""0.0005"", ""0.9995""]",119.997,1,27.7,29.6,29.1
1788200126.4,Highest temperature in Hong Kong on September 1?,Hong Kong,2026-09-01,3992370,highest-temperature-in-hong-kong-on-september-1-2026-27c,Will the highest temperature in Hong Kong be 27°C on September 1?,"[""Yes"", ""No""]","[""0.016"", ""0.984""]",3277.041598,1,27.7,29.6,29.1
1788200126.4,Highest temperature in Hong Kong on September 1?,Hong Kong,2026-09-01,3992371,highest-temperature-in-hong-kong-on-september-1-2026-28c,Will the highest temperature in Hong Kong be 28°C on September 1?,"[""Yes"", ""No""]","[""0.25"", ""0.75""]",1896.515948,1,27.7,29.6,29.1
1788200126.4,Highest temperature in Hong Kong on September 1?,Hong Kong,2026-09-01,3992372,highest-temperature-in-hong-kong-on-september-1-2026-29c,Will the highest temperature in Hong Kong be 29°C on September 1?,"[""Yes"", ""No""]","[""0.405"", ""0.595""]",3287.4407979999996,1,27.7,29.6,29.1
1788200126.4,Highest temperature in Hong Kong on September 1?,Hong Kong,2026-09-01,3992373,highest-temperature-in-hong-kong-on-september-1-2026-30c,Will the highest temperature in Hong Kong be 30°C on September 1?,"[""Yes"", ""No""]","[""0.315"", ""0.685""]",2108.3010659999995,1,27.7,29.6,29.1
1788200126.4,Highest temperature in Hong Kong on September 1?,Hong Kong,2026-09-01,3992374,highest-temperature-in-hong-kong-on-september-1-2026-31c,Will the highest temperature in Hong Kong be 31°C on September 1?,"[""Yes"", ""No""]","[""0.045"", ""0.955""]",1971.5399989999999,1,27.7,29.6,29.1
1788200126.4,Highest temperature in Hong Kong on September 1?,Hong Kong,2026-09-01,3992375,highest-temperature-in-hong-kong-on-september-1-2026-32c,Will the highest temperature in Hong Kong be 32°C on September 1?,"[""Yes"", ""No""]","[""0.015"", ""0.985""]",2024.4047470000003,1,27.7,29.6,29.1
1788200126.4,Highest temperature in Hong Kong on September 1?,Hong Kong,2026-09-01,3992376,highest-temperature-in-hong-kong-on-september-1-2026-33c,Will the highest temperature in Hong Kong be 33°C on September 1?,"[""Yes"", ""No""]","[""0.0065"", ""0.9935""]",1143.5055160000002,1,27.7,29.6,29.1
1788200126.4,Highest temperature in Hong Kong on September 1?,Hong Kong,2026-09-01,3992377,highest-temperature-in-hong-kong-on-september-1-2026-34c,Will the highest temperature in Hong Kong be 34°C on September 1?,"[""Yes"", ""No""]","[""0.0005"", ""0.9995""]",484.157,1,27.7,29.6,29.1
1788200126.4,Highest temperature in Hong Kong on September 1?,Hong Kong,2026-09-01,3992378,highest-temperature-in-hong-kong-on-september-1-2026-35corhigher,Will the highest temperature in Hong Kong be 35°C or higher on September 1?,"[""Yes"", ""No""]","[""0.0005"", ""0.9995""]",218.8208,1,27.7,29.6,29.1
1788200126.4,Highest temperature in Shanghai on September 1?,Shanghai,2026-09-01,3992379,highest-temperature-in-shanghai-on-september-1-2026-25corbelow,Will the highest temperature in Shanghai be 25°C or below on September 1?,"[""Yes"", ""No""]","[""0.0005"", ""0.9995""]",2167.766332,1,33.7,31.6,31.1
1788200126.4,Highest temperature in Shanghai on September 1?,Shanghai,2026-09-01,3992380,highest-temperature-in-shanghai-on-september-1-2026-26c,Will the highest temperature in Shanghai be 26°C on September 1?,"[""Yes"", ""No""]","[""0.0005"", ""0.9995""]",746.0918,1,33.7,31.6,31.1
1788200126.4,Highest temperature in Shanghai on September 1?,Shanghai,2026-09-01,3992381,highest-temperature-in-shanghai-on-september-1-2026-27c,Will the highest temperature in Shanghai be 27°C on September 1?,"[""Yes"", ""No""]","[""0.0005"", ""0.9995""]",2192.5387680000003,1,33.7,31.6,31.1
1788200126.4,Highest temperature in Shanghai on September 1?,Shanghai,2026-09-01,3992382,highest-temperature-in-shanghai-on-september-1-2026-28c,Will the highest temperature in Shanghai be 28°C on September 1?,"[""Yes"", ""No""]","[""0.0045"", ""0.9955""]",2872.2965330000006,1,33.7,31.6,31.1
1788200126.4,Highest temperature in Shanghai on September 1?,Shanghai,2026-09-01,3992383,highest-temperature-in-shanghai-on-september-1-2026-29c,Will the highest temperature in Shanghai be 29°C on September 1?,"[""Yes"", ""No""]","[""0.025"", ""0.975""]",10426.467961000002,1,33.7,31.6,31.1
1788200126.4,Highest temperature in Shanghai on September 1?,Shanghai,2026-09-01,3992384,highest-temperature-in-shanghai-on-september-1-2026-30c,Will the highest temperature in Shanghai be 30°C on September 1?,"[""Yes"", ""No""]","[""0.11"", ""0.89""]",9303.779708000002,1,33.7,31.6,31.1
1788200126.4,Highest temperature in Shanghai on September 1?,Shanghai,2026-09-01,3992385,highest-temperature-in-shanghai-on-september-1-2026-31c,Will the highest temperature in Shanghai be 31°C on September 1?,"[""Yes"", ""No""]","[""0.645"", ""0.355""]",9387.820016000001,1,33.7,31.6,31.1
1788200126.4,Highest temperature in Shanghai on September 1?,Shanghai,2026-09-01,3992386,highest-temperature-in-shanghai-on-september-1-2026-32c,Will the highest temperature in Shanghai be 32°C on September 1?,"[""Yes"", ""No""]","[""0.245"", ""0.755""]",5645.896078000001,1,33.7,31.6,31.1
1788200126.4,Highest temperature in Shanghai on September 1?,Shanghai,2026-09-01,3992387,highest-temperature-in-shanghai-on-september-1-2026-33c,Will the highest temperature in Shanghai be 33°C on September 1?,"[""Yes"", ""No""]","[""0.016"", ""0.984""]",2414.2185870000008,1,33.7,31.6,31.1
1788200126.4,Highest temperature in Shanghai on September 1?,Shanghai,2026-09-01,3992388,highest-temperature-in-shanghai-on-september-1-2026-34c,Will the highest temperature in Shanghai be 34°C on September 1?,"[""Yes"", ""No""]","[""0.0005"", ""0.9995""]",237.984,1,33.7,31.6,31.1
1788200126.4,Highest temperature in Shanghai on September 1?,Shanghai,2026-09-01,3992389,highest-temperature-in-shanghai-on-september-1-2026-35corhigher,Will the highest temperature in Shanghai be 35°C or higher on September 1?,"[""Yes"", ""No""]","[""0.0005"", ""0.9995""]",312.846,1,33.7,31.6,31.1
1788200126.4,Highest temperature in Singapore on September 1?,Singapore,2026-09-01,3992390,highest-temperature-in-singapore-on-september-1-2026-28corbelow,Will the highest temperature in Singapore be 28°C or below on September 1?,"[""Yes"", ""No""]","[""0.0005"", ""0.9995""]",398.203,1,31.0,31.0,32.8
1788200126.4,Highest temperature in Singapore on September 1?,Singapore,2026-09-01,3992391,highest-temperature-in-singapore-on-september-1-2026-29c,Will the highest temperature in Singapore be 29°C on September 1?,"[""Yes"", ""No""]","[""0.006"", ""0.994""]",985.6269,1,31.0,31.0,32.8
1788200126.4,Highest temperature in Singapore on September 1?,Singapore,2026-09-01,3992392,highest-temperature-in-singapore-on-september-1-2026-30c,Will the highest temperature in Singapore be 30°C on September 1?,"[""Yes"", ""No""]","[""0.0155"", ""0.9845""]",4478.632744999999,1,31.0,31.0,32.8
1788200126.4,Highest temperature in Singapore on September 1?,Singapore,2026-09-01,3992393,highest-temperature-in-singapore-on-september-1-2026-31c,Will the highest temperature in Singapore be 31°C on September 1?,"[""Yes"", ""No""]","[""0.055"", ""0.945""]",1717.5466589999999,1,31.0,31.0,32.8
1788200126.4,Highest temperature in Singapore on September 1?,Singapore,2026-09-01,3992394,highest-temperature-in-singapore-on-september-1-2026-32c,Will the highest temperature in Singapore be 32°C on September 1?,"[""Yes"", ""No""]","[""0.405"", ""0.595""]",2121.123589,1,31.0,31.0,32.8
1788200126.4,Highest temperature in Singapore on September 1?,Singapore,2026-09-01,3992395,highest-temperature-in-singapore-on-september-1-2026-33c,Will the highest temperature in Singapore be 33°C on September 1?,"[""Yes"", ""No""]","[""0.545"", ""0.455""]",5534.574415,1,31.0,31.0,32.8
1788200126.4,Highest temperature in Singapore on September 1?,Singapore,2026-09-01,3992396,highest-temperature-in-singapore-on-september-1-2026-34c,Will the highest temperature in Singapore be 34°C on September 1?,"[""Yes"", ""No""]","[""0.025"", ""0.975""]",4714.724262000001,1,31.0,31.0,32.8
1788200126.4,Highest temperature in Singapore on September 1?,Singapore,2026-09-01,3992397,highest-temperature-in-singapore-on-september-1-2026-35c,Will the highest temperature in Singapore be 35°C on September 1?,"[""Yes"", ""No""]","[""0.006"", ""0.994""]",1115.156432,1,31.0,31.0,32.8
1788200126.4,Highest temperature in Singapore on September 1?,Singapore,2026-09-01,3992398,highest-temperature-in-singapore-on-september-1-2026-36c,Will the highest temperature in Singapore be 36°C on September 1?,"[""Yes"", ""No""]","[""0.003"", ""0.997""]",1026.9906660000001,1,31.0,31.0,32.8
1788200126.4,Highest temperature in Singapore on September 1?,Singapore,2026-09-01,3992399,highest-temperature-in-singapore-on-september-1-2026-37c,Will the highest temperature in Singapore be 37°C on September 1?,"[""Yes"", ""No""]","[""0.0005"", ""0.9995""]",361.209,1,31.0,31.0,32.8
1788200126.4,Highest temperature in Singapore on September 1?,Singapore,2026-09-01,3992400,highest-temperature-in-singapore-on-september-1-2026-38corhigher,Will the highest temperature in Singapore be 38°C or higher on September 1?,"[""Yes"", ""No""]","[""0.0005"", ""0.9995""]",277.245,1,31.0,31.0,32.8
1788200126.4,Highest temperature in Milan on September 1?,Milan,2026-09-01,3992401,highest-temperature-in-milan-on-september-1-2026-24corbelow,Will the highest temperature in Milan be 24°C or below on September 1?,"[""Yes"", ""No""]","[""0.011"", ""0.989""]",6489.398025000003,1,30.2,29.6,30.9
1788200126.4,Highest temperature in Milan on September 1?,Milan,2026-09-01,3992402,highest-temperature-in-milan-on-september-1-2026-25c,Will the highest temperature in Milan be 25°C on September 1?,"[""Yes"", ""No""]","[""0.0015"", ""0.9985""]",1145.2700000000002,1,30.2,29.6,30.9
1788200126.4,Highest temperature in Milan on September 1?,Milan,2026-09-01,3992403,highest-temperature-in-milan-on-september-1-2026-26c,Will the highest temperature in Milan be 26°C on September 1?,"[""Yes"", ""No""]","[""0.0005"", ""0.9995""]",298.1478,1,30.2,29.6,30.9
1788200126.4,Highest temperature in Milan on September 1?,Milan,2026-09-01,3992404,highest-temperature-in-milan-on-september-1-2026-27c,Will the highest temperature in Milan be 27°C on September 1?,"[""Yes"", ""No""]","[""0.0145"", ""0.9855""]",581.035663,1,30.2,29.6,30.9
1788200126.4,Highest temperature in Milan on September 1?,Milan,2026-09-01,3992405,highest-temperature-in-milan-on-september-1-2026-28c,Will the highest temperature in Milan be 28°C on September 1?,"[""Yes"", ""No""]","[""0.045"", ""0.955""]",1217.980673,1,30.2,29.6,30.9
1788200126.4,Highest temperature in Milan on September 1?,Milan,2026-09-01,3992406,highest-temperature-in-milan-on-september-1-2026-29c,Will the highest temperature in Milan be 29°C on September 1?,"[""Yes"", ""No""]","[""0.305"", ""0.695""]",1800.3804590000002,1,30.2,29.6,30.9
1788200126.4,Highest temperature in Milan on September 1?,Milan,2026-09-01,3992407,highest-temperature-in-milan-on-september-1-2026-30c,Will the highest temperature in Milan be 30°C on September 1?,"[""Yes"", ""No""]","[""0.485"", ""0.515""]",8194.958275000003,1,30.2,29.6,30.9
1788200126.4,Highest temperature in Milan on September 1?,Milan,2026-09-01,3992408,highest-temperature-in-milan-on-september-1-2026-31c,Will the highest temperature in Milan be 31°C on September 1?,"[""Yes"", ""No""]","[""0.125"", ""0.875""]",6622.014083,1,30.2,29.6,30.9
1788200126.4,Highest temperature in Milan on September 1?,Milan,2026-09-01,3992409,highest-temperature-in-milan-on-september-1-2026-32c,Will the highest temperature in Milan be 32°C on September 1?,"[""Yes"", ""No""]","[""0.03"", ""0.97""]",546.622164,1,30.2,29.6,30.9
1788200126.4,Highest temperature in Milan on September 1?,Milan,2026-09-01,3992410,highest-temperature-in-milan-on-september-1-2026-33c,Will the highest temperature in Milan be 33°C on September 1?,"[""Yes"", ""No""]","[""0.0005"", ""0.9995""]",226.6422,1,30.2,29.6,30.9
1788200126.4,Highest temperature in Milan on September 1?,Milan,2026-09-01,3992411,highest-temperature-in-milan-on-september-1-2026-34corhigher,Will the highest temperature in Milan be 34°C or higher on September 1?,"[""Yes"", ""No""]","[""0.0015"", ""0.9985""]",1699.64653,1,30.2,29.6,30.9
1788200126.4,Highest temperature in Madrid on September 1?,Madrid,2026-09-01,3992412,highest-temperature-in-madrid-on-september-1-2026-30corbelow,Will the highest temperature in Madrid be 30°C or below on September 1?,"[""Yes"", ""No""]","[""0.0005"", ""0.9995""]",768.9955400000001,1,33.4,33.8,33.8
1788200126.4,Highest temperature in Madrid on September 1?,Madrid,2026-09-01,3992413,highest-temperature-in-madrid-on-september-1-2026-31c,Will the highest temperature in Madrid be 31°C on September 1?,"[""Yes"", ""No""]","[""0.0005"", ""0.9995""]",192.9693,1,33.4,33.8,33.8
1788200126.4,Highest temperature in Madrid on September 1?,Madrid,2026-09-01,3992416,highest-temperature-in-madrid-on-september-1-2026-32c,Will the highest temperature in Madrid be 32°C on September 1?,"[""Yes"", ""No""]","[""0.0055"", ""0.9945""]",661.34145,1,33.4,33.8,33.8
1788200126.4,Highest temperature in Madrid on September 1?,Madrid,2026-09-01,3992420,highest-temperature-in-madrid-on-september-1-2026-33c,Will the highest temperature in Madrid be 33°C on September 1?,"[""Yes"", ""No""]","[""0.025"", ""0.975""]",463.38572899999997,1,33.4,33.8,33.8
1788200126.4,Highest temperature in Madrid on September 1?,Madrid,2026-09-01,3992421,highest-temperature-in-madrid-on-september-1-2026-34c,Will the highest temperature in Madrid be 34°C on September 1?,"[""Yes"", ""No""]","[""0.45"", ""0.55""]",1569.620437,1,33.4,33.8,33.8
1788200126.4,Highest temperature in Madrid on September 1?,Madrid,2026-09-01,3992422,highest-temperature-in-madrid-on-september-1-2026-35c,Will the highest temperature in Madrid be 35°C on September 1?,"[""Yes"", ""No""]","[""0.515"", ""0.485""]",1581.876664,1,33.4,33.8,33.8
1788200126.4,Highest temperature in Madrid on September 1?,Madrid,2026-09-01,3992424,highest-temperature-in-madrid-on-september-1-2026-36c,Will the highest temperature in Madrid be 36°C on September 1?,"[""Yes"", ""No""]","[""0.045"", ""0.955""]",693.614312,1,33.4,33.8,33.8
1788200126.4,Highest temperature in Madrid on September 1?,Madrid,2026-09-01,3992427,highest-temperature-in-madrid-on-september-1-2026-37c,Will the highest temperature in Madrid be 37°C on September 1?,"[""Yes"", ""No""]","[""0.0005"", ""0.9995""]",273.7195,1,33.4,33.8,33.8
1788200126.4,Highest temperature in Madrid on September 1?,Madrid,2026-09-01,3992428,highest-temperature-in-madrid-on-september-1-2026-38c,Will the highest temperature in Madrid be 38°C on September 1?,"[""Yes"", ""No""]","[""0.002"", ""0.998""]",264.986,1,33.4,33.8,33.8
1788200126.4,Highest temperature in Madrid on September 1?,Madrid,2026-09-01,3992429,highest-temperature-in-madrid-on-september-1-2026-39c,Will the highest temperature in Madrid be 39°C on September 1?,"[""Yes"", ""No""]","[""0.0005"", ""0.9995""]",157.968,1,33.4,33.8,33.8
1788200126.4,Highest temperature in Madrid on September 1?,Madrid,2026-09-01,3992430,highest-temperature-in-madrid-on-september-1-2026-40corhigher,Will the highest temperature in Madrid be 40°C or higher on September 1?,"[""Yes"", ""No""]","[""0.0005"", ""0.9995""]",157.995,1,33.4,33.8,33.8
1788200126.4,Highest temperature in Warsaw on September 1?,Warsaw,2026-09-01,3992431,highest-temperature-in-warsaw-on-september-1-2026-17corbelow,Will the highest temperature in Warsaw be 17°C or below on September 1?,"[""Yes"", ""No""]","[""0.0015"", ""0.9985""]",472.9248,1,20.8,19.3,20.9
1788200126.4,Highest temperature in Warsaw on September 1?,Warsaw,2026-09-01,3992432,highest-temperature-in-warsaw-on-september-1-2026-18c,Will the highest temperature in Warsaw be 18°C on September 1?,"[""Yes"", ""No""]","[""0.0155"", ""0.9845""]",561.463268,1,20.8,19.3,20.9
1788200126.4,Highest temperature in Warsaw on September 1?,Warsaw,2026-09-01,3992433,highest-temperature-in-warsaw-on-september-1-2026-19c,Will the highest temperature in Warsaw be 19°C on September 1?,"[""Yes"", ""No""]","[""0.035"", ""0.965""]",785.3251479999999,1,20.8,19.3,20.9
1788200126.4,Highest temperature in Warsaw on September 1?,Warsaw,2026-09-01,3992434,highest-temperature-in-warsaw-on-september-1-2026-20c,Will the highest temperature in Warsaw be 20°C on September 1?,"[""Yes"", ""No""]","[""0.28"", ""0.72""]",1317.3333499999999,1,20.8,19.3,20.9
1788200126.4,Highest temperature in Warsaw on September 1?,Warsaw,2026-09-01,3992435,highest-temperature-in-warsaw-on-september-1-2026-21c,Will the highest temperature in Warsaw be 21°C on September 1?,"[""Yes"", ""No""]","[""0.48"", ""0.52""]",1071.214978,1,20.8,19.3,20.9
1788200126.4,Highest temperature in Warsaw on September 1?,Warsaw,2026-09-01,3992436,highest-temperature-in-warsaw-on-september-1-2026-22c,Will the highest temperature in Warsaw be 22°C on September 1?,"[""Yes"", ""No""]","[""0.13"", ""0.87""]",3588.9843760000003,1,20.8,19.3,20.9
1788200126.4,Highest temperature in Warsaw on September 1?,Warsaw,2026-09-01,3992437,highest-temperature-in-warsaw-on-september-1-2026-23c,Will the highest temperature in Warsaw be 23°C on September 1?,"[""Yes"", ""No""]","[""0.03"", ""0.97""]",449.0350729999999,1,20.8,19.3,20.9
1788200126.4,Highest temperature in Warsaw on September 1?,Warsaw,2026-09-01,3992438,highest-temperature-in-warsaw-on-september-1-2026-24c,Will the highest temperature in Warsaw be 24°C on September 1?,"[""Yes"", ""No""]","[""0.0015"", ""0.9985""]",246.999,1,20.8,19.3,20.9
1788200126.4,Highest temperature in Warsaw on September 1?,Warsaw,2026-09-01,3992439,highest-temperature-in-warsaw-on-september-1-2026-25c,Will the highest temperature in Warsaw be 25°C on September 1?,"[""Yes"", ""No""]","[""0.003"", ""0.997""]",486.6406,1,20.8,19.3,20.9
1788200126.4,Highest temperature in Warsaw on September 1?,Warsaw,2026-09-01,3992440,highest-temperature-in-warsaw-on-september-1-2026-26c,Will the highest temperature in Warsaw be 26°C on September 1?,"[""Yes"", ""No""]","[""0.0025"", ""0.9975""]",532.2459999999999,1,20.8,19.3,20.9
1788200126.4,Highest temperature in Warsaw on September 1?,Warsaw,2026-09-01,3992441,highest-temperature-in-warsaw-on-september-1-2026-27corhigher,Will the highest temperature in Warsaw be 27°C or higher on September 1?,"[""Yes"", ""No""]","[""0.0005"", ""0.9995""]",88,1,20.8,19.3,20.9
1788200126.4,Highest temperature in Taipei on September 1?,Taipei,2026-09-01,3992442,highest-temperature-in-taipei-on-september-1-2026-27corbelow,Will the highest temperature in Taipei be 27°C or below on September 1?,"[""Yes"", ""No""]","[""0.0005"", ""0.9995""]",2449.1824000000006,1,31.4,31.8,31.2
1788200126.4,Highest temperature in Taipei on September 1?,Taipei,2026-09-01,3992443,highest-temperature-in-taipei-on-september-1-2026-28c,Will the highest temperature in Taipei be 28°C on September 1?,"[""Yes"", ""No""]","[""0.0005"", ""0.9995""]",3298.2061999999996,1,31.4,31.8,31.2
1788200126.4,Highest temperature in Taipei on September 1?,Taipei,2026-09-01,3992444,highest-temperature-in-taipei-on-september-1-2026-29c,Will the highest temperature in Taipei be 29°C on September 1?,"[""Yes"", ""No""]","[""0.035"", ""0.965""]",622.1309,1,31.4,31.8,31.2
1788200126.4,Highest temperature in Taipei on September 1?,Taipei,2026-09-01,3992445,highest-temperature-in-taipei-on-september-1-2026-30c,Will the highest temperature in Taipei be 30°C on September 1?,"[""Yes"", ""No""]","[""0.065"", ""0.935""]",500.33640900000006,1,31.4,31.8,31.2
1788200126.4,Highest temperature in Taipei on September 1?,Taipei,2026-09-01,3992446,highest-temperature-in-taipei-on-september-1-2026-31c,Will the highest temperature in Taipei be 31°C on September 1?,"[""Yes"", ""No""]","[""0.185"", ""0.815""]",1680.8414740000003,1,31.4,31.8,31.2
1788200126.4,Highest temperature in Taipei on September 1?,Taipei,2026-09-01,3992447,highest-temperature-in-taipei-on-september-1-2026-32c,Will the highest temperature in Taipei be 32°C on September 1?,"[""Yes"", ""No""]","[""0.285"", ""0.715""]",1806.1343940000002,1,31.4,31.8,31.2
1788200126.4,Highest temperature in Taipei on September 1?,Taipei,2026-09-01,3992448,highest-temperature-in-taipei-on-september-1-2026-33c,Will the highest temperature in Taipei be 33°C on September 1?,"[""Yes"", ""No""]","[""0.26"", ""0.74""]",1444.5038460000003,1,31.4,31.8,31.2
1788200126.4,Highest temperature in Taipei on September 1?,Taipei,2026-09-01,3992449,highest-temperature-in-taipei-on-september-1-2026-34c,Will the highest temperature in Taipei be 34°C on September 1?,"[""Yes"", ""No""]","[""0.125"", ""0.875""]",910.013838,1,31.4,31.8,31.2
1788200126.4,Highest temperature in Taipei on September 1?,Taipei,2026-09-01,3992450,highest-temperature-in-taipei-on-september-1-2026-35c,Will the highest temperature in Taipei be 35°C on September 1?,"[""Yes"", ""No""]","[""0.025"", ""0.975""]",314.0558,1,31.4,31.8,31.2
1788200126.4,Highest temperature in Taipei on September 1?,Taipei,2026-09-01,3992451,highest-temperature-in-taipei-on-september-1-2026-36c,Will the highest temperature in Taipei be 36°C on September 1?,"[""Yes"", ""No""]","[""0.002"", ""0.998""]",1276.257665,1,31.4,31.8,31.2
1788200126.4,Highest temperature in Taipei on September 1?,Taipei,2026-09-01,3992452,highest-temperature-in-taipei-on-september-1-2026-37corhigher,Will the highest temperature in Taipei be 37°C or higher on September 1?,"[""Yes"", ""No""]","[""0.0025"", ""0.9975""]",1166.4340000000002,1,31.4,31.8,31.2
1788200126.4,Highest temperature in Chongqing on September 1?,Chongqing,2026-09-01,3992453,highest-temperature-in-chongqing-on-september-1-2026-29corbelow,Will the highest temperature in Chongqing be 29°C or below on September 1?,"[""Yes"", ""No""]","[""0.0005"", ""0.9995""]",115.997,1,35.0,32.4,36.0
1788200126.4,Highest temperature in Chongqing on September 1?,Chongqing,2026-09-01,3992454,highest-temperature-in-chongqing-on-september-1-2026-30c,Will the highest temperature in Chongqing be 30°C on September 1?,"[""Yes"", ""No""]","[""0.0005"", ""0.9995""]",303.927009,1,35.0,32.4,36.0
1788200126.4,Highest temperature in Chongqing on September 1?,Chongqing,2026-09-01,3992455,highest-temperature-in-chongqing-on-september-1-2026-31c,Will the highest temperature in Chongqing be 31°C on September 1?,"[""Yes"", ""No""]","[""0.003"", ""0.997""]",169.69299999999998,1,35.0,32.4,36.0
1788200126.4,Highest temperature in Chongqing on September 1?,Chongqing,2026-09-01,3992456,highest-temperature-in-chongqing-on-september-1-2026-32c,Will the highest temperature in Chongqing be 32°C on September 1?,"[""Yes"", ""No""]","[""0.02"", ""0.98""]",347.336282,1,35.0,32.4,36.0
1788200126.4,Highest temperature in Chongqing on September 1?,Chongqing,2026-09-01,3992457,highest-temperature-in-chongqing-on-september-1-2026-33c,Will the highest temperature in Chongqing be 33°C on September 1?,"[""Yes"", ""No""]","[""0.065"", ""0.935""]",292.937671,1,35.0,32.4,36.0
1788200126.4,Highest temperature in Chongqing on September 1?,Chongqing,2026-09-01,3992458,highest-temperature-in-chongqing-on-september-1-2026-34c,Will the highest temperature in Chongqing be 34°C on September 1?,"[""Yes"", ""No""]","[""0.195"", ""0.805""]",696.0291890000001,1,35.0,32.4,36.0
1788200126.4,Highest temperature in Chongqing on September 1?,Chongqing,2026-09-01,3992459,highest-temperature-in-chongqing-on-september-1-2026-35c,Will the highest temperature in Chongqing be 35°C on September 1?,"[""Yes"", ""No""]","[""0.53"", ""0.47""]",982.8424929999999,1,35.0,32.4,36.0
1788200126.4,Highest temperature in Chongqing on September 1?,Chongqing,2026-09-01,3992460,highest-temperature-in-chongqing-on-september-1-2026-36c,Will the highest temperature in Chongqing be 36°C on September 1?,"[""Yes"", ""No""]","[""0.175"", ""0.825""]",931.7008950000002,1,35.0,32.4,36.0
1788200126.4,Highest temperature in Chongqing on September 1?,Chongqing,2026-09-01,3992461,highest-temperature-in-chongqing-on-september-1-2026-37c,Will the highest temperature in Chongqing be 37°C on September 1?,"[""Yes"", ""No""]","[""0.02"", ""0.98""]",1562.39238,1,35.0,32.4,36.0
1788200126.4,Highest temperature in Chongqing on September 1?,Chongqing,2026-09-01,3992462,highest-temperature-in-chongqing-on-september-1-2026-38c,Will the highest temperature in Chongqing be 38°C on September 1?,"[""Yes"", ""No""]","[""0.0065"", ""0.9935""]",544.258833,1,35.0,32.4,36.0
1788200126.4,Highest temperature in Chongqing on September 1?,Chongqing,2026-09-01,3992463,highest-temperature-in-chongqing-on-september-1-2026-39corhigher,Will the highest temperature in Chongqing be 39°C or higher on September 1?,"[""Yes"", ""No""]","[""0.002"", ""0.998""]",1019.904512,1,35.0,32.4,36.0
1788200126.4,Highest temperature in Beijing on September 1?,Beijing,2026-09-01,3992464,highest-temperature-in-beijing-on-september-1-2026-24corbelow,Will the highest temperature in Beijing be 24°C or below on September 1?,"[""Yes"", ""No""]","[""0.0005"", ""0.9995""]",424.842,1,30.0,27.8,30.2
1788200126.4,Highest temperature in Beijing on September 1?,Beijing,2026-09-01,3992465,highest-temperature-in-beijing-on-september-1-2026-25c,Will the highest temperature in Beijing be 25°C on September 1?,"[""Yes"", ""No""]","[""0.0005"", ""0.9995""]",509.1569999999999,1,30.0,27.8,30.2
1788200126.4,Highest temperature in Beijing on September 1?,Beijing,2026-09-01,3992466,highest-temperature-in-beijing-on-september-1-2026-26c,Will the highest temperature in Beijing be 26°C on September 1?,"[""Yes"", ""No""]","[""0.003"", ""0.997""]",178.18300000000002,1,30.0,27.8,30.2
1788200126.4,Highest temperature in Beijing on September 1?,Beijing,2026-09-01,3992467,highest-temperature-in-beijing-on-september-1-2026-27c,Will the highest temperature in Beijing be 27°C on September 1?,"[""Yes"", ""No""]","[""0.007"", ""0.993""]",739.7932330000001,1,30.0,27.8,30.2
1788200126.4,Highest temperature in Beijing on September 1?,Beijing,2026-09-01,3992468,highest-temperature-in-beijing-on-september-1-2026-28c,Will the highest temperature in Beijing be 28°C on September 1?,"[""Yes"", ""No""]","[""0.025"", ""0.975""]",1262.514568,1,30.0,27.8,30.2
1788200126.4,Highest temperature in Beijing on September 1?,Beijing,2026-09-01,3992469,highest-temperature-in-beijing-on-september-1-2026-29c,Will the highest temperature in Beijing be 29°C on September 1?,"[""Yes"", ""No""]","[""0.14"", ""0.86""]",1522.920225,1,30.0,27.8,30.2
1788200126.4,Highest temperature in Beijing on September 1?,Beijing,2026-09-01,3992470,highest-temperature-in-beijing-on-september-1-2026-30c,Will the highest temperature in Beijing be 30°C on September 1?,"[""Yes"", ""No""]","[""0.505"", ""0.495""]",1308.4824019999999,1,30.0,27.8,30.2
1788200126.4,Highest temperature in Beijing on September 1?,Beijing,2026-09-01,3992471,highest-temperature-in-beijing-on-september-1-2026-31c,Will the highest temperature in Beijing be 31°C on September 1?,"[""Yes"", ""No""]","[""0.275"", ""0.725""]",564.593614,1,30.0,27.8,30.2
1788200126.4,Highest temperature in Beijing on September 1?,Beijing,2026-09-01,3992472,highest-temperature-in-beijing-on-september-1-2026-32c,Will the highest temperature in Beijing be 32°C on September 1?,"[""Yes"", ""No""]","[""0.065"", ""0.935""]",518.1122369999999,1,30.0,27.8,30.2
1788200126.4,Highest temperature in Beijing on September 1?,Beijing,2026-09-01,3992473,highest-temperature-in-beijing-on-september-1-2026-33c,Will the highest temperature in Beijing be 33°C on September 1?,"[""Yes"", ""No""]","[""0.0155"", ""0.9845""]",630.3836170000001,1,30.0,27.8,30.2
1788200126.4,Highest temperature in Beijing on September 1?,Beijing,2026-09-01,3992474,highest-temperature-in-beijing-on-september-1-2026-34corhigher,Will the highest temperature in Beijing be 34°C or higher on September 1?,"[""Yes"", ""No""]","[""0.004"", ""0.996""]",547.616865,1,30.0,27.8,30.2
1788200126.4,Highest temperature in Wuhan on September 1?,Wuhan,2026-09-01,3992475,highest-temperature-in-wuhan-on-september-1-2026-23corbelow,Will the highest temperature in Wuhan be 23°C or below on September 1?,"[""Yes"", ""No""]","[""0.0005"", ""0.9995""]",119.997,1,28.3,27.1,27.7
1788200126.4,Highest temperature in Wuhan on September 1?,Wuhan,2026-09-01,3992476,highest-temperature-in-wuhan-on-september-1-2026-24c,Will the highest temperature in Wuhan be 24°C on September 1?,"[""Yes"", ""No""]","[""0.0005"", ""0.9995""]",338.234019,1,28.3,27.1,27.7
1788200126.4,Highest temperature in Wuhan on September 1?,Wuhan,2026-09-01,3992477,highest-temperature-in-wuhan-on-september-1-2026-25c,Will the highest temperature in Wuhan be 25°C on September 1?,"[""Yes"", ""No""]","[""0.0005"", ""0.9995""]",1964.165983,1,28.3,27.1,27.7
1788200126.4,Highest temperature in Wuhan on September 1?,Wuhan,2026-09-01,3992478,highest-temperature-in-wuhan-on-september-1-2026-26c,Will the highest temperature in Wuhan be 26°C on September 1?,"[""Yes"", ""No""]","[""0.105"", ""0.895""]",1183.121066,1,28.3,27.1,27.7
1788200126.4,Highest temperature in Wuhan on September 1?,Wuhan,2026-09-01,3992479,highest-temperature-in-wuhan-on-september-1-2026-27c,Will the highest temperature in Wuhan be 27°C on September 1?,"[""Yes"", ""No""]","[""0.215"", ""0.785""]",1746.465672,1,28.3,27.1,27.7
1788200126.4,Highest temperature in Wuhan on September 1?,Wuhan,2026-09-01,3992480,highest-temperature-in-wuhan-on-september-1-2026-28c,Will the highest temperature in Wuhan be 28°C on September 1?,"[""Yes"", ""No""]","[""0.325"", ""0.675""]",1169.8206340000002,1,28.3,27.1,27.7
1788200126.4,Highest temperature in Wuhan on September 1?,Wuhan,2026-09-01,3992481,highest-temperature-in-wuhan-on-september-1-2026-29c,Will the highest temperature in Wuhan be 29°C on September 1?,"[""Yes"", ""No""]","[""0.25"", ""0.75""]",783.0561109999999,1,28.3,27.1,27.7
1788200126.4,Highest temperature in Wuhan on September 1?,Wuhan,2026-09-01,3992482,highest-temperature-in-wuhan-on-september-1-2026-30c,Will the highest temperature in Wuhan be 30°C on September 1?,"[""Yes"", ""No""]","[""0.075"", ""0.925""]",613.10389,1,28.3,27.1,27.7
1788200126.4,Highest temperature in Wuhan on September 1?,Wuhan,2026-09-01,3992483,highest-temperature-in-wuhan-on-september-1-2026-31c,Will the highest temperature in Wuhan be 31°C on September 1?,"[""Yes"", ""No""]","[""0.02"", ""0.98""]",1420.7539679999998,1,28.3,27.1,27.7
1788200126.4,Highest temperature in Wuhan on September 1?,Wuhan,2026-09-01,3992484,highest-temperature-in-wuhan-on-september-1-2026-32c,Will the highest temperature in Wuhan be 32°C on September 1?,"[""Yes"", ""No""]","[""0.0065"", ""0.9935""]",482.181535,1,28.3,27.1,27.7
1788200126.4,Highest temperature in Wuhan on September 1?,Wuhan,2026-09-01,3992485,highest-temperature-in-wuhan-on-september-1-2026-33corhigher,Will the highest temperature in Wuhan be 33°C or higher on September 1?,"[""Yes"", ""No""]","[""0.0015"", ""0.9985""]",1010.8665999999998,1,28.3,27.1,27.7
1788200126.4,Highest temperature in Chengdu on September 1?,Chengdu,2026-09-01,3992486,highest-temperature-in-chengdu-on-september-1-2026-28corbelow,Will the highest temperature in Chengdu be 28°C or below on September 1?,"[""Yes"", ""No""]","[""0.0005"", ""0.9995""]",109.991,1,33.0,32.6,33.9
1788200126.4,Highest temperature in Chengdu on September 1?,Chengdu,2026-09-01,3992487,highest-temperature-in-chengdu-on-september-1-2026-29c,Will the highest temperature in Chengdu be 29°C on September 1?,"[""Yes"", ""No""]","[""0.0005"", ""0.9995""]",123.99099999999999,1,33.0,32.6,33.9
1788200126.4,Highest temperature in Chengdu on September 1?,Chengdu,2026-09-01,3992488,highest-temperature-in-chengdu-on-september-1-2026-30c,Will the highest temperature in Chengdu be 30°C on September 1?,"[""Yes"", ""No""]","[""0.0035"", ""0.9965""]",1115.2831999999999,1,33.0,32.6,33.9
1788200126.4,Highest temperature in Chengdu on September 1?,Chengdu,2026-09-01,3992489,highest-temperature-in-chengdu-on-september-1-2026-31c,Will the highest temperature in Chengdu be 31°C on September 1?,"[""Yes"", ""No""]","[""0.006"", ""0.994""]",692.3105089999999,1,33.0,32.6,33.9
1788200126.4,Highest temperature in Chengdu on September 1?,Chengdu,2026-09-01,3992490,highest-temperature-in-chengdu-on-september-1-2026-32c,Will the highest temperature in Chengdu be 32°C on September 1?,"[""Yes"", ""No""]","[""0.03"", ""0.97""]",986.313566,1,33.0,32.6,33.9
1788200126.4,Highest temperature in Chengdu on September 1?,Chengdu,2026-09-01,3992491,highest-temperature-in-chengdu-on-september-1-2026-33c,Will the highest temperature in Chengdu be 33°C on September 1?,"[""Yes"", ""No""]","[""0.115"", ""0.885""]",743.035737,1,33.0,32.6,33.9
1788200126.4,Highest temperature in Chengdu on September 1?,Chengdu,2026-09-01,3992492,highest-temperature-in-chengdu-on-september-1-2026-34c,Will the highest temperature in Chengdu be 34°C on September 1?,"[""Yes"", ""No""]","[""0.375"", ""0.625""]",2290.488872,1,33.0,32.6,33.9
1788200126.4,Highest temperature in Chengdu on September 1?,Chengdu,2026-09-01,3992493,highest-temperature-in-chengdu-on-september-1-2026-35c,Will the highest temperature in Chengdu be 35°C on September 1?,"[""Yes"", ""No""]","[""0.385"", ""0.615""]",2102.6308740000004,1,33.0,32.6,33.9
1788200126.4,Highest temperature in Chengdu on September 1?,Chengdu,2026-09-01,3992494,highest-temperature-in-chengdu-on-september-1-2026-36c,Will the highest temperature in Chengdu be 36°C on September 1?,"[""Yes"", ""No""]","[""0.125"", ""0.875""]",1291.864892,1,33.0,32.6,33.9
1788200126.4,Highest temperature in Chengdu on September 1?,Chengdu,2026-09-01,3992495,highest-temperature-in-chengdu-on-september-1-2026-37c,Will the highest temperature in Chengdu be 37°C on September 1?,"[""Yes"", ""No""]","[""0.02"", ""0.98""]",1798.8186999999998,1,33.0,32.6,33.9
1788200126.4,Highest temperature in Chengdu on September 1?,Chengdu,2026-09-01,3992496,highest-temperature-in-chengdu-on-september-1-2026-38corhigher,Will the highest temperature in Chengdu be 38°C or higher on September 1?,"[""Yes"", ""No""]","[""0.006"", ""0.994""]",1035.411932,1,33.0,32.6,33.9
1788200126.4,Highest temperature in Shenzhen on September 1?,Shenzhen,2026-09-01,3992497,highest-temperature-in-shenzhen-on-september-1-2026-24corbelow,Will the highest temperature in Shenzhen be 24°C or below on September 1?,"[""Yes"", ""No""]","[""0.0005"", ""0.9995""]",295.995,1,28.0,29.2,28.7
1788200126.4,Highest temperature in Shenzhen on September 1?,Shenzhen,2026-09-01,3992498,highest-temperature-in-shenzhen-on-september-1-2026-25c,Will the highest temperature in Shenzhen be 25°C on September 1?,"[""Yes"", ""No""]","[""0.0005"", ""0.9995""]",237.918,1,28.0,29.2,28.7
1788200126.4,Highest temperature in Shenzhen on September 1?,Shenzhen,2026-09-01,3992499,highest-temperature-in-shenzhen-on-september-1-2026-26c,Will the highest temperature in Shenzhen be 26°C on September 1?,"[""Yes"", ""No""]","[""0.0005"", ""0.9995""]",294.844,1,28.0,29.2,28.7
1788200126.4,Highest temperature in Shenzhen on September 1?,Shenzhen,2026-09-01,3992500,highest-temperature-in-shenzhen-on-september-1-2026-27c,Will the highest temperature in Shenzhen be 27°C on September 1?,"[""Yes"", ""No""]","[""0.015"", ""0.985""]",707.114177,1,28.0,29.2,28.7
1788200126.4,Highest temperature in Shenzhen on September 1?,Shenzhen,2026-09-01,3992501,highest-temperature-in-shenzhen-on-september-1-2026-28c,Will the highest temperature in Shenzhen be 28°C on September 1?,"[""Yes"", ""No""]","[""0.054"", ""0.946""]",6362.7237110000015,1,28.0,29.2,28.7
1788200126.4,Highest temperature in Shenzhen on September 1?,Shenzhen,2026-09-01,3992502,highest-temperature-in-shenzhen-on-september-1-2026-29c,Will the highest temperature in Shenzhen be 29°C on September 1?,"[""Yes"", ""No""]","[""0.205"", ""0.795""]",1923.7003160000002,1,28.0,29.2,28.7
1788200126.4,Highest temperature in Shenzhen on September 1?,Shenzhen,2026-09-01,3992503,highest-temperature-in-shenzhen-on-september-1-2026-30c,Will the highest temperature in Shenzhen be 30°C on September 1?,"[""Yes"", ""No""]","[""0.37"", ""0.63""]",1917.7370689999998,1,28.0,29.2,28.7
1788200126.4,Highest temperature in Shenzhen on September 1?,Shenzhen,2026-09-01,3992504,highest-temperature-in-shenzhen-on-september-1-2026-31c,Will the highest temperature in Shenzhen be 31°C on September 1?,"[""Yes"", ""No""]","[""0.325"", ""0.675""]",1644.3783099999998,1,28.0,29.2,28.7
1788200126.4,Highest temperature in Shenzhen on September 1?,Shenzhen,2026-09-01,3992505,highest-temperature-in-shenzhen-on-september-1-2026-32c,Will the highest temperature in Shenzhen be 32°C on September 1?,"[""Yes"", ""No""]","[""0.065"", ""0.935""]",2451.340904,1,28.0,29.2,28.7
1788200126.4,Highest temperature in Shenzhen on September 1?,Shenzhen,2026-09-01,3992506,highest-temperature-in-shenzhen-on-september-1-2026-33c,Will the highest temperature in Shenzhen be 33°C on September 1?,"[""Yes"", ""No""]","[""0.015"", ""0.985""]",1794.7806459999997,1,28.0,29.2,28.7
1788200126.4,Highest temperature in Shenzhen on September 1?,Shenzhen,2026-09-01,3992507,highest-temperature-in-shenzhen-on-september-1-2026-34corhigher,Will the highest temperature in Shenzhen be 34°C or higher on September 1?,"[""Yes"", ""No""]","[""0.006"", ""0.994""]",1504.672564,1,28.0,29.2,28.7
1788200126.4,Highest temperature in Moscow on September 1?,Moscow,2026-09-01,3992508,highest-temperature-in-moscow-on-september-1-2026-18corbelow,Will the highest temperature in Moscow be 18°C or below on September 1?,"[""Yes"", ""No""]","[""0.0005"", ""0.9995""]",275.995,1,25.5,24.0,24.7
1788200126.4,Highest temperature in Moscow on September 1?,Moscow,2026-09-01,3992509,highest-temperature-in-moscow-on-september-1-2026-19c,Will the highest temperature in Moscow be 19°C on September 1?,"[""Yes"", ""No""]","[""0.0005"", ""0.9995""]",275.991,1,25.5,24.0,24.7
1788200126.4,Highest temperature in Moscow on September 1?,Moscow,2026-09-01,3992510,highest-temperature-in-moscow-on-september-1-2026-20c,Will the highest temperature in Moscow be 20°C on September 1?,"[""Yes"", ""No""]","[""0.0015"", ""0.9985""]",555.19,1,25.5,24.0,24.7
1788200126.4,Highest temperature in Moscow on September 1?,Moscow,2026-09-01,3992511,highest-temperature-in-moscow-on-september-1-2026-21c,Will the highest temperature in Moscow be 21°C on September 1?,"[""Yes"", ""No""]","[""0.0045"", ""0.9955""]",579.5853689999999,1,25.5,24.0,24.7
1788200126.4,Highest temperature in Moscow on September 1?,Moscow,2026-09-01,3992512,highest-temperature-in-moscow-on-september-1-2026-22c,Will the highest temperature in Moscow be 22°C on September 1?,"[""Yes"", ""No""]","[""0.0295"", ""0.9705""]",1448.4789360000002,1,25.5,24.0,24.7
1788200126.4,Highest temperature in Moscow on September 1?,Moscow,2026-09-01,3992513,highest-temperature-in-moscow-on-september-1-2026-23c,Will the highest temperature in Moscow be 23°C on September 1?,"[""Yes"", ""No""]","[""0.105"", ""0.895""]",1303.0958759999999,1,25.5,24.0,24.7
1788200126.4,Highest temperature in Moscow on September 1?,Moscow,2026-09-01,3992514,highest-temperature-in-moscow-on-september-1-2026-24c,Will the highest temperature in Moscow be 24°C on September 1?,"[""Yes"", ""No""]","[""0.24"", ""0.76""]",1239.9584689999997,1,25.5,24.0,24.7
1788200126.4,Highest temperature in Moscow on September 1?,Moscow,2026-09-01,3992515,highest-temperature-in-moscow-on-september-1-2026-25c,Will the highest temperature in Moscow be 25°C on September 1?,"[""Yes"", ""No""]","[""0.49"", ""0.51""]",717.2910179999999,1,25.5,24.0,24.7
1788200126.4,Highest temperature in Moscow on September 1?,Moscow,2026-09-01,3992516,highest-temperature-in-moscow-on-september-1-2026-26c,Will the highest temperature in Moscow be 26°C on September 1?,"[""Yes"", ""No""]","[""0.145"", ""0.855""]",1274.4865140000002,1,25.5,24.0,24.7
1788200126.4,Highest temperature in Moscow on September 1?,Moscow,2026-09-01,3992517,highest-temperature-in-moscow-on-september-1-2026-27c,Will the highest temperature in Moscow be 27°C on September 1?,"[""Yes"", ""No""]","[""0.015"", ""0.985""]",645.4237529999999,1,25.5,24.0,24.7
1788200126.4,Highest temperature in Moscow on September 1?,Moscow,2026-09-01,3992518,highest-temperature-in-moscow-on-september-1-2026-28corhigher,Will the highest temperature in Moscow be 28°C or higher on September 1?,"[""Yes"", ""No""]","[""0.0005"", ""0.9995""]",542.550201,1,25.5,24.0,24.7
1788200126.4,Highest temperature in Istanbul on September 1?,Istanbul,2026-09-01,3992519,highest-temperature-in-istanbul-on-september-1-2026-22corbelow,Will the highest temperature in Istanbul be 22°C or below on September 1?,"[""Yes"", ""No""]","[""0.0015"", ""0.9985""]",158.0187,1,29.2,28.5,28.7
1788200126.4,Highest temperature in Istanbul on September 1?,Istanbul,2026-09-01,3992520,highest-temperature-in-istanbul-on-september-1-2026-23c,Will the highest temperature in Istanbul be 23°C on September 1?,"[""Yes"", ""No""]","[""0.0055"", ""0.9945""]",272.68229999999994,1,29.2,28.5,28.7
1788200126.4,Highest temperature in Istanbul on September 1?,Istanbul,2026-09-01,3992521,highest-temperature-in-istanbul-on-september-1-2026-24c,Will the highest temperature in Istanbul be 24°C on September 1?,"[""Yes"", ""No""]","[""0.0015"", ""0.9985""]",162.7525,1,29.2,28.5,28.7
1788200126.4,Highest temperature in Istanbul on September 1?,Istanbul,2026-09-01,3992522,highest-temperature-in-istanbul-on-september-1-2026-25c,Will the highest temperature in Istanbul be 25°C on September 1?,"[""Yes"", ""No""]","[""0.025"", ""0.975""]",476.19128300000006,1,29.2,28.5,28.7
1788200126.4,Highest temperature in Istanbul on September 1?,Istanbul,2026-09-01,3992523,highest-temperature-in-istanbul-on-september-1-2026-26c,Will the highest temperature in Istanbul be 26°C on September 1?,"[""Yes"", ""No""]","[""0.515"", ""0.485""]",943.5476519999999,1,29.2,28.5,28.7
1788200126.4,Highest temperature in Istanbul on September 1?,Istanbul,2026-09-01,3992524,highest-temperature-in-istanbul-on-september-1-2026-27c,Will the highest temperature in Istanbul be 27°C on September 1?,"[""Yes"", ""No""]","[""0.43"", ""0.57""]",1003.437122,1,29.2,28.5,28.7
1788200126.4,Highest temperature in Istanbul on September 1?,Istanbul,2026-09-01,3992525,highest-temperature-in-istanbul-on-september-1-2026-28c,Will the highest temperature in Istanbul be 28°C on September 1?,"[""Yes"", ""No""]","[""0.045"", ""0.955""]",184.03006600000003,1,29.2,28.5,28.7
1788200126.4,Highest temperature in Istanbul on September 1?,Istanbul,2026-09-01,3992526,highest-temperature-in-istanbul-on-september-1-2026-29c,Will the highest temperature in Istanbul be 29°C on September 1?,"[""Yes"", ""No""]","[""0.0055"", ""0.9945""]",264.774,1,29.2,28.5,28.7
1788200126.4,Highest temperature in Istanbul on September 1?,Istanbul,2026-09-01,3992527,highest-temperature-in-istanbul-on-september-1-2026-30c,Will the highest temperature in Istanbul be 30°C on September 1?,"[""Yes"", ""No""]","[""0.0015"", ""0.9985""]",107.776,1,29.2,28.5,28.7
1788200126.4,Highest temperature in Istanbul on September 1?,Istanbul,2026-09-01,3992528,highest-temperature-in-istanbul-on-september-1-2026-31c,Will the highest temperature in Istanbul be 31°C on September 1?,"[""Yes"", ""No""]","[""0.0015"", ""0.9985""]",107.776,1,29.2,28.5,28.7
1788200126.4,Highest temperature in Istanbul on September 1?,Istanbul,2026-09-01,3992529,highest-temperature-in-istanbul-on-september-1-2026-32corhigher,Will the highest temperature in Istanbul be 32°C or higher on September 1?,"[""Yes"", ""No""]","[""0.0005"", ""0.9995""]",267.98199999999997,1,29.2,28.5,28.7
1788200126.4,Highest temperature in Busan on September 1?,Busan,2026-09-01,3992530,highest-temperature-in-busan-on-september-1-2026-26corbelow,Will the highest temperature in Busan be 26°C or below on September 1?,"[""Yes"", ""No""]","[""0.0005"", ""0.9995""]",283.337,1,29.5,29.8,28.9
1788200126.4,Highest temperature in Busan on September 1?,Busan,2026-09-01,3992531,highest-temperature-in-busan-on-september-1-2026-27c,Will the highest temperature in Busan be 27°C on September 1?,"[""Yes"", ""No""]","[""0.0025"", ""0.9975""]",214.9797,1,29.5,29.8,28.9
1788200126.4,Highest temperature in Busan on September 1?,Busan,2026-09-01,3992532,highest-temperature-in-busan-on-september-1-2026-28c,Will the highest temperature in Busan be 28°C on September 1?,"[""Yes"", ""No""]","[""0.003"", ""0.997""]",241.18095000000002,1,29.5,29.8,28.9
1788200126.4,Highest temperature in Busan on September 1?,Busan,2026-09-01,3992533,highest-temperature-in-busan-on-september-1-2026-29c,Will the highest temperature in Busan be 29°C on September 1?,"[""Yes"", ""No""]","[""0.02"", ""0.98""]",400.383766,1,29.5,29.8,28.9
1788200126.4,Highest temperature in Busan on September 1?,Busan,2026-09-01,3992534,highest-temperature-in-busan-on-september-1-2026-30c,Will the highest temperature in Busan be 30°C on September 1?,"[""Yes"", ""No""]","[""0.07"", ""0.93""]",583.940558,1,29.5,29.8,28.9
1788200126.4,Highest temperature in Busan on September 1?,Busan,2026-09-01,3992535,highest-temperature-in-busan-on-september-1-2026-31c,Will the highest temperature in Busan be 31°C on September 1?,"[""Yes"", ""No""]","[""0.3"", ""0.7""]",1383.9030639999996,1,29.5,29.8,28.9
1788200126.4,Highest temperature in Busan on September 1?,Busan,2026-09-01,3992536,highest-temperature-in-busan-on-september-1-2026-32c,Will the highest temperature in Busan be 32°C on September 1?,"[""Yes"", ""No""]","[""0.465"", ""0.535""]",2597.464728,1,29.5,29.8,28.9
1788200126.4,Highest temperature in Busan on September 1?,Busan,2026-09-01,3992537,highest-temperature-in-busan-on-september-1-2026-33c,Will the highest temperature in Busan be 33°C on September 1?,"[""Yes"", ""No""]","[""0.135"", ""0.865""]",2395.201623,1,29.5,29.8,28.9
1788200126.4,Highest temperature in Busan on September 1?,Busan,2026-09-01,3992538,highest-temperature-in-busan-on-september-1-2026-34c,Will the highest temperature in Busan be 34°C on September 1?,"[""Yes"", ""No""]","[""0.016"", ""0.984""]",1133.509039,1,29.5,29.8,28.9
1788200126.4,Highest temperature in Busan on September 1?,Busan,2026-09-01,3992539,highest-temperature-in-busan-on-september-1-2026-35c,Will the highest temperature in Busan be 35°C on September 1?,"[""Yes"", ""No""]","[""0.006"", ""0.994""]",583.704966,1,29.5,29.8,28.9
1788200126.4,Highest temperature in Busan on September 1?,Busan,2026-09-01,3992540,highest-temperature-in-busan-on-september-1-2026-36corhigher,Will the highest temperature in Busan be 36°C or higher on September 1?,"[""Yes"", ""No""]","[""0.0005"", ""0.9995""]",187.982,1,29.5,29.8,28.9
1788200126.4,Highest temperature in Amsterdam on September 1?,Amsterdam,2026-09-01,3992541,highest-temperature-in-amsterdam-on-september-1-2026-15corbelow,Will the highest temperature in Amsterdam be 15°C or below on September 1?,"[""Yes"", ""No""]","[""0.0005"", ""0.9995""]",244.991,1,20.0,19.1,19.6
1788200126.4,Highest temperature in Amsterdam on September 1?,Amsterdam,2026-09-01,3992542,highest-temperature-in-amsterdam-on-september-1-2026-16c,Will the highest temperature in Amsterdam be 16°C on September 1?,"[""Yes"", ""No""]","[""0.0005"", ""0.9995""]",175.269,1,20.0,19.1,19.6
1788200126.4,Highest temperature in Amsterdam on September 1?,Amsterdam,2026-09-01,3992543,highest-temperature-in-amsterdam-on-september-1-2026-17c,Will the highest temperature in Amsterdam be 17°C on September 1?,"[""Yes"", ""No""]","[""0.0005"", ""0.9995""]",278.841633,1,20.0,19.1,19.6
1788200126.4,Highest temperature in Amsterdam on September 1?,Amsterdam,2026-09-01,3992544,highest-temperature-in-amsterdam-on-september-1-2026-18c,Will the highest temperature in Amsterdam be 18°C on September 1?,"[""Yes"", ""No""]","[""0.0075"", ""0.9925""]",514.3023159999999,1,20.0,19.1,19.6
1788200126.4,Highest temperature in Amsterdam on September 1?,Amsterdam,2026-09-01,3992545,highest-temperature-in-amsterdam-on-september-1-2026-19c,Will the highest temperature in Amsterdam be 19°C on September 1?,"[""Yes"", ""No""]","[""0.1"", ""0.9""]",1201.9051399999998,1,20.0,19.1,19.6
1788200126.4,Highest temperature in Amsterdam on September 1?,Amsterdam,2026-09-01,3992546,highest-temperature-in-amsterdam-on-september-1-2026-20c,Will the highest temperature in Amsterdam be 20°C on September 1?,"[""Yes"", ""No""]","[""0.655"", ""0.345""]",3535.666996000001,1,20.0,19.1,19.6
1788200126.4,Highest temperature in Amsterdam on September 1?,Amsterdam,2026-09-01,3992547,highest-temperature-in-amsterdam-on-september-1-2026-21c,Will the highest temperature in Amsterdam be 21°C on September 1?,"[""Yes"", ""No""]","[""0.235"", ""0.765""]",6755.055987999998,1,20.0,19.1,19.6
1788200126.4,Highest temperature in Amsterdam on September 1?,Amsterdam,2026-09-01,3992548,highest-temperature-in-amsterdam-on-september-1-2026-22c,Will the highest temperature in Amsterdam be 22°C on September 1?,"[""Yes"", ""No""]","[""0.02"", ""0.98""]",799.779399,1,20.0,19.1,19.6
1788200126.4,Highest temperature in Amsterdam on September 1?,Amsterdam,2026-09-01,3992549,highest-temperature-in-amsterdam-on-september-1-2026-23c,Will the highest temperature in Amsterdam be 23°C on September 1?,"[""Yes"", ""No""]","[""0.0015"", ""0.9985""]",393.34900000000005,1,20.0,19.1,19.6
1788200126.4,Highest temperature in Amsterdam on September 1?,Amsterdam,2026-09-01,3992550,highest-temperature-in-amsterdam-on-september-1-2026-24c,Will the highest temperature in Amsterdam be 24°C on September 1?,"[""Yes"", ""No""]","[""0.0005"", ""0.9995""]",214.976,1,20.0,19.1,19.6
1788200126.4,Highest temperature in Amsterdam on September 1?,Amsterdam,2026-09-01,3992551,highest-temperature-in-amsterdam-on-september-1-2026-25corhigher,Will the highest temperature in Amsterdam be 25°C or higher on September 1?,"[""Yes"", ""No""]","[""0.0005"", ""0.9995""]",144.985,1,20.0,19.1,19.6
1788200126.4,Highest temperature in Helsinki on September 1?,Helsinki,2026-09-01,3992552,highest-temperature-in-helsinki-on-september-1-2026-13corbelow,Will the highest temperature in Helsinki be 13°C or below on September 1?,"[""Yes"", ""No""]","[""0.0005"", ""0.9995""]",163.99099999999999,1,20.4,19.2,18.7
1788200126.4,Highest temperature in Helsinki on September 1?,Helsinki,2026-09-01,3992553,highest-temperature-in-helsinki-on-september-1-2026-14c,Will the highest temperature in Helsinki be 14°C on September 1?,"[""Yes"", ""No""]","[""0.0005"", ""0.9995""]",163.97,1,20.4,19.2,18.7
1788200126.4,Highest temperature in Helsinki on September 1?,Helsinki,2026-09-01,3992554,highest-temperature-in-helsinki-on-september-1-2026-15c,Will the highest temperature in Helsinki be 15°C on September 1?,"[""Yes"", ""No""]","[""0.0005"", ""0.9995""]",273.96809900000005,1,20.4,19.2,18.7
1788200126.4,Highest temperature in Helsinki on September 1?,Helsinki,2026-09-01,3992555,highest-temperature-in-helsinki-on-september-1-2026-16c,Will the highest temperature in Helsinki be 16°C on September 1?,"[""Yes"", ""No""]","[""0.004"", ""0.996""]",182.41414699999999,1,20.4,19.2,18.7
1788200126.4,Highest temperature in Helsinki on September 1?,Helsinki,2026-09-01,3992556,highest-temperature-in-helsinki-on-september-1-2026-17c,Will the highest temperature in Helsinki be 17°C on September 1?,"[""Yes"", ""No""]","[""0.0115"", ""0.9885""]",141.96245,1,20.4,19.2,18.7
1788200126.4,Highest temperature in Helsinki on September 1?,Helsinki,2026-09-01,3992557,highest-temperature-in-helsinki-on-september-1-2026-18c,Will the highest temperature in Helsinki be 18°C on September 1?,"[""Yes"", ""No""]","[""0.035"", ""0.965""]",449.54694800000004,1,20.4,19.2,18.7
1788200126.4,Highest temperature in Helsinki on September 1?,Helsinki,2026-09-01,3992558,highest-temperature-in-helsinki-on-september-1-2026-19c,Will the highest temperature in Helsinki be 19°C on September 1?,"[""Yes"", ""No""]","[""0.215"", ""0.785""]",425.00390200000004,1,20.4,19.2,18.7
1788200126.4,Highest temperature in Helsinki on September 1?,Helsinki,2026-09-01,3992559,highest-temperature-in-helsinki-on-september-1-2026-20c,Will the highest temperature in Helsinki be 20°C on September 1?,"[""Yes"", ""No""]","[""0.575"", ""0.425""]",1476.6750819999997,1,20.4,19.2,18.7
1788200126.4,Highest temperature in Helsinki on September 1?,Helsinki,2026-09-01,3992560,highest-temperature-in-helsinki-on-september-1-2026-21c,Will the highest temperature in Helsinki be 21°C on September 1?,"[""Yes"", ""No""]","[""0.2"", ""0.8""]",1005.5862929999998,1,20.4,19.2,18.7
1788200126.4,Highest temperature in Helsinki on September 1?,Helsinki,2026-09-01,3992561,highest-temperature-in-helsinki-on-september-1-2026-22c,Will the highest temperature in Helsinki be 22°C on September 1?,"[""Yes"", ""No""]","[""0.0055"", ""0.9945""]",372.569933,1,20.4,19.2,18.7
1788200126.4,Highest temperature in Helsinki on September 1?,Helsinki,2026-09-01,3992562,highest-temperature-in-helsinki-on-september-1-2026-23corhigher,Will the highest temperature in Helsinki be 23°C or higher on September 1?,"[""Yes"", ""No""]","[""0.003"", ""0.997""]",172.0756,1,20.4,19.2,18.7
1788200126.4,Highest temperature in Kuala Lumpur on September 1?,Kuala Lumpur,2026-09-01,3992563,highest-temperature-in-kuala-lumpur-on-september-1-2026-28corbelow,Will the highest temperature in Kuala Lumpur be 28°C or below on September 1?,"[""Yes"", ""No""]","[""0.0005"", ""0.9995""]",292.453,1,34.7,33.1,33.8
1788200126.4,Highest temperature in Kuala Lumpur on September 1?,Kuala Lumpur,2026-09-01,3992564,highest-temperature-in-kuala-lumpur-on-september-1-2026-29c,Will the highest temperature in Kuala Lumpur be 29°C on September 1?,"[""Yes"", ""No""]","[""0.0005"", ""0.9995""]",165.20800000000003,1,34.7,33.1,33.8
1788200126.4,Highest temperature in Kuala Lumpur on September 1?,Kuala Lumpur,2026-09-01,3992565,highest-temperature-in-kuala-lumpur-on-september-1-2026-30c,Will the highest temperature in Kuala Lumpur be 30°C on September 1?,"[""Yes"", ""No""]","[""0.0005"", ""0.9995""]",305.2948,1,34.7,33.1,33.8
1788200126.4,Highest temperature in Kuala Lumpur on September 1?,Kuala Lumpur,2026-09-01,3992566,highest-temperature-in-kuala-lumpur-on-september-1-2026-31c,Will the highest temperature in Kuala Lumpur be 31°C on September 1?,"[""Yes"", ""No""]","[""0.0095"", ""0.9905""]",2486.3398039999997,1,34.7,33.1,33.8
1788200126.4,Highest temperature in Kuala Lumpur on September 1?,Kuala Lumpur,2026-09-01,3992567,highest-temperature-in-kuala-lumpur-on-september-1-2026-32c,Will the highest temperature in Kuala Lumpur be 32°C on September 1?,"[""Yes"", ""No""]","[""0.035"", ""0.965""]",5746.959163,1,34.7,33.1,33.8
1788200126.4,Highest temperature in Kuala Lumpur on September 1?,Kuala Lumpur,2026-09-01,3992568,highest-temperature-in-kuala-lumpur-on-september-1-2026-33c,Will the highest temperature in Kuala Lumpur be 33°C on September 1?,"[""Yes"", ""No""]","[""0.265"", ""0.735""]",1667.242499,1,34.7,33.1,33.8
1788200126.4,Highest temperature in Kuala Lumpur on September 1?,Kuala Lumpur,2026-09-01,3992569,highest-temperature-in-kuala-lumpur-on-september-1-2026-34c,Will the highest temperature in Kuala Lumpur be 34°C on September 1?,"[""Yes"", ""No""]","[""0.645"", ""0.355""]",1517.0438600000002,1,34.7,33.1,33.8
1788200126.4,Highest temperature in Kuala Lumpur on September 1?,Kuala Lumpur,2026-09-01,3992570,highest-temperature-in-kuala-lumpur-on-september-1-2026-35c,Will the highest temperature in Kuala Lumpur be 35°C on September 1?,"[""Yes"", ""No""]","[""0.075"", ""0.925""]",1070.696144,1,34.7,33.1,33.8
1788200126.4,Highest temperature in Kuala Lumpur on September 1?,Kuala Lumpur,2026-09-01,3992571,highest-temperature-in-kuala-lumpur-on-september-1-2026-36c,Will the highest temperature in Kuala Lumpur be 36°C on September 1?,"[""Yes"", ""No""]","[""0.003"", ""0.997""]",849.566299,1,34.7,33.1,33.8
1788200126.4,Highest temperature in Kuala Lumpur on September 1?,Kuala Lumpur,2026-09-01,3992572,highest-temperature-in-kuala-lumpur-on-september-1-2026-37c,Will the highest temperature in Kuala Lumpur be 37°C on September 1?,"[""Yes"", ""No""]","[""0.0005"", ""0.9995""]",722.6560000000001,1,34.7,33.1,33.8
1788200126.4,Highest temperature in Kuala Lumpur on September 1?,Kuala Lumpur,2026-09-01,3992573,highest-temperature-in-kuala-lumpur-on-september-1-2026-38corhigher,Will the highest temperature in Kuala Lumpur be 38°C or higher on September 1?,"[""Yes"", ""No""]","[""0.0005"", ""0.9995""]",236.376,1,34.7,33.1,33.8
1788200126.4,Highest temperature in Jeddah on September 1?,Jeddah,2026-09-01,3992574,highest-temperature-in-jeddah-on-september-1-2026-31corbelow,Will the highest temperature in Jeddah be 31°C or below on September 1?,"[""Yes"", ""No""]","[""0.0005"", ""0.9995""]",199.00199999999998,1,38.2,38.1,36.9
1788200126.4,Highest temperature in Jeddah on September 1?,Jeddah,2026-09-01,3992575,highest-temperature-in-jeddah-on-september-1-2026-32c,Will the highest temperature in Jeddah be 32°C on September 1?,"[""Yes"", ""No""]","[""0.0005"", ""0.9995""]",194.99399999999997,1,38.2,38.1,36.9
1788200126.4,Highest temperature in Jeddah on September 1?,Jeddah,2026-09-01,3992576,highest-temperature-in-jeddah-on-september-1-2026-33c,Will the highest temperature in Jeddah be 33°C on September 1?,"[""Yes"", ""No""]","[""0.0015"", ""0.9985""]",199.956,1,38.2,38.1,36.9
1788200126.4,Highest temperature in Jeddah on September 1?,Jeddah,2026-09-01,3992577,highest-temperature-in-jeddah-on-september-1-2026-34c,Will the highest temperature in Jeddah be 34°C on September 1?,"[""Yes"", ""No""]","[""0.0055"", ""0.9945""]",154.99560000000002,1,38.2,38.1,36.9
1788200126.4,Highest temperature in Jeddah on September 1?,Jeddah,2026-09-01,3992578,highest-temperature-in-jeddah-on-september-1-2026-35c,Will the highest temperature in Jeddah be 35°C on September 1?,"[""Yes"", ""No""]","[""0.0075"", ""0.9925""]",11.102,1,38.2,38.1,36.9
1788200126.4,Highest temperature in Jeddah on September 1?,Jeddah,2026-09-01,3992579,highest-temperature-in-jeddah-on-september-1-2026-36c,Will the highest temperature in Jeddah be 36°C on September 1?,"[""Yes"", ""No""]","[""0.0605"", ""0.9395""]",186.659821,1,38.2,38.1,36.9
1788200126.4,Highest temperature in Jeddah on September 1?,Jeddah,2026-09-01,3992580,highest-temperature-in-jeddah-on-september-1-2026-37c,Will the highest temperature in Jeddah be 37°C on September 1?,"[""Yes"", ""No""]","[""0.155"", ""0.845""]",487.3638289999999,1,38.2,38.1,36.9
1788200126.4,Highest temperature in Jeddah on September 1?,Jeddah,2026-09-01,3992581,highest-temperature-in-jeddah-on-september-1-2026-38c,Will the highest temperature in Jeddah be 38°C on September 1?,"[""Yes"", ""No""]","[""0.43"", ""0.57""]",876.9486820000001,1,38.2,38.1,36.9
1788200126.4,Highest temperature in Jeddah on September 1?,Jeddah,2026-09-01,3992582,highest-temperature-in-jeddah-on-september-1-2026-39c,Will the highest temperature in Jeddah be 39°C on September 1?,"[""Yes"", ""No""]","[""0.305"", ""0.695""]",453.364682,1,38.2,38.1,36.9
1788200126.4,Highest temperature in Jeddah on September 1?,Jeddah,2026-09-01,3992583,highest-temperature-in-jeddah-on-september-1-2026-40c,Will the highest temperature in Jeddah be 40°C on September 1?,"[""Yes"", ""No""]","[""0.05"", ""0.95""]",328.933589,1,38.2,38.1,36.9
1788200126.4,Highest temperature in Jeddah on September 1?,Jeddah,2026-09-01,3992584,highest-temperature-in-jeddah-on-september-1-2026-41corhigher,Will the highest temperature in Jeddah be 41°C or higher on September 1?,"[""Yes"", ""No""]","[""0.025"", ""0.975""]",341.85405,1,38.2,38.1,36.9
1788200126.4,Highest temperature in Cape Town on September 1?,Cape Town,2026-09-01,3992585,highest-temperature-in-cape-town-on-september-1-2026-15corbelow,Will the highest temperature in Cape Town be 15°C or below on September 1?,"[""Yes"", ""No""]","[""0.003"", ""0.997""]",366.29699999999997,1,19.8,19.1,19.0
1788200126.4,Highest temperature in Cape Town on September 1?,Cape Town,2026-09-01,3992586,highest-temperature-in-cape-town-on-september-1-2026-16c,Will the highest temperature in Cape Town be 16°C on September 1?,"[""Yes"", ""No""]","[""0.002"", ""0.998""]",186.175019,1,19.8,19.1,19.0
1788200126.4,Highest temperature in Cape Town on September 1?,Cape Town,2026-09-01,3992587,highest-temperature-in-cape-town-on-september-1-2026-17c,Will the highest temperature in Cape Town be 17°C on September 1?,"[""Yes"", ""No""]","[""0.05"", ""0.95""]",596.266125,1,19.8,19.1,19.0
1788200126.4,Highest temperature in Cape Town on September 1?,Cape Town,2026-09-01,3992588,highest-temperature-in-cape-town-on-september-1-2026-18c,Will the highest temperature in Cape Town be 18°C on September 1?,"[""Yes"", ""No""]","[""0.41"", ""0.59""]",2200.364488,1,19.8,19.1,19.0
1788200126.4,Highest temperature in Cape Town on September 1?,Cape Town,2026-09-01,3992589,highest-temperature-in-cape-town-on-september-1-2026-19c,Will the highest temperature in Cape Town be 19°C on September 1?,"[""Yes"", ""No""]","[""0.445"", ""0.555""]",852.6454489999998,1,19.8,19.1,19.0
1788200126.4,Highest temperature in Cape Town on September 1?,Cape Town,2026-09-01,3992590,highest-temperature-in-cape-town-on-september-1-2026-20c,Will the highest temperature in Cape Town be 20°C on September 1?,"[""Yes"", ""No""]","[""0.115"", ""0.885""]",1375.278962,1,19.8,19.1,19.0
1788200126.4,Highest temperature in Cape Town on September 1?,Cape Town,2026-09-01,3992591,highest-temperature-in-cape-town-on-september-1-2026-21c,Will the highest temperature in Cape Town be 21°C on September 1?,"[""Yes"", ""No""]","[""0.0115"", ""0.9885""]",392.01320000000004,1,19.8,19.1,19.0
1788200126.4,Highest temperature in Cape Town on September 1?,Cape Town,2026-09-01,3992592,highest-temperature-in-cape-town-on-september-1-2026-22c,Will the highest temperature in Cape Town be 22°C on September 1?,"[""Yes"", ""No""]","[""0.0015"", ""0.9985""]",362.298,1,19.8,19.1,19.0
1788200126.4,Highest temperature in Cape Town on September 1?,Cape Town,2026-09-01,3992593,highest-temperature-in-cape-town-on-september-1-2026-23c,Will the highest temperature in Cape Town be 23°C on September 1?,"[""Yes"", ""No""]","[""0.0015"", ""0.9985""]",650.0889999999998,1,19.8,19.1,19.0
1788200126.4,Highest temperature in Cape Town on September 1?,Cape Town,2026-09-01,3992594,highest-temperature-in-cape-town-on-september-1-2026-24c,Will the highest temperature in Cape Town be 24°C on September 1?,"[""Yes"", ""No""]","[""0.0015"", ""0.9985""]",996.0649999999999,1,19.8,19.1,19.0
1788200126.4,Highest temperature in Cape Town on September 1?,Cape Town,2026-09-01,3992595,highest-temperature-in-cape-town-on-september-1-2026-25corhigher,Will the highest temperature in Cape Town be 25°C or higher on September 1?,"[""Yes"", ""No""]","[""0.0005"", ""0.9995""]",257.999,1,19.8,19.1,19.0
1788200126.4,Highest temperature in Guangzhou on September 1?,Guangzhou,2026-09-01,3992596,highest-temperature-in-guangzhou-on-september-1-2026-26corbelow,Will the highest temperature in Guangzhou be 26°C or below on September 1?,"[""Yes"", ""No""]","[""0.0005"", ""0.9995""]",397.96600000000007,1,28.1,30.8,29.0
1788200126.4,Highest temperature in Guangzhou on September 1?,Guangzhou,2026-09-01,3992597,highest-temperature-in-guangzhou-on-september-1-2026-27c,Will the highest temperature in Guangzhou be 27°C on September 1?,"[""Yes"", ""No""]","[""0.002"", ""0.998""]",349.852,1,28.1,30.8,29.0
1788200126.4,Highest temperature in Guangzhou on September 1?,Guangzhou,2026-09-01,3992598,highest-temperature-in-guangzhou-on-september-1-2026-28c,Will the highest temperature in Guangzhou be 28°C on September 1?,"[""Yes"", ""No""]","[""0.0055"", ""0.9945""]",194.6,1,28.1,30.8,29.0
1788200126.4,Highest temperature in Guangzhou on September 1?,Guangzhou,2026-09-01,3992599,highest-temperature-in-guangzhou-on-september-1-2026-29c,Will the highest temperature in Guangzhou be 29°C on September 1?,"[""Yes"", ""No""]","[""0.04"", ""0.96""]",213.916331,1,28.1,30.8,29.0
1788200126.4,Highest temperature in Guangzhou on September 1?,Guangzhou,2026-09-01,3992600,highest-temperature-in-guangzhou-on-september-1-2026-30c,Will the highest temperature in Guangzhou be 30°C on September 1?,"[""Yes"", ""No""]","[""0.145"", ""0.855""]",1028.321647,1,28.1,30.8,29.0
1788200126.4,Highest temperature in Guangzhou on September 1?,Guangzhou,2026-09-01,3992601,highest-temperature-in-guangzhou-on-september-1-2026-31c,Will the highest temperature in Guangzhou be 31°C on September 1?,"[""Yes"", ""No""]","[""0.295"", ""0.705""]",1005.8420019999999,1,28.1,30.8,29.0
1788200126.4,Highest temperature in Guangzhou on September 1?,Guangzhou,2026-09-01,3992602,highest-temperature-in-guangzhou-on-september-1-2026-32c,Will the highest temperature in Guangzhou be 32°C on September 1?,"[""Yes"", ""No""]","[""0.355"", ""0.645""]",961.3958540000001,1,28.1,30.8,29.0
1788200126.4,Highest temperature in Guangzhou on September 1?,Guangzhou,2026-09-01,3992603,highest-temperature-in-guangzhou-on-september-1-2026-33c,Will the highest temperature in Guangzhou be 33°C on September 1?,"[""Yes"", ""No""]","[""0.155"", ""0.845""]",5045.897555000001,1,28.1,30.8,29.0
1788200126.4,Highest temperature in Guangzhou on September 1?,Guangzhou,2026-09-01,3992604,highest-temperature-in-guangzhou-on-september-1-2026-34c,Will the highest temperature in Guangzhou be 34°C on September 1?,"[""Yes"", ""No""]","[""0.045"", ""0.955""]",2467.664876,1,28.1,30.8,29.0
1788200126.4,Highest temperature in Guangzhou on September 1?,Guangzhou,2026-09-01,3992605,highest-temperature-in-guangzhou-on-september-1-2026-35c,Will the highest temperature in Guangzhou be 35°C on September 1?,"[""Yes"", ""No""]","[""0.0045"", ""0.9955""]",1620.6934119999999,1,28.1,30.8,29.0
1788200126.4,Highest temperature in Guangzhou on September 1?,Guangzhou,2026-09-01,3992606,highest-temperature-in-guangzhou-on-september-1-2026-36corhigher,Will the highest temperature in Guangzhou be 36°C or higher on September 1?,"[""Yes"", ""No""]","[""0.002"", ""0.998""]",2287.515391000001,1,28.1,30.8,29.0
1788200126.4,Highest temperature in Qingdao on September 1?,Qingdao,2026-09-01,3992607,highest-temperature-in-qingdao-on-september-1-2026-22corbelow,Will the highest temperature in Qingdao be 22°C or below on September 1?,"[""Yes"", ""No""]","[""0.0005"", ""0.9995""]",375.999,1,29.7,27.8,28.9
1788200126.4,Highest temperature in Qingdao on September 1?,Qingdao,2026-09-01,3992608,highest-temperature-in-qingdao-on-september-1-2026-23c,Will the highest temperature in Qingdao be 23°C on September 1?,"[""Yes"", ""No""]","[""0.0005"", ""0.9995""]",375.995,1,29.7,27.8,28.9
1788200126.4,Highest temperature in Qingdao on September 1?,Qingdao,2026-09-01,3992609,highest-temperature-in-qingdao-on-september-1-2026-24c,Will the highest temperature in Qingdao be 24°C on September 1?,"[""Yes"", ""No""]","[""0.0005"", ""0.9995""]",375.99100000000004,1,29.7,27.8,28.9
1788200126.4,Highest temperature in Qingdao on September 1?,Qingdao,2026-09-01,3992610,highest-temperature-in-qingdao-on-september-1-2026-25c,Will the highest temperature in Qingdao be 25°C on September 1?,"[""Yes"", ""No""]","[""0.003"", ""0.997""]",512.3814,1,29.7,27.8,28.9
1788200126.4,Highest temperature in Qingdao on September 1?,Qingdao,2026-09-01,3992611,highest-temperature-in-qingdao-on-september-1-2026-26c,Will the highest temperature in Qingdao be 26°C on September 1?,"[""Yes"", ""No""]","[""0.0045"", ""0.9955""]",379.61,1,29.7,27.8,28.9
1788200126.4,Highest temperature in Qingdao on September 1?,Qingdao,2026-09-01,3992612,highest-temperature-in-qingdao-on-september-1-2026-27c,Will the highest temperature in Qingdao be 27°C on September 1?,"[""Yes"", ""No""]","[""0.015"", ""0.985""]",352.282602,1,29.7,27.8,28.9
1788200126.4,Highest temperature in Qingdao on September 1?,Qingdao,2026-09-01,3992613,highest-temperature-in-qingdao-on-september-1-2026-28c,Will the highest temperature in Qingdao be 28°C on September 1?,"[""Yes"", ""No""]","[""0.065"", ""0.935""]",876.1477809999999,1,29.7,27.8,28.9
1788200126.4,Highest temperature in Qingdao on September 1?,Qingdao,2026-09-01,3992614,highest-temperature-in-qingdao-on-september-1-2026-29c,Will the highest temperature in Qingdao be 29°C on September 1?,"[""Yes"", ""No""]","[""0.455"", ""0.545""]",3100.083228,1,29.7,27.8,28.9
1788200126.4,Highest temperature in Qingdao on September 1?,Qingdao,2026-09-01,3992615,highest-temperature-in-qingdao-on-september-1-2026-30c,Will the highest temperature in Qingdao be 30°C on September 1?,"[""Yes"", ""No""]","[""0.415"", ""0.585""]",2616.4854619999996,1,29.7,27.8,28.9
1788200126.4,Highest temperature in Qingdao on September 1?,Qingdao,2026-09-01,3992616,highest-temperature-in-qingdao-on-september-1-2026-31c,Will the highest temperature in Qingdao be 31°C on September 1?,"[""Yes"", ""No""]","[""0.075"", ""0.925""]",677.3910870000001,1,29.7,27.8,28.9
1788200126.4,Highest temperature in Qingdao on September 1?,Qingdao,2026-09-01,3992617,highest-temperature-in-qingdao-on-september-1-2026-32corhigher,Will the highest temperature in Qingdao be 32°C or higher on September 1?,"[""Yes"", ""No""]","[""0.018"", ""0.982""]",374.156332,1,29.7,27.8,28.9
1788200126.4,Highest temperature in Karachi on September 1?,Karachi,2026-09-01,3992618,highest-temperature-in-karachi-on-september-1-2026-26corbelow,Will the highest temperature in Karachi be 26°C or below on September 1?,"[""Yes"", ""No""]","[""0.0015"", ""0.9985""]",836.5559999999999,1,31.1,31.1,30.5
1788200126.4,Highest temperature in Karachi on September 1?,Karachi,2026-09-01,3992619,highest-temperature-in-karachi-on-september-1-2026-27c,Will the highest temperature in Karachi be 27°C on September 1?,"[""Yes"", ""No""]","[""0.0055"", ""0.9945""]",183.2102,1,31.1,31.1,30.5
1788200126.4,Highest temperature in Karachi on September 1?,Karachi,2026-09-01,3992620,highest-temperature-in-karachi-on-september-1-2026-28c,Will the highest temperature in Karachi be 28°C on September 1?,"[""Yes"", ""No""]","[""0.015"", ""0.985""]",163.97859799999998,1,31.1,31.1,30.5
1788200126.4,Highest temperature in Karachi on September 1?,Karachi,2026-09-01,3992621,highest-temperature-in-karachi-on-september-1-2026-29c,Will the highest temperature in Karachi be 29°C on September 1?,"[""Yes"", ""No""]","[""0.05"", ""0.95""]",375.11632,1,31.1,31.1,30.5
1788200126.4,Highest temperature in Karachi on September 1?,Karachi,2026-09-01,3992622,highest-temperature-in-karachi-on-september-1-2026-30c,Will the highest temperature in Karachi be 30°C on September 1?,"[""Yes"", ""No""]","[""0.305"", ""0.695""]",2981.6410820000006,1,31.1,31.1,30.5
1788200126.4,Highest temperature in Karachi on September 1?,Karachi,2026-09-01,3992623,highest-temperature-in-karachi-on-september-1-2026-31c,Will the highest temperature in Karachi be 31°C on September 1?,"[""Yes"", ""No""]","[""0.49"", ""0.51""]",762.5829659999997,1,31.1,31.1,30.5
1788200126.4,Highest temperature in Karachi on September 1?,Karachi,2026-09-01,3992624,highest-temperature-in-karachi-on-september-1-2026-32c,Will the highest temperature in Karachi be 32°C on September 1?,"[""Yes"", ""No""]","[""0.125"", ""0.875""]",432.09655799999996,1,31.1,31.1,30.5
1788200126.4,Highest temperature in Karachi on September 1?,Karachi,2026-09-01,3992625,highest-temperature-in-karachi-on-september-1-2026-33c,Will the highest temperature in Karachi be 33°C on September 1?,"[""Yes"", ""No""]","[""0.015"", ""0.985""]",177.32376299999999,1,31.1,31.1,30.5
1788200126.4,Highest temperature in Karachi on September 1?,Karachi,2026-09-01,3992626,highest-temperature-in-karachi-on-september-1-2026-34c,Will the highest temperature in Karachi be 34°C on September 1?,"[""Yes"", ""No""]","[""0.006"", ""0.994""]",299.5523,1,31.1,31.1,30.5
1788200126.4,Highest temperature in Karachi on September 1?,Karachi,2026-09-01,3992627,highest-temperature-in-karachi-on-september-1-2026-35c,Will the highest temperature in Karachi be 35°C on September 1?,"[""Yes"", ""No""]","[""0.0015"", ""0.9985""]",402.76199999999994,1,31.1,31.1,30.5
1788200126.4,Highest temperature in Karachi on September 1?,Karachi,2026-09-01,3992628,highest-temperature-in-karachi-on-september-1-2026-36corhigher,Will the highest temperature in Karachi be 36°C or higher on September 1?,"[""Yes"", ""No""]","[""0.0005"", ""0.9995""]",395.995,1,31.1,31.1,30.5
1788200126.4,Highest temperature in Manila on September 1?,Manila,2026-09-01,3992629,highest-temperature-in-manila-on-september-1-2026-26corbelow,Will the highest temperature in Manila be 26°C or below on September 1?,"[""Yes"", ""No""]","[""0.0005"", ""0.9995""]",3241.904272,1,30.6,28.5,29.8
1788200126.4,Highest temperature in Manila on September 1?,Manila,2026-09-01,3992630,highest-temperature-in-manila-on-september-1-2026-27c,Will the highest temperature in Manila be 27°C on September 1?,"[""Yes"", ""No""]","[""0.0005"", ""0.9995""]",257.98199999999997,1,30.6,28.5,29.8
1788200126.4,Highest temperature in Manila on September 1?,Manila,2026-09-01,3992631,highest-temperature-in-manila-on-september-1-2026-28c,Will the highest temperature in Manila be 28°C on September 1?,"[""Yes"", ""No""]","[""0.0005"", ""0.9995""]",324.501285,1,30.6,28.5,29.8
1788200126.4,Highest temperature in Manila on September 1?,Manila,2026-09-01,3992632,highest-temperature-in-manila-on-september-1-2026-29c,Will the highest temperature in Manila be 29°C on September 1?,"[""Yes"", ""No""]","[""0.02"", ""0.98""]",182.61984999999999,1,30.6,28.5,29.8
1788200126.4,Highest temperature in Manila on September 1?,Manila,2026-09-01,3992633,highest-temperature-in-manila-on-september-1-2026-30c,Will the highest temperature in Manila be 30°C on September 1?,"[""Yes"", ""No""]","[""0.07"", ""0.93""]",328.383198,1,30.6,28.5,29.8
1788200126.4,Highest temperature in Manila on September 1?,Manila,2026-09-01,3992634,highest-temperature-in-manila-on-september-1-2026-31c,Will the highest temperature in Manila be 31°C on September 1?,"[""Yes"", ""No""]","[""0.185"", ""0.815""]",1451.717698,1,30.6,28.5,29.8
1788200126.4,Highest temperature in Manila on September 1?,Manila,2026-09-01,3992635,highest-temperature-in-manila-on-september-1-2026-32c,Will the highest temperature in Manila be 32°C on September 1?,"[""Yes"", ""No""]","[""0.455"", ""0.545""]",1169.4349220000004,1,30.6,28.5,29.8
1788200126.4,Highest temperature in Manila on September 1?,Manila,2026-09-01,3992636,highest-temperature-in-manila-on-september-1-2026-33c,Will the highest temperature in Manila be 33°C on September 1?,"[""Yes"", ""No""]","[""0.225"", ""0.775""]",491.8327939999999,1,30.6,28.5,29.8
1788200126.4,Highest temperature in Manila on September 1?,Manila,2026-09-01,3992637,highest-temperature-in-manila-on-september-1-2026-34c,Will the highest temperature in Manila be 34°C on September 1?,"[""Yes"", ""No""]","[""0.06"", ""0.94""]",369.25842100000006,1,30.6,28.5,29.8
1788200126.4,Highest temperature in Manila on September 1?,Manila,2026-09-01,3992638,highest-temperature-in-manila-on-september-1-2026-35c,Will the highest temperature in Manila be 35°C on September 1?,"[""Yes"", ""No""]","[""0.0075"", ""0.9925""]",161.9834,1,30.6,28.5,29.8
1788200126.4,Highest temperature in Manila on September 1?,Manila,2026-09-01,3992639,highest-temperature-in-manila-on-september-1-2026-36corhigher,Will the highest temperature in Manila be 36°C or higher on September 1?,"[""Yes"", ""No""]","[""0.0015"", ""0.9985""]",168.332,1,30.6,28.5,29.8
1788200126.4,Highest temperature in Chicago on September 1?,Chicago,2026-09-01,3994099,highest-temperature-in-chicago-on-september-1-2026-81forbelow,Will the highest temperature in Chicago be 81°F or below on September 1?,"[""Yes"", ""No""]","[""0.0005"", ""0.9995""]",713.9609999999999,1,30.7,32.5,33.6
1788200126.4,Highest temperature in Chicago on September 1?,Chicago,2026-09-01,3994100,highest-temperature-in-chicago-on-september-1-2026-82-83f,Will the highest temperature in Chicago be between 82-83°F on September 1?,"[""Yes"", ""No""]","[""0.0015"", ""0.9985""]",904.226,1,30.7,32.5,33.6
1788200126.4,Highest temperature in Chicago on September 1?,Chicago,2026-09-01,3994101,highest-temperature-in-chicago-on-september-1-2026-84-85f,Will the highest temperature in Chicago be between 84-85°F on September 1?,"[""Yes"", ""No""]","[""0.007"", ""0.993""]",208.711271,1,30.7,32.5,33.6
1788200126.4,Highest temperature in Chicago on September 1?,Chicago,2026-09-01,3994102,highest-temperature-in-chicago-on-september-1-2026-86-87f,Will the highest temperature in Chicago be between 86-87°F on September 1?,"[""Yes"", ""No""]","[""0.04"", ""0.96""]",244.082516,1,30.7,32.5,33.6
1788200126.4,Highest temperature in Chicago on September 1?,Chicago,2026-09-01,3994103,highest-temperature-in-chicago-on-september-1-2026-88-89f,Will the highest temperature in Chicago be between 88-89°F on September 1?,"[""Yes"", ""No""]","[""0.095"", ""0.905""]",376.095334,1,30.7,32.5,33.6
1788200126.4,Highest temperature in Chicago on September 1?,Chicago,2026-09-01,3994104,highest-temperature-in-chicago-on-september-1-2026-90-91f,Will the highest temperature in Chicago be between 90-91°F on September 1?,"[""Yes"", ""No""]","[""0.345"", ""0.655""]",407.275493,1,30.7,32.5,33.6
1788200126.4,Highest temperature in Chicago on September 1?,Chicago,2026-09-01,3994105,highest-temperature-in-chicago-on-september-1-2026-92-93f,Will the highest temperature in Chicago be between 92-93°F on September 1?,"[""Yes"", ""No""]","[""0.345"", ""0.655""]",887.0489870000001,1,30.7,32.5,33.6
1788200126.4,Highest temperature in Chicago on September 1?,Chicago,2026-09-01,3994106,highest-temperature-in-chicago-on-september-1-2026-94-95f,Will the highest temperature in Chicago be between 94-95°F on September 1?,"[""Yes"", ""No""]","[""0.105"", ""0.895""]",409.34987499999994,1,30.7,32.5,33.6
1788200126.4,Highest temperature in Chicago on September 1?,Chicago,2026-09-01,3994107,highest-temperature-in-chicago-on-september-1-2026-96-97f,Will the highest temperature in Chicago be between 96-97°F on September 1?,"[""Yes"", ""No""]","[""0.035"", ""0.965""]",129.629104,1,30.7,32.5,33.6
1788200126.4,Highest temperature in Chicago on September 1?,Chicago,2026-09-01,3994108,highest-temperature-in-chicago-on-september-1-2026-98-99f,Will the highest temperature in Chicago be between 98-99°F on September 1?,"[""Yes"", ""No""]","[""0.0015"", ""0.9985""]",163.11499999999998,1,30.7,32.5,33.6
1788200126.4,Highest temperature in Chicago on September 1?,Chicago,2026-09-01,3994109,highest-temperature-in-chicago-on-september-1-2026-100forhigher,Will the highest temperature in Chicago be 100°F or higher on September 1?,"[""Yes"", ""No""]","[""0.0005"", ""0.9995""]",280.991,1,30.7,32.5,33.6
1788200126.4,Highest temperature in Denver on September 1?,Denver,2026-09-01,3994110,highest-temperature-in-denver-on-september-1-2026-73forbelow,Will the highest temperature in Denver be 73°F or below on September 1?,"[""Yes"", ""No""]","[""0.0025"", ""0.9975""]",1042.8196649999998,1,30.3,27.4,28.9
1788200126.4,Highest temperature in Denver on September 1?,Denver,2026-09-01,3994111,highest-temperature-in-denver-on-september-1-2026-74-75f,Will the highest temperature in Denver be between 74-75°F on September 1?,"[""Yes"", ""No""]","[""0.002"", ""0.998""]",808.9526000000001,1,30.3,27.4,28.9
1788200126.4,Highest temperature in Denver on September 1?,Denver,2026-09-01,3994112,highest-temperature-in-denver-on-september-1-2026-76-77f,Will the highest temperature in Denver be between 76-77°F on September 1?,"[""Yes"", ""No""]","[""0.0105"", ""0.9895""]",453.20535199999995,1,30.3,27.4,28.9
1788200126.4,Highest temperature in Denver on September 1?,Denver,2026-09-01,3994113,highest-temperature-in-denver-on-september-1-2026-78-79f,Will the highest temperature in Denver be between 78-79°F on September 1?,"[""Yes"", ""No""]","[""0.0125"", ""0.9875""]",312.417697,1,30.3,27.4,28.9
1788200126.4,Highest temperature in Denver on September 1?,Denver,2026-09-01,3994114,highest-temperature-in-denver-on-september-1-2026-80-81f,Will the highest temperature in Denver be between 80-81°F on September 1?,"[""Yes"", ""No""]","[""0.06"", ""0.94""]",379.626225,1,30.3,27.4,28.9
1788200126.4,Highest temperature in Denver on September 1?,Denver,2026-09-01,3994115,highest-temperature-in-denver-on-september-1-2026-82-83f,Will the highest temperature in Denver be between 82-83°F on September 1?,"[""Yes"", ""No""]","[""0.205"", ""0.795""]",390.99767799999995,1,30.3,27.4,28.9
1788200126.4,Highest temperature in Denver on September 1?,Denver,2026-09-01,3994116,highest-temperature-in-denver-on-september-1-2026-84-85f,Will the highest temperature in Denver be between 84-85°F on September 1?,"[""Yes"", ""No""]","[""0.42"", ""0.58""]",2386.823224,1,30.3,27.4,28.9
1788200126.4,Highest temperature in Denver on September 1?,Denver,2026-09-01,3994117,highest-temperature-in-denver-on-september-1-2026-86-87f,Will the highest temperature in Denver be between 86-87°F on September 1?,"[""Yes"", ""No""]","[""0.265"", ""0.735""]",719.0414609999999,1,30.3,27.4,28.9
1788200126.4,Highest temperature in Denver on September 1?,Denver,2026-09-01,3994118,highest-temperature-in-denver-on-september-1-2026-88-89f,Will the highest temperature in Denver be between 88-89°F on September 1?,"[""Yes"", ""No""]","[""0.05"", ""0.95""]",361.42683999999997,1,30.3,27.4,28.9
1788200126.4,Highest temperature in Denver on September 1?,Denver,2026-09-01,3994119,highest-temperature-in-denver-on-september-1-2026-90-91f,Will the highest temperature in Denver be between 90-91°F on September 1?,"[""Yes"", ""No""]","[""0.015"", ""0.985""]",771.5677500000003,1,30.3,27.4,28.9
1788200126.4,Highest temperature in Denver on September 1?,Denver,2026-09-01,3994120,highest-temperature-in-denver-on-september-1-2026-92forhigher,Will the highest temperature in Denver be 92°F or higher on September 1?,"[""Yes"", ""No""]","[""0.0015"", ""0.9985""]",103.05799999999999,1,30.3,27.4,28.9
1788200126.4,Highest temperature in NYC on September 1?,NYC,2026-09-01,3994780,highest-temperature-in-nyc-on-september-1-2026-73forbelow,Will the highest temperature in New York City be 73°F or below on September 1?,"[""Yes"", ""No""]","[""0.0005"", ""0.9995""]",167.995,1,27.2,27.3,27.8
1788200126.4,Highest temperature in NYC on September 1?,NYC,2026-09-01,3994781,highest-temperature-in-nyc-on-september-1-2026-74-75f,Will the highest temperature in New York City be between 74-75°F on September 1?,"[""Yes"", ""No""]","[""0.0025"", ""0.9975""]",397.966,1,27.2,27.3,27.8
1788200126.4,Highest temperature in NYC on September 1?,NYC,2026-09-01,3994782,highest-temperature-in-nyc-on-september-1-2026-76-77f,Will the highest temperature in New York City be between 76-77°F on September 1?,"[""Yes"", ""No""]","[""0.006"", ""0.994""]",141.2373,1,27.2,27.3,27.8
1788200126.4,Highest temperature in NYC on September 1?,NYC,2026-09-01,3994783,highest-temperature-in-nyc-on-september-1-2026-78-79f,Will the highest temperature in New York City be between 78-79°F on September 1?,"[""Yes"", ""No""]","[""0.035"", ""0.965""]",359.2113,1,27.2,27.3,27.8
1788200126.4,Highest temperature in NYC on September 1?,NYC,2026-09-01,3994784,highest-temperature-in-nyc-on-september-1-2026-80-81f,Will the highest temperature in New York City be between 80-81°F on September 1?,"[""Yes"", ""No""]","[""0.2"", ""0.8""]",1138.691669,1,27.2,27.3,27.8
1788200126.4,Highest temperature in NYC on September 1?,NYC,2026-09-01,3994785,highest-temperature-in-nyc-on-september-1-2026-82-83f,Will the highest temperature in New York City be between 82-83°F on September 1?,"[""Yes"", ""No""]","[""0.32"", ""0.68""]",1077.098923,1,27.2,27.3,27.8
1788200126.4,Highest temperature in NYC on September 1?,NYC,2026-09-01,3994786,highest-temperature-in-nyc-on-september-1-2026-84-85f,Will the highest temperature in New York City be between 84-85°F on September 1?,"[""Yes"", ""No""]","[""0.27"", ""0.73""]",1211.6663150000002,1,27.2,27.3,27.8
1788200126.4,Highest temperature in NYC on September 1?,NYC,2026-09-01,3994787,highest-temperature-in-nyc-on-september-1-2026-86-87f,Will the highest temperature in New York City be between 86-87°F on September 1?,"[""Yes"", ""No""]","[""0.145"", ""0.855""]",1492.689264,1,27.2,27.3,27.8
1788200126.4,Highest temperature in NYC on September 1?,NYC,2026-09-01,3994788,highest-temperature-in-nyc-on-september-1-2026-88-89f,Will the highest temperature in New York City be between 88-89°F on September 1?,"[""Yes"", ""No""]","[""0.045"", ""0.955""]",1776.4369390000002,1,27.2,27.3,27.8
1788200126.4,Highest temperature in NYC on September 1?,NYC,2026-09-01,3994789,highest-temperature-in-nyc-on-september-1-2026-90-91f,Will the highest temperature in New York City be between 90-91°F on September 1?,"[""Yes"", ""No""]","[""0.015"", ""0.985""]",1558.494063,1,27.2,27.3,27.8
1788200126.4,Highest temperature in NYC on September 1?,NYC,2026-09-01,3994790,highest-temperature-in-nyc-on-september-1-2026-92forhigher,Will the highest temperature in New York City be 92°F or higher on September 1?,"[""Yes"", ""No""]","[""0.0015"", ""0.9985""]",716.189047,1,27.2,27.3,27.8
1788200126.4,Highest temperature in Dallas on September 1?,Dallas,2026-09-01,3994791,highest-temperature-in-dallas-on-september-1-2026-87forbelow,Will the highest temperature in Dallas be 87°F or below on September 1?,"[""Yes"", ""No""]","[""0.0005"", ""0.9995""]",298.83799999999997,1,36.6,37.8,37.4
1788200126.4,Highest temperature in Dallas on September 1?,Dallas,2026-09-01,3994792,highest-temperature-in-dallas-on-september-1-2026-88-89f,Will the highest temperature in Dallas be between 88-89°F on September 1?,"[""Yes"", ""No""]","[""0.0005"", ""0.9995""]",334.98900000000003,1,36.6,37.8,37.4
1788200126.4,Highest temperature in Dallas on September 1?,Dallas,2026-09-01,3994793,highest-temperature-in-dallas-on-september-1-2026-90-91f,Will the highest temperature in Dallas be between 90-91°F on September 1?,"[""Yes"", ""No""]","[""0.0005"", ""0.9995""]",134.85,1,36.6,37.8,37.4
1788200126.4,Highest temperature in Dallas on September 1?,Dallas,2026-09-01,3994794,highest-temperature-in-dallas-on-september-1-2026-92-93f,Will the highest temperature in Dallas be between 92-93°F on September 1?,"[""Yes"", ""No""]","[""0.0005"", ""0.9995""]",433.9861,1,36.6,37.8,37.4
1788200126.4,Highest temperature in Dallas on September 1?,Dallas,2026-09-01,3994795,highest-temperature-in-dallas-on-september-1-2026-94-95f,Will the highest temperature in Dallas be between 94-95°F on September 1?,"[""Yes"", ""No""]","[""0.015"", ""0.985""]",710.1371,1,36.6,37.8,37.4
1788200126.4,Highest temperature in Dallas on September 1?,Dallas,2026-09-01,3994796,highest-temperature-in-dallas-on-september-1-2026-96-97f,Will the highest temperature in Dallas be between 96-97°F on September 1?,"[""Yes"", ""No""]","[""0.035"", ""0.965""]",839.0153070000001,1,36.6,37.8,37.4
1788200126.4,Highest temperature in Dallas on September 1?,Dallas,2026-09-01,3994797,highest-temperature-in-dallas-on-september-1-2026-98-99f,Will the highest temperature in Dallas be between 98-99°F on September 1?,"[""Yes"", ""No""]","[""0.66"", ""0.34""]",2012.8558679999999,1,36.6,37.8,37.4
1788200126.4,Highest temperature in Dallas on September 1?,Dallas,2026-09-01,3994798,highest-temperature-in-dallas-on-september-1-2026-100-101f,Will the highest temperature in Dallas be between 100-101°F on September 1?,"[""Yes"", ""No""]","[""0.275"", ""0.725""]",2063.261111,1,36.6,37.8,37.4
1788200126.4,Highest temperature in Dallas on September 1?,Dallas,2026-09-01,3994799,highest-temperature-in-dallas-on-september-1-2026-102-103f,Will the highest temperature in Dallas be between 102-103°F on September 1?,"[""Yes"", ""No""]","[""0.015"", ""0.985""]",491.26861500000007,1,36.6,37.8,37.4
1788200126.4,Highest temperature in Dallas on September 1?,Dallas,2026-09-01,3994800,highest-temperature-in-dallas-on-september-1-2026-104-105f,Will the highest temperature in Dallas be between 104-105°F on September 1?,"[""Yes"", ""No""]","[""0.0055"", ""0.9945""]",390.95013900000004,1,36.6,37.8,37.4
1788200126.4,Highest temperature in Dallas on September 1?,Dallas,2026-09-01,3994801,highest-temperature-in-dallas-on-september-1-2026-106forhigher,Will the highest temperature in Dallas be 106°F or higher on September 1?,"[""Yes"", ""No""]","[""0.0005"", ""0.9995""]",428.5843,1,36.6,37.8,37.4
1788200126.4,Highest temperature in Atlanta on September 1?,Atlanta,2026-09-01,3994802,highest-temperature-in-atlanta-on-september-1-2026-83forbelow,Will the highest temperature in Atlanta be 83°F or below on September 1?,"[""Yes"", ""No""]","[""0.0005"", ""0.9995""]",143.99099999999999,1,36.2,35.5,34.8
1788200126.4,Highest temperature in Atlanta on September 1?,Atlanta,2026-09-01,3994803,highest-temperature-in-atlanta-on-september-1-2026-84-85f,Will the highest temperature in Atlanta be between 84-85°F on September 1?,"[""Yes"", ""No""]","[""0.0005"", ""0.9995""]",133.741,1,36.2,35.5,34.8
1788200126.4,Highest temperature in Atlanta on September 1?,Atlanta,2026-09-01,3994804,highest-temperature-in-atlanta-on-september-1-2026-86-87f,Will the highest temperature in Atlanta be between 86-87°F on September 1?,"[""Yes"", ""No""]","[""0.0005"", ""0.9995""]",240.04450000000003,1,36.2,35.5,34.8
1788200126.4,Highest temperature in Atlanta on September 1?,Atlanta,2026-09-01,3994805,highest-temperature-in-atlanta-on-september-1-2026-88-89f,Will the highest temperature in Atlanta be between 88-89°F on September 1?,"[""Yes"", ""No""]","[""0.004"", ""0.996""]",155.075,1,36.2,35.5,34.8
1788200126.4,Highest temperature in Atlanta on September 1?,Atlanta,2026-09-01,3994806,highest-temperature-in-atlanta-on-september-1-2026-90-91f,Will the highest temperature in Atlanta be between 90-91°F on September 1?,"[""Yes"", ""No""]","[""0.015"", ""0.985""]",135.783799,1,36.2,35.5,34.8
1788200126.4,Highest temperature in Atlanta on September 1?,Atlanta,2026-09-01,3994807,highest-temperature-in-atlanta-on-september-1-2026-92-93f,Will the highest temperature in Atlanta be between 92-93°F on September 1?,"[""Yes"", ""No""]","[""0.055"", ""0.945""]",413.46073400000006,1,36.2,35.5,34.8
1788200126.4,Highest temperature in Atlanta on September 1?,Atlanta,2026-09-01,3994808,highest-temperature-in-atlanta-on-september-1-2026-94-95f,Will the highest temperature in Atlanta be between 94-95°F on September 1?,"[""Yes"", ""No""]","[""0.48"", ""0.52""]",2743.3473170000007,1,36.2,35.5,34.8
1788200126.4,Highest temperature in Atlanta on September 1?,Atlanta,2026-09-01,3994809,highest-temperature-in-atlanta-on-september-1-2026-96-97f,Will the highest temperature in Atlanta be between 96-97°F on September 1?,"[""Yes"", ""No""]","[""0.405"", ""0.595""]",874.2184659999999,1,36.2,35.5,34.8
1788200126.4,Highest temperature in Atlanta on September 1?,Atlanta,2026-09-01,3994810,highest-temperature-in-atlanta-on-september-1-2026-98-99f,Will the highest temperature in Atlanta be between 98-99°F on September 1?,"[""Yes"", ""No""]","[""0.065"", ""0.935""]",723.758858,1,36.2,35.5,34.8
1788200126.4,Highest temperature in Atlanta on September 1?,Atlanta,2026-09-01,3994811,highest-temperature-in-atlanta-on-september-1-2026-100-101f,Will the highest temperature in Atlanta be between 100-101°F on September 1?,"[""Yes"", ""No""]","[""0.015"", ""0.985""]",372.2267,1,36.2,35.5,34.8
1788200126.4,Highest temperature in Atlanta on September 1?,Atlanta,2026-09-01,3994812,highest-temperature-in-atlanta-on-september-1-2026-102forhigher,Will the highest temperature in Atlanta be 102°F or higher on September 1?,"[""Yes"", ""No""]","[""0.0015"", ""0.9985""]",415.724785,1,36.2,35.5,34.8
1788200126.4,Highest temperature in Miami on September 1?,Miami,2026-09-01,3994813,highest-temperature-in-miami-on-september-1-2026-79forbelow,Will the highest temperature in Miami be 79°F or below on September 1?,"[""Yes"", ""No""]","[""0.0005"", ""0.9995""]",136.241,1,30.7,29.3,31.8
1788200126.4,Highest temperature in Miami on September 1?,Miami,2026-09-01,3994814,highest-temperature-in-miami-on-september-1-2026-80-81f,Will the highest temperature in Miami be between 80-81°F on September 1?,"[""Yes"", ""No""]","[""0.0005"", ""0.9995""]",351.194997,1,30.7,29.3,31.8
1788200126.4,Highest temperature in Miami on September 1?,Miami,2026-09-01,3994815,highest-temperature-in-miami-on-september-1-2026-82-83f,Will the highest temperature in Miami be between 82-83°F on September 1?,"[""Yes"", ""No""]","[""0.0005"", ""0.9995""]",346.211,1,30.7,29.3,31.8
1788200126.4,Highest temperature in Miami on September 1?,Miami,2026-09-01,3994816,highest-temperature-in-miami-on-september-1-2026-84-85f,Will the highest temperature in Miami be between 84-85°F on September 1?,"[""Yes"", ""No""]","[""0.008"", ""0.992""]",838.780216,1,30.7,29.3,31.8
1788200126.4,Highest temperature in Miami on September 1?,Miami,2026-09-01,3994817,highest-temperature-in-miami-on-september-1-2026-86-87f,Will the highest temperature in Miami be between 86-87°F on September 1?,"[""Yes"", ""No""]","[""0.045"", ""0.955""]",1290.285114,1,30.7,29.3,31.8
1788200126.4,Highest temperature in Miami on September 1?,Miami,2026-09-01,3994818,highest-temperature-in-miami-on-september-1-2026-88-89f,Will the highest temperature in Miami be between 88-89°F on September 1?,"[""Yes"", ""No""]","[""0.235"", ""0.765""]",2794.780042,1,30.7,29.3,31.8
1788200126.4,Highest temperature in Miami on September 1?,Miami,2026-09-01,3994819,highest-temperature-in-miami-on-september-1-2026-90-91f,Will the highest temperature in Miami be between 90-91°F on September 1?,"[""Yes"", ""No""]","[""0.545"", ""0.455""]",2255.7692930000003,1,30.7,29.3,31.8
1788200126.4,Highest temperature in Miami on September 1?,Miami,2026-09-01,3994820,highest-temperature-in-miami-on-september-1-2026-92-93f,Will the highest temperature in Miami be between 92-93°F on September 1?,"[""Yes"", ""No""]","[""0.185"", ""0.815""]",4393.279791,1,30.7,29.3,31.8
1788200126.4,Highest temperature in Miami on September 1?,Miami,2026-09-01,3994821,highest-temperature-in-miami-on-september-1-2026-94-95f,Will the highest temperature in Miami be between 94-95°F on September 1?,"[""Yes"", ""No""]","[""0.015"", ""0.985""]",810.8627999999999,1,30.7,29.3,31.8
1788200126.4,Highest temperature in Miami on September 1?,Miami,2026-09-01,3994822,highest-temperature-in-miami-on-september-1-2026-96-97f,Will the highest temperature in Miami be between 96-97°F on September 1?,"[""Yes"", ""No""]","[""0.0015"", ""0.9985""]",836.959133,1,30.7,29.3,31.8
1788200126.4,Highest temperature in Miami on September 1?,Miami,2026-09-01,3994823,highest-temperature-in-miami-on-september-1-2026-98forhigher,Will the highest temperature in Miami be 98°F or higher on September 1?,"[""Yes"", ""No""]","[""0.0005"", ""0.9995""]",373.334,1,30.7,29.3,31.8
1788200126.4,Highest temperature in Austin on September 1?,Austin,2026-09-01,3994824,highest-temperature-in-austin-on-september-1-2026-89forbelow,Will the highest temperature in Austin be 89°F or below on September 1?,"[""Yes"", ""No""]","[""0.0025"", ""0.9975""]",309.7022,1,36.3,37.3,37.0
1788200126.4,Highest temperature in Austin on September 1?,Austin,2026-09-01,3994825,highest-temperature-in-austin-on-september-1-2026-90-91f,Will the highest temperature in Austin be between 90-91°F on September 1?,"[""Yes"", ""No""]","[""0.0025"", ""0.9975""]",233.19135000000003,1,36.3,37.3,37.0
1788200126.4,Highest temperature in Austin on September 1?,Austin,2026-09-01,3994826,highest-temperature-in-austin-on-september-1-2026-92-93f,Will the highest temperature in Austin be between 92-93°F on September 1?,"[""Yes"", ""No""]","[""0.005"", ""0.995""]",488.67746,1,36.3,37.3,37.0
1788200126.4,Highest temperature in Austin on September 1?,Austin,2026-09-01,3994827,highest-temperature-in-austin-on-september-1-2026-94-95f,Will the highest temperature in Austin be between 94-95°F on September 1?,"[""Yes"", ""No""]","[""0.025"", ""0.975""]",511.29,1,36.3,37.3,37.0
1788200126.4,Highest temperature in Austin on September 1?,Austin,2026-09-01,3994828,highest-temperature-in-austin-on-september-1-2026-96-97f,Will the highest temperature in Austin be between 96-97°F on September 1?,"[""Yes"", ""No""]","[""0.22"", ""0.78""]",589.351225,1,36.3,37.3,37.0
1788200126.4,Highest temperature in Austin on September 1?,Austin,2026-09-01,3994829,highest-temperature-in-austin-on-september-1-2026-98-99f,Will the highest temperature in Austin be between 98-99°F on September 1?,"[""Yes"", ""No""]","[""0.51"", ""0.49""]",648.3322149999999,1,36.3,37.3,37.0
1788200126.4,Highest temperature in Austin on September 1?,Austin,2026-09-01,3994830,highest-temperature-in-austin-on-september-1-2026-100-101f,Will the highest temperature in Austin be between 100-101°F on September 1?,"[""Yes"", ""No""]","[""0.205"", ""0.795""]",1709.4710899999998,1,36.3,37.3,37.0
1788200126.4,Highest temperature in Austin on September 1?,Austin,2026-09-01,3994831,highest-temperature-in-austin-on-september-1-2026-102-103f,Will the highest temperature in Austin be between 102-103°F on September 1?,"[""Yes"", ""No""]","[""0.05"", ""0.95""]",411.808005,1,36.3,37.3,37.0
1788200126.4,Highest temperature in Austin on September 1?,Austin,2026-09-01,3994832,highest-temperature-in-austin-on-september-1-2026-104-105f,Will the highest temperature in Austin be between 104-105°F on September 1?,"[""Yes"", ""No""]","[""0.01"", ""0.99""]",287.319751,1,36.3,37.3,37.0
1788200126.4,Highest temperature in Austin on September 1?,Austin,2026-09-01,3994833,highest-temperature-in-austin-on-september-1-2026-106-107f,Will the highest temperature in Austin be between 106-107°F on September 1?,"[""Yes"", ""No""]","[""0.0025"", ""0.9975""]",139.98999999999998,1,36.3,37.3,37.0
1788200126.4,Highest temperature in Austin on September 1?,Austin,2026-09-01,3994834,highest-temperature-in-austin-on-september-1-2026-108forhigher,Will the highest temperature in Austin be 108°F or higher on September 1?,"[""Yes"", ""No""]","[""0.0005"", ""0.9995""]",234.99099999999999,1,36.3,37.3,37.0
1788200126.4,Highest temperature in Houston on September 1?,Houston,2026-09-01,3994835,highest-temperature-in-houston-on-september-1-2026-81forbelow,Will the highest temperature in Houston be 81°F or below on September 1?,"[""Yes"", ""No""]","[""0.0075"", ""0.9925""]",359.75422499999996,1,27.3,32.3,31.5
1788200126.4,Highest temperature in Houston on September 1?,Houston,2026-09-01,3994836,highest-temperature-in-houston-on-september-1-2026-82-83f,Will the highest temperature in Houston be between 82-83°F on September 1?,"[""Yes"", ""No""]","[""0.031"", ""0.969""]",141.72911,1,27.3,32.3,31.5
1788200126.4,Highest temperature in Houston on September 1?,Houston,2026-09-01,3994837,highest-temperature-in-houston-on-september-1-2026-84-85f,Will the highest temperature in Houston be between 84-85°F on September 1?,"[""Yes"", ""No""]","[""0.12"", ""0.88""]",918.4975079999999,1,27.3,32.3,31.5
1788200126.4,Highest temperature in Houston on September 1?,Houston,2026-09-01,3994838,highest-temperature-in-houston-on-september-1-2026-86-87f,Will the highest temperature in Houston be between 86-87°F on September 1?,"[""Yes"", ""No""]","[""0.315"", ""0.685""]",1822.132189,1,27.3,32.3,31.5
1788200126.4,Highest temperature in Houston on September 1?,Houston,2026-09-01,3994839,highest-temperature-in-houston-on-september-1-2026-88-89f,Will the highest temperature in Houston be between 88-89°F on September 1?,"[""Yes"", ""No""]","[""0.335"", ""0.665""]",3390.4424240000008,1,27.3,32.3,31.5
1788200126.4,Highest temperature in Houston on September 1?,Houston,2026-09-01,3994840,highest-temperature-in-houston-on-september-1-2026-90-91f,Will the highest temperature in Houston be between 90-91°F on September 1?,"[""Yes"", ""No""]","[""0.145"", ""0.855""]",1220.587772,1,27.3,32.3,31.5
1788200126.4,Highest temperature in Houston on September 1?,Houston,2026-09-01,3994841,highest-temperature-in-houston-on-september-1-2026-92-93f,Will the highest temperature in Houston be between 92-93°F on September 1?,"[""Yes"", ""No""]","[""0.05"", ""0.95""]",1528.1347240000002,1,27.3,32.3,31.5
1788200126.4,Highest temperature in Houston on September 1?,Houston,2026-09-01,3994842,highest-temperature-in-houston-on-september-1-2026-94-95f,Will the highest temperature in Houston be between 94-95°F on September 1?,"[""Yes"", ""No""]","[""0.0055"", ""0.9945""]",398.911333,1,27.3,32.3,31.5
1788200126.4,Highest temperature in Houston on September 1?,Houston,2026-09-01,3994843,highest-temperature-in-houston-on-september-1-2026-96-97f,Will the highest temperature in Houston be between 96-97°F on September 1?,"[""Yes"", ""No""]","[""0.005"", ""0.995""]",355.377,1,27.3,32.3,31.5
1788200126.4,Highest temperature in Houston on September 1?,Houston,2026-09-01,3994844,highest-temperature-in-houston-on-september-1-2026-98-99f,Will the highest temperature in Houston be between 98-99°F on September 1?,"[""Yes"", ""No""]","[""0.0015"", ""0.9985""]",301.452,1,27.3,32.3,31.5
1788200126.4,Highest temperature in Houston on September 1?,Houston,2026-09-01,3994845,highest-temperature-in-houston-on-september-1-2026-100forhigher,Will the highest temperature in Houston be 100°F or higher on September 1?,"[""Yes"", ""No""]","[""0.0005"", ""0.9995""]",238.995,1,27.3,32.3,31.5
1788200126.4,Highest temperature in Seattle on September 1?,Seattle,2026-09-01,3999718,highest-temperature-in-seattle-on-september-1-2026-63forbelow,Will the highest temperature in Seattle be 63°F or below on September 1?,"[""Yes"", ""No""]","[""0.0005"", ""0.9995""]",172.982,1,20.6,22.7,20.3
1788200126.4,Highest temperature in Seattle on September 1?,Seattle,2026-09-01,3999719,highest-temperature-in-seattle-on-september-1-2026-64-65f,Will the highest temperature in Seattle be between 64-65°F on September 1?,"[""Yes"", ""No""]","[""0.0005"", ""0.9995""]",232.980765,1,20.6,22.7,20.3
1788200126.4,Highest temperature in Seattle on September 1?,Seattle,2026-09-01,3999720,highest-temperature-in-seattle-on-september-1-2026-66-67f,Will the highest temperature in Seattle be between 66-67°F on September 1?,"[""Yes"", ""No""]","[""0.02"", ""0.98""]",92,1,20.6,22.7,20.3
1788200126.4,Highest temperature in Seattle on September 1?,Seattle,2026-09-01,3999721,highest-temperature-in-seattle-on-september-1-2026-68-69f,Will the highest temperature in Seattle be between 68-69°F on September 1?,"[""Yes"", ""No""]","[""0.095"", ""0.905""]",586.278114,1,20.6,22.7,20.3
1788200126.4,Highest temperature in Seattle on September 1?,Seattle,2026-09-01,3999722,highest-temperature-in-seattle-on-september-1-2026-70-71f,Will the highest temperature in Seattle be between 70-71°F on September 1?,"[""Yes"", ""No""]","[""0.4"", ""0.6""]",1545.117831,1,20.6,22.7,20.3
1788200126.4,Highest temperature in Seattle on September 1?,Seattle,2026-09-01,3999723,highest-temperature-in-seattle-on-september-1-2026-72-73f,Will the highest temperature in Seattle be between 72-73°F on September 1?,"[""Yes"", ""No""]","[""0.325"", ""0.675""]",1756.4932019999999,1,20.6,22.7,20.3
1788200126.4,Highest temperature in Seattle on September 1?,Seattle,2026-09-01,3999724,highest-temperature-in-seattle-on-september-1-2026-74-75f,Will the highest temperature in Seattle be between 74-75°F on September 1?,"[""Yes"", ""No""]","[""0.13"", ""0.87""]",184.624558,1,20.6,22.7,20.3
1788200126.4,Highest temperature in Seattle on September 1?,Seattle,2026-09-01,3999725,highest-temperature-in-seattle-on-september-1-2026-76-77f,Will the highest temperature in Seattle be between 76-77°F on September 1?,"[""Yes"", ""No""]","[""0.035"", ""0.965""]",275.7994,1,20.6,22.7,20.3
1788200126.4,Highest temperature in Seattle on September 1?,Seattle,2026-09-01,3999726,highest-temperature-in-seattle-on-september-1-2026-78-79f,Will the highest temperature in Seattle be between 78-79°F on September 1?,"[""Yes"", ""No""]","[""0.015"", ""0.985""]",491.74,1,20.6,22.7,20.3
1788200126.4,Highest temperature in Seattle on September 1?,Seattle,2026-09-01,3999727,highest-temperature-in-seattle-on-september-1-2026-80-81f,Will the highest temperature in Seattle be between 80-81°F on September 1?,"[""Yes"", ""No""]","[""0.0025"", ""0.9975""]",272.267,1,20.6,22.7,20.3
1788200126.4,Highest temperature in Seattle on September 1?,Seattle,2026-09-01,3999728,highest-temperature-in-seattle-on-september-1-2026-82forhigher,Will the highest temperature in Seattle be 82°F or higher on September 1?,"[""Yes"", ""No""]","[""0.0005"", ""0.9995""]",259.144665,1,20.6,22.7,20.3
1788200126.4,Highest temperature in Los Angeles on September 1?,Los Angeles,2026-09-01,3999729,highest-temperature-in-los-angeles-on-september-1-2026-65forbelow,Will the highest temperature in Los Angeles be 65°F or below on September 1?,"[""Yes"", ""No""]","[""0.0005"", ""0.9995""]",135.27100000000002,1,27.5,28.0,27.1
1788200126.4,Highest temperature in Los Angeles on September 1?,Los Angeles,2026-09-01,3999730,highest-temperature-in-los-angeles-on-september-1-2026-66-67f,Will the highest temperature in Los Angeles be between 66-67°F on September 1?,"[""Yes"", ""No""]","[""0.0005"", ""0.9995""]",141.247,1,27.5,28.0,27.1
1788200126.4,Highest temperature in Los Angeles on September 1?,Los Angeles,2026-09-01,3999731,highest-temperature-in-los-angeles-on-september-1-2026-68-69f,Will the highest temperature in Los Angeles be between 68-69°F on September 1?,"[""Yes"", ""No""]","[""0.0025"", ""0.9975""]",721.675,1,27.5,28.0,27.1
1788200126.4,Highest temperature in Los Angeles on September 1?,Los Angeles,2026-09-01,3999732,highest-temperature-in-los-angeles-on-september-1-2026-70-71f,Will the highest temperature in Los Angeles be between 70-71°F on September 1?,"[""Yes"", ""No""]","[""0.0075"", ""0.9925""]",434.90827700000006,1,27.5,28.0,27.1
1788200126.4,Highest temperature in Los Angeles on September 1?,Los Angeles,2026-09-01,3999733,highest-temperature-in-los-angeles-on-september-1-2026-72-73f,Will the highest temperature in Los Angeles be between 72-73°F on September 1?,"[""Yes"", ""No""]","[""0.035"", ""0.965""]",464.530815,1,27.5,28.0,27.1
1788200126.4,Highest temperature in Los Angeles on September 1?,Los Angeles,2026-09-01,3999734,highest-temperature-in-los-angeles-on-september-1-2026-74-75f,Will the highest temperature in Los Angeles be between 74-75°F on September 1?,"[""Yes"", ""No""]","[""0.23"", ""0.77""]",1338.4826100000002,1,27.5,28.0,27.1
1788200126.4,Highest temperature in Los Angeles on September 1?,Los Angeles,2026-09-01,3999735,highest-temperature-in-los-angeles-on-september-1-2026-76-77f,Will the highest temperature in Los Angeles be between 76-77°F on September 1?,"[""Yes"", ""No""]","[""0.525"", ""0.475""]",1900.2737699999998,1,27.5,28.0,27.1
1788200126.4,Highest temperature in Los Angeles on September 1?,Los Angeles,2026-09-01,3999736,highest-temperature-in-los-angeles-on-september-1-2026-78-79f,Will the highest temperature in Los Angeles be between 78-79°F on September 1?,"[""Yes"", ""No""]","[""0.165"", ""0.835""]",1104.243986,1,27.5,28.0,27.1
1788200126.4,Highest temperature in Los Angeles on September 1?,Los Angeles,2026-09-01,3999737,highest-temperature-in-los-angeles-on-september-1-2026-80-81f,Will the highest temperature in Los Angeles be between 80-81°F on September 1?,"[""Yes"", ""No""]","[""0.035"", ""0.965""]",683.9488390000001,1,27.5,28.0,27.1
1788200126.4,Highest temperature in Los Angeles on September 1?,Los Angeles,2026-09-01,3999738,highest-temperature-in-los-angeles-on-september-1-2026-82-83f,Will the highest temperature in Los Angeles be between 82-83°F on September 1?,"[""Yes"", ""No""]","[""0.015"", ""0.985""]",234.2935,1,27.5,28.0,27.1
1788200126.4,Highest temperature in Los Angeles on September 1?,Los Angeles,2026-09-01,3999739,highest-temperature-in-los-angeles-on-september-1-2026-84forhigher,Will the highest temperature in Los Angeles be 84°F or higher on September 1?,"[""Yes"", ""No""]","[""0.0055"", ""0.9945""]",413.471,1,27.5,28.0,27.1
1788200126.4,Highest temperature in San Francisco on September 1?,San Francisco,2026-09-01,3999740,highest-temperature-in-san-francisco-on-september-1-2026-59forbelow,Will the highest temperature in San Francisco be 59°F or below on September 1?,"[""Yes"", ""No""]","[""0.0005"", ""0.9995""]",169.50199999999998,1,18.8,18.8,18.9
1788200126.4,Highest temperature in San Francisco on September 1?,San Francisco,2026-09-01,3999741,highest-temperature-in-san-francisco-on-september-1-2026-60-61f,Will the highest temperature in San Francisco be between 60-61°F on September 1?,"[""Yes"", ""No""]","[""0.0075"", ""0.9925""]",383.02509999999995,1,18.8,18.8,18.9
1788200126.4,Highest temperature in San Francisco on September 1?,San Francisco,2026-09-01,3999742,highest-temperature-in-san-francisco-on-september-1-2026-62-63f,Will the highest temperature in San Francisco be between 62-63°F on September 1?,"[""Yes"", ""No""]","[""0.0015"", ""0.9985""]",264.3221,1,18.8,18.8,18.9
1788200126.4,Highest temperature in San Francisco on September 1?,San Francisco,2026-09-01,3999743,highest-temperature-in-san-francisco-on-september-1-2026-64-65f,Will the highest temperature in San Francisco be between 64-65°F on September 1?,"[""Yes"", ""No""]","[""0.025"", ""0.975""]",529.661176,1,18.8,18.8,18.9
1788200126.4,Highest temperature in San Francisco on September 1?,San Francisco,2026-09-01,3999744,highest-temperature-in-san-francisco-on-september-1-2026-66-67f,Will the highest temperature in San Francisco be between 66-67°F on September 1?,"[""Yes"", ""No""]","[""0.105"", ""0.895""]",569.748669,1,18.8,18.8,18.9
1788200126.4,Highest temperature in San Francisco on September 1?,San Francisco,2026-09-01,3999745,highest-temperature-in-san-francisco-on-september-1-2026-68-69f,Will the highest temperature in San Francisco be between 68-69°F on September 1?,"[""Yes"", ""No""]","[""0.46"", ""0.54""]",1217.938822,1,18.8,18.8,18.9
1788200126.4,Highest temperature in San Francisco on September 1?,San Francisco,2026-09-01,3999746,highest-temperature-in-san-francisco-on-september-1-2026-70-71f,Will the highest temperature in San Francisco be between 70-71°F on September 1?,"[""Yes"", ""No""]","[""0.285"", ""0.715""]",966.1991500000001,1,18.8,18.8,18.9
1788200126.4,Highest temperature in San Francisco on September 1?,San Francisco,2026-09-01,3999747,highest-temperature-in-san-francisco-on-september-1-2026-72-73f,Will the highest temperature in San Francisco be between 72-73°F on September 1?,"[""Yes"", ""No""]","[""0.06"", ""0.94""]",943.4671229999999,1,18.8,18.8,18.9
1788200126.4,Highest temperature in San Francisco on September 1?,San Francisco,2026-09-01,3999748,highest-temperature-in-san-francisco-on-september-1-2026-74-75f,Will the highest temperature in San Francisco be between 74-75°F on September 1?,"[""Yes"", ""No""]","[""0.0145"", ""0.9855""]",1144.876476,1,18.8,18.8,18.9
1788200126.4,Highest temperature in San Francisco on September 1?,San Francisco,2026-09-01,3999749,highest-temperature-in-san-francisco-on-september-1-2026-76-77f,Will the highest temperature in San Francisco be between 76-77°F on September 1?,"[""Yes"", ""No""]","[""0.0055"", ""0.9945""]",330.99,1,18.8,18.8,18.9
1788200126.4,Highest temperature in San Francisco on September 1?,San Francisco,2026-09-01,3999750,highest-temperature-in-san-francisco-on-september-1-2026-78forhigher,Will the highest temperature in San Francisco be 78°F or higher on September 1?,"[""Yes"", ""No""]","[""0.002"", ""0.998""]",199.32966499999998,1,18.8,18.8,18.9
1788200126.4,Highest temperature in Sao Paulo on September 1?,Sao Paulo,2026-09-01,4001275,highest-temperature-in-sao-paulo-on-september-1-2026-20corbelow,Will the highest temperature in Sao Paulo be 20°C or below on September 1?,"[""Yes"", ""No""]","[""0.089"", ""0.911""]",713.6991619999999,1,25.1,21.7,24.7
1788200126.4,Highest temperature in Sao Paulo on September 1?,Sao Paulo,2026-09-01,4001276,highest-temperature-in-sao-paulo-on-september-1-2026-21c,Will the highest temperature in Sao Paulo be 21°C on September 1?,"[""Yes"", ""No""]","[""0.085"", ""0.915""]",394.761608,1,25.1,21.7,24.7
1788200126.4,Highest temperature in Sao Paulo on September 1?,Sao Paulo,2026-09-01,4001277,highest-temperature-in-sao-paulo-on-september-1-2026-22c,Will the highest temperature in Sao Paulo be 22°C on September 1?,"[""Yes"", ""No""]","[""0.205"", ""0.795""]",623.8049209999999,1,25.1,21.7,24.7
1788200126.4,Highest temperature in Sao Paulo on September 1?,Sao Paulo,2026-09-01,4001278,highest-temperature-in-sao-paulo-on-september-1-2026-23c,Will the highest temperature in Sao Paulo be 23°C on September 1?,"[""Yes"", ""No""]","[""0.255"", ""0.745""]",978.2408249999997,1,25.1,21.7,24.7
1788200126.4,Highest temperature in Sao Paulo on September 1?,Sao Paulo,2026-09-01,4001279,highest-temperature-in-sao-paulo-on-september-1-2026-24c,Will the highest temperature in Sao Paulo be 24°C on September 1?,"[""Yes"", ""No""]","[""0.225"", ""0.775""]",1267.4485410000002,1,25.1,21.7,24.7
1788200126.4,Highest temperature in Sao Paulo on September 1?,Sao Paulo,2026-09-01,4001280,highest-temperature-in-sao-paulo-on-september-1-2026-25c,Will the highest temperature in Sao Paulo be 25°C on September 1?,"[""Yes"", ""No""]","[""0.115"", ""0.885""]",994.734719,1,25.1,21.7,24.7
1788200126.4,Highest temperature in Sao Paulo on September 1?,Sao Paulo,2026-09-01,4001281,highest-temperature-in-sao-paulo-on-september-1-2026-26c,Will the highest temperature in Sao Paulo be 26°C on September 1?,"[""Yes"", ""No""]","[""0.025"", ""0.975""]",874.2229159999999,1,25.1,21.7,24.7
1788200126.4,Highest temperature in Sao Paulo on September 1?,Sao Paulo,2026-09-01,4001282,highest-temperature-in-sao-paulo-on-september-1-2026-27c,Will the highest temperature in Sao Paulo be 27°C on September 1?,"[""Yes"", ""No""]","[""0.0145"", ""0.9855""]",629.8040510000001,1,25.1,21.7,24.7
1788200126.4,Highest temperature in Sao Paulo on September 1?,Sao Paulo,2026-09-01,4001283,highest-temperature-in-sao-paulo-on-september-1-2026-28c,Will the highest temperature in Sao Paulo be 28°C on September 1?,"[""Yes"", ""No""]","[""0.0005"", ""0.9995""]",658.4766429999999,1,25.1,21.7,24.7
1788200126.4,Highest temperature in Sao Paulo on September 1?,Sao Paulo,2026-09-01,4001284,highest-temperature-in-sao-paulo-on-september-1-2026-29c,Will the highest temperature in Sao Paulo be 29°C on September 1?,"[""Yes"", ""No""]","[""0.0005"", ""0.9995""]",1288.979,1,25.1,21.7,24.7
1788200126.4,Highest temperature in Sao Paulo on September 1?,Sao Paulo,2026-09-01,4001285,highest-temperature-in-sao-paulo-on-september-1-2026-30corhigher,Will the highest temperature in Sao Paulo be 30°C or higher on September 1?,"[""Yes"", ""No""]","[""0.0005"", ""0.9995""]",1208.993,1,25.1,21.7,24.7
1788200126.4,Highest temperature in Buenos Aires on September 1?,Buenos Aires,2026-09-01,4001286,highest-temperature-in-buenos-aires-on-september-1-2026-15corbelow,Will the highest temperature in Buenos Aires be 15°C or below on September 1?,"[""Yes"", ""No""]","[""0.0005"", ""0.9995""]",198.928,1,17.1,17.0,18.7
1788200126.4,Highest temperature in Buenos Aires on September 1?,Buenos Aires,2026-09-01,4001287,highest-temperature-in-buenos-aires-on-september-1-2026-16c,Will the highest temperature in Buenos Aires be 16°C on September 1?,"[""Yes"", ""No""]","[""0.004"", ""0.996""]",147.394,1,17.1,17.0,18.7
1788200126.4,Highest temperature in Buenos Aires on September 1?,Buenos Aires,2026-09-01,4001288,highest-temperature-in-buenos-aires-on-september-1-2026-17c,Will the highest temperature in Buenos Aires be 17°C on September 1?,"[""Yes"", ""No""]","[""0.0145"", ""0.9855""]",146.96415000000002,1,17.1,17.0,18.7
1788200126.4,Highest temperature in Buenos Aires on September 1?,Buenos Aires,2026-09-01,4001289,highest-temperature-in-buenos-aires-on-september-1-2026-18c,Will the highest temperature in Buenos Aires be 18°C on September 1?,"[""Yes"", ""No""]","[""0.04"", ""0.96""]",426.11422600000003,1,17.1,17.0,18.7
1788200126.4,Highest temperature in Buenos Aires on September 1?,Buenos Aires,2026-09-01,4001290,highest-temperature-in-buenos-aires-on-september-1-2026-19c,Will the highest temperature in Buenos Aires be 19°C on September 1?,"[""Yes"", ""No""]","[""0.155"", ""0.845""]",752.658917,1,17.1,17.0,18.7
1788200126.4,Highest temperature in Buenos Aires on September 1?,Buenos Aires,2026-09-01,4001291,highest-temperature-in-buenos-aires-on-september-1-2026-20c,Will the highest temperature in Buenos Aires be 20°C on September 1?,"[""Yes"", ""No""]","[""0.415"", ""0.585""]",2157.564092,1,17.1,17.0,18.7
1788200126.4,Highest temperature in Buenos Aires on September 1?,Buenos Aires,2026-09-01,4001292,highest-temperature-in-buenos-aires-on-september-1-2026-21c,Will the highest temperature in Buenos Aires be 21°C on September 1?,"[""Yes"", ""No""]","[""0.345"", ""0.655""]",874.927751,1,17.1,17.0,18.7
1788200126.4,Highest temperature in Buenos Aires on September 1?,Buenos Aires,2026-09-01,4001293,highest-temperature-in-buenos-aires-on-september-1-2026-22c,Will the highest temperature in Buenos Aires be 22°C on September 1?,"[""Yes"", ""No""]","[""0.045"", ""0.955""]",398.748027,1,17.1,17.0,18.7
1788200126.4,Highest temperature in Buenos Aires on September 1?,Buenos Aires,2026-09-01,4001294,highest-temperature-in-buenos-aires-on-september-1-2026-23c,Will the highest temperature in Buenos Aires be 23°C on September 1?,"[""Yes"", ""No""]","[""0.015"", ""0.985""]",109.52,1,17.1,17.0,18.7
1788200126.4,Highest temperature in Buenos Aires on September 1?,Buenos Aires,2026-09-01,4001295,highest-temperature-in-buenos-aires-on-september-1-2026-24c,Will the highest temperature in Buenos Aires be 24°C on September 1?,"[""Yes"", ""No""]","[""0.0025"", ""0.9975""]",119.94,1,17.1,17.0,18.7
1788200126.4,Highest temperature in Buenos Aires on September 1?,Buenos Aires,2026-09-01,4001296,highest-temperature-in-buenos-aires-on-september-1-2026-25corhigher,Will the highest temperature in Buenos Aires be 25°C or higher on September 1?,"[""Yes"", ""No""]","[""0.0005"", ""0.9995""]",398.983,1,17.1,17.0,18.7
1788200126.4,Highest temperature in Toronto on September 1?,Toronto,2026-09-01,4001297,highest-temperature-in-toronto-on-september-1-2026-22corbelow,Will the highest temperature in Toronto be 22°C or below on September 1?,"[""Yes"", ""No""]","[""0.0005"", ""0.9995""]",348.971,1,25.0,29.0,29.8
1788200126.4,Highest temperature in Toronto on September 1?,Toronto,2026-09-01,4001298,highest-temperature-in-toronto-on-september-1-2026-23c,Will the highest temperature in Toronto be 23°C on September 1?,"[""Yes"", ""No""]","[""0.0005"", ""0.9995""]",566.7398000000001,1,25.0,29.0,29.8
1788200126.4,Highest temperature in Toronto on September 1?,Toronto,2026-09-01,4001299,highest-temperature-in-toronto-on-september-1-2026-24c,Will the highest temperature in Toronto be 24°C on September 1?,"[""Yes"", ""No""]","[""0.005"", ""0.995""]",189.067,1,25.0,29.0,29.8
1788200126.4,Highest temperature in Toronto on September 1?,Toronto,2026-09-01,4001300,highest-temperature-in-toronto-on-september-1-2026-25c,Will the highest temperature in Toronto be 25°C on September 1?,"[""Yes"", ""No""]","[""0.0055"", ""0.9945""]",145.51015,1,25.0,29.0,29.8
1788200126.4,Highest temperature in Toronto on September 1?,Toronto,2026-09-01,4001301,highest-temperature-in-toronto-on-september-1-2026-26c,Will the highest temperature in Toronto be 26°C on September 1?,"[""Yes"", ""No""]","[""0.03"", ""0.97""]",319.140955,1,25.0,29.0,29.8
1788200126.4,Highest temperature in Toronto on September 1?,Toronto,2026-09-01,4001302,highest-temperature-in-toronto-on-september-1-2026-27c,Will the highest temperature in Toronto be 27°C on September 1?,"[""Yes"", ""No""]","[""0.09"", ""0.91""]",1088.1865850000002,1,25.0,29.0,29.8
1788200126.4,Highest temperature in Toronto on September 1?,Toronto,2026-09-01,4001303,highest-temperature-in-toronto-on-september-1-2026-28c,Will the highest temperature in Toronto be 28°C on September 1?,"[""Yes"", ""No""]","[""0.22"", ""0.78""]",739.2210850000001,1,25.0,29.0,29.8
1788200126.4,Highest temperature in Toronto on September 1?,Toronto,2026-09-01,4001304,highest-temperature-in-toronto-on-september-1-2026-29c,Will the highest temperature in Toronto be 29°C on September 1?,"[""Yes"", ""No""]","[""0.285"", ""0.715""]",842.313105,1,25.0,29.0,29.8
1788200126.4,Highest temperature in Toronto on September 1?,Toronto,2026-09-01,4001305,highest-temperature-in-toronto-on-september-1-2026-30c,Will the highest temperature in Toronto be 30°C on September 1?,"[""Yes"", ""No""]","[""0.295"", ""0.705""]",1652.1897830000003,1,25.0,29.0,29.8
1788200126.4,Highest temperature in Toronto on September 1?,Toronto,2026-09-01,4001306,highest-temperature-in-toronto-on-september-1-2026-31c,Will the highest temperature in Toronto be 31°C on September 1?,"[""Yes"", ""No""]","[""0.08"", ""0.92""]",443.7573940000001,1,25.0,29.0,29.8
1788200126.4,Highest temperature in Toronto on September 1?,Toronto,2026-09-01,4001307,highest-temperature-in-toronto-on-september-1-2026-32corhigher,Will the highest temperature in Toronto be 32°C or higher on September 1?,"[""Yes"", ""No""]","[""0.045"", ""0.955""]",255.90185300000002,1,25.0,29.0,29.8
1788200126.4,Highest temperature in Mexico City on September 1?,Mexico City,2026-09-01,4001308,highest-temperature-in-mexico-city-on-september-1-2026-16corbelow,Will the highest temperature in Mexico City be 16°C or below on September 1?,"[""Yes"", ""No""]","[""0.0005"", ""0.9995""]",568.995,1,24.8,22.9,24.7
1788200126.4,Highest temperature in Mexico City on September 1?,Mexico City,2026-09-01,4001309,highest-temperature-in-mexico-city-on-september-1-2026-17c,Will the highest temperature in Mexico City be 17°C on September 1?,"[""Yes"", ""No""]","[""0.0005"", ""0.9995""]",348.99100000000004,1,24.8,22.9,24.7
1788200126.4,Highest temperature in Mexico City on September 1?,Mexico City,2026-09-01,4001310,highest-temperature-in-mexico-city-on-september-1-2026-18c,Will the highest temperature in Mexico City be 18°C on September 1?,"[""Yes"", ""No""]","[""0.0005"", ""0.9995""]",153.997,1,24.8,22.9,24.7
1788200126.4,Highest temperature in Mexico City on September 1?,Mexico City,2026-09-01,4001311,highest-temperature-in-mexico-city-on-september-1-2026-19c,Will the highest temperature in Mexico City be 19°C on September 1?,"[""Yes"", ""No""]","[""0.0025"", ""0.9975""]",180.56380000000001,1,24.8,22.9,24.7
1788200126.4,Highest temperature in Mexico City on September 1?,Mexico City,2026-09-01,4001312,highest-temperature-in-mexico-city-on-september-1-2026-20c,Will the highest temperature in Mexico City be 20°C on September 1?,"[""Yes"", ""No""]","[""0.008"", ""0.992""]",153.0774,1,24.8,22.9,24.7
1788200126.4,Highest temperature in Mexico City on September 1?,Mexico City,2026-09-01,4001313,highest-temperature-in-mexico-city-on-september-1-2026-21c,Will the highest temperature in Mexico City be 21°C on September 1?,"[""Yes"", ""No""]","[""0.025"", ""0.975""]",108.54065,1,24.8,22.9,24.7
1788200126.4,Highest temperature in Mexico City on September 1?,Mexico City,2026-09-01,4001314,highest-temperature-in-mexico-city-on-september-1-2026-22c,Will the highest temperature in Mexico City be 22°C on September 1?,"[""Yes"", ""No""]","[""0.065"", ""0.935""]",277.466833,1,24.8,22.9,24.7
1788200126.4,Highest temperature in Mexico City on September 1?,Mexico City,2026-09-01,4001315,highest-temperature-in-mexico-city-on-september-1-2026-23c,Will the highest temperature in Mexico City be 23°C on September 1?,"[""Yes"", ""No""]","[""0.185"", ""0.815""]",358.58050299999996,1,24.8,22.9,24.7
1788200126.4,Highest temperature in Mexico City on September 1?,Mexico City,2026-09-01,4001316,highest-temperature-in-mexico-city-on-september-1-2026-24c,Will the highest temperature in Mexico City be 24°C on September 1?,"[""Yes"", ""No""]","[""0.435"", ""0.565""]",1149.721045,1,24.8,22.9,24.7
1788200126.4,Highest temperature in Mexico City on September 1?,Mexico City,2026-09-01,4001317,highest-temperature-in-mexico-city-on-september-1-2026-25c,Will the highest temperature in Mexico City be 25°C on September 1?,"[""Yes"", ""No""]","[""0.275"", ""0.725""]",385.748652,1,24.8,22.9,24.7
1788200126.4,Highest temperature in Mexico City on September 1?,Mexico City,2026-09-01,4001318,highest-temperature-in-mexico-city-on-september-1-2026-26corhigher,Will the highest temperature in Mexico City be 26°C or higher on September 1?,"[""Yes"", ""No""]","[""0.05"", ""0.95""]",176.371208,1,24.8,22.9,24.7
1788200126.4,Highest temperature in Jinan on September 1?,Jinan,2026-09-01,4018211,highest-temperature-in-jinan-on-september-1-2026-16corbelow,Will the highest temperature in Jinan be 16°C or below on September 1?,"[""Yes"", ""No""]","[""0.0005"", ""0.9995""]",415,1,31.7,29.3,29.6
1788200126.4,Highest temperature in Jinan on September 1?,Jinan,2026-09-01,4018212,highest-temperature-in-jinan-on-september-1-2026-17c,Will the highest temperature in Jinan be 17°C on September 1?,"[""Yes"", ""No""]","[""0.0005"", ""0.9995""]",430,1,31.7,29.3,29.6
1788200126.4,Highest temperature in Jinan on September 1?,Jinan,2026-09-01,4018213,highest-temperature-in-jinan-on-september-1-2026-18c,Will the highest temperature in Jinan be 18°C on September 1?,"[""Yes"", ""No""]","[""0.0005"", ""0.9995""]",410,1,31.7,29.3,29.6
1788200126.4,Highest temperature in Jinan on September 1?,Jinan,2026-09-01,4018214,highest-temperature-in-jinan-on-september-1-2026-19c,Will the highest temperature in Jinan be 19°C on September 1?,"[""Yes"", ""No""]","[""0.0005"", ""0.9995""]",430,1,31.7,29.3,29.6
1788200126.4,Highest temperature in Jinan on September 1?,Jinan,2026-09-01,4018215,highest-temperature-in-jinan-on-september-1-2026-20c,Will the highest temperature in Jinan be 20°C on September 1?,"[""Yes"", ""No""]","[""0.0005"", ""0.9995""]",330,1,31.7,29.3,29.6
1788200126.4,Highest temperature in Jinan on September 1?,Jinan,2026-09-01,4018216,highest-temperature-in-jinan-on-september-1-2026-21c,Will the highest temperature in Jinan be 21°C on September 1?,"[""Yes"", ""No""]","[""0.0005"", ""0.9995""]",309.99,1,31.7,29.3,29.6
1788200126.4,Highest temperature in Jinan on September 1?,Jinan,2026-09-01,4018217,highest-temperature-in-jinan-on-september-1-2026-22c,Will the highest temperature in Jinan be 22°C on September 1?,"[""Yes"", ""No""]","[""0.0055"", ""0.9945""]",24.043999999999997,1,31.7,29.3,29.6
1788200126.4,Highest temperature in Jinan on September 1?,Jinan,2026-09-01,4018218,highest-temperature-in-jinan-on-september-1-2026-23c,Will the highest temperature in Jinan be 23°C on September 1?,"[""Yes"", ""No""]","[""0.0055"", ""0.9945""]",120.24000000000001,1,31.7,29.3,29.6
1788200126.4,Highest temperature in Jinan on September 1?,Jinan,2026-09-01,4018219,highest-temperature-in-jinan-on-september-1-2026-24c,Will the highest temperature in Jinan be 24°C on September 1?,"[""Yes"", ""No""]","[""0.011"", ""0.989""]",1.102,1,31.7,29.3,29.6
1788200126.4,Highest temperature in Jinan on September 1?,Jinan,2026-09-01,4018220,highest-temperature-in-jinan-on-september-1-2026-25c,Will the highest temperature in Jinan be 25°C on September 1?,"[""Yes"", ""No""]","[""0.195"", ""0.805""]",4.9904,1,31.7,29.3,29.6
1788200126.4,Highest temperature in Jinan on September 1?,Jinan,2026-09-01,4018221,highest-temperature-in-jinan-on-september-1-2026-26corhigher,Will the highest temperature in Jinan be 26°C or higher on September 1?,"[""Yes"", ""No""]","[""0.94"", ""0.06""]",317.24330000000003,1,31.7,29.3,29.6
1788200126.4,Highest temperature in Zhengzhou on September 1?,Zhengzhou,2026-09-01,4018222,highest-temperature-in-zhengzhou-on-september-1-2026-22corbelow,Will the highest temperature in Zhengzhou be 22°C or below on September 1?,"[""Yes"", ""No""]","[""0.0005"", ""0.9995""]",315,1,31.2,29.6,31.1
1788200126.4,Highest temperature in Zhengzhou on September 1?,Zhengzhou,2026-09-01,4018223,highest-temperature-in-zhengzhou-on-september-1-2026-23c,Will the highest temperature in Zhengzhou be 23°C on September 1?,"[""Yes"", ""No""]","[""0.0005"", ""0.9995""]",339.97,1,31.2,29.6,31.1
1788200126.4,Highest temperature in Zhengzhou on September 1?,Zhengzhou,2026-09-01,4018224,highest-temperature-in-zhengzhou-on-september-1-2026-24c,Will the highest temperature in Zhengzhou be 24°C on September 1?,"[""Yes"", ""No""]","[""0.0005"", ""0.9995""]",319.97,1,31.2,29.6,31.1
1788200126.4,Highest temperature in Zhengzhou on September 1?,Zhengzhou,2026-09-01,4018225,highest-temperature-in-zhengzhou-on-september-1-2026-25c,Will the highest temperature in Zhengzhou be 25°C on September 1?,"[""Yes"", ""No""]","[""0.0005"", ""0.9995""]",339.97,1,31.2,29.6,31.1
1788200126.4,Highest temperature in Zhengzhou on September 1?,Zhengzhou,2026-09-01,4018226,highest-temperature-in-zhengzhou-on-september-1-2026-26c,Will the highest temperature in Zhengzhou be 26°C on September 1?,"[""Yes"", ""No""]","[""0.0035"", ""0.9965""]",20.02,1,31.2,29.6,31.1
1788200126.4,Highest temperature in Zhengzhou on September 1?,Zhengzhou,2026-09-01,4018227,highest-temperature-in-zhengzhou-on-september-1-2026-27c,Will the highest temperature in Zhengzhou be 27°C on September 1?,"[""Yes"", ""No""]","[""0.0035"", ""0.9965""]",10,1,31.2,29.6,31.1
1788200126.4,Highest temperature in Zhengzhou on September 1?,Zhengzhou,2026-09-01,4018228,highest-temperature-in-zhengzhou-on-september-1-2026-28c,Will the highest temperature in Zhengzhou be 28°C on September 1?,"[""Yes"", ""No""]","[""0.0155"", ""0.9845""]",345.509027,1,31.2,29.6,31.1
1788200126.4,Highest temperature in Zhengzhou on September 1?,Zhengzhou,2026-09-01,4018229,highest-temperature-in-zhengzhou-on-september-1-2026-29c,Will the highest temperature in Zhengzhou be 29°C on September 1?,"[""Yes"", ""No""]","[""0.065"", ""0.935""]",33.547936,1,31.2,29.6,31.1
1788200126.4,Highest temperature in Zhengzhou on September 1?,Zhengzhou,2026-09-01,4018230,highest-temperature-in-zhengzhou-on-september-1-2026-30c,Will the highest temperature in Zhengzhou be 30°C on September 1?,"[""Yes"", ""No""]","[""0.145"", ""0.855""]",20,1,31.2,29.6,31.1
1788200126.4,Highest temperature in Zhengzhou on September 1?,Zhengzhou,2026-09-01,4018231,highest-temperature-in-zhengzhou-on-september-1-2026-31c,Will the highest temperature in Zhengzhou be 31°C on September 1?,"[""Yes"", ""No""]","[""0.36"", ""0.64""]",6,1,31.2,29.6,31.1
1788200126.4,Highest temperature in Zhengzhou on September 1?,Zhengzhou,2026-09-01,4018232,highest-temperature-in-zhengzhou-on-september-1-2026-32corhigher,Will the highest temperature in Zhengzhou be 32°C or higher on September 1?,"[""Yes"", ""No""]","[""0.3"", ""0.7""]",37.101664,1,31.2,29.6,31.1
1788200126.4,Highest temperature in London on September 2?,London,2026-09-02,4018233,highest-temperature-in-london-on-september-2-2026-17corbelow,Will the highest temperature in London be 17°C or below on September 2?,"[""Yes"", ""No""]","[""0.0005"", ""0.9995""]",283.98400000000004,1,22.7,20.1,19.7
1788200126.4,Highest temperature in London on September 2?,London,2026-09-02,4018234,highest-temperature-in-london-on-september-2-2026-18c,Will the highest temperature in London be 18°C on September 2?,"[""Yes"", ""No""]","[""0.0015"", ""0.9985""]",148.615,1,22.7,20.1,19.7
1788200126.4,Highest temperature in London on September 2?,London,2026-09-02,4018235,highest-temperature-in-london-on-september-2-2026-19c,Will the highest temperature in London be 19°C on September 2?,"[""Yes"", ""No""]","[""0.025"", ""0.975""]",76.2202,1,22.7,20.1,19.7
1788200126.4,Highest temperature in London on September 2?,London,2026-09-02,4018236,highest-temperature-in-london-on-september-2-2026-20c,Will the highest temperature in London be 20°C on September 2?,"[""Yes"", ""No""]","[""0.105"", ""0.895""]",260.87281699999994,1,22.7,20.1,19.7
1788200126.4,Highest temperature in London on September 2?,London,2026-09-02,4018237,highest-temperature-in-london-on-september-2-2026-21c,Will the highest temperature in London be 21°C on September 2?,"[""Yes"", ""No""]","[""0.285"", ""0.715""]",549.9223109999999,1,22.7,20.1,19.7
1788200126.4,Highest temperature in London on September 2?,London,2026-09-02,4018238,highest-temperature-in-london-on-september-2-2026-22c,Will the highest temperature in London be 22°C on September 2?,"[""Yes"", ""No""]","[""0.38"", ""0.62""]",553.3808879999999,1,22.7,20.1,19.7
1788200126.4,Highest temperature in London on September 2?,London,2026-09-02,4018239,highest-temperature-in-london-on-september-2-2026-23c,Will the highest temperature in London be 23°C on September 2?,"[""Yes"", ""No""]","[""0.205"", ""0.795""]",450.869446,1,22.7,20.1,19.7
1788200126.4,Highest temperature in London on September 2?,London,2026-09-02,4018240,highest-temperature-in-london-on-september-2-2026-24c,Will the highest temperature in London be 24°C on September 2?,"[""Yes"", ""No""]","[""0.055"", ""0.945""]",192.13014399999997,1,22.7,20.1,19.7
1788200126.4,Highest temperature in London on September 2?,London,2026-09-02,4018241,highest-temperature-in-london-on-september-2-2026-25c,Will the highest temperature in London be 25°C on September 2?,"[""Yes"", ""No""]","[""0.02"", ""0.98""]",378.069479,1,22.7,20.1,19.7
1788200126.4,Highest temperature in London on September 2?,London,2026-09-02,4018242,highest-temperature-in-london-on-september-2-2026-26c,Will the highest temperature in London be 26°C on September 2?,"[""Yes"", ""No""]","[""0.0025"", ""0.9975""]",36.207,1,22.7,20.1,19.7
1788200126.4,Highest temperature in London on September 2?,London,2026-09-02,4018243,highest-temperature-in-london-on-september-2-2026-27corhigher,Will the highest temperature in London be 27°C or higher on September 2?,"[""Yes"", ""No""]","[""0.0025"", ""0.9975""]",190.361,1,22.7,20.1,19.7
1788200126.4,Highest temperature in Paris on September 2?,Paris,2026-09-02,4018244,highest-temperature-in-paris-on-september-2-2026-20corbelow,Will the highest temperature in Paris be 20°C or below on September 2?,"[""Yes"", ""No""]","[""0.0055"", ""0.9945""]",209.66230000000002,1,27.0,24.0,24.1
1788200126.4,Highest temperature in Paris on September 2?,Paris,2026-09-02,4018245,highest-temperature-in-paris-on-september-2-2026-21c,Will the highest temperature in Paris be 21°C on September 2?,"[""Yes"", ""No""]","[""0.006"", ""0.994""]",5,1,27.0,24.0,24.1
1788200126.4,Highest temperature in Paris on September 2?,Paris,2026-09-02,4018246,highest-temperature-in-paris-on-september-2-2026-22c,Will the highest temperature in Paris be 22°C on September 2?,"[""Yes"", ""No""]","[""0.01"", ""0.99""]",388.72125,1,27.0,24.0,24.1
1788200126.4,Highest temperature in Paris on September 2?,Paris,2026-09-02,4018247,highest-temperature-in-paris-on-september-2-2026-23c,Will the highest temperature in Paris be 23°C on September 2?,"[""Yes"", ""No""]","[""0.055"", ""0.945""]",815.956191,1,27.0,24.0,24.1
1788200126.4,Highest temperature in Paris on September 2?,Paris,2026-09-02,4018248,highest-temperature-in-paris-on-september-2-2026-24c,Will the highest temperature in Paris be 24°C on September 2?,"[""Yes"", ""No""]","[""0.285"", ""0.715""]",653.029076,1,27.0,24.0,24.1
1788200126.4,Highest temperature in Paris on September 2?,Paris,2026-09-02,4018249,highest-temperature-in-paris-on-september-2-2026-25c,Will the highest temperature in Paris be 25°C on September 2?,"[""Yes"", ""No""]","[""0.375"", ""0.625""]",589.229526,1,27.0,24.0,24.1
1788200126.4,Highest temperature in Paris on September 2?,Paris,2026-09-02,4018250,highest-temperature-in-paris-on-september-2-2026-26c,Will the highest temperature in Paris be 26°C on September 2?,"[""Yes"", ""No""]","[""0.23"", ""0.77""]",576.331801,1,27.0,24.0,24.1
1788200126.4,Highest temperature in Paris on September 2?,Paris,2026-09-02,4018251,highest-temperature-in-paris-on-september-2-2026-27c,Will the highest temperature in Paris be 27°C on September 2?,"[""Yes"", ""No""]","[""0.055"", ""0.945""]",358.900621,1,27.0,24.0,24.1
1788200126.4,Highest temperature in Paris on September 2?,Paris,2026-09-02,4018252,highest-temperature-in-paris-on-september-2-2026-28c,Will the highest temperature in Paris be 28°C on September 2?,"[""Yes"", ""No""]","[""0.0065"", ""0.9935""]",14.990200000000002,1,27.0,24.0,24.1
1788200126.4,Highest temperature in Paris on September 2?,Paris,2026-09-02,4018253,highest-temperature-in-paris-on-september-2-2026-29c,Will the highest temperature in Paris be 29°C on September 2?,"[""Yes"", ""No""]","[""0.0015"", ""0.9985""]",846.3760000000001,1,27.0,24.0,24.1
1788200126.4,Highest temperature in Paris on September 2?,Paris,2026-09-02,4018254,highest-temperature-in-paris-on-september-2-2026-30corhigher,Will the highest temperature in Paris be 30°C or higher on September 2?,"[""Yes"", ""No""]","[""0.0015"", ""0.9985""]",1106.6560000000002,1,27.0,24.0,24.1
1788200126.4,Highest temperature in Seoul (Incheon) on September 2?,Seoul (Incheon),2026-09-02,4018255,highest-temperature-in-seoul-on-september-2-2026-22corbelow,Will the highest temperature in Seoul (Incheon) be 22°C or below on September 2?,"[""Yes"", ""No""]","[""0.0025"", ""0.9975""]",221,1,,,
1788200126.4,Highest temperature in Seoul (Incheon) on September 2?,Seoul (Incheon),2026-09-02,4018256,highest-temperature-in-seoul-on-september-2-2026-23c,Will the highest temperature in Seoul (Incheon) be 23°C on September 2?,"[""Yes"", ""No""]","[""0.0025"", ""0.9975""]",330.997,1,,,
1788200126.4,Highest temperature in Seoul (Incheon) on September 2?,Seoul (Incheon),2026-09-02,4018257,highest-temperature-in-seoul-on-september-2-2026-24c,Will the highest temperature in Seoul (Incheon) be 24°C on September 2?,"[""Yes"", ""No""]","[""0.0025"", ""0.9975""]",174.993,1,,,
1788200126.4,Highest temperature in Seoul (Incheon) on September 2?,Seoul (Incheon),2026-09-02,4018258,highest-temperature-in-seoul-on-september-2-2026-25c,Will the highest temperature in Seoul (Incheon) be 25°C on September 2?,"[""Yes"", ""No""]","[""0.011"", ""0.989""]",176.79,1,,,
1788200126.4,Highest temperature in Seoul (Incheon) on September 2?,Seoul (Incheon),2026-09-02,4018259,highest-temperature-in-seoul-on-september-2-2026-26c,Will the highest temperature in Seoul (Incheon) be 26°C on September 2?,"[""Yes"", ""No""]","[""0.055"", ""0.945""]",31.989666,1,,,
1788200126.4,Highest temperature in Seoul (Incheon) on September 2?,Seoul (Incheon),2026-09-02,4018260,highest-temperature-in-seoul-on-september-2-2026-27c,Will the highest temperature in Seoul (Incheon) be 27°C on September 2?,"[""Yes"", ""No""]","[""0.195"", ""0.805""]",360.983931,1,,,
1788200126.4,Highest temperature in Seoul (Incheon) on September 2?,Seoul (Incheon),2026-09-02,4018261,highest-temperature-in-seoul-on-september-2-2026-28c,Will the highest temperature in Seoul (Incheon) be 28°C on September 2?,"[""Yes"", ""No""]","[""0.4"", ""0.6""]",366.350104,1,,,
1788200126.4,Highest temperature in Seoul (Incheon) on September 2?,Seoul (Incheon),2026-09-02,4018262,highest-temperature-in-seoul-on-september-2-2026-29c,Will the highest temperature in Seoul (Incheon) be 29°C on September 2?,"[""Yes"", ""No""]","[""0.305"", ""0.695""]",216.55748999999997,1,,,
1788200126.4,Highest temperature in Seoul (Incheon) on September 2?,Seoul (Incheon),2026-09-02,4018263,highest-temperature-in-seoul-on-september-2-2026-30c,Will the highest temperature in Seoul (Incheon) be 30°C on September 2?,"[""Yes"", ""No""]","[""0.085"", ""0.915""]",545.998439,1,,,
1788200126.4,Highest temperature in Seoul (Incheon) on September 2?,Seoul (Incheon),2026-09-02,4018264,highest-temperature-in-seoul-on-september-2-2026-31c,Will the highest temperature in Seoul (Incheon) be 31°C on September 2?,"[""Yes"", ""No""]","[""0.0105"", ""0.9895""]",54,1,,,
1788200126.4,Highest temperature in Seoul (Incheon) on September 2?,Seoul (Incheon),2026-09-02,4018265,highest-temperature-in-seoul-on-september-2-2026-32corhigher,Will the highest temperature in Seoul (Incheon) be 32°C or higher on September 2,"[""Yes"", ""No""]","[""0.007"", ""0.993""]",107.54920000000001,1,,,
1788200126.4,Highest temperature in Ankara on September 2?,Ankara,2026-09-02,4018266,highest-temperature-in-ankara-on-september-2-2026-26corbelow,Will the highest temperature in Ankara be 26°C or below on September 2?,"[""Yes"", ""No""]","[""0.005"", ""0.995""]",63.119,1,31.2,31.3,29.7
1788200126.4,Highest temperature in Ankara on September 2?,Ankara,2026-09-02,4018267,highest-temperature-in-ankara-on-september-2-2026-27c,Will the highest temperature in Ankara be 27°C on September 2?,"[""Yes"", ""No""]","[""0.015"", ""0.985""]",88.64500000000001,1,31.2,31.3,29.7
1788200126.4,Highest temperature in Ankara on September 2?,Ankara,2026-09-02,4018268,highest-temperature-in-ankara-on-september-2-2026-28c,Will the highest temperature in Ankara be 28°C on September 2?,"[""Yes"", ""No""]","[""0.04"", ""0.96""]",79.44,1,31.2,31.3,29.7
1788200126.4,Highest temperature in Ankara on September 2?,Ankara,2026-09-02,4018269,highest-temperature-in-ankara-on-september-2-2026-29c,Will the highest temperature in Ankara be 29°C on September 2?,"[""Yes"", ""No""]","[""0.18"", ""0.82""]",619.7095419999999,1,31.2,31.3,29.7
1788200126.4,Highest temperature in Ankara on September 2?,Ankara,2026-09-02,4018270,highest-temperature-in-ankara-on-september-2-2026-30c,Will the highest temperature in Ankara be 30°C on September 2?,"[""Yes"", ""No""]","[""0.495"", ""0.505""]",260.457864,1,31.2,31.3,29.7
1788200126.4,Highest temperature in Ankara on September 2?,Ankara,2026-09-02,4018271,highest-temperature-in-ankara-on-september-2-2026-31c,Will the highest temperature in Ankara be 31°C on September 2?,"[""Yes"", ""No""]","[""0.285"", ""0.715""]",251.99296900000002,1,31.2,31.3,29.7
1788200126.4,Highest temperature in Ankara on September 2?,Ankara,2026-09-02,4018272,highest-temperature-in-ankara-on-september-2-2026-32c,Will the highest temperature in Ankara be 32°C on September 2?,"[""Yes"", ""No""]","[""0.045"", ""0.955""]",181.154633,1,31.2,31.3,29.7
1788200126.4,Highest temperature in Ankara on September 2?,Ankara,2026-09-02,4018273,highest-temperature-in-ankara-on-september-2-2026-33c,Will the highest temperature in Ankara be 33°C on September 2?,"[""Yes"", ""No""]","[""0.01"", ""0.99""]",105.75349999999999,1,31.2,31.3,29.7
1788200126.4,Highest temperature in Ankara on September 2?,Ankara,2026-09-02,4018274,highest-temperature-in-ankara-on-september-2-2026-34c,Will the highest temperature in Ankara be 34°C on September 2?,"[""Yes"", ""No""]","[""0.005"", ""0.995""]",97.07300000000001,1,31.2,31.3,29.7
1788200126.4,Highest temperature in Ankara on September 2?,Ankara,2026-09-02,4018275,highest-temperature-in-ankara-on-september-2-2026-35c,Will the highest temperature in Ankara be 35°C on September 2?,"[""Yes"", ""No""]","[""0.0025"", ""0.9975""]",51.010999999999996,1,31.2,31.3,29.7
1788200126.4,Highest temperature in Ankara on September 2?,Ankara,2026-09-02,4018276,highest-temperature-in-ankara-on-september-2-2026-36corhigher,Will the highest temperature in Ankara be 36°C or higher on September 2?,"[""Yes"", ""No""]","[""0.0005"", ""0.9995""]",220.995,1,31.2,31.3,29.7
1788200126.4,Highest temperature in Wellington on September 2?,Wellington,2026-09-02,4018277,highest-temperature-in-wellington-on-september-2-2026-10corbelow,Will the highest temperature in Wellington be 10°C or below on September 2?,"[""Yes"", ""No""]","[""0.002"", ""0.998""]",284.99,1,14.2,14.5,15.5
1788200126.4,Highest temperature in Wellington on September 2?,Wellington,2026-09-02,4018278,highest-temperature-in-wellington-on-september-2-2026-11c,Will the highest temperature in Wellington be 11°C on September 2?,"[""Yes"", ""No""]","[""0.0025"", ""0.9975""]",284.966,1,14.2,14.5,15.5
1788200126.4,Highest temperature in Wellington on September 2?,Wellington,2026-09-02,4018279,highest-temperature-in-wellington-on-september-2-2026-12c,Will the highest temperature in Wellington be 12°C on September 2?,"[""Yes"", ""No""]","[""0.0025"", ""0.9975""]",368.9221999999999,1,14.2,14.5,15.5
1788200126.4,Highest temperature in Wellington on September 2?,Wellington,2026-09-02,4018280,highest-temperature-in-wellington-on-september-2-2026-13c,Will the highest temperature in Wellington be 13°C on September 2?,"[""Yes"", ""No""]","[""0.0115"", ""0.9885""]",224.222713,1,14.2,14.5,15.5
1788200126.4,Highest temperature in Wellington on September 2?,Wellington,2026-09-02,4018281,highest-temperature-in-wellington-on-september-2-2026-14c,Will the highest temperature in Wellington be 14°C on September 2?,"[""Yes"", ""No""]","[""0.015"", ""0.985""]",262.080233,1,14.2,14.5,15.5
1788200126.4,Highest temperature in Wellington on September 2?,Wellington,2026-09-02,4018282,highest-temperature-in-wellington-on-september-2-2026-15c,Will the highest temperature in Wellington be 15°C on September 2?,"[""Yes"", ""No""]","[""0.115"", ""0.885""]",1406.77095,1,14.2,14.5,15.5
1788200126.4,Highest temperature in Wellington on September 2?,Wellington,2026-09-02,4018283,highest-temperature-in-wellington-on-september-2-2026-16c,Will the highest temperature in Wellington be 16°C on September 2?,"[""Yes"", ""No""]","[""0.605"", ""0.395""]",380.651706,1,14.2,14.5,15.5
1788200126.4,Highest temperature in Wellington on September 2?,Wellington,2026-09-02,4018284,highest-temperature-in-wellington-on-september-2-2026-17c,Will the highest temperature in Wellington be 17°C on September 2?,"[""Yes"", ""No""]","[""0.23"", ""0.77""]",204.19,1,14.2,14.5,15.5
1788200126.4,Highest temperature in Wellington on September 2?,Wellington,2026-09-02,4018285,highest-temperature-in-wellington-on-september-2-2026-18c,Will the highest temperature in Wellington be 18°C on September 2?,"[""Yes"", ""No""]","[""0.035"", ""0.965""]",105.509398,1,14.2,14.5,15.5
1788200126.4,Highest temperature in Wellington on September 2?,Wellington,2026-09-02,4018286,highest-temperature-in-wellington-on-september-2-2026-19c,Will the highest temperature in Wellington be 19°C on September 2?,"[""Yes"", ""No""]","[""0.0015"", ""0.9985""]",211.99800000000002,1,14.2,14.5,15.5
1788200126.4,Highest temperature in Wellington on September 2?,Wellington,2026-09-02,4018287,highest-temperature-in-wellington-on-september-2-2026-20corhigher,Will the highest temperature in Wellington be 20°C or higher on September 2?,"[""Yes"", ""No""]","[""0.0025"", ""0.9975""]",221.992,1,14.2,14.5,15.5
1788200126.4,Highest temperature in Lucknow on September 2?,Lucknow,2026-09-02,4018288,highest-temperature-in-lucknow-on-september-2-2026-23corbelow,Will the highest temperature in Lucknow be 23°C or below on September 2?,"[""Yes"", ""No""]","[""0.002"", ""0.998""]",100.995,1,26.8,29.5,28.5
1788200126.4,Highest temperature in Lucknow on September 2?,Lucknow,2026-09-02,4018289,highest-temperature-in-lucknow-on-september-2-2026-24c,Will the highest temperature in Lucknow be 24°C on September 2?,"[""Yes"", ""No""]","[""0.002"", ""0.998""]",100.991,1,26.8,29.5,28.5
1788200126.4,Highest temperature in Lucknow on September 2?,Lucknow,2026-09-02,4018290,highest-temperature-in-lucknow-on-september-2-2026-25c,Will the highest temperature in Lucknow be 25°C on September 2?,"[""Yes"", ""No""]","[""0.005"", ""0.995""]",190.9848,1,26.8,29.5,28.5
1788200126.4,Highest temperature in Lucknow on September 2?,Lucknow,2026-09-02,4018291,highest-temperature-in-lucknow-on-september-2-2026-26c,Will the highest temperature in Lucknow be 26°C on September 2?,"[""Yes"", ""No""]","[""0.0075"", ""0.9925""]",50.2512,1,26.8,29.5,28.5
1788200126.4,Highest temperature in Lucknow on September 2?,Lucknow,2026-09-02,4018292,highest-temperature-in-lucknow-on-september-2-2026-27c,Will the highest temperature in Lucknow be 27°C on September 2?,"[""Yes"", ""No""]","[""0.0505"", ""0.9495""]",,1,26.8,29.5,28.5
1788200126.4,Highest temperature in Lucknow on September 2?,Lucknow,2026-09-02,4018293,highest-temperature-in-lucknow-on-september-2-2026-28c,Will the highest temperature in Lucknow be 28°C on September 2?,"[""Yes"", ""No""]","[""0.085"", ""0.915""]",2,1,26.8,29.5,28.5
1788200126.4,Highest temperature in Lucknow on September 2?,Lucknow,2026-09-02,4018294,highest-temperature-in-lucknow-on-september-2-2026-29c,Will the highest temperature in Lucknow be 29°C on September 2?,"[""Yes"", ""No""]","[""0.29"", ""0.71""]",73.21872499999999,1,26.8,29.5,28.5
1788200126.4,Highest temperature in Lucknow on September 2?,Lucknow,2026-09-02,4018295,highest-temperature-in-lucknow-on-september-2-2026-30c,Will the highest temperature in Lucknow be 30°C on September 2?,"[""Yes"", ""No""]","[""0.335"", ""0.665""]",20.487188,1,26.8,29.5,28.5
1788200126.4,Highest temperature in Lucknow on September 2?,Lucknow,2026-09-02,4018296,highest-temperature-in-lucknow-on-september-2-2026-31c,Will the highest temperature in Lucknow be 31°C on September 2?,"[""Yes"", ""No""]","[""0.185"", ""0.815""]",94.26294200000001,1,26.8,29.5,28.5
1788200126.4,Highest temperature in Lucknow on September 2?,Lucknow,2026-09-02,4018297,highest-temperature-in-lucknow-on-september-2-2026-32c,Will the highest temperature in Lucknow be 32°C on September 2?,"[""Yes"", ""No""]","[""0.09"", ""0.91""]",7,1,26.8,29.5,28.5
1788200126.4,Highest temperature in Lucknow on September 2?,Lucknow,2026-09-02,4018298,highest-temperature-in-lucknow-on-september-2-2026-33corhigher,Will the highest temperature in Lucknow be 33°C or higher on September 2?,"[""Yes"", ""No""]","[""0.025"", ""0.975""]",72.9979,1,26.8,29.5,28.5
1788200126.4,Highest temperature in Munich on September 2?,Munich,2026-09-02,4018299,highest-temperature-in-munich-on-september-2-2026-20corbelow,Will the highest temperature in Munich be 20°C or below on September 2?,"[""Yes"", ""No""]","[""0.006"", ""0.994""]",121.1513,1,24.0,23.4,23.3
1788200126.4,Highest temperature in Munich on September 2?,Munich,2026-09-02,4018300,highest-temperature-in-munich-on-september-2-2026-21c,Will the highest temperature in Munich be 21°C on September 2?,"[""Yes"", ""No""]","[""0.015"", ""0.985""]",,1,24.0,23.4,23.3
1788200126.4,Highest temperature in Munich on September 2?,Munich,2026-09-02,4018301,highest-temperature-in-munich-on-september-2-2026-22c,Will the highest temperature in Munich be 22°C on September 2?,"[""Yes"", ""No""]","[""0.055"", ""0.945""]",6.0625,1,24.0,23.4,23.3
1788200126.4,Highest temperature in Munich on September 2?,Munich,2026-09-02,4018302,highest-temperature-in-munich-on-september-2-2026-23c,Will the highest temperature in Munich be 23°C on September 2?,"[""Yes"", ""No""]","[""0.155"", ""0.845""]",153.290365,1,24.0,23.4,23.3
1788200126.4,Highest temperature in Munich on September 2?,Munich,2026-09-02,4018303,highest-temperature-in-munich-on-september-2-2026-24c,Will the highest temperature in Munich be 24°C on September 2?,"[""Yes"", ""No""]","[""0.35"", ""0.65""]",773.137995,1,24.0,23.4,23.3
1788200126.4,Highest temperature in Munich on September 2?,Munich,2026-09-02,4018304,highest-temperature-in-munich-on-september-2-2026-25c,Will the highest temperature in Munich be 25°C on September 2?,"[""Yes"", ""No""]","[""0.34"", ""0.66""]",131.795796,1,24.0,23.4,23.3
1788200126.4,Highest temperature in Munich on September 2?,Munich,2026-09-02,4018305,highest-temperature-in-munich-on-september-2-2026-26c,Will the highest temperature in Munich be 26°C on September 2?,"[""Yes"", ""No""]","[""0.11"", ""0.89""]",70.97935700000001,1,24.0,23.4,23.3
1788200126.4,Highest temperature in Munich on September 2?,Munich,2026-09-02,4018306,highest-temperature-in-munich-on-september-2-2026-27c,Will the highest temperature in Munich be 27°C on September 2?,"[""Yes"", ""No""]","[""0.02"", ""0.98""]",197.66605,1,24.0,23.4,23.3
1788200126.4,Highest temperature in Munich on September 2?,Munich,2026-09-02,4018307,highest-temperature-in-munich-on-september-2-2026-28c,Will the highest temperature in Munich be 28°C on September 2?,"[""Yes"", ""No""]","[""0.0075"", ""0.9925""]",15,1,24.0,23.4,23.3
1788200126.4,Highest temperature in Munich on September 2?,Munich,2026-09-02,4018308,highest-temperature-in-munich-on-september-2-2026-29c,Will the highest temperature in Munich be 29°C on September 2?,"[""Yes"", ""No""]","[""0.0055"", ""0.9945""]",90,1,24.0,23.4,23.3
1788200126.4,Highest temperature in Munich on September 2?,Munich,2026-09-02,4018309,highest-temperature-in-munich-on-september-2-2026-30corhigher,Will the highest temperature in Munich be 30°C or higher on September 2?,"[""Yes"", ""No""]","[""0.0015"", ""0.9985""]",235.21499999999997,1,24.0,23.4,23.3
1788200126.4,Highest temperature in Tel Aviv on September 2?,Tel Aviv,2026-09-02,4018310,highest-temperature-in-tel-aviv-on-september-2-2026-28corbelow,Will the highest temperature in Tel Aviv be 28°C or below on September 2?,"[""Yes"", ""No""]","[""0.0005"", ""0.9995""]",150.7455,1,30.9,28.7,31.3
1788200126.4,Highest temperature in Tel Aviv on September 2?,Tel Aviv,2026-09-02,4018311,highest-temperature-in-tel-aviv-on-september-2-2026-29c,Will the highest temperature in Tel Aviv be 29°C on September 2?,"[""Yes"", ""No""]","[""0.0005"", ""0.9995""]",207.653,1,30.9,28.7,31.3
1788200126.4,Highest temperature in Tel Aviv on September 2?,Tel Aviv,2026-09-02,4018312,highest-temperature-in-tel-aviv-on-september-2-2026-30c,Will the highest temperature in Tel Aviv be 30°C on September 2?,"[""Yes"", ""No""]","[""0.0015"", ""0.9985""]",194.8007,1,30.9,28.7,31.3
1788200126.4,Highest temperature in Tel Aviv on September 2?,Tel Aviv,2026-09-02,4018313,highest-temperature-in-tel-aviv-on-september-2-2026-31c,Will the highest temperature in Tel Aviv be 31°C on September 2?,"[""Yes"", ""No""]","[""0.025"", ""0.975""]",301.22236399999997,1,30.9,28.7,31.3
1788200126.4,Highest temperature in Tel Aviv on September 2?,Tel Aviv,2026-09-02,4018314,highest-temperature-in-tel-aviv-on-september-2-2026-32c,Will the highest temperature in Tel Aviv be 32°C on September 2?,"[""Yes"", ""No""]","[""0.22"", ""0.78""]",650.083353,1,30.9,28.7,31.3
1788200126.4,Highest temperature in Tel Aviv on September 2?,Tel Aviv,2026-09-02,4018315,highest-temperature-in-tel-aviv-on-september-2-2026-33c,Will the highest temperature in Tel Aviv be 33°C on September 2?,"[""Yes"", ""No""]","[""0.74"", ""0.26""]",3920.616463,1,30.9,28.7,31.3
1788200126.4,Highest temperature in Tel Aviv on September 2?,Tel Aviv,2026-09-02,4018316,highest-temperature-in-tel-aviv-on-september-2-2026-34c,Will the highest temperature in Tel Aviv be 34°C on September 2?,"[""Yes"", ""No""]","[""0.035"", ""0.965""]",241.04735599999998,1,30.9,28.7,31.3
1788200126.4,Highest temperature in Tel Aviv on September 2?,Tel Aviv,2026-09-02,4018317,highest-temperature-in-tel-aviv-on-september-2-2026-35c,Will the highest temperature in Tel Aviv be 35°C on September 2?,"[""Yes"", ""No""]","[""0.01"", ""0.99""]",263.81095,1,30.9,28.7,31.3
1788200126.4,Highest temperature in Tel Aviv on September 2?,Tel Aviv,2026-09-02,4018318,highest-temperature-in-tel-aviv-on-september-2-2026-36c,Will the highest temperature in Tel Aviv be 36°C on September 2?,"[""Yes"", ""No""]","[""0.0055"", ""0.9945""]",180.987,1,30.9,28.7,31.3
1788200126.4,Highest temperature in Tel Aviv on September 2?,Tel Aviv,2026-09-02,4018319,highest-temperature-in-tel-aviv-on-september-2-2026-37c,Will the highest temperature in Tel Aviv be 37°C on September 2?,"[""Yes"", ""No""]","[""0.0005"", ""0.9995""]",239.99699999999999,1,30.9,28.7,31.3
1788200126.4,Highest temperature in Tel Aviv on September 2?,Tel Aviv,2026-09-02,4018320,highest-temperature-in-tel-aviv-on-september-2-2026-38corhigher,Will the highest temperature in Tel Aviv be 38°C or higher on September 2?,"[""Yes"", ""No""]","[""0.0005"", ""0.9995""]",140,1,30.9,28.7,31.3
1788200126.4,Highest temperature in Tokyo on September 2?,Tokyo,2026-09-02,4018321,highest-temperature-in-tokyo-on-september-2-2026-26corbelow,Will the highest temperature in Tokyo be 26°C or below on September 2?,"[""Yes"", ""No""]","[""0.0015"", ""0.9985""]",1663.1169999999995,1,32.3,30.1,31.6
1788200126.4,Highest temperature in Tokyo on September 2?,Tokyo,2026-09-02,4018322,highest-temperature-in-tokyo-on-september-2-2026-27c,Will the highest temperature in Tokyo be 27°C on September 2?,"[""Yes"", ""No""]","[""0.011"", ""0.989""]",228.04840000000002,1,32.3,30.1,31.6
1788200126.4,Highest temperature in Tokyo on September 2?,Tokyo,2026-09-02,4018323,highest-temperature-in-tokyo-on-september-2-2026-28c,Will the highest temperature in Tokyo be 28°C on September 2?,"[""Yes"", ""No""]","[""0.025"", ""0.975""]",94.113,1,32.3,30.1,31.6
1788200126.4,Highest temperature in Tokyo on September 2?,Tokyo,2026-09-02,4018324,highest-temperature-in-tokyo-on-september-2-2026-29c,Will the highest temperature in Tokyo be 29°C on September 2?,"[""Yes"", ""No""]","[""0.05"", ""0.95""]",154.752339,1,32.3,30.1,31.6
1788200126.4,Highest temperature in Tokyo on September 2?,Tokyo,2026-09-02,4018325,highest-temperature-in-tokyo-on-september-2-2026-30c,Will the highest temperature in Tokyo be 30°C on September 2?,"[""Yes"", ""No""]","[""0.155"", ""0.845""]",604.4210210000001,1,32.3,30.1,31.6
1788200126.4,Highest temperature in Tokyo on September 2?,Tokyo,2026-09-02,4018326,highest-temperature-in-tokyo-on-september-2-2026-31c,Will the highest temperature in Tokyo be 31°C on September 2?,"[""Yes"", ""No""]","[""0.415"", ""0.585""]",294.317354,1,32.3,30.1,31.6
1788200126.4,Highest temperature in Tokyo on September 2?,Tokyo,2026-09-02,4018327,highest-temperature-in-tokyo-on-september-2-2026-32c,Will the highest temperature in Tokyo be 32°C on September 2?,"[""Yes"", ""No""]","[""0.275"", ""0.725""]",130.11600399999998,1,32.3,30.1,31.6
1788200126.4,Highest temperature in Tokyo on September 2?,Tokyo,2026-09-02,4018328,highest-temperature-in-tokyo-on-september-2-2026-33c,Will the highest temperature in Tokyo be 33°C on September 2?,"[""Yes"", ""No""]","[""0.09"", ""0.91""]",425.42900499999996,1,32.3,30.1,31.6
1788200126.4,Highest temperature in Tokyo on September 2?,Tokyo,2026-09-02,4018329,highest-temperature-in-tokyo-on-september-2-2026-34c,Will the highest temperature in Tokyo be 34°C on September 2?,"[""Yes"", ""No""]","[""0.04"", ""0.96""]",319.15046499999994,1,32.3,30.1,31.6
1788200126.4,Highest temperature in Tokyo on September 2?,Tokyo,2026-09-02,4018330,highest-temperature-in-tokyo-on-september-2-2026-35c,Will the highest temperature in Tokyo be 35°C on September 2?,"[""Yes"", ""No""]","[""0.015"", ""0.985""]",135.203994,1,32.3,30.1,31.6
1788200126.4,Highest temperature in Tokyo on September 2?,Tokyo,2026-09-02,4018331,highest-temperature-in-tokyo-on-september-2-2026-36corhigher,Will the highest temperature in Tokyo be 36°C or higher on September 2?,"[""Yes"", ""No""]","[""0.0045"", ""0.9955""]",131.53979999999999,1,32.3,30.1,31.6
1788200126.4,Highest temperature in Hong Kong on September 2?,Hong Kong,2026-09-02,4018332,highest-temperature-in-hong-kong-on-september-2-2026-24corbelow,Will the highest temperature in Hong Kong be 24°C or below on September 2?,"[""Yes"", ""No""]","[""0.001"", ""0.999""]",403.99100000000004,1,28.1,30.7,28.4
1788200126.4,Highest temperature in Hong Kong on September 2?,Hong Kong,2026-09-02,4018333,highest-temperature-in-hong-kong-on-september-2-2026-25c,Will the highest temperature in Hong Kong be 25°C on September 2?,"[""Yes"", ""No""]","[""0.003"", ""0.997""]",398.121,1,28.1,30.7,28.4
1788200126.4,Highest temperature in Hong Kong on September 2?,Hong Kong,2026-09-02,4018334,highest-temperature-in-hong-kong-on-september-2-2026-26c,Will the highest temperature in Hong Kong be 26°C on September 2?,"[""Yes"", ""No""]","[""0.003"", ""0.997""]",211.22099999999998,1,28.1,30.7,28.4
1788200126.4,Highest temperature in Hong Kong on September 2?,Hong Kong,2026-09-02,4018335,highest-temperature-in-hong-kong-on-september-2-2026-27c,Will the highest temperature in Hong Kong be 27°C on September 2?,"[""Yes"", ""No""]","[""0.004"", ""0.996""]",311.03,1,28.1,30.7,28.4
1788200126.4,Highest temperature in Hong Kong on September 2?,Hong Kong,2026-09-02,4018336,highest-temperature-in-hong-kong-on-september-2-2026-28c,Will the highest temperature in Hong Kong be 28°C on September 2?,"[""Yes"", ""No""]","[""0.085"", ""0.915""]",396.13912500000004,1,28.1,30.7,28.4
1788200126.4,Highest temperature in Hong Kong on September 2?,Hong Kong,2026-09-02,4018337,highest-temperature-in-hong-kong-on-september-2-2026-29c,Will the highest temperature in Hong Kong be 29°C on September 2?,"[""Yes"", ""No""]","[""0.265"", ""0.735""]",121.19607599999999,1,28.1,30.7,28.4
1788200126.4,Highest temperature in Hong Kong on September 2?,Hong Kong,2026-09-02,4018338,highest-temperature-in-hong-kong-on-september-2-2026-30c,Will the highest temperature in Hong Kong be 30°C on September 2?,"[""Yes"", ""No""]","[""0.32"", ""0.68""]",97.39117499999999,1,28.1,30.7,28.4
1788200126.4,Highest temperature in Hong Kong on September 2?,Hong Kong,2026-09-02,4018339,highest-temperature-in-hong-kong-on-september-2-2026-31c,Will the highest temperature in Hong Kong be 31°C on September 2?,"[""Yes"", ""No""]","[""0.215"", ""0.785""]",47.857141,1,28.1,30.7,28.4
1788200126.4,Highest temperature in Hong Kong on September 2?,Hong Kong,2026-09-02,4018340,highest-temperature-in-hong-kong-on-september-2-2026-32c,Will the highest temperature in Hong Kong be 32°C on September 2?,"[""Yes"", ""No""]","[""0.055"", ""0.945""]",154.389129,1,28.1,30.7,28.4
1788200126.4,Highest temperature in Hong Kong on September 2?,Hong Kong,2026-09-02,4018341,highest-temperature-in-hong-kong-on-september-2-2026-33c,Will the highest temperature in Hong Kong be 33°C on September 2?,"[""Yes"", ""No""]","[""0.015"", ""0.985""]",156,1,28.1,30.7,28.4
1788200126.4,Highest temperature in Hong Kong on September 2?,Hong Kong,2026-09-02,4018342,highest-temperature-in-hong-kong-on-september-2-2026-34corhigher,Will the highest temperature in Hong Kong be 34°C or higher on September 2?,"[""Yes"", ""No""]","[""0.009"", ""0.991""]",164.06350000000003,1,28.1,30.7,28.4
1788200126.4,Highest temperature in Shanghai on September 2?,Shanghai,2026-09-02,4018343,highest-temperature-in-shanghai-on-september-2-2026-25corbelow,Will the highest temperature in Shanghai be 25°C or below on September 2?,"[""Yes"", ""No""]","[""0.0015"", ""0.9985""]",1179.9919999999997,1,27.0,29.8,29.0
1788200126.4,Highest temperature in Shanghai on September 2?,Shanghai,2026-09-02,4018344,highest-temperature-in-shanghai-on-september-2-2026-26c,Will the highest temperature in Shanghai be 26°C on September 2?,"[""Yes"", ""No""]","[""0.0015"", ""0.9985""]",1092.7630000000001,1,27.0,29.8,29.0
1788200126.4,Highest temperature in Shanghai on September 2?,Shanghai,2026-09-02,4018345,highest-temperature-in-shanghai-on-september-2-2026-27c,Will the highest temperature in Shanghai be 27°C on September 2?,"[""Yes"", ""No""]","[""0.0185"", ""0.9815""]",431.04226800000004,1,27.0,29.8,29.0
1788200126.4,Highest temperature in Shanghai on September 2?,Shanghai,2026-09-02,4018346,highest-temperature-in-shanghai-on-september-2-2026-28c,Will the highest temperature in Shanghai be 28°C on September 2?,"[""Yes"", ""No""]","[""0.05"", ""0.95""]",1317.087454,1,27.0,29.8,29.0
1788200126.4,Highest temperature in Shanghai on September 2?,Shanghai,2026-09-02,4018347,highest-temperature-in-shanghai-on-september-2-2026-29c,Will the highest temperature in Shanghai be 29°C on September 2?,"[""Yes"", ""No""]","[""0.17"", ""0.83""]",5140.9825580000015,1,27.0,29.8,29.0
1788200126.4,Highest temperature in Shanghai on September 2?,Shanghai,2026-09-02,4018348,highest-temperature-in-shanghai-on-september-2-2026-30c,Will the highest temperature in Shanghai be 30°C on September 2?,"[""Yes"", ""No""]","[""0.425"", ""0.575""]",1697.026799,1,27.0,29.8,29.0
1788200126.4,Highest temperature in Shanghai on September 2?,Shanghai,2026-09-02,4018349,highest-temperature-in-shanghai-on-september-2-2026-31c,Will the highest temperature in Shanghai be 31°C on September 2?,"[""Yes"", ""No""]","[""0.315"", ""0.685""]",2934.848056999999,1,27.0,29.8,29.0
1788200126.4,Highest temperature in Shanghai on September 2?,Shanghai,2026-09-02,4018350,highest-temperature-in-shanghai-on-september-2-2026-32c,Will the highest temperature in Shanghai be 32°C on September 2?,"[""Yes"", ""No""]","[""0.06"", ""0.94""]",417.834776,1,27.0,29.8,29.0
1788200126.4,Highest temperature in Shanghai on September 2?,Shanghai,2026-09-02,4018351,highest-temperature-in-shanghai-on-september-2-2026-33c,Will the highest temperature in Shanghai be 33°C on September 2?,"[""Yes"", ""No""]","[""0.011"", ""0.989""]",452.0045,1,27.0,29.8,29.0
1788200126.4,Highest temperature in Shanghai on September 2?,Shanghai,2026-09-02,4018352,highest-temperature-in-shanghai-on-september-2-2026-34c,Will the highest temperature in Shanghai be 34°C on September 2?,"[""Yes"", ""No""]","[""0.0005"", ""0.9995""]",304.045,1,27.0,29.8,29.0
1788200126.4,Highest temperature in Shanghai on September 2?,Shanghai,2026-09-02,4018353,highest-temperature-in-shanghai-on-september-2-2026-35corhigher,Will the highest temperature in Shanghai be 35°C or higher on September 2?,"[""Yes"", ""No""]","[""0.0005"", ""0.9995""]",349.825,1,27.0,29.8,29.0
1788200126.4,Highest temperature in Singapore on September 2?,Singapore,2026-09-02,4018354,highest-temperature-in-singapore-on-september-2-2026-27corbelow,Will the highest temperature in Singapore be 27°C or below on September 2?,"[""Yes"", ""No""]","[""0.001"", ""0.999""]",316.98400000000004,1,32.3,31.5,34.5
1788200126.4,Highest temperature in Singapore on September 2?,Singapore,2026-09-02,4018355,highest-temperature-in-singapore-on-september-2-2026-28c,Will the highest temperature in Singapore be 28°C on September 2?,"[""Yes"", ""No""]","[""0.0015"", ""0.9985""]",316.99,1,32.3,31.5,34.5
1788200126.4,Highest temperature in Singapore on September 2?,Singapore,2026-09-02,4018356,highest-temperature-in-singapore-on-september-2-2026-29c,Will the highest temperature in Singapore be 29°C on September 2?,"[""Yes"", ""No""]","[""0.0015"", ""0.9985""]",280.967,1,32.3,31.5,34.5
1788200126.4,Highest temperature in Singapore on September 2?,Singapore,2026-09-02,4018357,highest-temperature-in-singapore-on-september-2-2026-30c,Will the highest temperature in Singapore be 30°C on September 2?,"[""Yes"", ""No""]","[""0.0385"", ""0.9615""]",107.66004500000001,1,32.3,31.5,34.5
1788200126.4,Highest temperature in Singapore on September 2?,Singapore,2026-09-02,4018358,highest-temperature-in-singapore-on-september-2-2026-31c,Will the highest temperature in Singapore be 31°C on September 2?,"[""Yes"", ""No""]","[""0.036"", ""0.964""]",111.543386,1,32.3,31.5,34.5
1788200126.4,Highest temperature in Singapore on September 2?,Singapore,2026-09-02,4018359,highest-temperature-in-singapore-on-september-2-2026-32c,Will the highest temperature in Singapore be 32°C on September 2?,"[""Yes"", ""No""]","[""0.12"", ""0.88""]",323.68437800000004,1,32.3,31.5,34.5
1788200126.4,Highest temperature in Singapore on September 2?,Singapore,2026-09-02,4018360,highest-temperature-in-singapore-on-september-2-2026-33c,Will the highest temperature in Singapore be 33°C on September 2?,"[""Yes"", ""No""]","[""0.675"", ""0.325""]",605.2713739999999,1,32.3,31.5,34.5
1788200126.4,Highest temperature in Singapore on September 2?,Singapore,2026-09-02,4018361,highest-temperature-in-singapore-on-september-2-2026-34c,Will the highest temperature in Singapore be 34°C on September 2?,"[""Yes"", ""No""]","[""0.16"", ""0.84""]",2318.7646589999995,1,32.3,31.5,34.5
1788200126.4,Highest temperature in Singapore on September 2?,Singapore,2026-09-02,4018362,highest-temperature-in-singapore-on-september-2-2026-35c,Will the highest temperature in Singapore be 35°C on September 2?,"[""Yes"", ""No""]","[""0.03"", ""0.97""]",183.864833,1,32.3,31.5,34.5
1788200126.4,Highest temperature in Singapore on September 2?,Singapore,2026-09-02,4018363,highest-temperature-in-singapore-on-september-2-2026-36c,Will the highest temperature in Singapore be 36°C on September 2?,"[""Yes"", ""No""]","[""0.015"", ""0.985""]",76.7321,1,32.3,31.5,34.5
1788200126.4,Highest temperature in Singapore on September 2?,Singapore,2026-09-02,4018364,highest-temperature-in-singapore-on-september-2-2026-37corhigher,Will the highest temperature in Singapore be 37°C or higher on September 2?,"[""Yes"", ""No""]","[""0.002"", ""0.998""]",248.81783299999998,1,32.3,31.5,34.5
1788200126.4,Highest temperature in Milan on September 2?,Milan,2026-09-02,4018365,highest-temperature-in-milan-on-september-2-2026-22corbelow,Will the highest temperature in Milan be 22°C or below on September 2?,"[""Yes"", ""No""]","[""0.004"", ""0.996""]",1681.037666,1,31.0,30.5,30.8
1788200126.4,Highest temperature in Milan on September 2?,Milan,2026-09-02,4018366,highest-temperature-in-milan-on-september-2-2026-23c,Will the highest temperature in Milan be 23°C on September 2?,"[""Yes"", ""No""]","[""0.0005"", ""0.9995""]",345.995,1,31.0,30.5,30.8
1788200126.4,Highest temperature in Milan on September 2?,Milan,2026-09-02,4018367,highest-temperature-in-milan-on-september-2-2026-24c,Will the highest temperature in Milan be 24°C on September 2?,"[""Yes"", ""No""]","[""0.0015"", ""0.9985""]",246.221,1,31.0,30.5,30.8
1788200126.4,Highest temperature in Milan on September 2?,Milan,2026-09-02,4018368,highest-temperature-in-milan-on-september-2-2026-25c,Will the highest temperature in Milan be 25°C on September 2?,"[""Yes"", ""No""]","[""0.0015"", ""0.9985""]",142.117,1,31.0,30.5,30.8
1788200126.4,Highest temperature in Milan on September 2?,Milan,2026-09-02,4018369,highest-temperature-in-milan-on-september-2-2026-26c,Will the highest temperature in Milan be 26°C on September 2?,"[""Yes"", ""No""]","[""0.0025"", ""0.9975""]",63.068,1,31.0,30.5,30.8
1788200126.4,Highest temperature in Milan on September 2?,Milan,2026-09-02,4018370,highest-temperature-in-milan-on-september-2-2026-27c,Will the highest temperature in Milan be 27°C on September 2?,"[""Yes"", ""No""]","[""0.03"", ""0.97""]",3.57,1,31.0,30.5,30.8
1788200126.4,Highest temperature in Milan on September 2?,Milan,2026-09-02,4018371,highest-temperature-in-milan-on-september-2-2026-28c,Will the highest temperature in Milan be 28°C on September 2?,"[""Yes"", ""No""]","[""0.085"", ""0.915""]",,1,31.0,30.5,30.8
1788200126.4,Highest temperature in Milan on September 2?,Milan,2026-09-02,4018372,highest-temperature-in-milan-on-september-2-2026-29c,Will the highest temperature in Milan be 29°C on September 2?,"[""Yes"", ""No""]","[""0.32"", ""0.68""]",85.782245,1,31.0,30.5,30.8
1788200126.4,Highest temperature in Milan on September 2?,Milan,2026-09-02,4018373,highest-temperature-in-milan-on-september-2-2026-30c,Will the highest temperature in Milan be 30°C on September 2?,"[""Yes"", ""No""]","[""0.39"", ""0.61""]",251.21308499999998,1,31.0,30.5,30.8
1788200126.4,Highest temperature in Milan on September 2?,Milan,2026-09-02,4018374,highest-temperature-in-milan-on-september-2-2026-31c,Will the highest temperature in Milan be 31°C on September 2?,"[""Yes"", ""No""]","[""0.145"", ""0.855""]",3.25,1,31.0,30.5,30.8
1788200126.4,Highest temperature in Milan on September 2?,Milan,2026-09-02,4018375,highest-temperature-in-milan-on-september-2-2026-32corhigher,Will the highest temperature in Milan be 32°C or higher on September 2?,"[""Yes"", ""No""]","[""0.04"", ""0.96""]",,1,31.0,30.5,30.8
1788200126.4,Highest temperature in Madrid on September 2?,Madrid,2026-09-02,4018376,highest-temperature-in-madrid-on-september-2-2026-31corbelow,Will the highest temperature in Madrid be 31°C or below on September 2?,"[""Yes"", ""No""]","[""0.0015"", ""0.9985""]",161.1368,1,35.5,35.9,36.3
1788200126.4,Highest temperature in Madrid on September 2?,Madrid,2026-09-02,4018377,highest-temperature-in-madrid-on-september-2-2026-32c,Will the highest temperature in Madrid be 32°C on September 2?,"[""Yes"", ""No""]","[""0.0035"", ""0.9965""]",129.013,1,35.5,35.9,36.3
1788200126.4,Highest temperature in Madrid on September 2?,Madrid,2026-09-02,4018378,highest-temperature-in-madrid-on-september-2-2026-33c,Will the highest temperature in Madrid be 33°C on September 2?,"[""Yes"", ""No""]","[""0.0075"", ""0.9925""]",23.12,1,35.5,35.9,36.3
1788200126.4,Highest temperature in Madrid on September 2?,Madrid,2026-09-02,4018379,highest-temperature-in-madrid-on-september-2-2026-34c,Will the highest temperature in Madrid be 34°C on September 2?,"[""Yes"", ""No""]","[""0.015"", ""0.985""]",21,1,35.5,35.9,36.3
1788200126.4,Highest temperature in Madrid on September 2?,Madrid,2026-09-02,4018380,highest-temperature-in-madrid-on-september-2-2026-35c,Will the highest temperature in Madrid be 35°C on September 2?,"[""Yes"", ""No""]","[""0.03"", ""0.97""]",85.11999700000001,1,35.5,35.9,36.3
1788200126.4,Highest temperature in Madrid on September 2?,Madrid,2026-09-02,4018381,highest-temperature-in-madrid-on-september-2-2026-36c,Will the highest temperature in Madrid be 36°C on September 2?,"[""Yes"", ""No""]","[""0.41"", ""0.59""]",293.21833,1,35.5,35.9,36.3
1788200126.4,Highest temperature in Madrid on September 2?,Madrid,2026-09-02,4018382,highest-temperature-in-madrid-on-september-2-2026-37c,Will the highest temperature in Madrid be 37°C on September 2?,"[""Yes"", ""No""]","[""0.465"", ""0.535""]",423.00069699999995,1,35.5,35.9,36.3
1788200126.4,Highest temperature in Madrid on September 2?,Madrid,2026-09-02,4018383,highest-temperature-in-madrid-on-september-2-2026-38c,Will the highest temperature in Madrid be 38°C on September 2?,"[""Yes"", ""No""]","[""0.07"", ""0.93""]",92.6,1,35.5,35.9,36.3
1788200126.4,Highest temperature in Madrid on September 2?,Madrid,2026-09-02,4018384,highest-temperature-in-madrid-on-september-2-2026-39c,Will the highest temperature in Madrid be 39°C on September 2?,"[""Yes"", ""No""]","[""0.0125"", ""0.9875""]",5,1,35.5,35.9,36.3
1788200126.4,Highest temperature in Madrid on September 2?,Madrid,2026-09-02,4018385,highest-temperature-in-madrid-on-september-2-2026-40c,Will the highest temperature in Madrid be 40°C on September 2?,"[""Yes"", ""No""]","[""0.0025"", ""0.9975""]",41.760000000000005,1,35.5,35.9,36.3
1788200126.4,Highest temperature in Madrid on September 2?,Madrid,2026-09-02,4018386,highest-temperature-in-madrid-on-september-2-2026-41corhigher,Will the highest temperature in Madrid be 41°C or higher on September 2?,"[""Yes"", ""No""]","[""0.002"", ""0.998""]",41,1,35.5,35.9,36.3
1788200126.4,Highest temperature in Warsaw on September 2?,Warsaw,2026-09-02,4018387,highest-temperature-in-warsaw-on-september-2-2026-17corbelow,Will the highest temperature in Warsaw be 17°C or below on September 2?,"[""Yes"", ""No""]","[""0.0015"", ""0.9985""]",149.117,1,23.7,20.4,22.8
1788200126.4,Highest temperature in Warsaw on September 2?,Warsaw,2026-09-02,4018388,highest-temperature-in-warsaw-on-september-2-2026-18c,Will the highest temperature in Warsaw be 18°C on September 2?,"[""Yes"", ""No""]","[""0.006"", ""0.994""]",7,1,23.7,20.4,22.8
1788200126.4,Highest temperature in Warsaw on September 2?,Warsaw,2026-09-02,4018389,highest-temperature-in-warsaw-on-september-2-2026-19c,Will the highest temperature in Warsaw be 19°C on September 2?,"[""Yes"", ""No""]","[""0.015"", ""0.985""]",4.9948,1,23.7,20.4,22.8
1788200126.4,Highest temperature in Warsaw on September 2?,Warsaw,2026-09-02,4018390,highest-temperature-in-warsaw-on-september-2-2026-20c,Will the highest temperature in Warsaw be 20°C on September 2?,"[""Yes"", ""No""]","[""0.035"", ""0.965""]",7,1,23.7,20.4,22.8
1788200126.4,Highest temperature in Warsaw on September 2?,Warsaw,2026-09-02,4018391,highest-temperature-in-warsaw-on-september-2-2026-21c,Will the highest temperature in Warsaw be 21°C on September 2?,"[""Yes"", ""No""]","[""0.1"", ""0.9""]",284.84676199999996,1,23.7,20.4,22.8
1788200126.4,Highest temperature in Warsaw on September 2?,Warsaw,2026-09-02,4018392,highest-temperature-in-warsaw-on-september-2-2026-22c,Will the highest temperature in Warsaw be 22°C on September 2?,"[""Yes"", ""No""]","[""0.33"", ""0.67""]",202.88635599999998,1,23.7,20.4,22.8
1788200126.4,Highest temperature in Warsaw on September 2?,Warsaw,2026-09-02,4018393,highest-temperature-in-warsaw-on-september-2-2026-23c,Will the highest temperature in Warsaw be 23°C on September 2?,"[""Yes"", ""No""]","[""0.455"", ""0.545""]",456.78581199999996,1,23.7,20.4,22.8
1788200126.4,Highest temperature in Warsaw on September 2?,Warsaw,2026-09-02,4018394,highest-temperature-in-warsaw-on-september-2-2026-24c,Will the highest temperature in Warsaw be 24°C on September 2?,"[""Yes"", ""No""]","[""0.12"", ""0.88""]",25.431977,1,23.7,20.4,22.8
1788200126.4,Highest temperature in Warsaw on September 2?,Warsaw,2026-09-02,4018395,highest-temperature-in-warsaw-on-september-2-2026-25c,Will the highest temperature in Warsaw be 25°C on September 2?,"[""Yes"", ""No""]","[""0.035"", ""0.965""]",23.26465,1,23.7,20.4,22.8
1788200126.4,Highest temperature in Warsaw on September 2?,Warsaw,2026-09-02,4018396,highest-temperature-in-warsaw-on-september-2-2026-26c,Will the highest temperature in Warsaw be 26°C on September 2?,"[""Yes"", ""No""]","[""0.0025"", ""0.9975""]",66.037,1,23.7,20.4,22.8
1788200126.4,Highest temperature in Warsaw on September 2?,Warsaw,2026-09-02,4018397,highest-temperature-in-warsaw-on-september-2-2026-27corhigher,Will the highest temperature in Warsaw be 27°C or higher on September 2?,"[""Yes"", ""No""]","[""0.0015"", ""0.9985""]",139.231,1,23.7,20.4,22.8
1788200126.4,Highest temperature in Taipei on September 2?,Taipei,2026-09-02,4018398,highest-temperature-in-taipei-on-september-2-2026-28corbelow,Will the highest temperature in Taipei be 28°C or below on September 2?,"[""Yes"", ""No""]","[""0.0025"", ""0.9975""]",108.083,1,32.1,31.7,32.7
1788200126.4,Highest temperature in Taipei on September 2?,Taipei,2026-09-02,4018399,highest-temperature-in-taipei-on-september-2-2026-29c,Will the highest temperature in Taipei be 29°C on September 2?,"[""Yes"", ""No""]","[""0.02"", ""0.98""]",213.49285,1,32.1,31.7,32.7
1788200126.4,Highest temperature in Taipei on September 2?,Taipei,2026-09-02,4018400,highest-temperature-in-taipei-on-september-2-2026-30c,Will the highest temperature in Taipei be 30°C on September 2?,"[""Yes"", ""No""]","[""0.035"", ""0.965""]",93.751733,1,32.1,31.7,32.7
1788200126.4,Highest temperature in Taipei on September 2?,Taipei,2026-09-02,4018401,highest-temperature-in-taipei-on-september-2-2026-31c,Will the highest temperature in Taipei be 31°C on September 2?,"[""Yes"", ""No""]","[""0.045"", ""0.955""]",,1,32.1,31.7,32.7
1788200126.4,Highest temperature in Taipei on September 2?,Taipei,2026-09-02,4018402,highest-temperature-in-taipei-on-september-2-2026-32c,Will the highest temperature in Taipei be 32°C on September 2?,"[""Yes"", ""No""]","[""0.145"", ""0.855""]",115.60538600000001,1,32.1,31.7,32.7
1788200126.4,Highest temperature in Taipei on September 2?,Taipei,2026-09-02,4018403,highest-temperature-in-taipei-on-september-2-2026-33c,Will the highest temperature in Taipei be 33°C on September 2?,"[""Yes"", ""No""]","[""0.27"", ""0.73""]",287.182376,1,32.1,31.7,32.7
1788200126.4,Highest temperature in Taipei on September 2?,Taipei,2026-09-02,4018404,highest-temperature-in-taipei-on-september-2-2026-34c,Will the highest temperature in Taipei be 34°C on September 2?,"[""Yes"", ""No""]","[""0.3"", ""0.7""]",185.58322500000003,1,32.1,31.7,32.7
1788200126.4,Highest temperature in Taipei on September 2?,Taipei,2026-09-02,4018405,highest-temperature-in-taipei-on-september-2-2026-35c,Will the highest temperature in Taipei be 35°C on September 2?,"[""Yes"", ""No""]","[""0.17"", ""0.83""]",508.538766,1,32.1,31.7,32.7
1788200126.4,Highest temperature in Taipei on September 2?,Taipei,2026-09-02,4018406,highest-temperature-in-taipei-on-september-2-2026-36c,Will the highest temperature in Taipei be 36°C on September 2?,"[""Yes"", ""No""]","[""0.05"", ""0.95""]",141.35965,1,32.1,31.7,32.7
1788200126.4,Highest temperature in Taipei on September 2?,Taipei,2026-09-02,4018407,highest-temperature-in-taipei-on-september-2-2026-37c,Will the highest temperature in Taipei be 37°C on September 2?,"[""Yes"", ""No""]","[""0.008"", ""0.992""]",86.396,1,32.1,31.7,32.7
1788200126.4,Highest temperature in Taipei on September 2?,Taipei,2026-09-02,4018408,highest-temperature-in-taipei-on-september-2-2026-38corhigher,Will the highest temperature in Taipei be 38°C or higher on September 2?,"[""Yes"", ""No""]","[""0.0015"", ""0.9985""]",227.016,1,32.1,31.7,32.7
1788200126.4,Highest temperature in Chongqing on September 2?,Chongqing,2026-09-02,4018409,highest-temperature-in-chongqing-on-september-2-2026-28corbelow,Will the highest temperature in Chongqing be 28°C or below on September 2?,"[""Yes"", ""No""]","[""0.002"", ""0.998""]",239.99099999999999,1,34.8,32.4,34.7
1788200126.4,Highest temperature in Chongqing on September 2?,Chongqing,2026-09-02,4018410,highest-temperature-in-chongqing-on-september-2-2026-29c,Will the highest temperature in Chongqing be 29°C on September 2?,"[""Yes"", ""No""]","[""0.0025"", ""0.9975""]",139.994,1,34.8,32.4,34.7
1788200126.4,Highest temperature in Chongqing on September 2?,Chongqing,2026-09-02,4018411,highest-temperature-in-chongqing-on-september-2-2026-30c,Will the highest temperature in Chongqing be 30°C on September 2?,"[""Yes"", ""No""]","[""0.02"", ""0.98""]",66.9898,1,34.8,32.4,34.7
1788200126.4,Highest temperature in Chongqing on September 2?,Chongqing,2026-09-02,4018412,highest-temperature-in-chongqing-on-september-2-2026-31c,Will the highest temperature in Chongqing be 31°C on September 2?,"[""Yes"", ""No""]","[""0.055"", ""0.945""]",17.990000000000002,1,34.8,32.4,34.7
1788200126.4,Highest temperature in Chongqing on September 2?,Chongqing,2026-09-02,4018413,highest-temperature-in-chongqing-on-september-2-2026-32c,Will the highest temperature in Chongqing be 32°C on September 2?,"[""Yes"", ""No""]","[""0.05"", ""0.95""]",23.99368,1,34.8,32.4,34.7
1788200126.4,Highest temperature in Chongqing on September 2?,Chongqing,2026-09-02,4018414,highest-temperature-in-chongqing-on-september-2-2026-33c,Will the highest temperature in Chongqing be 33°C on September 2?,"[""Yes"", ""No""]","[""0.14"", ""0.86""]",2,1,34.8,32.4,34.7
1788200126.4,Highest temperature in Chongqing on September 2?,Chongqing,2026-09-02,4018415,highest-temperature-in-chongqing-on-september-2-2026-34c,Will the highest temperature in Chongqing be 34°C on September 2?,"[""Yes"", ""No""]","[""0.3"", ""0.7""]",6.921168,1,34.8,32.4,34.7
1788200126.4,Highest temperature in Chongqing on September 2?,Chongqing,2026-09-02,4018416,highest-temperature-in-chongqing-on-september-2-2026-35c,Will the highest temperature in Chongqing be 35°C on September 2?,"[""Yes"", ""No""]","[""0.35"", ""0.65""]",122.411759,1,34.8,32.4,34.7
1788200126.4,Highest temperature in Chongqing on September 2?,Chongqing,2026-09-02,4018417,highest-temperature-in-chongqing-on-september-2-2026-36c,Will the highest temperature in Chongqing be 36°C on September 2?,"[""Yes"", ""No""]","[""0.135"", ""0.865""]",22.727266,1,34.8,32.4,34.7
1788200126.4,Highest temperature in Chongqing on September 2?,Chongqing,2026-09-02,4018418,highest-temperature-in-chongqing-on-september-2-2026-37c,Will the highest temperature in Chongqing be 37°C on September 2?,"[""Yes"", ""No""]","[""0.075"", ""0.925""]",20,1,34.8,32.4,34.7
1788200126.4,Highest temperature in Chongqing on September 2?,Chongqing,2026-09-02,4018419,highest-temperature-in-chongqing-on-september-2-2026-38corhigher,Will the highest temperature in Chongqing be 38°C or higher on September 2?,"[""Yes"", ""No""]","[""0.05"", ""0.95""]",193.924883,1,34.8,32.4,34.7
1788200126.4,Highest temperature in Beijing on September 2?,Beijing,2026-09-02,4018420,highest-temperature-in-beijing-on-september-2-2026-25corbelow,Will the highest temperature in Beijing be 25°C or below on September 2?,"[""Yes"", ""No""]","[""0.0035"", ""0.9965""]",1.002,1,31.8,29.2,30.9
1788200126.4,Highest temperature in Beijing on September 2?,Beijing,2026-09-02,4018421,highest-temperature-in-beijing-on-september-2-2026-26c,Will the highest temperature in Beijing be 26°C on September 2?,"[""Yes"", ""No""]","[""0.0035"", ""0.9965""]",80.999,1,31.8,29.2,30.9
1788200126.4,Highest temperature in Beijing on September 2?,Beijing,2026-09-02,4018422,highest-temperature-in-beijing-on-september-2-2026-27c,Will the highest temperature in Beijing be 27°C on September 2?,"[""Yes"", ""No""]","[""0.02"", ""0.98""]",51,1,31.8,29.2,30.9
1788200126.4,Highest temperature in Beijing on September 2?,Beijing,2026-09-02,4018423,highest-temperature-in-beijing-on-september-2-2026-28c,Will the highest temperature in Beijing be 28°C on September 2?,"[""Yes"", ""No""]","[""0.035"", ""0.965""]",173.8061,1,31.8,29.2,30.9
1788200126.4,Highest temperature in Beijing on September 2?,Beijing,2026-09-02,4018424,highest-temperature-in-beijing-on-september-2-2026-29c,Will the highest temperature in Beijing be 29°C on September 2?,"[""Yes"", ""No""]","[""0.115"", ""0.885""]",74.402204,1,31.8,29.2,30.9
1788200126.4,Highest temperature in Beijing on September 2?,Beijing,2026-09-02,4018425,highest-temperature-in-beijing-on-september-2-2026-30c,Will the highest temperature in Beijing be 30°C on September 2?,"[""Yes"", ""No""]","[""0.325"", ""0.675""]",125.613412,1,31.8,29.2,30.9
1788200126.4,Highest temperature in Beijing on September 2?,Beijing,2026-09-02,4018426,highest-temperature-in-beijing-on-september-2-2026-31c,Will the highest temperature in Beijing be 31°C on September 2?,"[""Yes"", ""No""]","[""0.35"", ""0.65""]",210.34426200000001,1,31.8,29.2,30.9
1788200126.4,Highest temperature in Beijing on September 2?,Beijing,2026-09-02,4018427,highest-temperature-in-beijing-on-september-2-2026-32c,Will the highest temperature in Beijing be 32°C on September 2?,"[""Yes"", ""No""]","[""0.16"", ""0.84""]",122.99470199999999,1,31.8,29.2,30.9
1788200126.4,Highest temperature in Beijing on September 2?,Beijing,2026-09-02,4018428,highest-temperature-in-beijing-on-september-2-2026-33c,Will the highest temperature in Beijing be 33°C on September 2?,"[""Yes"", ""No""]","[""0.04"", ""0.96""]",43.513766000000004,1,31.8,29.2,30.9
1788200126.4,Highest temperature in Beijing on September 2?,Beijing,2026-09-02,4018429,highest-temperature-in-beijing-on-september-2-2026-34c,Will the highest temperature in Beijing be 34°C on September 2?,"[""Yes"", ""No""]","[""0.0075"", ""0.9925""]",5,1,31.8,29.2,30.9
1788200126.4,Highest temperature in Beijing on September 2?,Beijing,2026-09-02,4018430,highest-temperature-in-beijing-on-september-2-2026-35corhigher,Will the highest temperature in Beijing be 35°C or higher on September 2?,"[""Yes"", ""No""]","[""0.006"", ""0.994""]",85.50070000000001,1,31.8,29.2,30.9
1788200126.4,Highest temperature in Wuhan on September 2?,Wuhan,2026-09-02,4018431,highest-temperature-in-wuhan-on-september-2-2026-23corbelow,Will the highest temperature in Wuhan be 23°C or below on September 2?,"[""Yes"", ""No""]","[""0.001"", ""0.999""]",335.99100000000004,1,30.7,28.2,25.9
1788200126.4,Highest temperature in Wuhan on September 2?,Wuhan,2026-09-02,4018432,highest-temperature-in-wuhan-on-september-2-2026-24c,Will the highest temperature in Wuhan be 24°C on September 2?,"[""Yes"", ""No""]","[""0.0015"", ""0.9985""]",331.998,1,30.7,28.2,25.9
1788200126.4,Highest temperature in Wuhan on September 2?,Wuhan,2026-09-02,4018433,highest-temperature-in-wuhan-on-september-2-2026-25c,Will the highest temperature in Wuhan be 25°C on September 2?,"[""Yes"", ""No""]","[""0.0015"", ""0.9985""]",708.2022829999999,1,30.7,28.2,25.9
1788200126.4,Highest temperature in Wuhan on September 2?,Wuhan,2026-09-02,4018434,highest-temperature-in-wuhan-on-september-2-2026-26c,Will the highest temperature in Wuhan be 26°C on September 2?,"[""Yes"", ""No""]","[""0.02"", ""0.98""]",245.32,1,30.7,28.2,25.9
1788200126.4,Highest temperature in Wuhan on September 2?,Wuhan,2026-09-02,4018435,highest-temperature-in-wuhan-on-september-2-2026-27c,Will the highest temperature in Wuhan be 27°C on September 2?,"[""Yes"", ""No""]","[""0.035"", ""0.965""]",40,1,30.7,28.2,25.9
1788200126.4,Highest temperature in Wuhan on September 2?,Wuhan,2026-09-02,4018436,highest-temperature-in-wuhan-on-september-2-2026-28c,Will the highest temperature in Wuhan be 28°C on September 2?,"[""Yes"", ""No""]","[""0.09"", ""0.91""]",116.939158,1,30.7,28.2,25.9
1788200126.4,Highest temperature in Wuhan on September 2?,Wuhan,2026-09-02,4018437,highest-temperature-in-wuhan-on-september-2-2026-29c,Will the highest temperature in Wuhan be 29°C on September 2?,"[""Yes"", ""No""]","[""0.27"", ""0.73""]",1017.0071380000002,1,30.7,28.2,25.9
1788200126.4,Highest temperature in Wuhan on September 2?,Wuhan,2026-09-02,4018438,highest-temperature-in-wuhan-on-september-2-2026-30c,Will the highest temperature in Wuhan be 30°C on September 2?,"[""Yes"", ""No""]","[""0.38"", ""0.62""]",292.64407500000004,1,30.7,28.2,25.9
1788200126.4,Highest temperature in Wuhan on September 2?,Wuhan,2026-09-02,4018439,highest-temperature-in-wuhan-on-september-2-2026-31c,Will the highest temperature in Wuhan be 31°C on September 2?,"[""Yes"", ""No""]","[""0.22"", ""0.78""]",314.923081,1,30.7,28.2,25.9
1788200126.4,Highest temperature in Wuhan on September 2?,Wuhan,2026-09-02,4018440,highest-temperature-in-wuhan-on-september-2-2026-32c,Will the highest temperature in Wuhan be 32°C on September 2?,"[""Yes"", ""No""]","[""0.0695"", ""0.9305""]",98.644604,1,30.7,28.2,25.9
1788200126.4,Highest temperature in Wuhan on September 2?,Wuhan,2026-09-02,4018441,highest-temperature-in-wuhan-on-september-2-2026-33corhigher,Will the highest temperature in Wuhan be 33°C or higher on September 2?,"[""Yes"", ""No""]","[""0.008"", ""0.992""]",26.005,1,30.7,28.2,25.9
1788200126.4,Highest temperature in Chengdu on September 2?,Chengdu,2026-09-02,4018448,highest-temperature-in-chengdu-on-september-2-2026-28corbelow,Will the highest temperature in Chengdu be 28°C or below on September 2?,"[""Yes"", ""No""]","[""0.01"", ""0.99""]",381.09000000000003,1,32.6,33.1,32.7
1788200126.4,Highest temperature in Chengdu on September 2?,Chengdu,2026-09-02,4018451,highest-temperature-in-chengdu-on-september-2-2026-29c,Will the highest temperature in Chengdu be 29°C on September 2?,"[""Yes"", ""No""]","[""0.0105"", ""0.9895""]",166.549888,1,32.6,33.1,32.7
1788200126.4,Highest temperature in Chengdu on September 2?,Chengdu,2026-09-02,4018452,highest-temperature-in-chengdu-on-september-2-2026-30c,Will the highest temperature in Chengdu be 30°C on September 2?,"[""Yes"", ""No""]","[""0.03"", ""0.97""]",314.81010000000003,1,32.6,33.1,32.7
1788200126.4,Highest temperature in Chengdu on September 2?,Chengdu,2026-09-02,4018453,highest-temperature-in-chengdu-on-september-2-2026-31c,Will the highest temperature in Chengdu be 31°C on September 2?,"[""Yes"", ""No""]","[""0.045"", ""0.955""]",180.78503999999998,1,32.6,33.1,32.7
1788200126.4,Highest temperature in Chengdu on September 2?,Chengdu,2026-09-02,4018454,highest-temperature-in-chengdu-on-september-2-2026-32c,Will the highest temperature in Chengdu be 32°C on September 2?,"[""Yes"", ""No""]","[""0.065"", ""0.935""]",782.711178,1,32.6,33.1,32.7
1788200126.4,Highest temperature in Chengdu on September 2?,Chengdu,2026-09-02,4018455,highest-temperature-in-chengdu-on-september-2-2026-33c,Will the highest temperature in Chengdu be 33°C on September 2?,"[""Yes"", ""No""]","[""0.23"", ""0.77""]",161.227825,1,32.6,33.1,32.7
1788200126.4,Highest temperature in Chengdu on September 2?,Chengdu,2026-09-02,4018456,highest-temperature-in-chengdu-on-september-2-2026-34c,Will the highest temperature in Chengdu be 34°C on September 2?,"[""Yes"", ""No""]","[""0.34"", ""0.66""]",86.378376,1,32.6,33.1,32.7
1788200126.4,Highest temperature in Chengdu on September 2?,Chengdu,2026-09-02,4018457,highest-temperature-in-chengdu-on-september-2-2026-35c,Will the highest temperature in Chengdu be 35°C on September 2?,"[""Yes"", ""No""]","[""0.245"", ""0.755""]",421.17919400000005,1,32.6,33.1,32.7
1788200126.4,Highest temperature in Chengdu on September 2?,Chengdu,2026-09-02,4018458,highest-temperature-in-chengdu-on-september-2-2026-36c,Will the highest temperature in Chengdu be 36°C on September 2?,"[""Yes"", ""No""]","[""0.065"", ""0.935""]",180.99563999999998,1,32.6,33.1,32.7
1788200126.4,Highest temperature in Chengdu on September 2?,Chengdu,2026-09-02,4018459,highest-temperature-in-chengdu-on-september-2-2026-37c,Will the highest temperature in Chengdu be 37°C on September 2?,"[""Yes"", ""No""]","[""0.0075"", ""0.9925""]",277.555,1,32.6,33.1,32.7
1788200126.4,Highest temperature in Chengdu on September 2?,Chengdu,2026-09-02,4018460,highest-temperature-in-chengdu-on-september-2-2026-38corhigher,Will the highest temperature in Chengdu be 38°C or higher on September 2?,"[""Yes"", ""No""]","[""0.006"", ""0.994""]",694.3919999999999,1,32.6,33.1,32.7
1788200126.4,Highest temperature in Shenzhen on September 2?,Shenzhen,2026-09-02,4018461,highest-temperature-in-shenzhen-on-september-2-2026-24corbelow,Will the highest temperature in Shenzhen be 24°C or below on September 2?,"[""Yes"", ""No""]","[""0.0015"", ""0.9985""]",230.0165,1,27.8,31.4,27.9
1788200126.4,Highest temperature in Shenzhen on September 2?,Shenzhen,2026-09-02,4018462,highest-temperature-in-shenzhen-on-september-2-2026-25c,Will the highest temperature in Shenzhen be 25°C on September 2?,"[""Yes"", ""No""]","[""0.0015"", ""0.9985""]",330.997,1,27.8,31.4,27.9
1788200126.4,Highest temperature in Shenzhen on September 2?,Shenzhen,2026-09-02,4018463,highest-temperature-in-shenzhen-on-september-2-2026-26c,Will the highest temperature in Shenzhen be 26°C on September 2?,"[""Yes"", ""No""]","[""0.007"", ""0.993""]",244.912,1,27.8,31.4,27.9
1788200126.4,Highest temperature in Shenzhen on September 2?,Shenzhen,2026-09-02,4018464,highest-temperature-in-shenzhen-on-september-2-2026-27c,Will the highest temperature in Shenzhen be 27°C on September 2?,"[""Yes"", ""No""]","[""0.075"", ""0.925""]",109.78918999999999,1,27.8,31.4,27.9
1788200126.4,Highest temperature in Shenzhen on September 2?,Shenzhen,2026-09-02,4018465,highest-temperature-in-shenzhen-on-september-2-2026-28c,Will the highest temperature in Shenzhen be 28°C on September 2?,"[""Yes"", ""No""]","[""0.105"", ""0.895""]",87.102384,1,27.8,31.4,27.9
1788200126.4,Highest temperature in Shenzhen on September 2?,Shenzhen,2026-09-02,4018466,highest-temperature-in-shenzhen-on-september-2-2026-29c,Will the highest temperature in Shenzhen be 29°C on September 2?,"[""Yes"", ""No""]","[""0.215"", ""0.785""]",6.586417,1,27.8,31.4,27.9
1788200126.4,Highest temperature in Shenzhen on September 2?,Shenzhen,2026-09-02,4018467,highest-temperature-in-shenzhen-on-september-2-2026-30c,Will the highest temperature in Shenzhen be 30°C on September 2?,"[""Yes"", ""No""]","[""0.265"", ""0.735""]",119.72966299999999,1,27.8,31.4,27.9
1788200126.4,Highest temperature in Shenzhen on September 2?,Shenzhen,2026-09-02,4018468,highest-temperature-in-shenzhen-on-september-2-2026-31c,Will the highest temperature in Shenzhen be 31°C on September 2?,"[""Yes"", ""No""]","[""0.21"", ""0.79""]",72.829538,1,27.8,31.4,27.9
1788200126.4,Highest temperature in Shenzhen on September 2?,Shenzhen,2026-09-02,4018469,highest-temperature-in-shenzhen-on-september-2-2026-32c,Will the highest temperature in Shenzhen be 32°C on September 2?,"[""Yes"", ""No""]","[""0.085"", ""0.915""]",29.525100000000002,1,27.8,31.4,27.9
1788200126.4,Highest temperature in Shenzhen on September 2?,Shenzhen,2026-09-02,4018470,highest-temperature-in-shenzhen-on-september-2-2026-33c,Will the highest temperature in Shenzhen be 33°C on September 2?,"[""Yes"", ""No""]","[""0.035"", ""0.965""]",352.38689999999997,1,27.8,31.4,27.9
1788200126.4,Highest temperature in Shenzhen on September 2?,Shenzhen,2026-09-02,4018471,highest-temperature-in-shenzhen-on-september-2-2026-34corhigher,Will the highest temperature in Shenzhen be 34°C or higher on September 2?,"[""Yes"", ""No""]","[""0.007"", ""0.993""]",110,1,27.8,31.4,27.9
1788200126.4,Highest temperature in Moscow on September 2?,Moscow,2026-09-02,4018472,highest-temperature-in-moscow-on-september-2-2026-15corbelow,Will the highest temperature in Moscow be 15°C or below on September 2?,"[""Yes"", ""No""]","[""0.0015"", ""0.9985""]",127.127,1,23.8,21.3,21.1
1788200126.4,Highest temperature in Moscow on September 2?,Moscow,2026-09-02,4018473,highest-temperature-in-moscow-on-september-2-2026-16c,Will the highest temperature in Moscow be 16°C on September 2?,"[""Yes"", ""No""]","[""0.006"", ""0.994""]",143.126,1,23.8,21.3,21.1
1788200126.4,Highest temperature in Moscow on September 2?,Moscow,2026-09-02,4018474,highest-temperature-in-moscow-on-september-2-2026-17c,Will the highest temperature in Moscow be 17°C on September 2?,"[""Yes"", ""No""]","[""0.01"", ""0.99""]",206.9773,1,23.8,21.3,21.1
1788200126.4,Highest temperature in Moscow on September 2?,Moscow,2026-09-02,4018475,highest-temperature-in-moscow-on-september-2-2026-18c,Will the highest temperature in Moscow be 18°C on September 2?,"[""Yes"", ""No""]","[""0.025"", ""0.975""]",268.4754,1,23.8,21.3,21.1
1788200126.4,Highest temperature in Moscow on September 2?,Moscow,2026-09-02,4018476,highest-temperature-in-moscow-on-september-2-2026-19c,Will the highest temperature in Moscow be 19°C on September 2?,"[""Yes"", ""No""]","[""0.085"", ""0.915""]",44.991909,1,23.8,21.3,21.1
1788200126.4,Highest temperature in Moscow on September 2?,Moscow,2026-09-02,4018477,highest-temperature-in-moscow-on-september-2-2026-20c,Will the highest temperature in Moscow be 20°C on September 2?,"[""Yes"", ""No""]","[""0.25"", ""0.75""]",82.80849599999999,1,23.8,21.3,21.1
1788200126.4,Highest temperature in Moscow on September 2?,Moscow,2026-09-02,4018478,highest-temperature-in-moscow-on-september-2-2026-21c,Will the highest temperature in Moscow be 21°C on September 2?,"[""Yes"", ""No""]","[""0.41"", ""0.59""]",203.319212,1,23.8,21.3,21.1
1788200126.4,Highest temperature in Moscow on September 2?,Moscow,2026-09-02,4018479,highest-temperature-in-moscow-on-september-2-2026-22c,Will the highest temperature in Moscow be 22°C on September 2?,"[""Yes"", ""No""]","[""0.185"", ""0.815""]",93.69607,1,23.8,21.3,21.1
1788200126.4,Highest temperature in Moscow on September 2?,Moscow,2026-09-02,4018480,highest-temperature-in-moscow-on-september-2-2026-23c,Will the highest temperature in Moscow be 23°C on September 2?,"[""Yes"", ""No""]","[""0.055"", ""0.945""]",,1,23.8,21.3,21.1
1788200126.4,Highest temperature in Moscow on September 2?,Moscow,2026-09-02,4018481,highest-temperature-in-moscow-on-september-2-2026-24c,Will the highest temperature in Moscow be 24°C on September 2?,"[""Yes"", ""No""]","[""0.025"", ""0.975""]",,1,23.8,21.3,21.1
1788200126.4,Highest temperature in Moscow on September 2?,Moscow,2026-09-02,4018482,highest-temperature-in-moscow-on-september-2-2026-25corhigher,Will the highest temperature in Moscow be 25°C or higher on September 2?,"[""Yes"", ""No""]","[""0.0055"", ""0.9945""]",179.9898,1,23.8,21.3,21.1
1788200126.4,Highest temperature in Istanbul on September 2?,Istanbul,2026-09-02,4018483,highest-temperature-in-istanbul-on-september-2-2026-22corbelow,Will the highest temperature in Istanbul be 22°C or below on September 2?,"[""Yes"", ""No""]","[""0.0055"", ""0.9945""]",124.24119999999999,1,29.6,28.2,28.3
1788200126.4,Highest temperature in Istanbul on September 2?,Istanbul,2026-09-02,4018484,highest-temperature-in-istanbul-on-september-2-2026-23c,Will the highest temperature in Istanbul be 23°C on September 2?,"[""Yes"", ""No""]","[""0.006"", ""0.994""]",126.981,1,29.6,28.2,28.3
1788200126.4,Highest temperature in Istanbul on September 2?,Istanbul,2026-09-02,4018485,highest-temperature-in-istanbul-on-september-2-2026-24c,Will the highest temperature in Istanbul be 24°C on September 2?,"[""Yes"", ""No""]","[""0.012"", ""0.988""]",87.25,1,29.6,28.2,28.3
1788200126.4,Highest temperature in Istanbul on September 2?,Istanbul,2026-09-02,4018486,highest-temperature-in-istanbul-on-september-2-2026-25c,Will the highest temperature in Istanbul be 25°C on September 2?,"[""Yes"", ""No""]","[""0.03"", ""0.97""]",185.16549999999998,1,29.6,28.2,28.3
1788200126.4,Highest temperature in Istanbul on September 2?,Istanbul,2026-09-02,4018487,highest-temperature-in-istanbul-on-september-2-2026-26c,Will the highest temperature in Istanbul be 26°C on September 2?,"[""Yes"", ""No""]","[""0.465"", ""0.535""]",155.911915,1,29.6,28.2,28.3
1788200126.4,Highest temperature in Istanbul on September 2?,Istanbul,2026-09-02,4018488,highest-temperature-in-istanbul-on-september-2-2026-27c,Will the highest temperature in Istanbul be 27°C on September 2?,"[""Yes"", ""No""]","[""0.465"", ""0.535""]",471.50868099999997,1,29.6,28.2,28.3
1788200126.4,Highest temperature in Istanbul on September 2?,Istanbul,2026-09-02,4018489,highest-temperature-in-istanbul-on-september-2-2026-28c,Will the highest temperature in Istanbul be 28°C on September 2?,"[""Yes"", ""No""]","[""0.045"", ""0.955""]",96.62,1,29.6,28.2,28.3
1788200126.4,Highest temperature in Istanbul on September 2?,Istanbul,2026-09-02,4018490,highest-temperature-in-istanbul-on-september-2-2026-29c,Will the highest temperature in Istanbul be 29°C on September 2?,"[""Yes"", ""No""]","[""0.006"", ""0.994""]",44.25,1,29.6,28.2,28.3
1788200126.4,Highest temperature in Istanbul on September 2?,Istanbul,2026-09-02,4018491,highest-temperature-in-istanbul-on-september-2-2026-30c,Will the highest temperature in Istanbul be 30°C on September 2?,"[""Yes"", ""No""]","[""0.0025"", ""0.9975""]",84.62,1,29.6,28.2,28.3
1788200126.4,Highest temperature in Istanbul on September 2?,Istanbul,2026-09-02,4018492,highest-temperature-in-istanbul-on-september-2-2026-31c,Will the highest temperature in Istanbul be 31°C on September 2?,"[""Yes"", ""No""]","[""0.0025"", ""0.9975""]",84.62,1,29.6,28.2,28.3
1788200126.4,Highest temperature in Istanbul on September 2?,Istanbul,2026-09-02,4018493,highest-temperature-in-istanbul-on-september-2-2026-32corhigher,Will the highest temperature in Istanbul be 32°C or higher on September 2?,"[""Yes"", ""No""]","[""0.0015"", ""0.9985""]",79.62,1,29.6,28.2,28.3
1788200126.4,Highest temperature in Busan on September 2?,Busan,2026-09-02,4018494,highest-temperature-in-busan-on-september-2-2026-27corbelow,Will the highest temperature in Busan be 27°C or below on September 2?,"[""Yes"", ""No""]","[""0.0035"", ""0.9965""]",643.8199999999999,1,29.3,31.4,30.1
1788200126.4,Highest temperature in Busan on September 2?,Busan,2026-09-02,4018495,highest-temperature-in-busan-on-september-2-2026-28c,Will the highest temperature in Busan be 28°C on September 2?,"[""Yes"", ""No""]","[""0.02"", ""0.98""]",265,1,29.3,31.4,30.1
1788200126.4,Highest temperature in Busan on September 2?,Busan,2026-09-02,4018496,highest-temperature-in-busan-on-september-2-2026-29c,Will the highest temperature in Busan be 29°C on September 2?,"[""Yes"", ""No""]","[""0.035"", ""0.965""]",443.552075,1,29.3,31.4,30.1
1788200126.4,Highest temperature in Busan on September 2?,Busan,2026-09-02,4018497,highest-temperature-in-busan-on-september-2-2026-30c,Will the highest temperature in Busan be 30°C on September 2?,"[""Yes"", ""No""]","[""0.075"", ""0.925""]",309.23935,1,29.3,31.4,30.1
1788200126.4,Highest temperature in Busan on September 2?,Busan,2026-09-02,4018498,highest-temperature-in-busan-on-september-2-2026-31c,Will the highest temperature in Busan be 31°C on September 2?,"[""Yes"", ""No""]","[""0.215"", ""0.785""]",457.239844,1,29.3,31.4,30.1
1788200126.4,Highest temperature in Busan on September 2?,Busan,2026-09-02,4018499,highest-temperature-in-busan-on-september-2-2026-32c,Will the highest temperature in Busan be 32°C on September 2?,"[""Yes"", ""No""]","[""0.405"", ""0.595""]",54.96270199999999,1,29.3,31.4,30.1
1788200126.4,Highest temperature in Busan on September 2?,Busan,2026-09-02,4018500,highest-temperature-in-busan-on-september-2-2026-33c,Will the highest temperature in Busan be 33°C on September 2?,"[""Yes"", ""No""]","[""0.21"", ""0.79""]",53.043476999999996,1,29.3,31.4,30.1
1788200126.4,Highest temperature in Busan on September 2?,Busan,2026-09-02,4018501,highest-temperature-in-busan-on-september-2-2026-34c,Will the highest temperature in Busan be 34°C on September 2?,"[""Yes"", ""No""]","[""0.065"", ""0.935""]",102.97892,1,29.3,31.4,30.1
1788200126.4,Highest temperature in Busan on September 2?,Busan,2026-09-02,4018502,highest-temperature-in-busan-on-september-2-2026-35c,Will the highest temperature in Busan be 35°C on September 2?,"[""Yes"", ""No""]","[""0.02"", ""0.98""]",38.00845,1,29.3,31.4,30.1
1788200126.4,Highest temperature in Busan on September 2?,Busan,2026-09-02,4018503,highest-temperature-in-busan-on-september-2-2026-36c,Will the highest temperature in Busan be 36°C on September 2?,"[""Yes"", ""No""]","[""0.0075"", ""0.9925""]",78.24489999999999,1,29.3,31.4,30.1
1788200126.4,Highest temperature in Busan on September 2?,Busan,2026-09-02,4018504,highest-temperature-in-busan-on-september-2-2026-37corhigher,Will the highest temperature in Busan be 37°C or higher on September 2?,"[""Yes"", ""No""]","[""0.0025"", ""0.9975""]",22.022,1,29.3,31.4,30.1
1788200126.4,Highest temperature in Amsterdam on September 2?,Amsterdam,2026-09-02,4018505,highest-temperature-in-amsterdam-on-september-2-2026-16corbelow,Will the highest temperature in Amsterdam be 16°C or below on September 2?,"[""Yes"", ""No""]","[""0.001"", ""0.999""]",167.98499999999999,1,21.2,19.7,21.3
1788200126.4,Highest temperature in Amsterdam on September 2?,Amsterdam,2026-09-02,4018506,highest-temperature-in-amsterdam-on-september-2-2026-17c,Will the highest temperature in Amsterdam be 17°C on September 2?,"[""Yes"", ""No""]","[""0.001"", ""0.999""]",207.79000000000002,1,21.2,19.7,21.3
1788200126.4,Highest temperature in Amsterdam on September 2?,Amsterdam,2026-09-02,4018507,highest-temperature-in-amsterdam-on-september-2-2026-18c,Will the highest temperature in Amsterdam be 18°C on September 2?,"[""Yes"", ""No""]","[""0.015"", ""0.985""]",46.048,1,21.2,19.7,21.3
1788200126.4,Highest temperature in Amsterdam on September 2?,Amsterdam,2026-09-02,4018508,highest-temperature-in-amsterdam-on-september-2-2026-19c,Will the highest temperature in Amsterdam be 19°C on September 2?,"[""Yes"", ""No""]","[""0.02"", ""0.98""]",150.595,1,21.2,19.7,21.3
1788200126.4,Highest temperature in Amsterdam on September 2?,Amsterdam,2026-09-02,4018509,highest-temperature-in-amsterdam-on-september-2-2026-20c,Will the highest temperature in Amsterdam be 20°C on September 2?,"[""Yes"", ""No""]","[""0.105"", ""0.895""]",147.588096,1,21.2,19.7,21.3
1788200126.4,Highest temperature in Amsterdam on September 2?,Amsterdam,2026-09-02,4018510,highest-temperature-in-amsterdam-on-september-2-2026-21c,Will the highest temperature in Amsterdam be 21°C on September 2?,"[""Yes"", ""No""]","[""0.505"", ""0.495""]",443.96731700000004,1,21.2,19.7,21.3
1788200126.4,Highest temperature in Amsterdam on September 2?,Amsterdam,2026-09-02,4018511,highest-temperature-in-amsterdam-on-september-2-2026-22c,Will the highest temperature in Amsterdam be 22°C on September 2?,"[""Yes"", ""No""]","[""0.365"", ""0.635""]",426.110492,1,21.2,19.7,21.3
1788200126.4,Highest temperature in Amsterdam on September 2?,Amsterdam,2026-09-02,4018512,highest-temperature-in-amsterdam-on-september-2-2026-23c,Will the highest temperature in Amsterdam be 23°C on September 2?,"[""Yes"", ""No""]","[""0.025"", ""0.975""]",132.03,1,21.2,19.7,21.3
1788200126.4,Highest temperature in Amsterdam on September 2?,Amsterdam,2026-09-02,4018513,highest-temperature-in-amsterdam-on-september-2-2026-24c,Will the highest temperature in Amsterdam be 24°C on September 2?,"[""Yes"", ""No""]","[""0.015"", ""0.985""]",31.978700000000003,1,21.2,19.7,21.3
1788200126.4,Highest temperature in Amsterdam on September 2?,Amsterdam,2026-09-02,4018514,highest-temperature-in-amsterdam-on-september-2-2026-25c,Will the highest temperature in Amsterdam be 25°C on September 2?,"[""Yes"", ""No""]","[""0.002"", ""0.998""]",196.744,1,21.2,19.7,21.3
1788200126.4,Highest temperature in Amsterdam on September 2?,Amsterdam,2026-09-02,4018515,highest-temperature-in-amsterdam-on-september-2-2026-26corhigher,Will the highest temperature in Amsterdam be 26°C or higher on September 2?,"[""Yes"", ""No""]","[""0.002"", ""0.998""]",305.88800000000003,1,21.2,19.7,21.3
1788200126.4,Highest temperature in Helsinki on September 2?,Helsinki,2026-09-02,4018516,highest-temperature-in-helsinki-on-september-2-2026-14corbelow,Will the highest temperature in Helsinki be 14°C or below on September 2?,"[""Yes"", ""No""]","[""0.0025"", ""0.9975""]",350.99100000000004,1,21.2,19.8,18.5
1788200126.4,Highest temperature in Helsinki on September 2?,Helsinki,2026-09-02,4018517,highest-temperature-in-helsinki-on-september-2-2026-15c,Will the highest temperature in Helsinki be 15°C on September 2?,"[""Yes"", ""No""]","[""0.003"", ""0.997""]",10,1,21.2,19.8,18.5
1788200126.4,Highest temperature in Helsinki on September 2?,Helsinki,2026-09-02,4018518,highest-temperature-in-helsinki-on-september-2-2026-16c,Will the highest temperature in Helsinki be 16°C on September 2?,"[""Yes"", ""No""]","[""0.006"", ""0.994""]",154.9829,1,21.2,19.8,18.5
1788200126.4,Highest temperature in Helsinki on September 2?,Helsinki,2026-09-02,4018519,highest-temperature-in-helsinki-on-september-2-2026-17c,Will the highest temperature in Helsinki be 17°C on September 2?,"[""Yes"", ""No""]","[""0.02"", ""0.98""]",,1,21.2,19.8,18.5
1788200126.4,Highest temperature in Helsinki on September 2?,Helsinki,2026-09-02,4018520,highest-temperature-in-helsinki-on-september-2-2026-18c,Will the highest temperature in Helsinki be 18°C on September 2?,"[""Yes"", ""No""]","[""0.045"", ""0.955""]",145.387382,1,21.2,19.8,18.5
1788200126.4,Highest temperature in Helsinki on September 2?,Helsinki,2026-09-02,4018521,highest-temperature-in-helsinki-on-september-2-2026-19c,Will the highest temperature in Helsinki be 19°C on September 2?,"[""Yes"", ""No""]","[""0.19"", ""0.81""]",175.690475,1,21.2,19.8,18.5
1788200126.4,Highest temperature in Helsinki on September 2?,Helsinki,2026-09-02,4018522,highest-temperature-in-helsinki-on-september-2-2026-20c,Will the highest temperature in Helsinki be 20°C on September 2?,"[""Yes"", ""No""]","[""0.375"", ""0.625""]",24.79135,1,21.2,19.8,18.5
1788200126.4,Highest temperature in Helsinki on September 2?,Helsinki,2026-09-02,4018523,highest-temperature-in-helsinki-on-september-2-2026-21c,Will the highest temperature in Helsinki be 21°C on September 2?,"[""Yes"", ""No""]","[""0.33"", ""0.67""]",384.066942,1,21.2,19.8,18.5
1788200126.4,Highest temperature in Helsinki on September 2?,Helsinki,2026-09-02,4018524,highest-temperature-in-helsinki-on-september-2-2026-22c,Will the highest temperature in Helsinki be 22°C on September 2?,"[""Yes"", ""No""]","[""0.07"", ""0.93""]",66.406588,1,21.2,19.8,18.5
1788200126.4,Highest temperature in Helsinki on September 2?,Helsinki,2026-09-02,4018525,highest-temperature-in-helsinki-on-september-2-2026-23c,Will the highest temperature in Helsinki be 23°C on September 2?,"[""Yes"", ""No""]","[""0.0195"", ""0.9805""]",105.373333,1,21.2,19.8,18.5
1788200126.4,Highest temperature in Helsinki on September 2?,Helsinki,2026-09-02,4018526,highest-temperature-in-helsinki-on-september-2-2026-24corhigher,Will the highest temperature in Helsinki be 24°C or higher on September 2?,"[""Yes"", ""No""]","[""0.006"", ""0.994""]",85,1,21.2,19.8,18.5
1788200126.4,Highest temperature in Kuala Lumpur on September 2?,Kuala Lumpur,2026-09-02,4018527,highest-temperature-in-kuala-lumpur-on-september-2-2026-29corbelow,Will the highest temperature in Kuala Lumpur be 29°C or below on September 2?,"[""Yes"", ""No""]","[""0.0055"", ""0.9945""]",5,1,34.6,33.1,33.9
1788200126.4,Highest temperature in Kuala Lumpur on September 2?,Kuala Lumpur,2026-09-02,4018528,highest-temperature-in-kuala-lumpur-on-september-2-2026-30c,Will the highest temperature in Kuala Lumpur be 30°C on September 2?,"[""Yes"", ""No""]","[""0.0055"", ""0.9945""]",133.40405,1,34.6,33.1,33.9
1788200126.4,Highest temperature in Kuala Lumpur on September 2?,Kuala Lumpur,2026-09-02,4018529,highest-temperature-in-kuala-lumpur-on-september-2-2026-31c,Will the highest temperature in Kuala Lumpur be 31°C on September 2?,"[""Yes"", ""No""]","[""0.02"", ""0.98""]",299.99683999999996,1,34.6,33.1,33.9
1788200126.4,Highest temperature in Kuala Lumpur on September 2?,Kuala Lumpur,2026-09-02,4018530,highest-temperature-in-kuala-lumpur-on-september-2-2026-32c,Will the highest temperature in Kuala Lumpur be 32°C on September 2?,"[""Yes"", ""No""]","[""0.075"", ""0.925""]",65.69617199999999,1,34.6,33.1,33.9
1788200126.4,Highest temperature in Kuala Lumpur on September 2?,Kuala Lumpur,2026-09-02,4018531,highest-temperature-in-kuala-lumpur-on-september-2-2026-33c,Will the highest temperature in Kuala Lumpur be 33°C on September 2?,"[""Yes"", ""No""]","[""0.55"", ""0.45""]",454.62756299999995,1,34.6,33.1,33.9
1788200126.4,Highest temperature in Kuala Lumpur on September 2?,Kuala Lumpur,2026-09-02,4018532,highest-temperature-in-kuala-lumpur-on-september-2-2026-34c,Will the highest temperature in Kuala Lumpur be 34°C on September 2?,"[""Yes"", ""No""]","[""0.355"", ""0.645""]",310.468707,1,34.6,33.1,33.9
1788200126.4,Highest temperature in Kuala Lumpur on September 2?,Kuala Lumpur,2026-09-02,4018533,highest-temperature-in-kuala-lumpur-on-september-2-2026-35c,Will the highest temperature in Kuala Lumpur be 35°C on September 2?,"[""Yes"", ""No""]","[""0.025"", ""0.975""]",5910.54405,1,34.6,33.1,33.9
1788200126.4,Highest temperature in Kuala Lumpur on September 2?,Kuala Lumpur,2026-09-02,4018534,highest-temperature-in-kuala-lumpur-on-september-2-2026-36c,Will the highest temperature in Kuala Lumpur be 36°C on September 2?,"[""Yes"", ""No""]","[""0.02"", ""0.98""]",162.21415,1,34.6,33.1,33.9
1788200126.4,Highest temperature in Kuala Lumpur on September 2?,Kuala Lumpur,2026-09-02,4018535,highest-temperature-in-kuala-lumpur-on-september-2-2026-37c,Will the highest temperature in Kuala Lumpur be 37°C on September 2?,"[""Yes"", ""No""]","[""0.0025"", ""0.9975""]",79.05799999999999,1,34.6,33.1,33.9
1788200126.4,Highest temperature in Kuala Lumpur on September 2?,Kuala Lumpur,2026-09-02,4018536,highest-temperature-in-kuala-lumpur-on-september-2-2026-38c,Will the highest temperature in Kuala Lumpur be 38°C on September 2?,"[""Yes"", ""No""]","[""0.0025"", ""0.9975""]",17.012,1,34.6,33.1,33.9
1788200126.4,Highest temperature in Kuala Lumpur on September 2?,Kuala Lumpur,2026-09-02,4018537,highest-temperature-in-kuala-lumpur-on-september-2-2026-39corhigher,Will the highest temperature in Kuala Lumpur be 39°C or higher on September 2?,"[""Yes"", ""No""]","[""0.0005"", ""0.9995""]",320.315,1,34.6,33.1,33.9
1788200126.4,Highest temperature in Jeddah on September 2?,Jeddah,2026-09-02,4018538,highest-temperature-in-jeddah-on-september-2-2026-30corbelow,Will the highest temperature in Jeddah be 30°C or below on September 2?,"[""Yes"", ""No""]","[""0.001"", ""0.999""]",232.9905,1,36.3,38.0,37.1
1788200126.4,Highest temperature in Jeddah on September 2?,Jeddah,2026-09-02,4018539,highest-temperature-in-jeddah-on-september-2-2026-31c,Will the highest temperature in Jeddah be 31°C on September 2?,"[""Yes"", ""No""]","[""0.0015"", ""0.9985""]",324.99100000000004,1,36.3,38.0,37.1
1788200126.4,Highest temperature in Jeddah on September 2?,Jeddah,2026-09-02,4018540,highest-temperature-in-jeddah-on-september-2-2026-32c,Will the highest temperature in Jeddah be 32°C on September 2?,"[""Yes"", ""No""]","[""0.002"", ""0.998""]",324.997,1,36.3,38.0,37.1
1788200126.4,Highest temperature in Jeddah on September 2?,Jeddah,2026-09-02,4018541,highest-temperature-in-jeddah-on-september-2-2026-33c,Will the highest temperature in Jeddah be 33°C on September 2?,"[""Yes"", ""No""]","[""0.0025"", ""0.9975""]",89.85,1,36.3,38.0,37.1
1788200126.4,Highest temperature in Jeddah on September 2?,Jeddah,2026-09-02,4018542,highest-temperature-in-jeddah-on-september-2-2026-34c,Will the highest temperature in Jeddah be 34°C on September 2?,"[""Yes"", ""No""]","[""0.0075"", ""0.9925""]",9,1,36.3,38.0,37.1
1788200126.4,Highest temperature in Jeddah on September 2?,Jeddah,2026-09-02,4018543,highest-temperature-in-jeddah-on-september-2-2026-35c,Will the highest temperature in Jeddah be 35°C on September 2?,"[""Yes"", ""No""]","[""0.0745"", ""0.9255""]",9,1,36.3,38.0,37.1
1788200126.4,Highest temperature in Jeddah on September 2?,Jeddah,2026-09-02,4018544,highest-temperature-in-jeddah-on-september-2-2026-36c,Will the highest temperature in Jeddah be 36°C on September 2?,"[""Yes"", ""No""]","[""0.135"", ""0.865""]",18.816083999999996,1,36.3,38.0,37.1
1788200126.4,Highest temperature in Jeddah on September 2?,Jeddah,2026-09-02,4018545,highest-temperature-in-jeddah-on-september-2-2026-37c,Will the highest temperature in Jeddah be 37°C on September 2?,"[""Yes"", ""No""]","[""0.3"", ""0.7""]",62,1,36.3,38.0,37.1
1788200126.4,Highest temperature in Jeddah on September 2?,Jeddah,2026-09-02,4018546,highest-temperature-in-jeddah-on-september-2-2026-38c,Will the highest temperature in Jeddah be 38°C on September 2?,"[""Yes"", ""No""]","[""0.405"", ""0.595""]",87.687296,1,36.3,38.0,37.1
1788200126.4,Highest temperature in Jeddah on September 2?,Jeddah,2026-09-02,4018547,highest-temperature-in-jeddah-on-september-2-2026-39c,Will the highest temperature in Jeddah be 39°C on September 2?,"[""Yes"", ""No""]","[""0.125"", ""0.875""]",173.10373100000004,1,36.3,38.0,37.1
1788200126.4,Highest temperature in Jeddah on September 2?,Jeddah,2026-09-02,4018548,highest-temperature-in-jeddah-on-september-2-2026-40corhigher,Will the highest temperature in Jeddah be 40°C or higher on September 2?,"[""Yes"", ""No""]","[""0.035"", ""0.965""]",16.20405,1,36.3,38.0,37.1
1788200126.4,Highest temperature in Cape Town on September 2?,Cape Town,2026-09-02,4018549,highest-temperature-in-cape-town-on-september-2-2026-15corbelow,Will the highest temperature in Cape Town be 15°C or below on September 2?,"[""Yes"", ""No""]","[""0.0055"", ""0.9945""]",106.5048,1,19.7,19.0,19.6
1788200126.4,Highest temperature in Cape Town on September 2?,Cape Town,2026-09-02,4018550,highest-temperature-in-cape-town-on-september-2-2026-16c,Will the highest temperature in Cape Town be 16°C on September 2?,"[""Yes"", ""No""]","[""0.02"", ""0.98""]",44.229150000000004,1,19.7,19.0,19.6
1788200126.4,Highest temperature in Cape Town on September 2?,Cape Town,2026-09-02,4018551,highest-temperature-in-cape-town-on-september-2-2026-17c,Will the highest temperature in Cape Town be 17°C on September 2?,"[""Yes"", ""No""]","[""0.045"", ""0.955""]",63.064316,1,19.7,19.0,19.6
1788200126.4,Highest temperature in Cape Town on September 2?,Cape Town,2026-09-02,4018552,highest-temperature-in-cape-town-on-september-2-2026-18c,Will the highest temperature in Cape Town be 18°C on September 2?,"[""Yes"", ""No""]","[""0.13"", ""0.87""]",30.422221,1,19.7,19.0,19.6
1788200126.4,Highest temperature in Cape Town on September 2?,Cape Town,2026-09-02,4018553,highest-temperature-in-cape-town-on-september-2-2026-19c,Will the highest temperature in Cape Town be 19°C on September 2?,"[""Yes"", ""No""]","[""0.375"", ""0.625""]",74.84,1,19.7,19.0,19.6
1788200126.4,Highest temperature in Cape Town on September 2?,Cape Town,2026-09-02,4018554,highest-temperature-in-cape-town-on-september-2-2026-20c,Will the highest temperature in Cape Town be 20°C on September 2?,"[""Yes"", ""No""]","[""0.345"", ""0.655""]",75.5,1,19.7,19.0,19.6
1788200126.4,Highest temperature in Cape Town on September 2?,Cape Town,2026-09-02,4018555,highest-temperature-in-cape-town-on-september-2-2026-21c,Will the highest temperature in Cape Town be 21°C on September 2?,"[""Yes"", ""No""]","[""0.125"", ""0.875""]",150.1875,1,19.7,19.0,19.6
1788200126.4,Highest temperature in Cape Town on September 2?,Cape Town,2026-09-02,4018556,highest-temperature-in-cape-town-on-september-2-2026-22c,Will the highest temperature in Cape Town be 22°C on September 2?,"[""Yes"", ""No""]","[""0.04"", ""0.96""]",55.9285,1,19.7,19.0,19.6
1788200126.4,Highest temperature in Cape Town on September 2?,Cape Town,2026-09-02,4018557,highest-temperature-in-cape-town-on-september-2-2026-23c,Will the highest temperature in Cape Town be 23°C on September 2?,"[""Yes"", ""No""]","[""0.006"", ""0.994""]",105,1,19.7,19.0,19.6
1788200126.4,Highest temperature in Cape Town on September 2?,Cape Town,2026-09-02,4018558,highest-temperature-in-cape-town-on-september-2-2026-24c,Will the highest temperature in Cape Town be 24°C on September 2?,"[""Yes"", ""No""]","[""0.0025"", ""0.9975""]",211.21099999999998,1,19.7,19.0,19.6
1788200126.4,Highest temperature in Cape Town on September 2?,Cape Town,2026-09-02,4018559,highest-temperature-in-cape-town-on-september-2-2026-25corhigher,Will the highest temperature in Cape Town be 25°C or higher on September 2?,"[""Yes"", ""No""]","[""0.0015"", ""0.9985""]",406.005,1,19.7,19.0,19.6
1788200126.4,Highest temperature in Guangzhou on September 2?,Guangzhou,2026-09-02,4018560,highest-temperature-in-guangzhou-on-september-2-2026-25corbelow,Will the highest temperature in Guangzhou be 25°C or below on September 2?,"[""Yes"", ""No""]","[""0.0005"", ""0.9995""]",318.991,1,26.2,31.5,28.5
1788200126.4,Highest temperature in Guangzhou on September 2?,Guangzhou,2026-09-02,4018561,highest-temperature-in-guangzhou-on-september-2-2026-26c,Will the highest temperature in Guangzhou be 26°C on September 2?,"[""Yes"", ""No""]","[""0.0055"", ""0.9945""]",81.002,1,26.2,31.5,28.5
1788200126.4,Highest temperature in Guangzhou on September 2?,Guangzhou,2026-09-02,4018562,highest-temperature-in-guangzhou-on-september-2-2026-27c,Will the highest temperature in Guangzhou be 27°C on September 2?,"[""Yes"", ""No""]","[""0.025"", ""0.975""]",17,1,26.2,31.5,28.5
1788200126.4,Highest temperature in Guangzhou on September 2?,Guangzhou,2026-09-02,4018563,highest-temperature-in-guangzhou-on-september-2-2026-28c,Will the highest temperature in Guangzhou be 28°C on September 2?,"[""Yes"", ""No""]","[""0.05"", ""0.95""]",204.3854,1,26.2,31.5,28.5
1788200126.4,Highest temperature in Guangzhou on September 2?,Guangzhou,2026-09-02,4018564,highest-temperature-in-guangzhou-on-september-2-2026-29c,Will the highest temperature in Guangzhou be 29°C on September 2?,"[""Yes"", ""No""]","[""0.16"", ""0.84""]",87.828309,1,26.2,31.5,28.5
1788200126.4,Highest temperature in Guangzhou on September 2?,Guangzhou,2026-09-02,4018565,highest-temperature-in-guangzhou-on-september-2-2026-30c,Will the highest temperature in Guangzhou be 30°C on September 2?,"[""Yes"", ""No""]","[""0.27"", ""0.73""]",61.202852,1,26.2,31.5,28.5
1788200126.4,Highest temperature in Guangzhou on September 2?,Guangzhou,2026-09-02,4018566,highest-temperature-in-guangzhou-on-september-2-2026-31c,Will the highest temperature in Guangzhou be 31°C on September 2?,"[""Yes"", ""No""]","[""0.255"", ""0.745""]",25.388376,1,26.2,31.5,28.5
1788200126.4,Highest temperature in Guangzhou on September 2?,Guangzhou,2026-09-02,4018567,highest-temperature-in-guangzhou-on-september-2-2026-32c,Will the highest temperature in Guangzhou be 32°C on September 2?,"[""Yes"", ""No""]","[""0.125"", ""0.875""]",396.698363,1,26.2,31.5,28.5
1788200126.4,Highest temperature in Guangzhou on September 2?,Guangzhou,2026-09-02,4018568,highest-temperature-in-guangzhou-on-september-2-2026-33c,Will the highest temperature in Guangzhou be 33°C on September 2?,"[""Yes"", ""No""]","[""0.065"", ""0.935""]",208.34611,1,26.2,31.5,28.5
1788200126.4,Highest temperature in Guangzhou on September 2?,Guangzhou,2026-09-02,4018569,highest-temperature-in-guangzhou-on-september-2-2026-34c,Will the highest temperature in Guangzhou be 34°C on September 2?,"[""Yes"", ""No""]","[""0.0055"", ""0.9945""]",919.978966,1,26.2,31.5,28.5
1788200126.4,Highest temperature in Guangzhou on September 2?,Guangzhou,2026-09-02,4018570,highest-temperature-in-guangzhou-on-september-2-2026-35corhigher,Will the highest temperature in Guangzhou be 35°C or higher on September 2?,"[""Yes"", ""No""]","[""0.0035"", ""0.9965""]",58.11600000000001,1,26.2,31.5,28.5
1788200126.4,Highest temperature in Qingdao on September 2?,Qingdao,2026-09-02,4018571,highest-temperature-in-qingdao-on-september-2-2026-24corbelow,Will the highest temperature in Qingdao be 24°C or below on September 2?,"[""Yes"", ""No""]","[""0.0015"", ""0.9985""]",280.99100000000004,1,29.1,27.8,28.5
1788200126.4,Highest temperature in Qingdao on September 2?,Qingdao,2026-09-02,4018572,highest-temperature-in-qingdao-on-september-2-2026-25c,Will the highest temperature in Qingdao be 25°C on September 2?,"[""Yes"", ""No""]","[""0.04"", ""0.96""]",154.02792499999998,1,29.1,27.8,28.5
1788200126.4,Highest temperature in Qingdao on September 2?,Qingdao,2026-09-02,4018573,highest-temperature-in-qingdao-on-september-2-2026-26c,Will the highest temperature in Qingdao be 26°C on September 2?,"[""Yes"", ""No""]","[""0.04"", ""0.96""]",277.20105,1,29.1,27.8,28.5
1788200126.4,Highest temperature in Qingdao on September 2?,Qingdao,2026-09-02,4018574,highest-temperature-in-qingdao-on-september-2-2026-27c,Will the highest temperature in Qingdao be 27°C on September 2?,"[""Yes"", ""No""]","[""0.075"", ""0.925""]",5.043,1,29.1,27.8,28.5
1788200126.4,Highest temperature in Qingdao on September 2?,Qingdao,2026-09-02,4018575,highest-temperature-in-qingdao-on-september-2-2026-28c,Will the highest temperature in Qingdao be 28°C on September 2?,"[""Yes"", ""No""]","[""0.19"", ""0.81""]",,1,29.1,27.8,28.5
1788200126.4,Highest temperature in Qingdao on September 2?,Qingdao,2026-09-02,4018576,highest-temperature-in-qingdao-on-september-2-2026-29c,Will the highest temperature in Qingdao be 29°C on September 2?,"[""Yes"", ""No""]","[""0.355"", ""0.645""]",187.22311200000001,1,29.1,27.8,28.5
1788200126.4,Highest temperature in Qingdao on September 2?,Qingdao,2026-09-02,4018577,highest-temperature-in-qingdao-on-september-2-2026-30c,Will the highest temperature in Qingdao be 30°C on September 2?,"[""Yes"", ""No""]","[""0.285"", ""0.715""]",220.379997,1,29.1,27.8,28.5
1788200126.4,Highest temperature in Qingdao on September 2?,Qingdao,2026-09-02,4018578,highest-temperature-in-qingdao-on-september-2-2026-31c,Will the highest temperature in Qingdao be 31°C on September 2?,"[""Yes"", ""No""]","[""0.095"", ""0.905""]",,1,29.1,27.8,28.5
1788200126.4,Highest temperature in Qingdao on September 2?,Qingdao,2026-09-02,4018579,highest-temperature-in-qingdao-on-september-2-2026-32c,Will the highest temperature in Qingdao be 32°C on September 2?,"[""Yes"", ""No""]","[""0.04"", ""0.96""]",79.85105,1,29.1,27.8,28.5
1788200126.4,Highest temperature in Qingdao on September 2?,Qingdao,2026-09-02,4018580,highest-temperature-in-qingdao-on-september-2-2026-33c,Will the highest temperature in Qingdao be 33°C on September 2?,"[""Yes"", ""No""]","[""0.02"", ""0.98""]",47.000600000000006,1,29.1,27.8,28.5
1788200126.4,Highest temperature in Qingdao on September 2?,Qingdao,2026-09-02,4018581,highest-temperature-in-qingdao-on-september-2-2026-34corhigher,Will the highest temperature in Qingdao be 34°C or higher on September 2?,"[""Yes"", ""No""]","[""0.0025"", ""0.9975""]",728.0376,1,29.1,27.8,28.5
1788200126.4,Highest temperature in Karachi on September 2?,Karachi,2026-09-02,4018582,highest-temperature-in-karachi-on-september-2-2026-26corbelow,Will the highest temperature in Karachi be 26°C or below on September 2?,"[""Yes"", ""No""]","[""0.0025"", ""0.9975""]",127.11699999999999,1,31.0,31.9,31.0
1788200126.4,Highest temperature in Karachi on September 2?,Karachi,2026-09-02,4018583,highest-temperature-in-karachi-on-september-2-2026-27c,Will the highest temperature in Karachi be 27°C on September 2?,"[""Yes"", ""No""]","[""0.004"", ""0.996""]",148.0374,1,31.0,31.9,31.0
1788200126.4,Highest temperature in Karachi on September 2?,Karachi,2026-09-02,4018584,highest-temperature-in-karachi-on-september-2-2026-28c,Will the highest temperature in Karachi be 28°C on September 2?,"[""Yes"", ""No""]","[""0.0355"", ""0.9645""]",30.9992,1,31.0,31.9,31.0
1788200126.4,Highest temperature in Karachi on September 2?,Karachi,2026-09-02,4018585,highest-temperature-in-karachi-on-september-2-2026-29c,Will the highest temperature in Karachi be 29°C on September 2?,"[""Yes"", ""No""]","[""0.08"", ""0.92""]",22.08695,1,31.0,31.9,31.0
1788200126.4,Highest temperature in Karachi on September 2?,Karachi,2026-09-02,4018586,highest-temperature-in-karachi-on-september-2-2026-30c,Will the highest temperature in Karachi be 30°C on September 2?,"[""Yes"", ""No""]","[""0.175"", ""0.825""]",137.666045,1,31.0,31.9,31.0
1788200126.4,Highest temperature in Karachi on September 2?,Karachi,2026-09-02,4018587,highest-temperature-in-karachi-on-september-2-2026-31c,Will the highest temperature in Karachi be 31°C on September 2?,"[""Yes"", ""No""]","[""0.525"", ""0.475""]",74.00427200000001,1,31.0,31.9,31.0
1788200126.4,Highest temperature in Karachi on September 2?,Karachi,2026-09-02,4018588,highest-temperature-in-karachi-on-september-2-2026-32c,Will the highest temperature in Karachi be 32°C on September 2?,"[""Yes"", ""No""]","[""0.245"", ""0.755""]",128.907466,1,31.0,31.9,31.0
1788200126.4,Highest temperature in Karachi on September 2?,Karachi,2026-09-02,4018589,highest-temperature-in-karachi-on-september-2-2026-33c,Will the highest temperature in Karachi be 33°C on September 2?,"[""Yes"", ""No""]","[""0.05"", ""0.95""]",15.309266000000001,1,31.0,31.9,31.0
1788200126.4,Highest temperature in Karachi on September 2?,Karachi,2026-09-02,4018590,highest-temperature-in-karachi-on-september-2-2026-34c,Will the highest temperature in Karachi be 34°C on September 2?,"[""Yes"", ""No""]","[""0.04"", ""0.96""]",29.98855,1,31.0,31.9,31.0
1788200126.4,Highest temperature in Karachi on September 2?,Karachi,2026-09-02,4018591,highest-temperature-in-karachi-on-september-2-2026-35c,Will the highest temperature in Karachi be 35°C on September 2?,"[""Yes"", ""No""]","[""0.0025"", ""0.9975""]",72.072,1,31.0,31.9,31.0
1788200126.4,Highest temperature in Karachi on September 2?,Karachi,2026-09-02,4018592,highest-temperature-in-karachi-on-september-2-2026-36corhigher,Will the highest temperature in Karachi be 36°C or higher on September 2?,"[""Yes"", ""No""]","[""0.0005"", ""0.9995""]",89.991,1,31.0,31.9,31.0
1788200126.4,Highest temperature in Manila on September 2?,Manila,2026-09-02,4018593,highest-temperature-in-manila-on-september-2-2026-25corbelow,Will the highest temperature in Manila be 25°C or below on September 2?,"[""Yes"", ""No""]","[""0.0055"", ""0.9945""]",2232.8510640000004,1,30.2,29.0,30.3
1788200126.4,Highest temperature in Manila on September 2?,Manila,2026-09-02,4018594,highest-temperature-in-manila-on-september-2-2026-26c,Will the highest temperature in Manila be 26°C on September 2?,"[""Yes"", ""No""]","[""0.0025"", ""0.9975""]",163.112,1,30.2,29.0,30.3
1788200126.4,Highest temperature in Manila on September 2?,Manila,2026-09-02,4018595,highest-temperature-in-manila-on-september-2-2026-27c,Will the highest temperature in Manila be 27°C on September 2?,"[""Yes"", ""No""]","[""0.006"", ""0.994""]",336.227666,1,30.2,29.0,30.3
1788200126.4,Highest temperature in Manila on September 2?,Manila,2026-09-02,4018596,highest-temperature-in-manila-on-september-2-2026-28c,Will the highest temperature in Manila be 28°C on September 2?,"[""Yes"", ""No""]","[""0.015"", ""0.985""]",100.354,1,30.2,29.0,30.3
1788200126.4,Highest temperature in Manila on September 2?,Manila,2026-09-02,4018597,highest-temperature-in-manila-on-september-2-2026-29c,Will the highest temperature in Manila be 29°C on September 2?,"[""Yes"", ""No""]","[""0.065"", ""0.935""]",5,1,30.2,29.0,30.3
1788200126.4,Highest temperature in Manila on September 2?,Manila,2026-09-02,4018598,highest-temperature-in-manila-on-september-2-2026-30c,Will the highest temperature in Manila be 30°C on September 2?,"[""Yes"", ""No""]","[""0.09"", ""0.91""]",140.98860000000002,1,30.2,29.0,30.3
1788200126.4,Highest temperature in Manila on September 2?,Manila,2026-09-02,4018599,highest-temperature-in-manila-on-september-2-2026-31c,Will the highest temperature in Manila be 31°C on September 2?,"[""Yes"", ""No""]","[""0.36"", ""0.64""]",130.068342,1,30.2,29.0,30.3
1788200126.4,Highest temperature in Manila on September 2?,Manila,2026-09-02,4018600,highest-temperature-in-manila-on-september-2-2026-32c,Will the highest temperature in Manila be 32°C on September 2?,"[""Yes"", ""No""]","[""0.345"", ""0.655""]",34.73818,1,30.2,29.0,30.3
1788200126.4,Highest temperature in Manila on September 2?,Manila,2026-09-02,4018601,highest-temperature-in-manila-on-september-2-2026-33c,Will the highest temperature in Manila be 33°C on September 2?,"[""Yes"", ""No""]","[""0.125"", ""0.875""]",7,1,30.2,29.0,30.3
1788200126.4,Highest temperature in Manila on September 2?,Manila,2026-09-02,4018602,highest-temperature-in-manila-on-september-2-2026-34c,Will the highest temperature in Manila be 34°C on September 2?,"[""Yes"", ""No""]","[""0.025"", ""0.975""]",106.010066,1,30.2,29.0,30.3
1788200126.4,Highest temperature in Manila on September 2?,Manila,2026-09-02,4018603,highest-temperature-in-manila-on-september-2-2026-35corhigher,Will the highest temperature in Manila be 35°C or higher on September 2?,"[""Yes"", ""No""]","[""0.0055"", ""0.9945""]",76.395,1,30.2,29.0,30.3
1788200126.4,Highest temperature in Dallas on September 2?,Dallas,2026-09-02,4020662,highest-temperature-in-dallas-on-september-2-2026-87forbelow,Will the highest temperature in Dallas be 87°F or below on September 2?,"[""Yes"", ""No""]","[""0.02"", ""0.98""]",21.325580000000002,1,29.0,35.8,35.5
1788200126.4,Highest temperature in Dallas on September 2?,Dallas,2026-09-02,4020663,highest-temperature-in-dallas-on-september-2-2026-88-89f,Will the highest temperature in Dallas be between 88-89°F on September 2?,"[""Yes"", ""No""]","[""0.065"", ""0.935""]",21.4946,1,29.0,35.8,35.5
1788200126.4,Highest temperature in Dallas on September 2?,Dallas,2026-09-02,4020664,highest-temperature-in-dallas-on-september-2-2026-90-91f,Will the highest temperature in Dallas be between 90-91°F on September 2?,"[""Yes"", ""No""]","[""0.07"", ""0.93""]",223.76,1,29.0,35.8,35.5
1788200126.4,Highest temperature in Dallas on September 2?,Dallas,2026-09-02,4020665,highest-temperature-in-dallas-on-september-2-2026-92-93f,Will the highest temperature in Dallas be between 92-93°F on September 2?,"[""Yes"", ""No""]","[""0.2"", ""0.8""]",56.390238,1,29.0,35.8,35.5
1788200126.4,Highest temperature in Dallas on September 2?,Dallas,2026-09-02,4020666,highest-temperature-in-dallas-on-september-2-2026-94-95f,Will the highest temperature in Dallas be between 94-95°F on September 2?,"[""Yes"", ""No""]","[""0.34"", ""0.66""]",263.497401,1,29.0,35.8,35.5
1788200126.4,Highest temperature in Dallas on September 2?,Dallas,2026-09-02,4020667,highest-temperature-in-dallas-on-september-2-2026-96-97f,Will the highest temperature in Dallas be between 96-97°F on September 2?,"[""Yes"", ""No""]","[""0.295"", ""0.705""]",80.45589499999998,1,29.0,35.8,35.5
1788200126.4,Highest temperature in Dallas on September 2?,Dallas,2026-09-02,4020668,highest-temperature-in-dallas-on-september-2-2026-98-99f,Will the highest temperature in Dallas be between 98-99°F on September 2?,"[""Yes"", ""No""]","[""0.095"", ""0.905""]",25.5,1,29.0,35.8,35.5
1788200126.4,Highest temperature in Dallas on September 2?,Dallas,2026-09-02,4020669,highest-temperature-in-dallas-on-september-2-2026-100-101f,Will the highest temperature in Dallas be between 100-101°F on September 2?,"[""Yes"", ""No""]","[""0.04"", ""0.96""]",20,1,29.0,35.8,35.5
1788200126.4,Highest temperature in Dallas on September 2?,Dallas,2026-09-02,4020670,highest-temperature-in-dallas-on-september-2-2026-102-103f,Will the highest temperature in Dallas be between 102-103°F on September 2?,"[""Yes"", ""No""]","[""0.0035"", ""0.9965""]",77.05,1,29.0,35.8,35.5
1788200126.4,Highest temperature in Dallas on September 2?,Dallas,2026-09-02,4020671,highest-temperature-in-dallas-on-september-2-2026-104-105f,Will the highest temperature in Dallas be between 104-105°F on September 2?,"[""Yes"", ""No""]","[""0.0055"", ""0.9945""]",34.9985,1,29.0,35.8,35.5
1788200126.4,Highest temperature in Dallas on September 2?,Dallas,2026-09-02,4020672,highest-temperature-in-dallas-on-september-2-2026-106forhigher,Will the highest temperature in Dallas be 106°F or higher on September 2?,"[""Yes"", ""No""]","[""0.002"", ""0.998""]",254.995,1,29.0,35.8,35.5
1788200126.4,Highest temperature in Miami on September 2?,Miami,2026-09-02,4020673,highest-temperature-in-miami-on-september-2-2026-81forbelow,Will the highest temperature in Miami be 81°F or below on September 2?,"[""Yes"", ""No""]","[""0.0025"", ""0.9975""]",68.06299999999999,1,31.7,29.9,32.6
1788200126.4,Highest temperature in Miami on September 2?,Miami,2026-09-02,4020674,highest-temperature-in-miami-on-september-2-2026-82-83f,Will the highest temperature in Miami be between 82-83°F on September 2?,"[""Yes"", ""No""]","[""0.015"", ""0.985""]",10,1,31.7,29.9,32.6
1788200126.4,Highest temperature in Miami on September 2?,Miami,2026-09-02,4020675,highest-temperature-in-miami-on-september-2-2026-84-85f,Will the highest temperature in Miami be between 84-85°F on September 2?,"[""Yes"", ""No""]","[""0.035"", ""0.965""]",14.7371,1,31.7,29.9,32.6
1788200126.4,Highest temperature in Miami on September 2?,Miami,2026-09-02,4020676,highest-temperature-in-miami-on-september-2-2026-86-87f,Will the highest temperature in Miami be between 86-87°F on September 2?,"[""Yes"", ""No""]","[""0.04"", ""0.96""]",5,1,31.7,29.9,32.6
1788200126.4,Highest temperature in Miami on September 2?,Miami,2026-09-02,4020677,highest-temperature-in-miami-on-september-2-2026-88-89f,Will the highest temperature in Miami be between 88-89°F on September 2?,"[""Yes"", ""No""]","[""0.145"", ""0.855""]",191.22126099999997,1,31.7,29.9,32.6
1788200126.4,Highest temperature in Miami on September 2?,Miami,2026-09-02,4020678,highest-temperature-in-miami-on-september-2-2026-90-91f,Will the highest temperature in Miami be between 90-91°F on September 2?,"[""Yes"", ""No""]","[""0.455"", ""0.545""]",173.83341599999997,1,31.7,29.9,32.6
1788200126.4,Highest temperature in Miami on September 2?,Miami,2026-09-02,4020679,highest-temperature-in-miami-on-september-2-2026-92-93f,Will the highest temperature in Miami be between 92-93°F on September 2?,"[""Yes"", ""No""]","[""0.31"", ""0.69""]",522.870506,1,31.7,29.9,32.6
1788200126.4,Highest temperature in Miami on September 2?,Miami,2026-09-02,4020680,highest-temperature-in-miami-on-september-2-2026-94-95f,Will the highest temperature in Miami be between 94-95°F on September 2?,"[""Yes"", ""No""]","[""0.07"", ""0.93""]",14.69,1,31.7,29.9,32.6
1788200126.4,Highest temperature in Miami on September 2?,Miami,2026-09-02,4020681,highest-temperature-in-miami-on-september-2-2026-96-97f,Will the highest temperature in Miami be between 96-97°F on September 2?,"[""Yes"", ""No""]","[""0.02"", ""0.98""]",70.14776,1,31.7,29.9,32.6
1788200126.4,Highest temperature in Miami on September 2?,Miami,2026-09-02,4020682,highest-temperature-in-miami-on-september-2-2026-98-99f,Will the highest temperature in Miami be between 98-99°F on September 2?,"[""Yes"", ""No""]","[""0.0015"", ""0.9985""]",140.990406,1,31.7,29.9,32.6
1788200126.4,Highest temperature in Miami on September 2?,Miami,2026-09-02,4020683,highest-temperature-in-miami-on-september-2-2026-100forhigher,Will the highest temperature in Miami be 100°F or higher on September 2?,"[""Yes"", ""No""]","[""0.0005"", ""0.9995""]",359.995,1,31.7,29.9,32.6
1788200126.4,Highest temperature in NYC on September 2?,NYC,2026-09-02,4021605,highest-temperature-in-nyc-on-september-2-2026-69forbelow,Will the highest temperature in New York City be 69°F or below on September 2?,"[""Yes"", ""No""]","[""0.015"", ""0.985""]",5,1,23.7,23.9,23.9
1788200126.4,Highest temperature in NYC on September 2?,NYC,2026-09-02,4021606,highest-temperature-in-nyc-on-september-2-2026-70-71f,Will the highest temperature in New York City be between 70-71°F on September 2?,"[""Yes"", ""No""]","[""0.015"", ""0.985""]",5,1,23.7,23.9,23.9
1788200126.4,Highest temperature in NYC on September 2?,NYC,2026-09-02,4021607,highest-temperature-in-nyc-on-september-2-2026-72-73f,Will the highest temperature in New York City be between 72-73°F on September 2?,"[""Yes"", ""No""]","[""0.16"", ""0.84""]",,1,23.7,23.9,23.9
1788200126.4,Highest temperature in NYC on September 2?,NYC,2026-09-02,4021608,highest-temperature-in-nyc-on-september-2-2026-74-75f,Will the highest temperature in New York City be between 74-75°F on September 2?,"[""Yes"", ""No""]","[""0.355"", ""0.645""]",1.42857,1,23.7,23.9,23.9
1788200126.4,Highest temperature in NYC on September 2?,NYC,2026-09-02,4021609,highest-temperature-in-nyc-on-september-2-2026-76-77f,Will the highest temperature in New York City be between 76-77°F on September 2?,"[""Yes"", ""No""]","[""0.45"", ""0.55""]",67.547447,1,23.7,23.9,23.9
1788200126.4,Highest temperature in NYC on September 2?,NYC,2026-09-02,4021610,highest-temperature-in-nyc-on-september-2-2026-78-79f,Will the highest temperature in New York City be between 78-79°F on September 2?,"[""Yes"", ""No""]","[""0.12"", ""0.88""]",35.018946,1,23.7,23.9,23.9
1788200126.4,Highest temperature in NYC on September 2?,NYC,2026-09-02,4021611,highest-temperature-in-nyc-on-september-2-2026-80-81f,Will the highest temperature in New York City be between 80-81°F on September 2?,"[""Yes"", ""No""]","[""0.085"", ""0.915""]",,1,23.7,23.9,23.9
1788200126.4,Highest temperature in NYC on September 2?,NYC,2026-09-02,4021612,highest-temperature-in-nyc-on-september-2-2026-82-83f,Will the highest temperature in New York City be between 82-83°F on September 2?,"[""Yes"", ""No""]","[""0.03"", ""0.97""]",19.70405,1,23.7,23.9,23.9
1788200126.4,Highest temperature in NYC on September 2?,NYC,2026-09-02,4021613,highest-temperature-in-nyc-on-september-2-2026-84-85f,Will the highest temperature in New York City be between 84-85°F on September 2?,"[""Yes"", ""No""]","[""0.0035"", ""0.9965""]",149.191,1,23.7,23.9,23.9
1788200126.4,Highest temperature in NYC on September 2?,NYC,2026-09-02,4021614,highest-temperature-in-nyc-on-september-2-2026-86-87f,Will the highest temperature in New York City be between 86-87°F on September 2?,"[""Yes"", ""No""]","[""0.0005"", ""0.9995""]",326.164888,1,23.7,23.9,23.9
1788200126.4,Highest temperature in NYC on September 2?,NYC,2026-09-02,4021615,highest-temperature-in-nyc-on-september-2-2026-88forhigher,Will the highest temperature in New York City be 88°F or higher on September 2?,"[""Yes"", ""No""]","[""0.0005"", ""0.9995""]",303.999,1,23.7,23.9,23.9
1788200126.4,Highest temperature in Atlanta on September 2?,Atlanta,2026-09-02,4021616,highest-temperature-in-atlanta-on-september-2-2026-85forbelow,Will the highest temperature in Atlanta be 85°F or below on September 2?,"[""Yes"", ""No""]","[""0.0015"", ""0.9985""]",141.286,1,36.8,36.6,35.5
1788200126.4,Highest temperature in Atlanta on September 2?,Atlanta,2026-09-02,4021617,highest-temperature-in-atlanta-on-september-2-2026-86-87f,Will the highest temperature in Atlanta be between 86-87°F on September 2?,"[""Yes"", ""No""]","[""0.0025"", ""0.9975""]",28.683999999999997,1,36.8,36.6,35.5
1788200126.4,Highest temperature in Atlanta on September 2?,Atlanta,2026-09-02,4021618,highest-temperature-in-atlanta-on-september-2-2026-88-89f,Will the highest temperature in Atlanta be between 88-89°F on September 2?,"[""Yes"", ""No""]","[""0.01"", ""0.99""]",26.684732999999998,1,36.8,36.6,35.5
1788200126.4,Highest temperature in Atlanta on September 2?,Atlanta,2026-09-02,4021619,highest-temperature-in-atlanta-on-september-2-2026-90-91f,Will the highest temperature in Atlanta be between 90-91°F on September 2?,"[""Yes"", ""No""]","[""0.045"", ""0.955""]",28.67,1,36.8,36.6,35.5
1788200126.4,Highest temperature in Atlanta on September 2?,Atlanta,2026-09-02,4021620,highest-temperature-in-atlanta-on-september-2-2026-92-93f,Will the highest temperature in Atlanta be between 92-93°F on September 2?,"[""Yes"", ""No""]","[""0.1"", ""0.9""]",,1,36.8,36.6,35.5
1788200126.4,Highest temperature in Atlanta on September 2?,Atlanta,2026-09-02,4021621,highest-temperature-in-atlanta-on-september-2-2026-94-95f,Will the highest temperature in Atlanta be between 94-95°F on September 2?,"[""Yes"", ""No""]","[""0.31"", ""0.69""]",114.626495,1,36.8,36.6,35.5
1788200126.4,Highest temperature in Atlanta on September 2?,Atlanta,2026-09-02,4021622,highest-temperature-in-atlanta-on-september-2-2026-96-97f,Will the highest temperature in Atlanta be between 96-97°F on September 2?,"[""Yes"", ""No""]","[""0.385"", ""0.615""]",15.152563,1,36.8,36.6,35.5
1788200126.4,Highest temperature in Atlanta on September 2?,Atlanta,2026-09-02,4021623,highest-temperature-in-atlanta-on-september-2-2026-98-99f,Will the highest temperature in Atlanta be between 98-99°F on September 2?,"[""Yes"", ""No""]","[""0.195"", ""0.805""]",,1,36.8,36.6,35.5
1788200126.4,Highest temperature in Atlanta on September 2?,Atlanta,2026-09-02,4021624,highest-temperature-in-atlanta-on-september-2-2026-100-101f,Will the highest temperature in Atlanta be between 100-101°F on September 2?,"[""Yes"", ""No""]","[""0.065"", ""0.935""]",17.279028,1,36.8,36.6,35.5
1788200126.4,Highest temperature in Atlanta on September 2?,Atlanta,2026-09-02,4021625,highest-temperature-in-atlanta-on-september-2-2026-102-103f,Will the highest temperature in Atlanta be between 102-103°F on September 2?,"[""Yes"", ""No""]","[""0.03"", ""0.97""]",5,1,36.8,36.6,35.5
1788200126.4,Highest temperature in Atlanta on September 2?,Atlanta,2026-09-02,4021626,highest-temperature-in-atlanta-on-september-2-2026-104forhigher,Will the highest temperature in Atlanta be 104°F or higher on September 2?,"[""Yes"", ""No""]","[""0.0055"", ""0.9945""]",5,1,36.8,36.6,35.5
1788200126.4,Highest temperature in Chicago on September 2?,Chicago,2026-09-02,4021627,highest-temperature-in-chicago-on-september-2-2026-83forbelow,Will the highest temperature in Chicago be 83°F or below on September 2?,"[""Yes"", ""No""]","[""0.002"", ""0.998""]",167.167,1,34.6,33.3,34.8
1788200126.4,Highest temperature in Chicago on September 2?,Chicago,2026-09-02,4021628,highest-temperature-in-chicago-on-september-2-2026-84-85f,Will the highest temperature in Chicago be between 84-85°F on September 2?,"[""Yes"", ""No""]","[""0.0085"", ""0.9915""]",219.013,1,34.6,33.3,34.8
1788200126.4,Highest temperature in Chicago on September 2?,Chicago,2026-09-02,4021629,highest-temperature-in-chicago-on-september-2-2026-86-87f,Will the highest temperature in Chicago be between 86-87°F on September 2?,"[""Yes"", ""No""]","[""0.05"", ""0.95""]",12.050504,1,34.6,33.3,34.8
1788200126.4,Highest temperature in Chicago on September 2?,Chicago,2026-09-02,4021630,highest-temperature-in-chicago-on-september-2-2026-88-89f,Will the highest temperature in Chicago be between 88-89°F on September 2?,"[""Yes"", ""No""]","[""0.08"", ""0.92""]",45.4139,1,34.6,33.3,34.8
1788200126.4,Highest temperature in Chicago on September 2?,Chicago,2026-09-02,4021631,highest-temperature-in-chicago-on-september-2-2026-90-91f,Will the highest temperature in Chicago be between 90-91°F on September 2?,"[""Yes"", ""No""]","[""0.205"", ""0.795""]",,1,34.6,33.3,34.8
1788200126.4,Highest temperature in Chicago on September 2?,Chicago,2026-09-02,4021632,highest-temperature-in-chicago-on-september-2-2026-92-93f,Will the highest temperature in Chicago be between 92-93°F on September 2?,"[""Yes"", ""No""]","[""0.415"", ""0.585""]",,1,34.6,33.3,34.8
1788200126.4,Highest temperature in Chicago on September 2?,Chicago,2026-09-02,4021633,highest-temperature-in-chicago-on-september-2-2026-94-95f,Will the highest temperature in Chicago be between 94-95°F on September 2?,"[""Yes"", ""No""]","[""0.32"", ""0.68""]",,1,34.6,33.3,34.8
1788200126.4,Highest temperature in Chicago on September 2?,Chicago,2026-09-02,4021634,highest-temperature-in-chicago-on-september-2-2026-96-97f,Will the highest temperature in Chicago be between 96-97°F on September 2?,"[""Yes"", ""No""]","[""0.115"", ""0.885""]",20,1,34.6,33.3,34.8
1788200126.4,Highest temperature in Chicago on September 2?,Chicago,2026-09-02,4021635,highest-temperature-in-chicago-on-september-2-2026-98-99f,Will the highest temperature in Chicago be between 98-99°F on September 2?,"[""Yes"", ""No""]","[""0.0055"", ""0.9945""]",155.101,1,34.6,33.3,34.8
1788200126.4,Highest temperature in Chicago on September 2?,Chicago,2026-09-02,4021636,highest-temperature-in-chicago-on-september-2-2026-100-101f,Will the highest temperature in Chicago be between 100-101°F on September 2?,"[""Yes"", ""No""]","[""0.045"", ""0.955""]",35,1,34.6,33.3,34.8
1788200126.4,Highest temperature in Chicago on September 2?,Chicago,2026-09-02,4021637,highest-temperature-in-chicago-on-september-2-2026-102forhigher,Will the highest temperature in Chicago be 102°F or higher on September 2?,"[""Yes"", ""No""]","[""0.003"", ""0.997""]",141.111,1,34.6,33.3,34.8
1788200126.4,Highest temperature in Austin on September 2?,Austin,2026-09-02,4021638,highest-temperature-in-austin-on-september-2-2026-87forbelow,Will the highest temperature in Austin be 87°F or below on September 2?,"[""Yes"", ""No""]","[""0.0005"", ""0.9995""]",490.99100000000004,1,38.3,38.1,37.6
1788200126.4,Highest temperature in Austin on September 2?,Austin,2026-09-02,4021639,highest-temperature-in-austin-on-september-2-2026-88-89f,Will the highest temperature in Austin be between 88-89°F on September 2?,"[""Yes"", ""No""]","[""0.0025"", ""0.9975""]",17.017,1,38.3,38.1,37.6
1788200126.4,Highest temperature in Austin on September 2?,Austin,2026-09-02,4021640,highest-temperature-in-austin-on-september-2-2026-90-91f,Will the highest temperature in Austin be between 90-91°F on September 2?,"[""Yes"", ""No""]","[""0.0255"", ""0.9745""]",5,1,38.3,38.1,37.6
1788200126.4,Highest temperature in Austin on September 2?,Austin,2026-09-02,4021641,highest-temperature-in-austin-on-september-2-2026-92-93f,Will the highest temperature in Austin be between 92-93°F on September 2?,"[""Yes"", ""No""]","[""0.01"", ""0.99""]",26,1,38.3,38.1,37.6
1788200126.4,Highest temperature in Austin on September 2?,Austin,2026-09-02,4021642,highest-temperature-in-austin-on-september-2-2026-94-95f,Will the highest temperature in Austin be between 94-95°F on September 2?,"[""Yes"", ""No""]","[""0.0065"", ""0.9935""]",101,1,38.3,38.1,37.6
1788200126.4,Highest temperature in Austin on September 2?,Austin,2026-09-02,4021643,highest-temperature-in-austin-on-september-2-2026-96-97f,Will the highest temperature in Austin be between 96-97°F on September 2?,"[""Yes"", ""No""]","[""0.135"", ""0.865""]",12.87359,1,38.3,38.1,37.6
1788200126.4,Highest temperature in Austin on September 2?,Austin,2026-09-02,4021644,highest-temperature-in-austin-on-september-2-2026-98-99f,Will the highest temperature in Austin be between 98-99°F on September 2?,"[""Yes"", ""No""]","[""0.435"", ""0.565""]",,1,38.3,38.1,37.6
1788200126.4,Highest temperature in Austin on September 2?,Austin,2026-09-02,4021645,highest-temperature-in-austin-on-september-2-2026-100-101f,Will the highest temperature in Austin be between 100-101°F on September 2?,"[""Yes"", ""No""]","[""0.405"", ""0.595""]",15.051172999999999,1,38.3,38.1,37.6
1788200126.4,Highest temperature in Austin on September 2?,Austin,2026-09-02,4021646,highest-temperature-in-austin-on-september-2-2026-102-103f,Will the highest temperature in Austin be between 102-103°F on September 2?,"[""Yes"", ""No""]","[""0.075"", ""0.925""]",8,1,38.3,38.1,37.6
1788200126.4,Highest temperature in Austin on September 2?,Austin,2026-09-02,4021647,highest-temperature-in-austin-on-september-2-2026-104-105f,Will the highest temperature in Austin be between 104-105°F on September 2?,"[""Yes"", ""No""]","[""0.04"", ""0.96""]",14.985499999999998,1,38.3,38.1,37.6
1788200126.4,Highest temperature in Austin on September 2?,Austin,2026-09-02,4021648,highest-temperature-in-austin-on-september-2-2026-106forhigher,Will the highest temperature in Austin be 106°F or higher on September 2?,"[""Yes"", ""No""]","[""0.01"", ""0.99""]",5,1,38.3,38.1,37.6
1788200126.4,Highest temperature in Denver on September 2?,Denver,2026-09-02,4021649,highest-temperature-in-denver-on-september-2-2026-77forbelow,Will the highest temperature in Denver be 77°F or below on September 2?,"[""Yes"", ""No""]","[""0.0005"", ""0.9995""]",434.99100000000004,1,32.6,31.9,30.7
1788200126.4,Highest temperature in Denver on September 2?,Denver,2026-09-02,4021650,highest-temperature-in-denver-on-september-2-2026-78-79f,Will the highest temperature in Denver be between 78-79°F on September 2?,"[""Yes"", ""No""]","[""0.0025"", ""0.9975""]",62.00999999999999,1,32.6,31.9,30.7
1788200126.4,Highest temperature in Denver on September 2?,Denver,2026-09-02,4021651,highest-temperature-in-denver-on-september-2-2026-80-81f,Will the highest temperature in Denver be between 80-81°F on September 2?,"[""Yes"", ""No""]","[""0.015"", ""0.985""]",188.15446099999997,1,32.6,31.9,30.7
1788200126.4,Highest temperature in Denver on September 2?,Denver,2026-09-02,4021652,highest-temperature-in-denver-on-september-2-2026-82-83f,Will the highest temperature in Denver be between 82-83°F on September 2?,"[""Yes"", ""No""]","[""0.015"", ""0.985""]",99.99405,1,32.6,31.9,30.7
1788200126.4,Highest temperature in Denver on September 2?,Denver,2026-09-02,4021653,highest-temperature-in-denver-on-september-2-2026-84-85f,Will the highest temperature in Denver be between 84-85°F on September 2?,"[""Yes"", ""No""]","[""0.06"", ""0.94""]",197.529283,1,32.6,31.9,30.7
1788200126.4,Highest temperature in Denver on September 2?,Denver,2026-09-02,4021654,highest-temperature-in-denver-on-september-2-2026-86-87f,Will the highest temperature in Denver be between 86-87°F on September 2?,"[""Yes"", ""No""]","[""0.175"", ""0.825""]",133.229333,1,32.6,31.9,30.7
1788200126.4,Highest temperature in Denver on September 2?,Denver,2026-09-02,4021655,highest-temperature-in-denver-on-september-2-2026-88-89f,Will the highest temperature in Denver be between 88-89°F on September 2?,"[""Yes"", ""No""]","[""0.42"", ""0.58""]",1535.239881,1,32.6,31.9,30.7
1788200126.4,Highest temperature in Denver on September 2?,Denver,2026-09-02,4021656,highest-temperature-in-denver-on-september-2-2026-90-91f,Will the highest temperature in Denver be between 90-91°F on September 2?,"[""Yes"", ""No""]","[""0.285"", ""0.715""]",314.603716,1,32.6,31.9,30.7
1788200126.4,Highest temperature in Denver on September 2?,Denver,2026-09-02,4021657,highest-temperature-in-denver-on-september-2-2026-92-93f,Will the highest temperature in Denver be between 92-93°F on September 2?,"[""Yes"", ""No""]","[""0.05"", ""0.95""]",197.721772,1,32.6,31.9,30.7
1788200126.4,Highest temperature in Denver on September 2?,Denver,2026-09-02,4021658,highest-temperature-in-denver-on-september-2-2026-94-95f,Will the highest temperature in Denver be between 94-95°F on September 2?,"[""Yes"", ""No""]","[""0.0145"", ""0.9855""]",174.42533200000003,1,32.6,31.9,30.7
1788200126.4,Highest temperature in Denver on September 2?,Denver,2026-09-02,4021659,highest-temperature-in-denver-on-september-2-2026-96forhigher,Will the highest temperature in Denver be 96°F or higher on September 2?,"[""Yes"", ""No""]","[""0.0045"", ""0.9955""]",102.22874999999999,1,32.6,31.9,30.7
1788200126.4,Highest temperature in Houston on September 2?,Houston,2026-09-02,4021660,highest-temperature-in-houston-on-september-2-2026-79forbelow,Will the highest temperature in Houston be 79°F or below on September 2?,"[""Yes"", ""No""]","[""0.0005"", ""0.9995""]",280.997,1,34.3,30.5,34.3
1788200126.4,Highest temperature in Houston on September 2?,Houston,2026-09-02,4021661,highest-temperature-in-houston-on-september-2-2026-80-81f,Will the highest temperature in Houston be between 80-81°F on September 2?,"[""Yes"", ""No""]","[""0.0025"", ""0.9975""]",63.062999999999995,1,34.3,30.5,34.3
1788200126.4,Highest temperature in Houston on September 2?,Houston,2026-09-02,4021662,highest-temperature-in-houston-on-september-2-2026-82-83f,Will the highest temperature in Houston be between 82-83°F on September 2?,"[""Yes"", ""No""]","[""0.003"", ""0.997""]",133.423894,1,34.3,30.5,34.3
1788200126.4,Highest temperature in Houston on September 2?,Houston,2026-09-02,4021663,highest-temperature-in-houston-on-september-2-2026-84-85f,Will the highest temperature in Houston be between 84-85°F on September 2?,"[""Yes"", ""No""]","[""0.055"", ""0.945""]",57.79,1,34.3,30.5,34.3
1788200126.4,Highest temperature in Houston on September 2?,Houston,2026-09-02,4021664,highest-temperature-in-houston-on-september-2-2026-86-87f,Will the highest temperature in Houston be between 86-87°F on September 2?,"[""Yes"", ""No""]","[""0.19"", ""0.81""]",4,1,34.3,30.5,34.3
1788200126.4,Highest temperature in Houston on September 2?,Houston,2026-09-02,4021665,highest-temperature-in-houston-on-september-2-2026-88-89f,Will the highest temperature in Houston be between 88-89°F on September 2?,"[""Yes"", ""No""]","[""0.325"", ""0.675""]",236.84964900000003,1,34.3,30.5,34.3
1788200126.4,Highest temperature in Houston on September 2?,Houston,2026-09-02,4021666,highest-temperature-in-houston-on-september-2-2026-90-91f,Will the highest temperature in Houston be between 90-91°F on September 2?,"[""Yes"", ""No""]","[""0.265"", ""0.735""]",98.99611799999998,1,34.3,30.5,34.3
1788200126.4,Highest temperature in Houston on September 2?,Houston,2026-09-02,4021667,highest-temperature-in-houston-on-september-2-2026-92-93f,Will the highest temperature in Houston be between 92-93°F on September 2?,"[""Yes"", ""No""]","[""0.17"", ""0.83""]",,1,34.3,30.5,34.3
1788200126.4,Highest temperature in Houston on September 2?,Houston,2026-09-02,4021668,highest-temperature-in-houston-on-september-2-2026-94-95f,Will the highest temperature in Houston be between 94-95°F on September 2?,"[""Yes"", ""No""]","[""0.055"", ""0.945""]",27,1,34.3,30.5,34.3
1788200126.4,Highest temperature in Houston on September 2?,Houston,2026-09-02,4021669,highest-temperature-in-houston-on-september-2-2026-96-97f,Will the highest temperature in Houston be between 96-97°F on September 2?,"[""Yes"", ""No""]","[""0.025"", ""0.975""]",5,1,34.3,30.5,34.3
1788200126.4,Highest temperature in Houston on September 2?,Houston,2026-09-02,4021670,highest-temperature-in-houston-on-september-2-2026-98forhigher,Will the highest temperature in Houston be 98°F or higher on September 2?,"[""Yes"", ""No""]","[""0.0055"", ""0.9945""]",111.11099999999999,1,34.3,30.5,34.3
1788200126.4,Highest temperature in Seattle on September 2?,Seattle,2026-09-02,4024574,highest-temperature-in-seattle-on-september-2-2026-55forbelow,Will the highest temperature in Seattle be 55°F or below on September 2?,"[""Yes"", ""No""]","[""0.003"", ""0.997""]",,1,20.9,22.7,16.5
1788200126.4,Highest temperature in Seattle on September 2?,Seattle,2026-09-02,4024575,highest-temperature-in-seattle-on-september-2-2026-56-57f,Will the highest temperature in Seattle be between 56-57°F on September 2?,"[""Yes"", ""No""]","[""0.0055"", ""0.9945""]",,1,20.9,22.7,16.5
1788200126.4,Highest temperature in Seattle on September 2?,Seattle,2026-09-02,4024576,highest-temperature-in-seattle-on-september-2-2026-58-59f,Will the highest temperature in Seattle be between 58-59°F on September 2?,"[""Yes"", ""No""]","[""0.0055"", ""0.9945""]",,1,20.9,22.7,16.5
1788200126.4,Highest temperature in Seattle on September 2?,Seattle,2026-09-02,4024577,highest-temperature-in-seattle-on-september-2-2026-60-61f,Will the highest temperature in Seattle be between 60-61°F on September 2?,"[""Yes"", ""No""]","[""0.05"", ""0.95""]",,1,20.9,22.7,16.5
1788200126.4,Highest temperature in Seattle on September 2?,Seattle,2026-09-02,4024578,highest-temperature-in-seattle-on-september-2-2026-62-63f,Will the highest temperature in Seattle be between 62-63°F on September 2?,"[""Yes"", ""No""]","[""0.165"", ""0.835""]",33.04,1,20.9,22.7,16.5
1788200126.4,Highest temperature in Seattle on September 2?,Seattle,2026-09-02,4024579,highest-temperature-in-seattle-on-september-2-2026-64-65f,Will the highest temperature in Seattle be between 64-65°F on September 2?,"[""Yes"", ""No""]","[""0.225"", ""0.775""]",242.19,1,20.9,22.7,16.5
1788200126.4,Highest temperature in Seattle on September 2?,Seattle,2026-09-02,4024580,highest-temperature-in-seattle-on-september-2-2026-66-67f,Will the highest temperature in Seattle be between 66-67°F on September 2?,"[""Yes"", ""No""]","[""0.225"", ""0.775""]",130.170282,1,20.9,22.7,16.5
1788200126.4,Highest temperature in Seattle on September 2?,Seattle,2026-09-02,4024581,highest-temperature-in-seattle-on-september-2-2026-68-69f,Will the highest temperature in Seattle be between 68-69°F on September 2?,"[""Yes"", ""No""]","[""0.085"", ""0.915""]",285.75705,1,20.9,22.7,16.5
1788200126.4,Highest temperature in Seattle on September 2?,Seattle,2026-09-02,4024582,highest-temperature-in-seattle-on-september-2-2026-70-71f,Will the highest temperature in Seattle be between 70-71°F on September 2?,"[""Yes"", ""No""]","[""0.095"", ""0.905""]",21,1,20.9,22.7,16.5
1788200126.4,Highest temperature in Seattle on September 2?,Seattle,2026-09-02,4024583,highest-temperature-in-seattle-on-september-2-2026-72-73f,Will the highest temperature in Seattle be between 72-73°F on September 2?,"[""Yes"", ""No""]","[""0.006"", ""0.994""]",32.565,1,20.9,22.7,16.5
1788200126.4,Highest temperature in Seattle on September 2?,Seattle,2026-09-02,4024584,highest-temperature-in-seattle-on-september-2-2026-74forhigher,Will the highest temperature in Seattle be 74°F or higher on September 2?,"[""Yes"", ""No""]","[""0.0015"", ""0.9985""]",61.06099999999999,1,20.9,22.7,16.5
1788200126.4,Highest temperature in Los Angeles on September 2?,Los Angeles,2026-09-02,4024585,highest-temperature-in-los-angeles-on-september-2-2026-65forbelow,Will the highest temperature in Los Angeles be 65°F or below on September 2?,"[""Yes"", ""No""]","[""0.001"", ""0.999""]",892.991,1,28.0,28.9,27.0
1788200126.4,Highest temperature in Los Angeles on September 2?,Los Angeles,2026-09-02,4024586,highest-temperature-in-los-angeles-on-september-2-2026-66-67f,Will the highest temperature in Los Angeles be between 66-67°F on September 2?,"[""Yes"", ""No""]","[""0.0015"", ""0.9985""]",492.997,1,28.0,28.9,27.0
1788200126.4,Highest temperature in Los Angeles on September 2?,Los Angeles,2026-09-02,4024587,highest-temperature-in-los-angeles-on-september-2-2026-68-69f,Will the highest temperature in Los Angeles be between 68-69°F on September 2?,"[""Yes"", ""No""]","[""0.0015"", ""0.9985""]",228.063,1,28.0,28.9,27.0
1788200126.4,Highest temperature in Los Angeles on September 2?,Los Angeles,2026-09-02,4024588,highest-temperature-in-los-angeles-on-september-2-2026-70-71f,Will the highest temperature in Los Angeles be between 70-71°F on September 2?,"[""Yes"", ""No""]","[""0.0055"", ""0.9945""]",46.528999999999996,1,28.0,28.9,27.0
1788200126.4,Highest temperature in Los Angeles on September 2?,Los Angeles,2026-09-02,4024589,highest-temperature-in-los-angeles-on-september-2-2026-72-73f,Will the highest temperature in Los Angeles be between 72-73°F on September 2?,"[""Yes"", ""No""]","[""0.0055"", ""0.9945""]",17,1,28.0,28.9,27.0
1788200126.4,Highest temperature in Los Angeles on September 2?,Los Angeles,2026-09-02,4024590,highest-temperature-in-los-angeles-on-september-2-2026-74-75f,Will the highest temperature in Los Angeles be between 74-75°F on September 2?,"[""Yes"", ""No""]","[""0.205"", ""0.795""]",93.12999500000001,1,28.0,28.9,27.0
1788200126.4,Highest temperature in Los Angeles on September 2?,Los Angeles,2026-09-02,4024591,highest-temperature-in-los-angeles-on-september-2-2026-76-77f,Will the highest temperature in Los Angeles be between 76-77°F on September 2?,"[""Yes"", ""No""]","[""0.48"", ""0.52""]",205.982446,1,28.0,28.9,27.0
1788200126.4,Highest temperature in Los Angeles on September 2?,Los Angeles,2026-09-02,4024592,highest-temperature-in-los-angeles-on-september-2-2026-78-79f,Will the highest temperature in Los Angeles be between 78-79°F on September 2?,"[""Yes"", ""No""]","[""0.295"", ""0.705""]",174.062859,1,28.0,28.9,27.0
1788200126.4,Highest temperature in Los Angeles on September 2?,Los Angeles,2026-09-02,4024593,highest-temperature-in-los-angeles-on-september-2-2026-80-81f,Will the highest temperature in Los Angeles be between 80-81°F on September 2?,"[""Yes"", ""No""]","[""0.035"", ""0.965""]",5,1,28.0,28.9,27.0
1788200126.4,Highest temperature in Los Angeles on September 2?,Los Angeles,2026-09-02,4024594,highest-temperature-in-los-angeles-on-september-2-2026-82-83f,Will the highest temperature in Los Angeles be between 82-83°F on September 2?,"[""Yes"", ""No""]","[""0.025"", ""0.975""]",5,1,28.0,28.9,27.0
1788200126.4,Highest temperature in Los Angeles on September 2?,Los Angeles,2026-09-02,4024595,highest-temperature-in-los-angeles-on-september-2-2026-84forhigher,Will the highest temperature in Los Angeles be 84°F or higher on September 2?,"[""Yes"", ""No""]","[""0.005"", ""0.995""]",12,1,28.0,28.9,27.0
1788200126.4,Highest temperature in San Francisco on September 2?,San Francisco,2026-09-02,4024596,highest-temperature-in-san-francisco-on-september-2-2026-63forbelow,Will the highest temperature in San Francisco be 63°F or below on September 2?,"[""Yes"", ""No""]","[""0.0075"", ""0.9925""]",308.31125,1,20.7,20.5,19.4
1788200126.4,Highest temperature in San Francisco on September 2?,San Francisco,2026-09-02,4024597,highest-temperature-in-san-francisco-on-september-2-2026-64-65f,Will the highest temperature in San Francisco be between 64-65°F on September 2?,"[""Yes"", ""No""]","[""0.08"", ""0.92""]",25,1,20.7,20.5,19.4
1788200126.4,Highest temperature in San Francisco on September 2?,San Francisco,2026-09-02,4024598,highest-temperature-in-san-francisco-on-september-2-2026-66-67f,Will the highest temperature in San Francisco be between 66-67°F on September 2?,"[""Yes"", ""No""]","[""0.1"", ""0.9""]",69.214359,1,20.7,20.5,19.4
1788200126.4,Highest temperature in San Francisco on September 2?,San Francisco,2026-09-02,4024599,highest-temperature-in-san-francisco-on-september-2-2026-68-69f,Will the highest temperature in San Francisco be between 68-69°F on September 2?,"[""Yes"", ""No""]","[""0.115"", ""0.885""]",74.799228,1,20.7,20.5,19.4
1788200126.4,Highest temperature in San Francisco on September 2?,San Francisco,2026-09-02,4024600,highest-temperature-in-san-francisco-on-september-2-2026-70-71f,Will the highest temperature in San Francisco be between 70-71°F on September 2?,"[""Yes"", ""No""]","[""0.275"", ""0.725""]",,1,20.7,20.5,19.4
1788200126.4,Highest temperature in San Francisco on September 2?,San Francisco,2026-09-02,4024601,highest-temperature-in-san-francisco-on-september-2-2026-72-73f,Will the highest temperature in San Francisco be between 72-73°F on September 2?,"[""Yes"", ""No""]","[""0.22"", ""0.78""]",,1,20.7,20.5,19.4
1788200126.4,Highest temperature in San Francisco on September 2?,San Francisco,2026-09-02,4024602,highest-temperature-in-san-francisco-on-september-2-2026-74-75f,Will the highest temperature in San Francisco be between 74-75°F on September 2?,"[""Yes"", ""No""]","[""0.145"", ""0.855""]",,1,20.7,20.5,19.4
1788200126.4,Highest temperature in San Francisco on September 2?,San Francisco,2026-09-02,4024603,highest-temperature-in-san-francisco-on-september-2-2026-76-77f,Will the highest temperature in San Francisco be between 76-77°F on September 2?,"[""Yes"", ""No""]","[""0.005"", ""0.995""]",36.5352,1,20.7,20.5,19.4
1788200126.4,Highest temperature in San Francisco on September 2?,San Francisco,2026-09-02,4024604,highest-temperature-in-san-francisco-on-september-2-2026-78-79f,Will the highest temperature in San Francisco be between 78-79°F on September 2?,"[""Yes"", ""No""]","[""0.046"", ""0.954""]",142.38830000000002,1,20.7,20.5,19.4
1788200126.4,Highest temperature in San Francisco on September 2?,San Francisco,2026-09-02,4024605,highest-temperature-in-san-francisco-on-september-2-2026-80-81f,Will the highest temperature in San Francisco be between 80-81°F on September 2?,"[""Yes"", ""No""]","[""0.0025"", ""0.9975""]",5.005,1,20.7,20.5,19.4
1788200126.4,Highest temperature in San Francisco on September 2?,San Francisco,2026-09-02,4024606,highest-temperature-in-san-francisco-on-september-2-2026-82forhigher,Will the highest temperature in San Francisco be 82°F or higher on September 2?,"[""Yes"", ""No""]","[""0.0025"", ""0.9975""]",5.005,1,20.7,20.5,19.4
1788200126.4,Highest temperature in Sao Paulo on September 2?,Sao Paulo,2026-09-02,4026137,highest-temperature-in-sao-paulo-on-september-2-2026-14corbelow,Will the highest temperature in Sao Paulo be 14°C or below on September 2?,"[""Yes"", ""No""]","[""0.0055"", ""0.9945""]",12,1,18.7,19.5,19.9
1788200126.4,Highest temperature in Sao Paulo on September 2?,Sao Paulo,2026-09-02,4026138,highest-temperature-in-sao-paulo-on-september-2-2026-15c,Will the highest temperature in Sao Paulo be 15°C on September 2?,"[""Yes"", ""No""]","[""0.0055"", ""0.9945""]",15.573,1,18.7,19.5,19.9
1788200126.4,Highest temperature in Sao Paulo on September 2?,Sao Paulo,2026-09-02,4026139,highest-temperature-in-sao-paulo-on-september-2-2026-16c,Will the highest temperature in Sao Paulo be 16°C on September 2?,"[""Yes"", ""No""]","[""0.025"", ""0.975""]",17,1,18.7,19.5,19.9
1788200126.4,Highest temperature in Sao Paulo on September 2?,Sao Paulo,2026-09-02,4026140,highest-temperature-in-sao-paulo-on-september-2-2026-17c,Will the highest temperature in Sao Paulo be 17°C on September 2?,"[""Yes"", ""No""]","[""0.045"", ""0.955""]",17,1,18.7,19.5,19.9
1788200126.4,Highest temperature in Sao Paulo on September 2?,Sao Paulo,2026-09-02,4026141,highest-temperature-in-sao-paulo-on-september-2-2026-18c,Will the highest temperature in Sao Paulo be 18°C on September 2?,"[""Yes"", ""No""]","[""0.11"", ""0.89""]",12,1,18.7,19.5,19.9
1788200126.4,Highest temperature in Sao Paulo on September 2?,Sao Paulo,2026-09-02,4026142,highest-temperature-in-sao-paulo-on-september-2-2026-19c,Will the highest temperature in Sao Paulo be 19°C on September 2?,"[""Yes"", ""No""]","[""0.275"", ""0.725""]",42.543147999999995,1,18.7,19.5,19.9
1788200126.4,Highest temperature in Sao Paulo on September 2?,Sao Paulo,2026-09-02,4026143,highest-temperature-in-sao-paulo-on-september-2-2026-20c,Will the highest temperature in Sao Paulo be 20°C on September 2?,"[""Yes"", ""No""]","[""0.25"", ""0.75""]",71.775127,1,18.7,19.5,19.9
1788200126.4,Highest temperature in Sao Paulo on September 2?,Sao Paulo,2026-09-02,4026144,highest-temperature-in-sao-paulo-on-september-2-2026-21c,Will the highest temperature in Sao Paulo be 21°C on September 2?,"[""Yes"", ""No""]","[""0.235"", ""0.765""]",74.62615199999999,1,18.7,19.5,19.9
1788200126.4,Highest temperature in Sao Paulo on September 2?,Sao Paulo,2026-09-02,4026145,highest-temperature-in-sao-paulo-on-september-2-2026-22c,Will the highest temperature in Sao Paulo be 22°C on September 2?,"[""Yes"", ""No""]","[""0.055"", ""0.945""]",97.168507,1,18.7,19.5,19.9
1788200126.4,Highest temperature in Sao Paulo on September 2?,Sao Paulo,2026-09-02,4026146,highest-temperature-in-sao-paulo-on-september-2-2026-23c,Will the highest temperature in Sao Paulo be 23°C on September 2?,"[""Yes"", ""No""]","[""0.025"", ""0.975""]",24.9899,1,18.7,19.5,19.9
1788200126.4,Highest temperature in Sao Paulo on September 2?,Sao Paulo,2026-09-02,4026147,highest-temperature-in-sao-paulo-on-september-2-2026-24corhigher,Will the highest temperature in Sao Paulo be 24°C or higher on September 2?,"[""Yes"", ""No""]","[""0.0025"", ""0.9975""]",123.11099999999999,1,18.7,19.5,19.9
1788200126.4,Highest temperature in Buenos Aires on September 2?,Buenos Aires,2026-09-02,4026148,highest-temperature-in-buenos-aires-on-september-2-2026-16corbelow,Will the highest temperature in Buenos Aires be 16°C or below on September 2?,"[""Yes"", ""No""]","[""0.0015"", ""0.9985""]",85.025,1,19.3,21.5,22.3
1788200126.4,Highest temperature in Buenos Aires on September 2?,Buenos Aires,2026-09-02,4026149,highest-temperature-in-buenos-aires-on-september-2-2026-17c,Will the highest temperature in Buenos Aires be 17°C on September 2?,"[""Yes"", ""No""]","[""0.002"", ""0.998""]",234.991,1,19.3,21.5,22.3
1788200126.4,Highest temperature in Buenos Aires on September 2?,Buenos Aires,2026-09-02,4026150,highest-temperature-in-buenos-aires-on-september-2-2026-18c,Will the highest temperature in Buenos Aires be 18°C on September 2?,"[""Yes"", ""No""]","[""0.0015"", ""0.9985""]",159.9897,1,19.3,21.5,22.3
1788200126.4,Highest temperature in Buenos Aires on September 2?,Buenos Aires,2026-09-02,4026151,highest-temperature-in-buenos-aires-on-september-2-2026-19c,Will the highest temperature in Buenos Aires be 19°C on September 2?,"[""Yes"", ""No""]","[""0.025"", ""0.975""]",,1,19.3,21.5,22.3
1788200126.4,Highest temperature in Buenos Aires on September 2?,Buenos Aires,2026-09-02,4026152,highest-temperature-in-buenos-aires-on-september-2-2026-20c,Will the highest temperature in Buenos Aires be 20°C on September 2?,"[""Yes"", ""No""]","[""0.05"", ""0.95""]",,1,19.3,21.5,22.3
1788200126.4,Highest temperature in Buenos Aires on September 2?,Buenos Aires,2026-09-02,4026153,highest-temperature-in-buenos-aires-on-september-2-2026-21c,Will the highest temperature in Buenos Aires be 21°C on September 2?,"[""Yes"", ""No""]","[""0.115"", ""0.885""]",,1,19.3,21.5,22.3
1788200126.4,Highest temperature in Buenos Aires on September 2?,Buenos Aires,2026-09-02,4026154,highest-temperature-in-buenos-aires-on-september-2-2026-22c,Will the highest temperature in Buenos Aires be 22°C on September 2?,"[""Yes"", ""No""]","[""0.355"", ""0.645""]",24.5,1,19.3,21.5,22.3
1788200126.4,Highest temperature in Buenos Aires on September 2?,Buenos Aires,2026-09-02,4026155,highest-temperature-in-buenos-aires-on-september-2-2026-23c,Will the highest temperature in Buenos Aires be 23°C on September 2?,"[""Yes"", ""No""]","[""0.35"", ""0.65""]",17.378268,1,19.3,21.5,22.3
1788200126.4,Highest temperature in Buenos Aires on September 2?,Buenos Aires,2026-09-02,4026156,highest-temperature-in-buenos-aires-on-september-2-2026-24c,Will the highest temperature in Buenos Aires be 24°C on September 2?,"[""Yes"", ""No""]","[""0.155"", ""0.845""]",,1,19.3,21.5,22.3
1788200126.4,Highest temperature in Buenos Aires on September 2?,Buenos Aires,2026-09-02,4026157,highest-temperature-in-buenos-aires-on-september-2-2026-25c,Will the highest temperature in Buenos Aires be 25°C on September 2?,"[""Yes"", ""No""]","[""0.085"", ""0.915""]",20,1,19.3,21.5,22.3
1788200126.4,Highest temperature in Buenos Aires on September 2?,Buenos Aires,2026-09-02,4026158,highest-temperature-in-buenos-aires-on-september-2-2026-26corhigher,Will the highest temperature in Buenos Aires be 26°C or higher on September 2?,"[""Yes"", ""No""]","[""0.035"", ""0.965""]",,1,19.3,21.5,22.3
1788200126.4,Highest temperature in Toronto on September 2?,Toronto,2026-09-02,4026159,highest-temperature-in-toronto-on-september-2-2026-25corbelow,Will the highest temperature in Toronto be 25°C or below on September 2?,"[""Yes"", ""No""]","[""0.035"", ""0.965""]",2.0101,1,27.3,29.3,29.0
1788200126.4,Highest temperature in Toronto on September 2?,Toronto,2026-09-02,4026160,highest-temperature-in-toronto-on-september-2-2026-26c,Will the highest temperature in Toronto be 26°C on September 2?,"[""Yes"", ""No""]","[""0.045"", ""0.955""]",7,1,27.3,29.3,29.0
1788200126.4,Highest temperature in Toronto on September 2?,Toronto,2026-09-02,4026161,highest-temperature-in-toronto-on-september-2-2026-27c,Will the highest temperature in Toronto be 27°C on September 2?,"[""Yes"", ""No""]","[""0.125"", ""0.875""]",79.407942,1,27.3,29.3,29.0
1788200126.4,Highest temperature in Toronto on September 2?,Toronto,2026-09-02,4026162,highest-temperature-in-toronto-on-september-2-2026-28c,Will the highest temperature in Toronto be 28°C on September 2?,"[""Yes"", ""No""]","[""0.23"", ""0.77""]",11.11111,1,27.3,29.3,29.0
1788200126.4,Highest temperature in Toronto on September 2?,Toronto,2026-09-02,4026163,highest-temperature-in-toronto-on-september-2-2026-29c,Will the highest temperature in Toronto be 29°C on September 2?,"[""Yes"", ""No""]","[""0.245"", ""0.755""]",159.998921,1,27.3,29.3,29.0
1788200126.4,Highest temperature in Toronto on September 2?,Toronto,2026-09-02,4026165,highest-temperature-in-toronto-on-september-2-2026-30c,Will the highest temperature in Toronto be 30°C on September 2?,"[""Yes"", ""No""]","[""0.385"", ""0.615""]",94.94351,1,27.3,29.3,29.0
1788200126.4,Highest temperature in Toronto on September 2?,Toronto,2026-09-02,4026167,highest-temperature-in-toronto-on-september-2-2026-31c,Will the highest temperature in Toronto be 31°C on September 2?,"[""Yes"", ""No""]","[""0.065"", ""0.935""]",20,1,27.3,29.3,29.0
1788200126.4,Highest temperature in Toronto on September 2?,Toronto,2026-09-02,4026168,highest-temperature-in-toronto-on-september-2-2026-32c,Will the highest temperature in Toronto be 32°C on September 2?,"[""Yes"", ""No""]","[""0.04"", ""0.96""]",20,1,27.3,29.3,29.0
1788200126.4,Highest temperature in Toronto on September 2?,Toronto,2026-09-02,4026170,highest-temperature-in-toronto-on-september-2-2026-33c,Will the highest temperature in Toronto be 33°C on September 2?,"[""Yes"", ""No""]","[""0.045"", ""0.955""]",5,1,27.3,29.3,29.0
1788200126.4,Highest temperature in Toronto on September 2?,Toronto,2026-09-02,4026171,highest-temperature-in-toronto-on-september-2-2026-34c,Will the highest temperature in Toronto be 34°C on September 2?,"[""Yes"", ""No""]","[""0.025"", ""0.975""]",26.045,1,27.3,29.3,29.0
1788200126.4,Highest temperature in Toronto on September 2?,Toronto,2026-09-02,4026172,highest-temperature-in-toronto-on-september-2-2026-35corhigher,Will the highest temperature in Toronto be 35°C or higher on September 2?,"[""Yes"", ""No""]","[""0.0005"", ""0.9995""]",317.1162,1,27.3,29.3,29.0
1788200126.4,Highest temperature in Mexico City on September 2?,Mexico City,2026-09-02,4026199,highest-temperature-in-mexico-city-on-september-2-2026-16corbelow,Will the highest temperature in Mexico City be 16°C or below on September 2?,"[""Yes"", ""No""]","[""0.0015"", ""0.9985""]",134.995,1,24.1,21.6,24.6
1788200126.4,Highest temperature in Mexico City on September 2?,Mexico City,2026-09-02,4026200,highest-temperature-in-mexico-city-on-september-2-2026-17c,Will the highest temperature in Mexico City be 17°C on September 2?,"[""Yes"", ""No""]","[""0.0015"", ""0.9985""]",134.991,1,24.1,21.6,24.6
1788200126.4,Highest temperature in Mexico City on September 2?,Mexico City,2026-09-02,4026201,highest-temperature-in-mexico-city-on-september-2-2026-18c,Will the highest temperature in Mexico City be 18°C on September 2?,"[""Yes"", ""No""]","[""0.003"", ""0.997""]",144.99699999999999,1,24.1,21.6,24.6
1788200126.4,Highest temperature in Mexico City on September 2?,Mexico City,2026-09-02,4026202,highest-temperature-in-mexico-city-on-september-2-2026-19c,Will the highest temperature in Mexico City be 19°C on September 2?,"[""Yes"", ""No""]","[""0.003"", ""0.997""]",4.994,1,24.1,21.6,24.6
1788200126.4,Highest temperature in Mexico City on September 2?,Mexico City,2026-09-02,4026203,highest-temperature-in-mexico-city-on-september-2-2026-20c,Will the highest temperature in Mexico City be 20°C on September 2?,"[""Yes"", ""No""]","[""0.01"", ""0.99""]",4.9932,1,24.1,21.6,24.6
1788200126.4,Highest temperature in Mexico City on September 2?,Mexico City,2026-09-02,4026204,highest-temperature-in-mexico-city-on-september-2-2026-21c,Will the highest temperature in Mexico City be 21°C on September 2?,"[""Yes"", ""No""]","[""0.07"", ""0.93""]",15.935300000000002,1,24.1,21.6,24.6
1788200126.4,Highest temperature in Mexico City on September 2?,Mexico City,2026-09-02,4026205,highest-temperature-in-mexico-city-on-september-2-2026-22c,Will the highest temperature in Mexico City be 22°C on September 2?,"[""Yes"", ""No""]","[""0.08"", ""0.92""]",17.009999999999998,1,24.1,21.6,24.6
1788200126.4,Highest temperature in Mexico City on September 2?,Mexico City,2026-09-02,4026206,highest-temperature-in-mexico-city-on-september-2-2026-23c,Will the highest temperature in Mexico City be 23°C on September 2?,"[""Yes"", ""No""]","[""0.21"", ""0.79""]",6.72,1,24.1,21.6,24.6
1788200126.4,Highest temperature in Mexico City on September 2?,Mexico City,2026-09-02,4026207,highest-temperature-in-mexico-city-on-september-2-2026-24c,Will the highest temperature in Mexico City be 24°C on September 2?,"[""Yes"", ""No""]","[""0.43"", ""0.57""]",32.127499,1,24.1,21.6,24.6
1788200126.4,Highest temperature in Mexico City on September 2?,Mexico City,2026-09-02,4026208,highest-temperature-in-mexico-city-on-september-2-2026-25c,Will the highest temperature in Mexico City be 25°C on September 2?,"[""Yes"", ""No""]","[""0.215"", ""0.785""]",,1,24.1,21.6,24.6
1788200126.4,Highest temperature in Mexico City on September 2?,Mexico City,2026-09-02,4026209,highest-temperature-in-mexico-city-on-september-2-2026-26corhigher,Will the highest temperature in Mexico City be 26°C or higher on September 2?,"[""Yes"", ""No""]","[""0.05"", ""0.95""]",,1,24.1,21.6,24.6
1788200126.4,Highest temperature in Panama City on September 2?,Panama City,2026-09-02,4026210,highest-temperature-in-panama-city-on-september-2-2026-23corbelow,Will the highest temperature in Panama City be 23°C or below on September 2?,"[""Yes"", ""No""]","[""0.0025"", ""0.9975""]",2280.1237490000003,1,29.3,29.0,32.5
1788200126.4,Highest temperature in Panama City on September 2?,Panama City,2026-09-02,4026211,highest-temperature-in-panama-city-on-september-2-2026-24c,Will the highest temperature in Panama City be 24°C on September 2?,"[""Yes"", ""No""]","[""0.0025"", ""0.9975""]",180.995,1,29.3,29.0,32.5
1788200126.4,Highest temperature in Panama City on September 2?,Panama City,2026-09-02,4026212,highest-temperature-in-panama-city-on-september-2-2026-25c,Will the highest temperature in Panama City be 25°C on September 2?,"[""Yes"", ""No""]","[""0.0025"", ""0.9975""]",201.93366600000002,1,29.3,29.0,32.5
1788200126.4,Highest temperature in Panama City on September 2?,Panama City,2026-09-02,4026213,highest-temperature-in-panama-city-on-september-2-2026-26c,Will the highest temperature in Panama City be 26°C on September 2?,"[""Yes"", ""No""]","[""0.0025"", ""0.9975""]",201.939666,1,29.3,29.0,32.5
1788200126.4,Highest temperature in Panama City on September 2?,Panama City,2026-09-02,4026214,highest-temperature-in-panama-city-on-september-2-2026-27c,Will the highest temperature in Panama City be 27°C on September 2?,"[""Yes"", ""No""]","[""0.0055"", ""0.9945""]",5,1,29.3,29.0,32.5
1788200126.4,Highest temperature in Panama City on September 2?,Panama City,2026-09-02,4026215,highest-temperature-in-panama-city-on-september-2-2026-28c,Will the highest temperature in Panama City be 28°C on September 2?,"[""Yes"", ""No""]","[""0.078"", ""0.922""]",5,1,29.3,29.0,32.5
1788200126.4,Highest temperature in Panama City on September 2?,Panama City,2026-09-02,4026216,highest-temperature-in-panama-city-on-september-2-2026-29c,Will the highest temperature in Panama City be 29°C on September 2?,"[""Yes"", ""No""]","[""0.085"", ""0.915""]",44,1,29.3,29.0,32.5
1788200126.4,Highest temperature in Panama City on September 2?,Panama City,2026-09-02,4026217,highest-temperature-in-panama-city-on-september-2-2026-30c,Will the highest temperature in Panama City be 30°C on September 2?,"[""Yes"", ""No""]","[""0.13"", ""0.87""]",37,1,29.3,29.0,32.5
1788200126.4,Highest temperature in Panama City on September 2?,Panama City,2026-09-02,4026218,highest-temperature-in-panama-city-on-september-2-2026-31c,Will the highest temperature in Panama City be 31°C on September 2?,"[""Yes"", ""No""]","[""0.3"", ""0.7""]",252.036334,1,29.3,29.0,32.5
1788200126.4,Highest temperature in Panama City on September 2?,Panama City,2026-09-02,4026219,highest-temperature-in-panama-city-on-september-2-2026-32c,Will the highest temperature in Panama City be 32°C on September 2?,"[""Yes"", ""No""]","[""0.29"", ""0.71""]",19.333332,1,29.3,29.0,32.5
1788200126.4,Highest temperature in Panama City on September 2?,Panama City,2026-09-02,4026220,highest-temperature-in-panama-city-on-september-2-2026-33corhigher,Will the highest temperature in Panama City be 33°C or higher on September 2?,"[""Yes"", ""No""]","[""0.24"", ""0.76""]",74.720587,1,29.3,29.0,32.5
